2026-06-02 10:17:41 | INFO | Args: {'model_name': 'DGECO2FSCD', 'model_name_resumed': 'DGECO2FSCD', 'data_path': '/mnt/disk1/DINO-SAM-GECO2_3/data/FSC147_384_V2', 'dataset': 'fsc147', 'image_size': 1024, 'batch_size': 2, 'eval_batch_size': 2, 'val_batch_size': 2, 'test_batch_size': 2, 'num_workers': 8, 'max_train_batches': None, 'max_val_batches': None, 'max_test_batches': None, 'log_dir': '/mnt/disk1/DINO-SAM-GECO2_3/logs', 'run_name': None, 'log_interval': 50, 'model_path': '/mnt/disk1/DINO-SAM-GECO2_3/checkpoints', 'gpu': 0, 'max_grad_norm': 0.1, 'score_threshold': 0.2, 'score_ratio': 0.5, 'pre_nms_topk': 4096, 'max_detections': 4096, 'nms_iou': 0.3, 'dinov3_model_size': 'base', 'training': True, 'dinov3_pretrained_weights': '/mnt/disk1/DINO-SAM-GECO2_3/src/models/backbones/checkpoint/dinov3_vitb16_pretrain_lvd1689m-73cec8be.pth', 'backbone': 'DINOV3', 'reduction': 16, 'kernel_dim': 1, 'num_objects': 3, 'epochs': 200, 'resume_training': False, 'lr': 5e-05, 'backbone_lr': 5e-06, 'lr_drop': 20, 'weight_decay': 0.0001, 'tiling_p': 0.2, 'zero_shot': False, 'bbox_loss_coef': 1.0, 'giou_loss_coef': 2.0, 'ce_loss_coef': 2.0, 'aux_loss_coef': 0.5, 'cost_class': 2.0, 'cost_bbox': 1.0, 'cost_giou': 2.0, 'focal_alpha': 0.5, 'model_name_resume_from': 'base_3_shot_softmax1'}
2026-06-02 10:17:41 | INFO | Running pure single-GPU training on device: cuda:0
2026-06-02 10:17:41 | INFO | Logs will be saved to: /mnt/disk1/DINO-SAM-GECO2_3/logs/DGECO2FSCD_20260602_101741
2026-06-02 10:17:42 | INFO | Trainable parameter groups: non_backbone=54677258, dinov3_adapter=2561296, frozen_dinov3=85648128
2026-06-02 10:17:42 | INFO | AMP mixed precision enabled: False
2026-06-02 10:17:43 | INFO | Dataloader batch sizes: train=2, val=2, test=2
2026-06-02 10:19:28 | INFO | Epoch 1 | batch 50/1829 | loss=2.5425 | giou=0.9521 | bbox=0.4954 | ce=0.0714 | aux_giou=0.0000 | aux_bbox=0.0000 | aux_ce=0.0000 | mask=437 | aux_mask=1931 | pos=86 | targets=86 | preds=40 | centerness=[-6.246, 0.622] | train_seen=100
2026-06-02 10:21:14 | INFO | Epoch 1 | batch 100/1829 | loss=3.1345 | giou=1.1285 | bbox=0.6955 | ce=0.0910 | aux_giou=0.0000 | aux_bbox=0.0000 | aux_ce=0.0000 | mask=651 | aux_mask=954 | pos=292 | targets=292 | preds=41 | centerness=[-1.490, 0.052] | train_seen=200
2026-06-02 10:23:00 | INFO | Epoch 1 | batch 150/1829 | loss=2.0495 | giou=0.8996 | bbox=0.1710 | ce=0.0397 | aux_giou=0.0000 | aux_bbox=0.0000 | aux_ce=0.0000 | mask=1227 | aux_mask=1082 | pos=81 | targets=81 | preds=327 | centerness=[-1.882, -0.455] | train_seen=300
2026-06-02 10:24:47 | INFO | Epoch 1 | batch 200/1829 | loss=1.5128 | giou=0.4891 | bbox=0.1482 | ce=0.1932 | aux_giou=0.0000 | aux_bbox=0.0000 | aux_ce=0.0000 | mask=2131 | aux_mask=1890 | pos=1693 | targets=1332 | preds=333 | centerness=[-1.653, -0.215] | train_seen=400
2026-06-02 10:26:33 | INFO | Epoch 1 | batch 250/1829 | loss=1.9799 | giou=0.8331 | bbox=0.1610 | ce=0.0763 | aux_giou=0.0000 | aux_bbox=0.0000 | aux_ce=0.0000 | mask=953 | aux_mask=1431 | pos=174 | targets=174 | preds=147 | centerness=[-2.756, -0.242] | train_seen=500
2026-06-02 10:28:23 | INFO | Epoch 1 | batch 300/1829 | loss=2.0007 | giou=0.8038 | bbox=0.2008 | ce=0.0962 | aux_giou=0.0000 | aux_bbox=0.0000 | aux_ce=0.0000 | mask=466 | aux_mask=694 | pos=118 | targets=118 | preds=149 | centerness=[-1.455, 0.256] | train_seen=600
2026-06-02 10:30:11 | INFO | Epoch 1 | batch 350/1829 | loss=1.8909 | giou=0.8505 | bbox=0.1341 | ce=0.0278 | aux_giou=0.0000 | aux_bbox=0.0000 | aux_ce=0.0000 | mask=1215 | aux_mask=857 | pos=36 | targets=36 | preds=249 | centerness=[-2.111, -0.571] | train_seen=700
2026-06-02 10:31:58 | INFO | Epoch 1 | batch 400/1829 | loss=1.7060 | giou=0.7369 | bbox=0.0758 | ce=0.0782 | aux_giou=0.0000 | aux_bbox=0.0000 | aux_ce=0.0000 | mask=727 | aux_mask=764 | pos=163 | targets=163 | preds=288 | centerness=[-1.442, 0.040] | train_seen=800
2026-06-02 10:33:45 | INFO | Epoch 1 | batch 450/1829 | loss=1.6548 | giou=0.7370 | bbox=0.1357 | ce=0.0225 | aux_giou=0.0000 | aux_bbox=0.0000 | aux_ce=0.0000 | mask=947 | aux_mask=781 | pos=38 | targets=38 | preds=140 | centerness=[-1.704, -0.633] | train_seen=900
2026-06-02 10:35:31 | INFO | Epoch 1 | batch 500/1829 | loss=1.7715 | giou=0.7230 | bbox=0.1798 | ce=0.0728 | aux_giou=0.0000 | aux_bbox=0.0000 | aux_ce=0.0000 | mask=600 | aux_mask=695 | pos=120 | targets=120 | preds=129 | centerness=[-1.974, -0.226] | train_seen=1000
2026-06-02 10:37:17 | INFO | Epoch 1 | batch 550/1829 | loss=1.9775 | giou=0.8643 | bbox=0.1094 | ce=0.0698 | aux_giou=0.0000 | aux_bbox=0.0000 | aux_ce=0.0000 | mask=946 | aux_mask=812 | pos=215 | targets=215 | preds=353 | centerness=[-1.703, -0.568] | train_seen=1100
2026-06-02 10:39:04 | INFO | Epoch 1 | batch 600/1829 | loss=1.5328 | giou=0.6327 | bbox=0.1123 | ce=0.0776 | aux_giou=0.0000 | aux_bbox=0.0000 | aux_ce=0.0000 | mask=517 | aux_mask=537 | pos=148 | targets=148 | preds=247 | centerness=[-1.885, -0.251] | train_seen=1200
2026-06-02 10:40:50 | INFO | Epoch 1 | batch 650/1829 | loss=0.9942 | giou=0.4176 | bbox=0.0587 | ce=0.0501 | aux_giou=0.0000 | aux_bbox=0.0000 | aux_ce=0.0000 | mask=471 | aux_mask=850 | pos=44 | targets=44 | preds=99 | centerness=[-2.185, 0.052] | train_seen=1300
2026-06-02 10:42:36 | INFO | Epoch 1 | batch 700/1829 | loss=1.7319 | giou=0.7353 | bbox=0.0833 | ce=0.0890 | aux_giou=0.0000 | aux_bbox=0.0000 | aux_ce=0.0000 | mask=687 | aux_mask=1031 | pos=222 | targets=222 | preds=358 | centerness=[-1.943, -0.139] | train_seen=1400
2026-06-02 10:44:22 | INFO | Epoch 1 | batch 750/1829 | loss=1.3377 | giou=0.5591 | bbox=0.1113 | ce=0.0541 | aux_giou=0.0000 | aux_bbox=0.0000 | aux_ce=0.0000 | mask=629 | aux_mask=529 | pos=68 | targets=68 | preds=101 | centerness=[-2.125, -0.698] | train_seen=1500
2026-06-02 10:46:08 | INFO | Epoch 1 | batch 800/1829 | loss=1.3755 | giou=0.6168 | bbox=0.0575 | ce=0.0422 | aux_giou=0.0000 | aux_bbox=0.0000 | aux_ce=0.0000 | mask=775 | aux_mask=1073 | pos=44 | targets=44 | preds=233 | centerness=[-1.918, -0.245] | train_seen=1600
2026-06-02 10:47:55 | INFO | Epoch 1 | batch 850/1829 | loss=1.5322 | giou=0.6505 | bbox=0.0984 | ce=0.0664 | aux_giou=0.0000 | aux_bbox=0.0000 | aux_ce=0.0000 | mask=474 | aux_mask=626 | pos=212 | targets=212 | preds=303 | centerness=[-1.666, 0.397] | train_seen=1700
2026-06-02 10:49:41 | INFO | Epoch 1 | batch 900/1829 | loss=1.5393 | giou=0.6582 | bbox=0.0808 | ce=0.0710 | aux_giou=0.0000 | aux_bbox=0.0000 | aux_ce=0.0000 | mask=521 | aux_mask=733 | pos=78 | targets=78 | preds=204 | centerness=[-2.448, -0.162] | train_seen=1800
2026-06-02 10:51:27 | INFO | Epoch 1 | batch 950/1829 | loss=1.2773 | giou=0.5586 | bbox=0.0840 | ce=0.0380 | aux_giou=0.0000 | aux_bbox=0.0000 | aux_ce=0.0000 | mask=504 | aux_mask=748 | pos=57 | targets=57 | preds=194 | centerness=[-2.463, -0.167] | train_seen=1900
2026-06-02 10:53:13 | INFO | Epoch 1 | batch 1000/1829 | loss=1.2444 | giou=0.5445 | bbox=0.0654 | ce=0.0450 | aux_giou=0.0000 | aux_bbox=0.0000 | aux_ce=0.0000 | mask=826 | aux_mask=2031 | pos=63 | targets=63 | preds=368 | centerness=[-2.135, -0.022] | train_seen=2000
2026-06-02 10:54:59 | INFO | Epoch 1 | batch 1050/1829 | loss=1.6733 | giou=0.6999 | bbox=0.2248 | ce=0.0244 | aux_giou=0.0000 | aux_bbox=0.0000 | aux_ce=0.0000 | mask=878 | aux_mask=1942 | pos=32 | targets=32 | preds=32 | centerness=[-2.506, -0.422] | train_seen=2100
2026-06-02 10:56:45 | INFO | Epoch 1 | batch 1100/1829 | loss=1.2816 | giou=0.5270 | bbox=0.0721 | ce=0.0778 | aux_giou=0.0000 | aux_bbox=0.0000 | aux_ce=0.0000 | mask=611 | aux_mask=713 | pos=205 | targets=205 | preds=283 | centerness=[-2.002, -0.229] | train_seen=2200
2026-06-02 10:58:31 | INFO | Epoch 1 | batch 1150/1829 | loss=1.4235 | giou=0.5698 | bbox=0.0952 | ce=0.0944 | aux_giou=0.0000 | aux_bbox=0.0000 | aux_ce=0.0000 | mask=791 | aux_mask=972 | pos=118 | targets=118 | preds=213 | centerness=[-2.199, -0.149] | train_seen=2300
2026-06-02 11:00:18 | INFO | Epoch 1 | batch 1200/1829 | loss=1.2195 | giou=0.5407 | bbox=0.0553 | ce=0.0415 | aux_giou=0.0000 | aux_bbox=0.0000 | aux_ce=0.0000 | mask=914 | aux_mask=1040 | pos=61 | targets=61 | preds=436 | centerness=[-1.943, -0.258] | train_seen=2400
2026-06-02 11:02:04 | INFO | Epoch 1 | batch 1250/1829 | loss=1.3771 | giou=0.5917 | bbox=0.1130 | ce=0.0404 | aux_giou=0.0000 | aux_bbox=0.0000 | aux_ce=0.0000 | mask=629 | aux_mask=1117 | pos=33 | targets=33 | preds=94 | centerness=[-2.995, -0.376] | train_seen=2500
2026-06-02 11:03:49 | INFO | Epoch 1 | batch 1300/1829 | loss=1.5531 | giou=0.5775 | bbox=0.0660 | ce=0.0782 | aux_giou=0.0725 | aux_bbox=0.0174 | aux_ce=0.0067 | mask=693 | aux_mask=916 | pos=129 | targets=129 | preds=359 | centerness=[-2.102, -0.696] | train_seen=2600
2026-06-02 11:05:36 | INFO | Epoch 1 | batch 1350/1829 | loss=1.1872 | giou=0.5253 | bbox=0.0410 | ce=0.0477 | aux_giou=0.0000 | aux_bbox=0.0000 | aux_ce=0.0000 | mask=647 | aux_mask=914 | pos=91 | targets=91 | preds=393 | centerness=[-2.115, 0.233] | train_seen=2700
2026-06-02 11:07:21 | INFO | Epoch 1 | batch 1400/1829 | loss=1.3019 | giou=0.5355 | bbox=0.1466 | ce=0.0422 | aux_giou=0.0000 | aux_bbox=0.0000 | aux_ce=0.0000 | mask=857 | aux_mask=1177 | pos=93 | targets=93 | preds=239 | centerness=[-2.004, -0.426] | train_seen=2800
2026-06-02 11:09:08 | INFO | Epoch 1 | batch 1450/1829 | loss=1.4134 | giou=0.6022 | bbox=0.0971 | ce=0.0559 | aux_giou=0.0000 | aux_bbox=0.0000 | aux_ce=0.0000 | mask=505 | aux_mask=711 | pos=62 | targets=62 | preds=163 | centerness=[-2.573, -0.260] | train_seen=2900
2026-06-02 11:10:54 | INFO | Epoch 1 | batch 1500/1829 | loss=1.2901 | giou=0.5984 | bbox=0.0406 | ce=0.0264 | aux_giou=0.0000 | aux_bbox=0.0000 | aux_ce=0.0000 | mask=690 | aux_mask=764 | pos=28 | targets=28 | preds=344 | centerness=[-2.662, -0.459] | train_seen=3000
2026-06-02 11:12:40 | INFO | Epoch 1 | batch 1550/1829 | loss=1.1256 | giou=0.4832 | bbox=0.0656 | ce=0.0468 | aux_giou=0.0000 | aux_bbox=0.0000 | aux_ce=0.0000 | mask=699 | aux_mask=869 | pos=60 | targets=60 | preds=175 | centerness=[-4.315, -0.862] | train_seen=3100
2026-06-02 11:14:26 | INFO | Epoch 1 | batch 1600/1829 | loss=0.9080 | giou=0.3956 | bbox=0.0419 | ce=0.0374 | aux_giou=0.0000 | aux_bbox=0.0000 | aux_ce=0.0000 | mask=774 | aux_mask=1010 | pos=67 | targets=67 | preds=178 | centerness=[-4.105, -0.425] | train_seen=3200
2026-06-02 11:16:12 | INFO | Epoch 1 | batch 1650/1829 | loss=1.0295 | giou=0.4389 | bbox=0.0579 | ce=0.0469 | aux_giou=0.0000 | aux_bbox=0.0000 | aux_ce=0.0000 | mask=658 | aux_mask=789 | pos=62 | targets=62 | preds=172 | centerness=[-3.760, -0.504] | train_seen=3300
2026-06-02 11:17:58 | INFO | Epoch 1 | batch 1700/1829 | loss=1.3202 | giou=0.5886 | bbox=0.0407 | ce=0.0512 | aux_giou=0.0000 | aux_bbox=0.0000 | aux_ce=0.0000 | mask=722 | aux_mask=749 | pos=144 | targets=144 | preds=349 | centerness=[-3.173, 0.039] | train_seen=3400
2026-06-02 11:19:44 | INFO | Epoch 1 | batch 1750/1829 | loss=1.3924 | giou=0.5945 | bbox=0.0611 | ce=0.0712 | aux_giou=0.0000 | aux_bbox=0.0000 | aux_ce=0.0000 | mask=644 | aux_mask=550 | pos=141 | targets=141 | preds=339 | centerness=[-3.143, -0.031] | train_seen=3500
2026-06-02 11:21:30 | INFO | Epoch 1 | batch 1800/1829 | loss=0.9425 | giou=0.4062 | bbox=0.0818 | ce=0.0241 | aux_giou=0.0000 | aux_bbox=0.0000 | aux_ce=0.0000 | mask=643 | aux_mask=477 | pos=23 | targets=23 | preds=172 | centerness=[-3.181, -0.471] | train_seen=3600
2026-06-02 11:42:07 | INFO | Epoch 1 | train_loss=1.594 | val_loss=1.488 | train_mae=81.945 | val_mae=133.899 | val_rmse=158.22 | test_mae=136.513 | test_rmse=185.84 | time=5062.049s | best_rmse
2026-06-02 11:43:53 | INFO | Epoch 2 | batch 50/1829 | loss=1.4629 | giou=0.6249 | bbox=0.1112 | ce=0.0509 | aux_giou=0.0000 | aux_bbox=0.0000 | aux_ce=0.0000 | mask=970 | aux_mask=1062 | pos=328 | targets=328 | preds=513 | centerness=[-2.811, 0.429] | train_seen=100
2026-06-02 11:45:39 | INFO | Epoch 2 | batch 100/1829 | loss=0.7902 | giou=0.3580 | bbox=0.0403 | ce=0.0170 | aux_giou=0.0000 | aux_bbox=0.0000 | aux_ce=0.0000 | mask=808 | aux_mask=819 | pos=28 | targets=28 | preds=283 | centerness=[-3.606, -0.392] | train_seen=200
2026-06-02 11:47:25 | INFO | Epoch 2 | batch 150/1829 | loss=1.0046 | giou=0.4272 | bbox=0.0744 | ce=0.0379 | aux_giou=0.0000 | aux_bbox=0.0000 | aux_ce=0.0000 | mask=821 | aux_mask=879 | pos=71 | targets=71 | preds=203 | centerness=[-2.884, -0.620] | train_seen=300
2026-06-02 11:49:11 | INFO | Epoch 2 | batch 200/1829 | loss=1.1983 | giou=0.4606 | bbox=0.1070 | ce=0.0494 | aux_giou=0.0314 | aux_bbox=0.0034 | aux_ce=0.0026 | mask=975 | aux_mask=729 | pos=85 | targets=85 | preds=133 | centerness=[-3.490, -0.232] | train_seen=400
2026-06-02 11:50:58 | INFO | Epoch 2 | batch 250/1829 | loss=1.4530 | giou=0.5939 | bbox=0.1538 | ce=0.0557 | aux_giou=0.0000 | aux_bbox=0.0000 | aux_ce=0.0000 | mask=1270 | aux_mask=1334 | pos=238 | targets=238 | preds=221 | centerness=[-2.889, -0.248] | train_seen=500
2026-06-02 11:52:44 | INFO | Epoch 2 | batch 300/1829 | loss=1.0275 | giou=0.4346 | bbox=0.0770 | ce=0.0407 | aux_giou=0.0000 | aux_bbox=0.0000 | aux_ce=0.0000 | mask=697 | aux_mask=601 | pos=77 | targets=77 | preds=174 | centerness=[-3.609, -0.352] | train_seen=600
2026-06-02 11:54:30 | INFO | Epoch 2 | batch 350/1829 | loss=0.9731 | giou=0.3981 | bbox=0.0616 | ce=0.0576 | aux_giou=0.0000 | aux_bbox=0.0000 | aux_ce=0.0000 | mask=780 | aux_mask=698 | pos=125 | targets=125 | preds=199 | centerness=[-3.099, -0.741] | train_seen=700
2026-06-02 11:56:16 | INFO | Epoch 2 | batch 400/1829 | loss=1.4752 | giou=0.6331 | bbox=0.0744 | ce=0.0673 | aux_giou=0.0000 | aux_bbox=0.0000 | aux_ce=0.0000 | mask=1204 | aux_mask=1235 | pos=312 | targets=312 | preds=404 | centerness=[-1.768, -0.118] | train_seen=800
2026-06-02 11:58:02 | INFO | Epoch 2 | batch 450/1829 | loss=0.9563 | giou=0.4006 | bbox=0.0738 | ce=0.0407 | aux_giou=0.0000 | aux_bbox=0.0000 | aux_ce=0.0000 | mask=475 | aux_mask=469 | pos=37 | targets=37 | preds=52 | centerness=[-3.280, -0.866] | train_seen=900
2026-06-02 11:59:48 | INFO | Epoch 2 | batch 500/1829 | loss=1.2493 | giou=0.5044 | bbox=0.0487 | ce=0.0959 | aux_giou=0.0000 | aux_bbox=0.0000 | aux_ce=0.0000 | mask=971 | aux_mask=1027 | pos=437 | targets=437 | preds=478 | centerness=[-2.195, 0.146] | train_seen=1000
2026-06-02 12:01:34 | INFO | Epoch 2 | batch 550/1829 | loss=1.2458 | giou=0.5543 | bbox=0.0592 | ce=0.0390 | aux_giou=0.0000 | aux_bbox=0.0000 | aux_ce=0.0000 | mask=635 | aux_mask=915 | pos=94 | targets=94 | preds=296 | centerness=[-3.623, 0.026] | train_seen=1100
2026-06-02 12:03:20 | INFO | Epoch 2 | batch 600/1829 | loss=1.3739 | giou=0.5892 | bbox=0.0557 | ce=0.0240 | aux_giou=0.0434 | aux_bbox=0.0019 | aux_ce=0.0016 | mask=619 | aux_mask=811 | pos=30 | targets=30 | preds=286 | centerness=[-2.584, -0.046] | train_seen=1200
2026-06-02 12:05:06 | INFO | Epoch 2 | batch 650/1829 | loss=1.2509 | giou=0.5325 | bbox=0.0711 | ce=0.0574 | aux_giou=0.0000 | aux_bbox=0.0000 | aux_ce=0.0000 | mask=900 | aux_mask=1128 | pos=513 | targets=513 | preds=476 | centerness=[-2.847, 0.528] | train_seen=1300
2026-06-02 12:06:52 | INFO | Epoch 2 | batch 700/1829 | loss=1.3002 | giou=0.5447 | bbox=0.1552 | ce=0.0278 | aux_giou=0.0000 | aux_bbox=0.0000 | aux_ce=0.0000 | mask=758 | aux_mask=722 | pos=40 | targets=40 | preds=67 | centerness=[-3.062, -0.759] | train_seen=1400
2026-06-02 12:08:38 | INFO | Epoch 2 | batch 750/1829 | loss=1.1848 | giou=0.5067 | bbox=0.0627 | ce=0.0544 | aux_giou=0.0000 | aux_bbox=0.0000 | aux_ce=0.0000 | mask=535 | aux_mask=651 | pos=99 | targets=99 | preds=184 | centerness=[-3.355, -0.306] | train_seen=1500
2026-06-02 12:10:24 | INFO | Epoch 2 | batch 800/1829 | loss=1.1037 | giou=0.4553 | bbox=0.0455 | ce=0.0737 | aux_giou=0.0000 | aux_bbox=0.0000 | aux_ce=0.0000 | mask=672 | aux_mask=842 | pos=68 | targets=68 | preds=394 | centerness=[-3.312, 0.603] | train_seen=1600
2026-06-02 12:12:10 | INFO | Epoch 2 | batch 850/1829 | loss=1.3303 | giou=0.5366 | bbox=0.0460 | ce=0.0285 | aux_giou=0.0672 | aux_bbox=0.0052 | aux_ce=0.0073 | mask=515 | aux_mask=591 | pos=41 | targets=41 | preds=213 | centerness=[-3.422, 0.691] | train_seen=1700
2026-06-02 12:13:56 | INFO | Epoch 2 | batch 900/1829 | loss=1.3481 | giou=0.5962 | bbox=0.0384 | ce=0.0587 | aux_giou=0.0000 | aux_bbox=0.0000 | aux_ce=0.0000 | mask=1048 | aux_mask=1273 | pos=541 | targets=541 | preds=774 | centerness=[-2.750, 0.541] | train_seen=1800
2026-06-02 12:15:42 | INFO | Epoch 2 | batch 950/1829 | loss=1.2753 | giou=0.5429 | bbox=0.1357 | ce=0.0268 | aux_giou=0.0000 | aux_bbox=0.0000 | aux_ce=0.0000 | mask=1195 | aux_mask=843 | pos=39 | targets=39 | preds=135 | centerness=[-4.252, -0.473] | train_seen=1900
2026-06-02 12:17:28 | INFO | Epoch 2 | batch 1000/1829 | loss=1.3202 | giou=0.5605 | bbox=0.0753 | ce=0.0620 | aux_giou=0.0000 | aux_bbox=0.0000 | aux_ce=0.0000 | mask=774 | aux_mask=778 | pos=296 | targets=296 | preds=563 | centerness=[-2.819, 0.198] | train_seen=2000
2026-06-02 12:19:14 | INFO | Epoch 2 | batch 1050/1829 | loss=1.2666 | giou=0.4928 | bbox=0.0710 | ce=0.1050 | aux_giou=0.0000 | aux_bbox=0.0000 | aux_ce=0.0000 | mask=579 | aux_mask=595 | pos=174 | targets=174 | preds=244 | centerness=[-2.351, -0.594] | train_seen=2100
2026-06-02 12:21:00 | INFO | Epoch 2 | batch 1100/1829 | loss=1.0735 | giou=0.4801 | bbox=0.0356 | ce=0.0388 | aux_giou=0.0000 | aux_bbox=0.0000 | aux_ce=0.0000 | mask=778 | aux_mask=789 | pos=105 | targets=105 | preds=212 | centerness=[-2.190, 0.623] | train_seen=2200
2026-06-02 12:22:46 | INFO | Epoch 2 | batch 1150/1829 | loss=1.0827 | giou=0.4544 | bbox=0.1049 | ce=0.0344 | aux_giou=0.0000 | aux_bbox=0.0000 | aux_ce=0.0000 | mask=541 | aux_mask=662 | pos=37 | targets=37 | preds=125 | centerness=[-3.310, -0.507] | train_seen=2300
2026-06-02 12:24:33 | INFO | Epoch 2 | batch 1200/1829 | loss=0.8757 | giou=0.3551 | bbox=0.0591 | ce=0.0532 | aux_giou=0.0000 | aux_bbox=0.0000 | aux_ce=0.0000 | mask=539 | aux_mask=633 | pos=73 | targets=73 | preds=149 | centerness=[-2.263, -0.250] | train_seen=2400
2026-06-02 12:26:19 | INFO | Epoch 2 | batch 1250/1829 | loss=1.0663 | giou=0.4427 | bbox=0.1184 | ce=0.0313 | aux_giou=0.0000 | aux_bbox=0.0000 | aux_ce=0.0000 | mask=990 | aux_mask=1108 | pos=56 | targets=56 | preds=283 | centerness=[-3.239, -0.371] | train_seen=2500
2026-06-02 12:28:05 | INFO | Epoch 2 | batch 1300/1829 | loss=1.2804 | giou=0.5092 | bbox=0.1504 | ce=0.0557 | aux_giou=0.0000 | aux_bbox=0.0000 | aux_ce=0.0000 | mask=842 | aux_mask=901 | pos=62 | targets=62 | preds=216 | centerness=[-2.479, 0.437] | train_seen=2600
2026-06-02 12:29:51 | INFO | Epoch 2 | batch 1350/1829 | loss=0.8183 | giou=0.3585 | bbox=0.0471 | ce=0.0271 | aux_giou=0.0000 | aux_bbox=0.0000 | aux_ce=0.0000 | mask=674 | aux_mask=773 | pos=36 | targets=36 | preds=224 | centerness=[-3.684, -0.276] | train_seen=2700
2026-06-02 12:31:37 | INFO | Epoch 2 | batch 1400/1829 | loss=1.1010 | giou=0.4593 | bbox=0.0996 | ce=0.0413 | aux_giou=0.0000 | aux_bbox=0.0000 | aux_ce=0.0000 | mask=924 | aux_mask=793 | pos=93 | targets=93 | preds=149 | centerness=[-2.776, -0.378] | train_seen=2800
2026-06-02 12:33:23 | INFO | Epoch 2 | batch 1450/1829 | loss=1.8210 | giou=0.7220 | bbox=0.1020 | ce=0.0555 | aux_giou=0.0706 | aux_bbox=0.0093 | aux_ce=0.0068 | mask=702 | aux_mask=797 | pos=163 | targets=163 | preds=415 | centerness=[-3.168, -0.274] | train_seen=2900
2026-06-02 12:35:09 | INFO | Epoch 2 | batch 1500/1829 | loss=0.9653 | giou=0.3938 | bbox=0.0483 | ce=0.0647 | aux_giou=0.0000 | aux_bbox=0.0000 | aux_ce=0.0000 | mask=841 | aux_mask=907 | pos=384 | targets=384 | preds=375 | centerness=[-4.092, 0.109] | train_seen=3000
2026-06-02 12:36:55 | INFO | Epoch 2 | batch 1550/1829 | loss=0.8997 | giou=0.3946 | bbox=0.0683 | ce=0.0211 | aux_giou=0.0000 | aux_bbox=0.0000 | aux_ce=0.0000 | mask=682 | aux_mask=715 | pos=31 | targets=31 | preds=91 | centerness=[-3.799, -0.210] | train_seen=3100
2026-06-02 12:38:41 | INFO | Epoch 2 | batch 1600/1829 | loss=1.0611 | giou=0.4720 | bbox=0.0445 | ce=0.0363 | aux_giou=0.0000 | aux_bbox=0.0000 | aux_ce=0.0000 | mask=600 | aux_mask=691 | pos=52 | targets=52 | preds=310 | centerness=[-3.899, 0.200] | train_seen=3200
2026-06-02 12:40:27 | INFO | Epoch 2 | batch 1650/1829 | loss=1.2625 | giou=0.5292 | bbox=0.0778 | ce=0.0631 | aux_giou=0.0000 | aux_bbox=0.0000 | aux_ce=0.0000 | mask=893 | aux_mask=1040 | pos=348 | targets=348 | preds=375 | centerness=[-3.505, 0.739] | train_seen=3300
2026-06-02 12:42:14 | INFO | Epoch 2 | batch 1700/1829 | loss=1.3133 | giou=0.5445 | bbox=0.0687 | ce=0.0777 | aux_giou=0.0000 | aux_bbox=0.0000 | aux_ce=0.0000 | mask=1052 | aux_mask=1002 | pos=150 | targets=150 | preds=189 | centerness=[-2.503, -0.471] | train_seen=3400
2026-06-02 12:44:00 | INFO | Epoch 2 | batch 1750/1829 | loss=1.5795 | giou=0.6725 | bbox=0.0700 | ce=0.0822 | aux_giou=0.0000 | aux_bbox=0.0000 | aux_ce=0.0000 | mask=841 | aux_mask=1022 | pos=269 | targets=269 | preds=494 | centerness=[-3.086, 0.363] | train_seen=3500
2026-06-02 12:45:46 | INFO | Epoch 2 | batch 1800/1829 | loss=1.4390 | giou=0.6257 | bbox=0.1110 | ce=0.0384 | aux_giou=0.0000 | aux_bbox=0.0000 | aux_ce=0.0000 | mask=580 | aux_mask=754 | pos=45 | targets=45 | preds=168 | centerness=[-4.266, -0.121] | train_seen=3600
2026-06-02 13:06:24 | INFO | Epoch 2 | train_loss=1.226 | val_loss=1.302 | train_mae=98.302 | val_mae=56.602 | val_rmse=94.83 | test_mae=63.687 | test_rmse=136.94 | time=5053.335s | best_rmse
2026-06-02 13:08:10 | INFO | Epoch 3 | batch 50/1829 | loss=0.8517 | giou=0.3589 | bbox=0.0673 | ce=0.0333 | aux_giou=0.0000 | aux_bbox=0.0000 | aux_ce=0.0000 | mask=862 | aux_mask=971 | pos=52 | targets=52 | preds=174 | centerness=[-3.140, -0.353] | train_seen=100
2026-06-02 13:09:56 | INFO | Epoch 3 | batch 100/1829 | loss=1.1342 | giou=0.4835 | bbox=0.0456 | ce=0.0609 | aux_giou=0.0000 | aux_bbox=0.0000 | aux_ce=0.0000 | mask=953 | aux_mask=1164 | pos=160 | targets=160 | preds=494 | centerness=[-4.290, -0.119] | train_seen=200
2026-06-02 13:11:42 | INFO | Epoch 3 | batch 150/1829 | loss=1.2421 | giou=0.5476 | bbox=0.0662 | ce=0.0404 | aux_giou=0.0000 | aux_bbox=0.0000 | aux_ce=0.0000 | mask=585 | aux_mask=796 | pos=48 | targets=48 | preds=300 | centerness=[-4.030, -0.018] | train_seen=300
2026-06-02 13:13:28 | INFO | Epoch 3 | batch 200/1829 | loss=1.1999 | giou=0.4964 | bbox=0.0928 | ce=0.0571 | aux_giou=0.0000 | aux_bbox=0.0000 | aux_ce=0.0000 | mask=743 | aux_mask=860 | pos=158 | targets=158 | preds=357 | centerness=[-2.972, 0.525] | train_seen=400
2026-06-02 13:15:14 | INFO | Epoch 3 | batch 250/1829 | loss=1.3801 | giou=0.5420 | bbox=0.0668 | ce=0.1146 | aux_giou=0.0000 | aux_bbox=0.0000 | aux_ce=0.0000 | mask=1097 | aux_mask=1191 | pos=609 | targets=609 | preds=579 | centerness=[-3.654, -0.119] | train_seen=500
2026-06-02 13:17:00 | INFO | Epoch 3 | batch 300/1829 | loss=0.8061 | giou=0.3506 | bbox=0.0599 | ce=0.0225 | aux_giou=0.0000 | aux_bbox=0.0000 | aux_ce=0.0000 | mask=721 | aux_mask=763 | pos=29 | targets=29 | preds=118 | centerness=[-3.361, -0.391] | train_seen=600
2026-06-02 13:18:46 | INFO | Epoch 3 | batch 350/1829 | loss=1.0717 | giou=0.4352 | bbox=0.1218 | ce=0.0398 | aux_giou=0.0000 | aux_bbox=0.0000 | aux_ce=0.0000 | mask=505 | aux_mask=556 | pos=34 | targets=34 | preds=125 | centerness=[-5.238, 0.083] | train_seen=700
2026-06-02 13:20:33 | INFO | Epoch 3 | batch 400/1829 | loss=1.1011 | giou=0.4703 | bbox=0.0627 | ce=0.0489 | aux_giou=0.0000 | aux_bbox=0.0000 | aux_ce=0.0000 | mask=721 | aux_mask=737 | pos=110 | targets=110 | preds=290 | centerness=[-3.420, 0.116] | train_seen=800
2026-06-02 13:22:19 | INFO | Epoch 3 | batch 450/1829 | loss=0.9817 | giou=0.4415 | bbox=0.0445 | ce=0.0271 | aux_giou=0.0000 | aux_bbox=0.0000 | aux_ce=0.0000 | mask=682 | aux_mask=768 | pos=43 | targets=43 | preds=240 | centerness=[-3.113, 0.351] | train_seen=900
2026-06-02 13:24:04 | INFO | Epoch 3 | batch 500/1829 | loss=1.3503 | giou=0.5024 | bbox=0.1666 | ce=0.0894 | aux_giou=0.0000 | aux_bbox=0.0000 | aux_ce=0.0000 | mask=1447 | aux_mask=1751 | pos=100 | targets=100 | preds=271 | centerness=[-5.261, -0.294] | train_seen=1000
2026-06-02 13:25:51 | INFO | Epoch 3 | batch 550/1829 | loss=0.8644 | giou=0.3796 | bbox=0.0390 | ce=0.0331 | aux_giou=0.0000 | aux_bbox=0.0000 | aux_ce=0.0000 | mask=854 | aux_mask=1053 | pos=57 | targets=57 | preds=523 | centerness=[-3.625, -0.355] | train_seen=1100
2026-06-02 13:27:37 | INFO | Epoch 3 | batch 600/1829 | loss=0.8907 | giou=0.3836 | bbox=0.0442 | ce=0.0396 | aux_giou=0.0000 | aux_bbox=0.0000 | aux_ce=0.0000 | mask=567 | aux_mask=589 | pos=70 | targets=70 | preds=230 | centerness=[-4.176, -0.193] | train_seen=1200
2026-06-02 13:29:23 | INFO | Epoch 3 | batch 650/1829 | loss=1.0377 | giou=0.4315 | bbox=0.0604 | ce=0.0571 | aux_giou=0.0000 | aux_bbox=0.0000 | aux_ce=0.0000 | mask=936 | aux_mask=1107 | pos=156 | targets=156 | preds=274 | centerness=[-2.621, -0.000] | train_seen=1300
2026-06-02 13:31:09 | INFO | Epoch 3 | batch 700/1829 | loss=0.9207 | giou=0.3835 | bbox=0.0964 | ce=0.0286 | aux_giou=0.0000 | aux_bbox=0.0000 | aux_ce=0.0000 | mask=570 | aux_mask=698 | pos=32 | targets=32 | preds=110 | centerness=[-3.520, -0.168] | train_seen=1400
2026-06-02 13:32:55 | INFO | Epoch 3 | batch 750/1829 | loss=1.2637 | giou=0.5178 | bbox=0.0577 | ce=0.0852 | aux_giou=0.0000 | aux_bbox=0.0000 | aux_ce=0.0000 | mask=761 | aux_mask=763 | pos=180 | targets=180 | preds=346 | centerness=[-4.072, 0.046] | train_seen=1500
2026-06-02 13:34:41 | INFO | Epoch 3 | batch 800/1829 | loss=2.0038 | giou=0.7692 | bbox=0.2347 | ce=0.0454 | aux_giou=0.0618 | aux_bbox=0.0114 | aux_ce=0.0024 | mask=1270 | aux_mask=1979 | pos=90 | targets=90 | preds=73 | centerness=[-3.952, -0.484] | train_seen=1600
2026-06-02 13:36:27 | INFO | Epoch 3 | batch 850/1829 | loss=1.2215 | giou=0.4953 | bbox=0.0669 | ce=0.0819 | aux_giou=0.0000 | aux_bbox=0.0000 | aux_ce=0.0000 | mask=434 | aux_mask=647 | pos=39 | targets=39 | preds=178 | centerness=[-4.316, 1.453] | train_seen=1700
2026-06-02 13:38:13 | INFO | Epoch 3 | batch 900/1829 | loss=1.7512 | giou=0.7000 | bbox=0.0749 | ce=0.0613 | aux_giou=0.0684 | aux_bbox=0.0051 | aux_ce=0.0058 | mask=598 | aux_mask=988 | pos=86 | targets=86 | preds=415 | centerness=[-4.650, 0.776] | train_seen=1800
2026-06-02 13:39:59 | INFO | Epoch 3 | batch 950/1829 | loss=0.9656 | giou=0.4186 | bbox=0.0714 | ce=0.0285 | aux_giou=0.0000 | aux_bbox=0.0000 | aux_ce=0.0000 | mask=410 | aux_mask=575 | pos=32 | targets=32 | preds=105 | centerness=[-4.271, -0.204] | train_seen=1900
2026-06-02 13:41:45 | INFO | Epoch 3 | batch 1000/1829 | loss=0.9105 | giou=0.4078 | bbox=0.0498 | ce=0.0225 | aux_giou=0.0000 | aux_bbox=0.0000 | aux_ce=0.0000 | mask=829 | aux_mask=919 | pos=41 | targets=41 | preds=270 | centerness=[-4.024, -0.125] | train_seen=2000
2026-06-02 13:43:31 | INFO | Epoch 3 | batch 1050/1829 | loss=1.0386 | giou=0.4564 | bbox=0.0541 | ce=0.0359 | aux_giou=0.0000 | aux_bbox=0.0000 | aux_ce=0.0000 | mask=469 | aux_mask=859 | pos=87 | targets=87 | preds=121 | centerness=[-4.528, 0.560] | train_seen=2100
2026-06-02 13:45:17 | INFO | Epoch 3 | batch 1100/1829 | loss=1.2536 | giou=0.4699 | bbox=0.0286 | ce=0.0799 | aux_giou=0.0493 | aux_bbox=0.0084 | aux_ce=0.0092 | mask=1123 | aux_mask=1225 | pos=620 | targets=620 | preds=739 | centerness=[-2.358, 1.099] | train_seen=2200
2026-06-02 13:47:04 | INFO | Epoch 3 | batch 1150/1829 | loss=0.7905 | giou=0.3332 | bbox=0.0415 | ce=0.0413 | aux_giou=0.0000 | aux_bbox=0.0000 | aux_ce=0.0000 | mask=857 | aux_mask=910 | pos=99 | targets=99 | preds=232 | centerness=[-5.139, -0.128] | train_seen=2300
2026-06-02 13:48:50 | INFO | Epoch 3 | batch 1200/1829 | loss=1.0928 | giou=0.4708 | bbox=0.0473 | ce=0.0519 | aux_giou=0.0000 | aux_bbox=0.0000 | aux_ce=0.0000 | mask=630 | aux_mask=700 | pos=117 | targets=117 | preds=325 | centerness=[-5.119, 0.374] | train_seen=2400
2026-06-02 13:50:36 | INFO | Epoch 3 | batch 1250/1829 | loss=1.4474 | giou=0.5526 | bbox=0.0393 | ce=0.0707 | aux_giou=0.0722 | aux_bbox=0.0043 | aux_ce=0.0064 | mask=1318 | aux_mask=1326 | pos=363 | targets=363 | preds=739 | centerness=[-3.115, 0.187] | train_seen=2500
2026-06-02 13:52:22 | INFO | Epoch 3 | batch 1300/1829 | loss=0.5828 | giou=0.2590 | bbox=0.0310 | ce=0.0169 | aux_giou=0.0000 | aux_bbox=0.0000 | aux_ce=0.0000 | mask=824 | aux_mask=907 | pos=29 | targets=29 | preds=78 | centerness=[-3.717, 0.229] | train_seen=2600
2026-06-02 13:54:08 | INFO | Epoch 3 | batch 1350/1829 | loss=1.4371 | giou=0.6032 | bbox=0.0428 | ce=0.0453 | aux_giou=0.0432 | aux_bbox=0.0022 | aux_ce=0.0044 | mask=476 | aux_mask=578 | pos=87 | targets=87 | preds=209 | centerness=[-4.849, 0.546] | train_seen=2700
2026-06-02 13:55:54 | INFO | Epoch 3 | batch 1400/1829 | loss=0.8862 | giou=0.3615 | bbox=0.0676 | ce=0.0478 | aux_giou=0.0000 | aux_bbox=0.0000 | aux_ce=0.0000 | mask=942 | aux_mask=1133 | pos=107 | targets=107 | preds=147 | centerness=[-5.194, -0.516] | train_seen=2800
2026-06-02 13:57:40 | INFO | Epoch 3 | batch 1450/1829 | loss=0.7225 | giou=0.3017 | bbox=0.0486 | ce=0.0352 | aux_giou=0.0000 | aux_bbox=0.0000 | aux_ce=0.0000 | mask=497 | aux_mask=806 | pos=42 | targets=42 | preds=79 | centerness=[-5.861, -0.496] | train_seen=2900
2026-06-02 13:59:27 | INFO | Epoch 3 | batch 1500/1829 | loss=1.1633 | giou=0.5103 | bbox=0.0482 | ce=0.0472 | aux_giou=0.0000 | aux_bbox=0.0000 | aux_ce=0.0000 | mask=823 | aux_mask=781 | pos=104 | targets=104 | preds=436 | centerness=[-4.933, -0.257] | train_seen=3000
2026-06-02 14:01:13 | INFO | Epoch 3 | batch 1550/1829 | loss=1.5980 | giou=0.6920 | bbox=0.0865 | ce=0.0637 | aux_giou=0.0000 | aux_bbox=0.0000 | aux_ce=0.0000 | mask=910 | aux_mask=950 | pos=200 | targets=200 | preds=337 | centerness=[-2.385, 0.202] | train_seen=3100
2026-06-02 14:02:59 | INFO | Epoch 3 | batch 1600/1829 | loss=1.1525 | giou=0.4748 | bbox=0.0683 | ce=0.0673 | aux_giou=0.0000 | aux_bbox=0.0000 | aux_ce=0.0000 | mask=1108 | aux_mask=866 | pos=202 | targets=202 | preds=376 | centerness=[-3.546, -0.366] | train_seen=3200
2026-06-02 14:04:45 | INFO | Epoch 3 | batch 1650/1829 | loss=1.3108 | giou=0.5870 | bbox=0.0583 | ce=0.0393 | aux_giou=0.0000 | aux_bbox=0.0000 | aux_ce=0.0000 | mask=678 | aux_mask=892 | pos=79 | targets=79 | preds=304 | centerness=[-5.409, 0.340] | train_seen=3300
2026-06-02 14:06:31 | INFO | Epoch 3 | batch 1700/1829 | loss=1.0550 | giou=0.4537 | bbox=0.0701 | ce=0.0388 | aux_giou=0.0000 | aux_bbox=0.0000 | aux_ce=0.0000 | mask=682 | aux_mask=472 | pos=57 | targets=57 | preds=207 | centerness=[-5.089, -0.025] | train_seen=3400
2026-06-02 14:08:17 | INFO | Epoch 3 | batch 1750/1829 | loss=1.4439 | giou=0.6129 | bbox=0.1059 | ce=0.0561 | aux_giou=0.0000 | aux_bbox=0.0000 | aux_ce=0.0000 | mask=1107 | aux_mask=1038 | pos=264 | targets=264 | preds=326 | centerness=[-4.634, 0.023] | train_seen=3500
2026-06-02 14:10:04 | INFO | Epoch 3 | batch 1800/1829 | loss=1.0246 | giou=0.4380 | bbox=0.0272 | ce=0.0607 | aux_giou=0.0000 | aux_bbox=0.0000 | aux_ce=0.0000 | mask=1242 | aux_mask=1315 | pos=226 | targets=226 | preds=781 | centerness=[-4.405, -0.106] | train_seen=3600
2026-06-02 14:30:41 | INFO | Epoch 3 | train_loss=1.187 | val_loss=1.221 | train_mae=93.563 | val_mae=68.484 | val_rmse=109.70 | test_mae=76.082 | test_rmse=145.41 | time=5054.968s
2026-06-02 14:32:27 | INFO | Epoch 4 | batch 50/1829 | loss=1.2604 | giou=0.5084 | bbox=0.0440 | ce=0.0408 | aux_giou=0.0555 | aux_bbox=0.0038 | aux_ce=0.0016 | mask=1405 | aux_mask=1285 | pos=135 | targets=135 | preds=203 | centerness=[-6.013, 1.668] | train_seen=100
2026-06-02 14:34:13 | INFO | Epoch 4 | batch 100/1829 | loss=1.6665 | giou=0.7329 | bbox=0.0589 | ce=0.0709 | aux_giou=0.0000 | aux_bbox=0.0000 | aux_ce=0.0000 | mask=985 | aux_mask=1135 | pos=306 | targets=306 | preds=561 | centerness=[-3.005, 0.448] | train_seen=200
2026-06-02 14:35:59 | INFO | Epoch 4 | batch 150/1829 | loss=1.0062 | giou=0.4119 | bbox=0.1077 | ce=0.0373 | aux_giou=0.0000 | aux_bbox=0.0000 | aux_ce=0.0000 | mask=658 | aux_mask=739 | pos=61 | targets=61 | preds=114 | centerness=[-3.189, -0.360] | train_seen=300
2026-06-02 14:37:45 | INFO | Epoch 4 | batch 200/1829 | loss=1.0887 | giou=0.4786 | bbox=0.0476 | ce=0.0420 | aux_giou=0.0000 | aux_bbox=0.0000 | aux_ce=0.0000 | mask=943 | aux_mask=998 | pos=182 | targets=182 | preds=216 | centerness=[-4.449, 0.545] | train_seen=400
2026-06-02 14:39:31 | INFO | Epoch 4 | batch 250/1829 | loss=1.1200 | giou=0.4966 | bbox=0.0581 | ce=0.0343 | aux_giou=0.0000 | aux_bbox=0.0000 | aux_ce=0.0000 | mask=557 | aux_mask=744 | pos=58 | targets=58 | preds=125 | centerness=[-4.169, 0.359] | train_seen=500
2026-06-02 14:41:18 | INFO | Epoch 4 | batch 300/1829 | loss=1.1449 | giou=0.5154 | bbox=0.0379 | ce=0.0381 | aux_giou=0.0000 | aux_bbox=0.0000 | aux_ce=0.0000 | mask=1770 | aux_mask=1933 | pos=1421 | targets=1421 | preds=1136 | centerness=[-3.533, 1.023] | train_seen=600
2026-06-02 14:43:04 | INFO | Epoch 4 | batch 350/1829 | loss=1.0867 | giou=0.4565 | bbox=0.0831 | ce=0.0453 | aux_giou=0.0000 | aux_bbox=0.0000 | aux_ce=0.0000 | mask=1100 | aux_mask=1238 | pos=138 | targets=138 | preds=236 | centerness=[-2.941, -0.136] | train_seen=700
2026-06-02 14:44:50 | INFO | Epoch 4 | batch 400/1829 | loss=1.5174 | giou=0.6581 | bbox=0.0503 | ce=0.0754 | aux_giou=0.0000 | aux_bbox=0.0000 | aux_ce=0.0000 | mask=1283 | aux_mask=1361 | pos=176 | targets=176 | preds=829 | centerness=[-4.618, 0.948] | train_seen=800
2026-06-02 14:46:36 | INFO | Epoch 4 | batch 450/1829 | loss=1.1788 | giou=0.4838 | bbox=0.1602 | ce=0.0255 | aux_giou=0.0000 | aux_bbox=0.0000 | aux_ce=0.0000 | mask=1633 | aux_mask=1783 | pos=71 | targets=71 | preds=234 | centerness=[-3.441, 0.001] | train_seen=900
2026-06-02 14:48:22 | INFO | Epoch 4 | batch 500/1829 | loss=0.8284 | giou=0.3397 | bbox=0.0733 | ce=0.0378 | aux_giou=0.0000 | aux_bbox=0.0000 | aux_ce=0.0000 | mask=891 | aux_mask=895 | pos=88 | targets=88 | preds=106 | centerness=[-3.673, -0.201] | train_seen=1000
2026-06-02 14:50:08 | INFO | Epoch 4 | batch 550/1829 | loss=1.0180 | giou=0.4125 | bbox=0.0500 | ce=0.0365 | aux_giou=0.0323 | aux_bbox=0.0020 | aux_ce=0.0017 | mask=676 | aux_mask=784 | pos=43 | targets=43 | preds=61 | centerness=[-4.407, 1.289] | train_seen=1100
2026-06-02 14:51:54 | INFO | Epoch 4 | batch 600/1829 | loss=1.0554 | giou=0.4461 | bbox=0.0666 | ce=0.0483 | aux_giou=0.0000 | aux_bbox=0.0000 | aux_ce=0.0000 | mask=1074 | aux_mask=1180 | pos=110 | targets=110 | preds=268 | centerness=[-3.476, -0.005] | train_seen=1200
2026-06-02 14:53:40 | INFO | Epoch 4 | batch 650/1829 | loss=0.8583 | giou=0.3610 | bbox=0.0554 | ce=0.0405 | aux_giou=0.0000 | aux_bbox=0.0000 | aux_ce=0.0000 | mask=537 | aux_mask=699 | pos=65 | targets=65 | preds=125 | centerness=[-4.296, -0.110] | train_seen=1300
2026-06-02 14:55:26 | INFO | Epoch 4 | batch 700/1829 | loss=0.7862 | giou=0.3392 | bbox=0.0619 | ce=0.0230 | aux_giou=0.0000 | aux_bbox=0.0000 | aux_ce=0.0000 | mask=751 | aux_mask=744 | pos=47 | targets=47 | preds=119 | centerness=[-4.636, 0.175] | train_seen=1400
2026-06-02 14:57:12 | INFO | Epoch 4 | batch 750/1829 | loss=0.8905 | giou=0.3664 | bbox=0.0798 | ce=0.0389 | aux_giou=0.0000 | aux_bbox=0.0000 | aux_ce=0.0000 | mask=613 | aux_mask=713 | pos=63 | targets=63 | preds=119 | centerness=[-6.074, -0.040] | train_seen=1500
2026-06-02 14:58:59 | INFO | Epoch 4 | batch 800/1829 | loss=0.7932 | giou=0.3351 | bbox=0.0451 | ce=0.0389 | aux_giou=0.0000 | aux_bbox=0.0000 | aux_ce=0.0000 | mask=645 | aux_mask=795 | pos=53 | targets=53 | preds=121 | centerness=[-5.668, -0.262] | train_seen=1600
2026-06-02 15:00:45 | INFO | Epoch 4 | batch 850/1829 | loss=1.5175 | giou=0.6315 | bbox=0.0999 | ce=0.0773 | aux_giou=0.0000 | aux_bbox=0.0000 | aux_ce=0.0000 | mask=958 | aux_mask=913 | pos=505 | targets=505 | preds=347 | centerness=[-3.862, 0.366] | train_seen=1700
2026-06-02 15:02:31 | INFO | Epoch 4 | batch 900/1829 | loss=0.9425 | giou=0.3715 | bbox=0.0580 | ce=0.0708 | aux_giou=0.0000 | aux_bbox=0.0000 | aux_ce=0.0000 | mask=465 | aux_mask=552 | pos=57 | targets=57 | preds=177 | centerness=[-4.212, 0.454] | train_seen=1800
2026-06-02 15:04:17 | INFO | Epoch 4 | batch 950/1829 | loss=0.9144 | giou=0.3808 | bbox=0.0844 | ce=0.0342 | aux_giou=0.0000 | aux_bbox=0.0000 | aux_ce=0.0000 | mask=587 | aux_mask=647 | pos=38 | targets=38 | preds=168 | centerness=[-4.746, 0.297] | train_seen=1900
2026-06-02 15:06:03 | INFO | Epoch 4 | batch 1000/1829 | loss=1.3965 | giou=0.5893 | bbox=0.1263 | ce=0.0458 | aux_giou=0.0000 | aux_bbox=0.0000 | aux_ce=0.0000 | mask=739 | aux_mask=880 | pos=114 | targets=114 | preds=176 | centerness=[-4.254, 0.764] | train_seen=2000
2026-06-02 15:07:49 | INFO | Epoch 4 | batch 1050/1829 | loss=1.0552 | giou=0.4576 | bbox=0.0688 | ce=0.0356 | aux_giou=0.0000 | aux_bbox=0.0000 | aux_ce=0.0000 | mask=755 | aux_mask=733 | pos=60 | targets=60 | preds=226 | centerness=[-3.827, 0.266] | train_seen=2100
2026-06-02 15:09:35 | INFO | Epoch 4 | batch 1100/1829 | loss=1.0368 | giou=0.4513 | bbox=0.0465 | ce=0.0439 | aux_giou=0.0000 | aux_bbox=0.0000 | aux_ce=0.0000 | mask=579 | aux_mask=717 | pos=39 | targets=39 | preds=169 | centerness=[-4.872, 0.686] | train_seen=2200
2026-06-02 15:11:21 | INFO | Epoch 4 | batch 1150/1829 | loss=1.2931 | giou=0.5467 | bbox=0.1034 | ce=0.0482 | aux_giou=0.0000 | aux_bbox=0.0000 | aux_ce=0.0000 | mask=632 | aux_mask=652 | pos=114 | targets=114 | preds=278 | centerness=[-3.625, 0.663] | train_seen=2300
2026-06-02 15:13:07 | INFO | Epoch 4 | batch 1200/1829 | loss=1.4648 | giou=0.5912 | bbox=0.0813 | ce=0.0399 | aux_giou=0.0553 | aux_bbox=0.0050 | aux_ce=0.0028 | mask=580 | aux_mask=812 | pos=30 | targets=30 | preds=165 | centerness=[-6.780, 0.551] | train_seen=2400
2026-06-02 15:14:53 | INFO | Epoch 4 | batch 1250/1829 | loss=1.2185 | giou=0.5184 | bbox=0.0789 | ce=0.0514 | aux_giou=0.0000 | aux_bbox=0.0000 | aux_ce=0.0000 | mask=672 | aux_mask=769 | pos=96 | targets=96 | preds=190 | centerness=[-4.432, 0.101] | train_seen=2500
2026-06-02 15:16:39 | INFO | Epoch 4 | batch 1300/1829 | loss=1.3310 | giou=0.5115 | bbox=0.0581 | ce=0.0486 | aux_giou=0.0702 | aux_bbox=0.0045 | aux_ce=0.0038 | mask=617 | aux_mask=762 | pos=106 | targets=106 | preds=293 | centerness=[-4.476, 0.730] | train_seen=2600
2026-06-02 15:18:25 | INFO | Epoch 4 | batch 1350/1829 | loss=0.6160 | giou=0.2586 | bbox=0.0460 | ce=0.0264 | aux_giou=0.0000 | aux_bbox=0.0000 | aux_ce=0.0000 | mask=669 | aux_mask=776 | pos=37 | targets=37 | preds=150 | centerness=[-3.700, -0.384] | train_seen=2700
2026-06-02 15:20:12 | INFO | Epoch 4 | batch 1400/1829 | loss=1.4516 | giou=0.5838 | bbox=0.0434 | ce=0.0498 | aux_giou=0.0628 | aux_bbox=0.0040 | aux_ce=0.0056 | mask=1830 | aux_mask=1502 | pos=176 | targets=176 | preds=770 | centerness=[-2.229, 0.151] | train_seen=2800
2026-06-02 15:21:58 | INFO | Epoch 4 | batch 1450/1829 | loss=0.9493 | giou=0.3792 | bbox=0.1387 | ce=0.0261 | aux_giou=0.0000 | aux_bbox=0.0000 | aux_ce=0.0000 | mask=518 | aux_mask=998 | pos=20 | targets=20 | preds=69 | centerness=[-4.965, -0.189] | train_seen=2900
2026-06-02 15:23:44 | INFO | Epoch 4 | batch 1500/1829 | loss=0.7792 | giou=0.3383 | bbox=0.0405 | ce=0.0310 | aux_giou=0.0000 | aux_bbox=0.0000 | aux_ce=0.0000 | mask=519 | aux_mask=729 | pos=48 | targets=48 | preds=186 | centerness=[-4.458, -0.016] | train_seen=3000
2026-06-02 15:25:30 | INFO | Epoch 4 | batch 1550/1829 | loss=1.2424 | giou=0.5104 | bbox=0.0507 | ce=0.0855 | aux_giou=0.0000 | aux_bbox=0.0000 | aux_ce=0.0000 | mask=933 | aux_mask=1049 | pos=584 | targets=584 | preds=586 | centerness=[-3.956, 0.367] | train_seen=3100
2026-06-02 15:27:16 | INFO | Epoch 4 | batch 1600/1829 | loss=0.9566 | giou=0.4212 | bbox=0.0662 | ce=0.0240 | aux_giou=0.0000 | aux_bbox=0.0000 | aux_ce=0.0000 | mask=749 | aux_mask=843 | pos=48 | targets=48 | preds=125 | centerness=[-4.421, 0.687] | train_seen=3200
2026-06-02 15:29:02 | INFO | Epoch 4 | batch 1650/1829 | loss=0.8433 | giou=0.3590 | bbox=0.0605 | ce=0.0325 | aux_giou=0.0000 | aux_bbox=0.0000 | aux_ce=0.0000 | mask=911 | aux_mask=1112 | pos=77 | targets=77 | preds=140 | centerness=[-5.160, 0.084] | train_seen=3300
2026-06-02 15:30:48 | INFO | Epoch 4 | batch 1700/1829 | loss=1.2047 | giou=0.5323 | bbox=0.0811 | ce=0.0295 | aux_giou=0.0000 | aux_bbox=0.0000 | aux_ce=0.0000 | mask=635 | aux_mask=876 | pos=22 | targets=22 | preds=175 | centerness=[-5.104, 0.442] | train_seen=3400
2026-06-02 15:32:34 | INFO | Epoch 4 | batch 1750/1829 | loss=1.2133 | giou=0.5118 | bbox=0.0613 | ce=0.0642 | aux_giou=0.0000 | aux_bbox=0.0000 | aux_ce=0.0000 | mask=1284 | aux_mask=1405 | pos=476 | targets=476 | preds=569 | centerness=[-3.284, 0.383] | train_seen=3500
2026-06-02 15:34:20 | INFO | Epoch 4 | batch 1800/1829 | loss=1.1170 | giou=0.4597 | bbox=0.0451 | ce=0.0762 | aux_giou=0.0000 | aux_bbox=0.0000 | aux_ce=0.0000 | mask=814 | aux_mask=918 | pos=84 | targets=84 | preds=405 | centerness=[-4.720, 1.289] | train_seen=3600
2026-06-02 15:54:55 | INFO | Epoch 4 | train_loss=1.172 | val_loss=1.349 | train_mae=79.303 | val_mae=71.438 | val_rmse=109.19 | test_mae=77.276 | test_rmse=150.63 | time=5051.961s
2026-06-02 15:56:41 | INFO | Epoch 5 | batch 50/1829 | loss=1.7186 | giou=0.6476 | bbox=0.0553 | ce=0.1146 | aux_giou=0.0590 | aux_bbox=0.0069 | aux_ce=0.0070 | mask=1340 | aux_mask=1383 | pos=916 | targets=916 | preds=591 | centerness=[-4.173, 0.606] | train_seen=100
2026-06-02 15:58:27 | INFO | Epoch 5 | batch 100/1829 | loss=1.3458 | giou=0.5387 | bbox=0.0796 | ce=0.0334 | aux_giou=0.0502 | aux_bbox=0.0106 | aux_ce=0.0055 | mask=681 | aux_mask=796 | pos=79 | targets=79 | preds=116 | centerness=[-3.497, 0.094] | train_seen=200
2026-06-02 16:00:13 | INFO | Epoch 5 | batch 150/1829 | loss=1.2157 | giou=0.5104 | bbox=0.0385 | ce=0.0782 | aux_giou=0.0000 | aux_bbox=0.0000 | aux_ce=0.0000 | mask=719 | aux_mask=934 | pos=267 | targets=267 | preds=409 | centerness=[-4.068, 0.484] | train_seen=300
2026-06-02 16:01:59 | INFO | Epoch 5 | batch 200/1829 | loss=0.9010 | giou=0.4029 | bbox=0.0522 | ce=0.0215 | aux_giou=0.0000 | aux_bbox=0.0000 | aux_ce=0.0000 | mask=659 | aux_mask=874 | pos=37 | targets=37 | preds=106 | centerness=[-5.158, 0.467] | train_seen=400
2026-06-02 16:03:45 | INFO | Epoch 5 | batch 250/1829 | loss=0.9740 | giou=0.4065 | bbox=0.0501 | ce=0.0554 | aux_giou=0.0000 | aux_bbox=0.0000 | aux_ce=0.0000 | mask=596 | aux_mask=673 | pos=87 | targets=87 | preds=273 | centerness=[-3.490, 0.418] | train_seen=500
2026-06-02 16:05:31 | INFO | Epoch 5 | batch 300/1829 | loss=1.5189 | giou=0.6591 | bbox=0.1216 | ce=0.0395 | aux_giou=0.0000 | aux_bbox=0.0000 | aux_ce=0.0000 | mask=689 | aux_mask=990 | pos=107 | targets=107 | preds=345 | centerness=[-4.471, 0.552] | train_seen=600
2026-06-02 16:07:17 | INFO | Epoch 5 | batch 350/1829 | loss=1.3081 | giou=0.5607 | bbox=0.0981 | ce=0.0443 | aux_giou=0.0000 | aux_bbox=0.0000 | aux_ce=0.0000 | mask=630 | aux_mask=725 | pos=106 | targets=106 | preds=133 | centerness=[-4.588, 0.007] | train_seen=700
2026-06-02 16:09:03 | INFO | Epoch 5 | batch 400/1829 | loss=1.0814 | giou=0.4499 | bbox=0.0946 | ce=0.0435 | aux_giou=0.0000 | aux_bbox=0.0000 | aux_ce=0.0000 | mask=767 | aux_mask=857 | pos=104 | targets=104 | preds=214 | centerness=[-3.534, 0.302] | train_seen=800
2026-06-02 16:10:49 | INFO | Epoch 5 | batch 450/1829 | loss=0.9263 | giou=0.4187 | bbox=0.0335 | ce=0.0276 | aux_giou=0.0000 | aux_bbox=0.0000 | aux_ce=0.0000 | mask=805 | aux_mask=1103 | pos=56 | targets=56 | preds=167 | centerness=[-3.713, 1.244] | train_seen=900
2026-06-02 16:12:35 | INFO | Epoch 5 | batch 500/1829 | loss=1.3230 | giou=0.5628 | bbox=0.0435 | ce=0.0770 | aux_giou=0.0000 | aux_bbox=0.0000 | aux_ce=0.0000 | mask=1079 | aux_mask=1185 | pos=307 | targets=307 | preds=738 | centerness=[-5.140, 0.900] | train_seen=1000
2026-06-02 16:14:21 | INFO | Epoch 5 | batch 550/1829 | loss=0.9610 | giou=0.4156 | bbox=0.0510 | ce=0.0394 | aux_giou=0.0000 | aux_bbox=0.0000 | aux_ce=0.0000 | mask=542 | aux_mask=814 | pos=68 | targets=68 | preds=122 | centerness=[-6.470, 0.244] | train_seen=1100
2026-06-02 16:16:07 | INFO | Epoch 5 | batch 600/1829 | loss=1.1779 | giou=0.5085 | bbox=0.0448 | ce=0.0581 | aux_giou=0.0000 | aux_bbox=0.0000 | aux_ce=0.0000 | mask=893 | aux_mask=1005 | pos=304 | targets=304 | preds=510 | centerness=[-3.213, 0.491] | train_seen=1200
2026-06-02 16:17:53 | INFO | Epoch 5 | batch 650/1829 | loss=1.2292 | giou=0.5241 | bbox=0.1211 | ce=0.0300 | aux_giou=0.0000 | aux_bbox=0.0000 | aux_ce=0.0000 | mask=845 | aux_mask=1064 | pos=56 | targets=56 | preds=112 | centerness=[-4.177, -0.385] | train_seen=1300
2026-06-02 16:19:39 | INFO | Epoch 5 | batch 700/1829 | loss=0.8631 | giou=0.3727 | bbox=0.0517 | ce=0.0330 | aux_giou=0.0000 | aux_bbox=0.0000 | aux_ce=0.0000 | mask=593 | aux_mask=765 | pos=35 | targets=35 | preds=159 | centerness=[-4.463, 0.128] | train_seen=1400
2026-06-02 16:21:25 | INFO | Epoch 5 | batch 750/1829 | loss=0.9179 | giou=0.4020 | bbox=0.0502 | ce=0.0318 | aux_giou=0.0000 | aux_bbox=0.0000 | aux_ce=0.0000 | mask=460 | aux_mask=662 | pos=33 | targets=33 | preds=136 | centerness=[-5.447, -0.339] | train_seen=1500
2026-06-02 16:23:12 | INFO | Epoch 5 | batch 800/1829 | loss=1.6667 | giou=0.7034 | bbox=0.0755 | ce=0.0922 | aux_giou=0.0000 | aux_bbox=0.0000 | aux_ce=0.0000 | mask=1030 | aux_mask=1183 | pos=548 | targets=548 | preds=760 | centerness=[-2.837, 0.854] | train_seen=1600
2026-06-02 16:24:58 | INFO | Epoch 5 | batch 850/1829 | loss=1.1233 | giou=0.5024 | bbox=0.0737 | ce=0.0225 | aux_giou=0.0000 | aux_bbox=0.0000 | aux_ce=0.0000 | mask=647 | aux_mask=791 | pos=22 | targets=22 | preds=158 | centerness=[-4.876, -0.194] | train_seen=1700
2026-06-02 16:26:44 | INFO | Epoch 5 | batch 900/1829 | loss=0.7508 | giou=0.3083 | bbox=0.0469 | ce=0.0436 | aux_giou=0.0000 | aux_bbox=0.0000 | aux_ce=0.0000 | mask=1005 | aux_mask=1282 | pos=114 | targets=114 | preds=234 | centerness=[-4.069, 0.076] | train_seen=1800
2026-06-02 16:28:30 | INFO | Epoch 5 | batch 950/1829 | loss=1.1409 | giou=0.4621 | bbox=0.1042 | ce=0.0563 | aux_giou=0.0000 | aux_bbox=0.0000 | aux_ce=0.0000 | mask=729 | aux_mask=998 | pos=103 | targets=103 | preds=85 | centerness=[-4.802, 0.387] | train_seen=1900
2026-06-02 16:30:16 | INFO | Epoch 5 | batch 1000/1829 | loss=1.0775 | giou=0.4836 | bbox=0.0382 | ce=0.0360 | aux_giou=0.0000 | aux_bbox=0.0000 | aux_ce=0.0000 | mask=1017 | aux_mask=1348 | pos=72 | targets=72 | preds=424 | centerness=[-5.388, 1.006] | train_seen=2000
2026-06-02 16:32:02 | INFO | Epoch 5 | batch 1050/1829 | loss=2.1247 | giou=0.6379 | bbox=0.0678 | ce=0.2938 | aux_giou=0.0601 | aux_bbox=0.0085 | aux_ce=0.0324 | mask=4004 | aux_mask=2976 | pos=3747 | targets=2531 | preds=1316 | centerness=[-4.442, 0.101] | train_seen=2100
2026-06-02 16:33:48 | INFO | Epoch 5 | batch 1100/1829 | loss=1.2789 | giou=0.5362 | bbox=0.1190 | ce=0.0437 | aux_giou=0.0000 | aux_bbox=0.0000 | aux_ce=0.0000 | mask=938 | aux_mask=1164 | pos=150 | targets=150 | preds=256 | centerness=[-5.158, 0.102] | train_seen=2200
2026-06-02 16:35:34 | INFO | Epoch 5 | batch 1150/1829 | loss=1.2305 | giou=0.5049 | bbox=0.0480 | ce=0.0352 | aux_giou=0.0482 | aux_bbox=0.0028 | aux_ce=0.0016 | mask=626 | aux_mask=1148 | pos=159 | targets=159 | preds=204 | centerness=[-3.825, 0.759] | train_seen=2300
2026-06-02 16:37:20 | INFO | Epoch 5 | batch 1200/1829 | loss=1.4057 | giou=0.6307 | bbox=0.0475 | ce=0.0484 | aux_giou=0.0000 | aux_bbox=0.0000 | aux_ce=0.0000 | mask=1049 | aux_mask=1254 | pos=136 | targets=136 | preds=556 | centerness=[-5.565, 0.414] | train_seen=2400
2026-06-02 16:39:06 | INFO | Epoch 5 | batch 1250/1829 | loss=1.6484 | giou=0.7114 | bbox=0.0798 | ce=0.0729 | aux_giou=0.0000 | aux_bbox=0.0000 | aux_ce=0.0000 | mask=711 | aux_mask=840 | pos=354 | targets=354 | preds=470 | centerness=[-4.901, 0.177] | train_seen=2500
2026-06-02 16:40:52 | INFO | Epoch 5 | batch 1300/1829 | loss=1.7869 | giou=0.6911 | bbox=0.0988 | ce=0.0856 | aux_giou=0.0560 | aux_bbox=0.0126 | aux_ce=0.0051 | mask=1422 | aux_mask=1608 | pos=384 | targets=384 | preds=257 | centerness=[-2.892, -0.011] | train_seen=2600
2026-06-02 16:42:38 | INFO | Epoch 5 | batch 1350/1829 | loss=1.3217 | giou=0.5558 | bbox=0.0722 | ce=0.0689 | aux_giou=0.0000 | aux_bbox=0.0000 | aux_ce=0.0000 | mask=787 | aux_mask=895 | pos=176 | targets=176 | preds=363 | centerness=[-5.743, 0.759] | train_seen=2700
2026-06-02 16:44:25 | INFO | Epoch 5 | batch 1400/1829 | loss=1.0491 | giou=0.4273 | bbox=0.0531 | ce=0.0214 | aux_giou=0.0464 | aux_bbox=0.0028 | aux_ce=0.0015 | mask=570 | aux_mask=733 | pos=49 | targets=49 | preds=95 | centerness=[-6.042, 0.745] | train_seen=2800
2026-06-02 16:46:11 | INFO | Epoch 5 | batch 1450/1829 | loss=1.1427 | giou=0.5084 | bbox=0.0515 | ce=0.0372 | aux_giou=0.0000 | aux_bbox=0.0000 | aux_ce=0.0000 | mask=679 | aux_mask=889 | pos=151 | targets=151 | preds=204 | centerness=[-5.036, 0.923] | train_seen=2900
2026-06-02 16:47:57 | INFO | Epoch 5 | batch 1500/1829 | loss=1.1033 | giou=0.4711 | bbox=0.0390 | ce=0.0610 | aux_giou=0.0000 | aux_bbox=0.0000 | aux_ce=0.0000 | mask=898 | aux_mask=902 | pos=200 | targets=200 | preds=436 | centerness=[-4.397, 1.379] | train_seen=3000
2026-06-02 16:49:43 | INFO | Epoch 5 | batch 1550/1829 | loss=1.1646 | giou=0.4860 | bbox=0.0703 | ce=0.0611 | aux_giou=0.0000 | aux_bbox=0.0000 | aux_ce=0.0000 | mask=775 | aux_mask=773 | pos=155 | targets=155 | preds=225 | centerness=[-5.092, 0.499] | train_seen=3100
2026-06-02 16:51:29 | INFO | Epoch 5 | batch 1600/1829 | loss=1.5210 | giou=0.6093 | bbox=0.0485 | ce=0.0569 | aux_giou=0.0526 | aux_bbox=0.0068 | aux_ce=0.0141 | mask=956 | aux_mask=1066 | pos=446 | targets=446 | preds=411 | centerness=[-4.170, 0.676] | train_seen=3200
2026-06-02 16:53:15 | INFO | Epoch 5 | batch 1650/1829 | loss=1.1898 | giou=0.4855 | bbox=0.0420 | ce=0.0884 | aux_giou=0.0000 | aux_bbox=0.0000 | aux_ce=0.0000 | mask=1150 | aux_mask=1168 | pos=334 | targets=334 | preds=446 | centerness=[-5.739, -0.042] | train_seen=3300
2026-06-02 16:55:01 | INFO | Epoch 5 | batch 1700/1829 | loss=1.3101 | giou=0.5525 | bbox=0.0398 | ce=0.0360 | aux_giou=0.0425 | aux_bbox=0.0034 | aux_ce=0.0025 | mask=773 | aux_mask=871 | pos=34 | targets=34 | preds=324 | centerness=[-4.390, 0.580] | train_seen=3400
2026-06-02 16:56:47 | INFO | Epoch 5 | batch 1750/1829 | loss=1.1943 | giou=0.5250 | bbox=0.0482 | ce=0.0481 | aux_giou=0.0000 | aux_bbox=0.0000 | aux_ce=0.0000 | mask=810 | aux_mask=885 | pos=225 | targets=225 | preds=259 | centerness=[-5.036, 0.758] | train_seen=3500
2026-06-02 16:58:33 | INFO | Epoch 5 | batch 1800/1829 | loss=0.9888 | giou=0.4182 | bbox=0.0531 | ce=0.0497 | aux_giou=0.0000 | aux_bbox=0.0000 | aux_ce=0.0000 | mask=653 | aux_mask=716 | pos=63 | targets=63 | preds=310 | centerness=[-3.324, 0.737] | train_seen=3600
2026-06-02 17:19:10 | INFO | Epoch 5 | train_loss=1.126 | val_loss=1.365 | train_mae=69.533 | val_mae=45.544 | val_rmse=88.11 | test_mae=48.923 | test_rmse=120.76 | time=5051.338s | best_rmse
2026-06-02 17:20:56 | INFO | Epoch 6 | batch 50/1829 | loss=1.2292 | giou=0.5266 | bbox=0.0605 | ce=0.0577 | aux_giou=0.0000 | aux_bbox=0.0000 | aux_ce=0.0000 | mask=542 | aux_mask=763 | pos=134 | targets=134 | preds=164 | centerness=[-5.977, 0.298] | train_seen=100
2026-06-02 17:22:43 | INFO | Epoch 6 | batch 100/1829 | loss=0.9534 | giou=0.4252 | bbox=0.0485 | ce=0.0272 | aux_giou=0.0000 | aux_bbox=0.0000 | aux_ce=0.0000 | mask=699 | aux_mask=948 | pos=129 | targets=129 | preds=143 | centerness=[-6.171, 0.817] | train_seen=200
2026-06-02 17:24:29 | INFO | Epoch 6 | batch 150/1829 | loss=0.9370 | giou=0.4279 | bbox=0.0400 | ce=0.0206 | aux_giou=0.0000 | aux_bbox=0.0000 | aux_ce=0.0000 | mask=1172 | aux_mask=1180 | pos=55 | targets=55 | preds=136 | centerness=[-5.165, 0.129] | train_seen=300
2026-06-02 17:26:15 | INFO | Epoch 6 | batch 200/1829 | loss=1.2420 | giou=0.5198 | bbox=0.0704 | ce=0.0660 | aux_giou=0.0000 | aux_bbox=0.0000 | aux_ce=0.0000 | mask=824 | aux_mask=988 | pos=155 | targets=155 | preds=172 | centerness=[-5.482, -0.424] | train_seen=400
2026-06-02 17:28:01 | INFO | Epoch 6 | batch 250/1829 | loss=1.2576 | giou=0.5450 | bbox=0.1108 | ce=0.0284 | aux_giou=0.0000 | aux_bbox=0.0000 | aux_ce=0.0000 | mask=1121 | aux_mask=1287 | pos=113 | targets=113 | preds=296 | centerness=[-4.494, 0.140] | train_seen=500
2026-06-02 17:29:47 | INFO | Epoch 6 | batch 300/1829 | loss=1.0397 | giou=0.4554 | bbox=0.0788 | ce=0.0251 | aux_giou=0.0000 | aux_bbox=0.0000 | aux_ce=0.0000 | mask=518 | aux_mask=973 | pos=39 | targets=39 | preds=61 | centerness=[-6.508, 0.515] | train_seen=600
2026-06-02 17:31:33 | INFO | Epoch 6 | batch 350/1829 | loss=1.5910 | giou=0.5916 | bbox=0.0567 | ce=0.1101 | aux_giou=0.0471 | aux_bbox=0.0055 | aux_ce=0.0156 | mask=2143 | aux_mask=2255 | pos=1814 | targets=1131 | preds=583 | centerness=[-4.506, 0.754] | train_seen=700
2026-06-02 17:33:19 | INFO | Epoch 6 | batch 400/1829 | loss=0.9491 | giou=0.4022 | bbox=0.0437 | ce=0.0505 | aux_giou=0.0000 | aux_bbox=0.0000 | aux_ce=0.0000 | mask=1230 | aux_mask=1314 | pos=192 | targets=192 | preds=444 | centerness=[-5.856, 0.358] | train_seen=800
2026-06-02 17:35:06 | INFO | Epoch 6 | batch 450/1829 | loss=0.8975 | giou=0.3960 | bbox=0.0317 | ce=0.0369 | aux_giou=0.0000 | aux_bbox=0.0000 | aux_ce=0.0000 | mask=797 | aux_mask=1097 | pos=135 | targets=135 | preds=224 | centerness=[-4.699, 0.805] | train_seen=900
2026-06-02 17:36:52 | INFO | Epoch 6 | batch 500/1829 | loss=0.8667 | giou=0.3906 | bbox=0.0388 | ce=0.0233 | aux_giou=0.0000 | aux_bbox=0.0000 | aux_ce=0.0000 | mask=618 | aux_mask=821 | pos=20 | targets=20 | preds=70 | centerness=[-5.821, 0.375] | train_seen=1000
2026-06-02 17:38:38 | INFO | Epoch 6 | batch 550/1829 | loss=1.0332 | giou=0.4522 | bbox=0.0517 | ce=0.0385 | aux_giou=0.0000 | aux_bbox=0.0000 | aux_ce=0.0000 | mask=537 | aux_mask=819 | pos=79 | targets=79 | preds=84 | centerness=[-6.202, 0.029] | train_seen=1100
2026-06-02 17:40:24 | INFO | Epoch 6 | batch 600/1829 | loss=1.1897 | giou=0.5175 | bbox=0.0702 | ce=0.0423 | aux_giou=0.0000 | aux_bbox=0.0000 | aux_ce=0.0000 | mask=967 | aux_mask=1324 | pos=121 | targets=121 | preds=386 | centerness=[-4.448, 0.902] | train_seen=1200
2026-06-02 17:42:12 | INFO | Epoch 6 | batch 650/1829 | loss=0.8330 | giou=0.3766 | bbox=0.0334 | ce=0.0233 | aux_giou=0.0000 | aux_bbox=0.0000 | aux_ce=0.0000 | mask=988 | aux_mask=972 | pos=92 | targets=92 | preds=192 | centerness=[-4.516, 0.472] | train_seen=1300
2026-06-02 17:44:01 | INFO | Epoch 6 | batch 700/1829 | loss=0.8824 | giou=0.3896 | bbox=0.0308 | ce=0.0362 | aux_giou=0.0000 | aux_bbox=0.0000 | aux_ce=0.0000 | mask=836 | aux_mask=1079 | pos=87 | targets=87 | preds=206 | centerness=[-6.535, 0.767] | train_seen=1400
2026-06-02 17:45:48 | INFO | Epoch 6 | batch 750/1829 | loss=0.8560 | giou=0.3618 | bbox=0.0682 | ce=0.0321 | aux_giou=0.0000 | aux_bbox=0.0000 | aux_ce=0.0000 | mask=861 | aux_mask=956 | pos=69 | targets=69 | preds=146 | centerness=[-4.623, 0.215] | train_seen=1500
2026-06-02 17:47:34 | INFO | Epoch 6 | batch 800/1829 | loss=1.6399 | giou=0.6571 | bbox=0.0577 | ce=0.0605 | aux_giou=0.0670 | aux_bbox=0.0040 | aux_ce=0.0045 | mask=996 | aux_mask=919 | pos=154 | targets=154 | preds=681 | centerness=[-5.985, 1.051] | train_seen=1600
2026-06-02 17:49:20 | INFO | Epoch 6 | batch 850/1829 | loss=0.9319 | giou=0.3976 | bbox=0.0727 | ce=0.0320 | aux_giou=0.0000 | aux_bbox=0.0000 | aux_ce=0.0000 | mask=754 | aux_mask=896 | pos=90 | targets=90 | preds=130 | centerness=[-4.911, 0.858] | train_seen=1700
2026-06-02 17:51:06 | INFO | Epoch 6 | batch 900/1829 | loss=0.7152 | giou=0.3135 | bbox=0.0509 | ce=0.0186 | aux_giou=0.0000 | aux_bbox=0.0000 | aux_ce=0.0000 | mask=835 | aux_mask=981 | pos=52 | targets=52 | preds=99 | centerness=[-5.313, 0.245] | train_seen=1800
2026-06-02 17:52:52 | INFO | Epoch 6 | batch 950/1829 | loss=0.9971 | giou=0.4156 | bbox=0.0598 | ce=0.0530 | aux_giou=0.0000 | aux_bbox=0.0000 | aux_ce=0.0000 | mask=1751 | aux_mask=1686 | pos=416 | targets=416 | preds=711 | centerness=[-3.521, 0.779] | train_seen=1900
2026-06-02 17:54:38 | INFO | Epoch 6 | batch 1000/1829 | loss=1.0137 | giou=0.4735 | bbox=0.0422 | ce=0.0122 | aux_giou=0.0000 | aux_bbox=0.0000 | aux_ce=0.0000 | mask=844 | aux_mask=1083 | pos=32 | targets=32 | preds=53 | centerness=[-4.512, 1.005] | train_seen=2000
2026-06-02 17:56:24 | INFO | Epoch 6 | batch 1050/1829 | loss=0.7225 | giou=0.3103 | bbox=0.0574 | ce=0.0223 | aux_giou=0.0000 | aux_bbox=0.0000 | aux_ce=0.0000 | mask=479 | aux_mask=487 | pos=28 | targets=28 | preds=66 | centerness=[-6.932, 0.140] | train_seen=2100
2026-06-02 17:58:11 | INFO | Epoch 6 | batch 1100/1829 | loss=1.0034 | giou=0.4283 | bbox=0.0578 | ce=0.0445 | aux_giou=0.0000 | aux_bbox=0.0000 | aux_ce=0.0000 | mask=883 | aux_mask=1193 | pos=169 | targets=169 | preds=202 | centerness=[-5.909, 0.361] | train_seen=2200
2026-06-02 17:59:57 | INFO | Epoch 6 | batch 1150/1829 | loss=1.0571 | giou=0.4126 | bbox=0.0493 | ce=0.0278 | aux_giou=0.0550 | aux_bbox=0.0098 | aux_ce=0.0036 | mask=822 | aux_mask=1051 | pos=64 | targets=64 | preds=213 | centerness=[-4.416, 0.111] | train_seen=2300
2026-06-02 18:01:43 | INFO | Epoch 6 | batch 1200/1829 | loss=1.1429 | giou=0.4676 | bbox=0.0613 | ce=0.0243 | aux_giou=0.0461 | aux_bbox=0.0029 | aux_ce=0.0014 | mask=509 | aux_mask=982 | pos=50 | targets=50 | preds=84 | centerness=[-7.312, 0.642] | train_seen=2400
2026-06-02 18:03:29 | INFO | Epoch 6 | batch 1250/1829 | loss=1.0643 | giou=0.4701 | bbox=0.0518 | ce=0.0361 | aux_giou=0.0000 | aux_bbox=0.0000 | aux_ce=0.0000 | mask=1088 | aux_mask=1453 | pos=64 | targets=64 | preds=328 | centerness=[-6.459, 0.668] | train_seen=2500
2026-06-02 18:05:15 | INFO | Epoch 6 | batch 1300/1829 | loss=1.2109 | giou=0.5044 | bbox=0.0464 | ce=0.0779 | aux_giou=0.0000 | aux_bbox=0.0000 | aux_ce=0.0000 | mask=1436 | aux_mask=1441 | pos=351 | targets=351 | preds=586 | centerness=[-3.812, -0.017] | train_seen=2600
2026-06-02 18:07:01 | INFO | Epoch 6 | batch 1350/1829 | loss=1.9817 | giou=0.7836 | bbox=0.0617 | ce=0.0688 | aux_giou=0.0941 | aux_bbox=0.0086 | aux_ce=0.0092 | mask=1543 | aux_mask=1588 | pos=416 | targets=416 | preds=1160 | centerness=[-3.138, 1.077] | train_seen=2700
2026-06-02 18:08:47 | INFO | Epoch 6 | batch 1400/1829 | loss=2.0657 | giou=0.7861 | bbox=0.0935 | ce=0.0699 | aux_giou=0.1136 | aux_bbox=0.0118 | aux_ce=0.0106 | mask=1025 | aux_mask=1177 | pos=509 | targets=509 | preds=538 | centerness=[-4.328, 0.984] | train_seen=2800
2026-06-02 18:10:33 | INFO | Epoch 6 | batch 1450/1829 | loss=0.7552 | giou=0.3247 | bbox=0.0518 | ce=0.0270 | aux_giou=0.0000 | aux_bbox=0.0000 | aux_ce=0.0000 | mask=1358 | aux_mask=1637 | pos=93 | targets=93 | preds=157 | centerness=[-4.024, 0.319] | train_seen=2900
2026-06-02 18:12:19 | INFO | Epoch 6 | batch 1500/1829 | loss=1.2215 | giou=0.4623 | bbox=0.0407 | ce=0.0683 | aux_giou=0.0506 | aux_bbox=0.0040 | aux_ce=0.0071 | mask=969 | aux_mask=1108 | pos=232 | targets=232 | preds=374 | centerness=[-6.767, 0.440] | train_seen=3000
2026-06-02 18:14:05 | INFO | Epoch 6 | batch 1550/1829 | loss=1.0081 | giou=0.4431 | bbox=0.0559 | ce=0.0330 | aux_giou=0.0000 | aux_bbox=0.0000 | aux_ce=0.0000 | mask=1036 | aux_mask=1369 | pos=164 | targets=164 | preds=231 | centerness=[-4.776, 0.557] | train_seen=3100
2026-06-02 18:15:51 | INFO | Epoch 6 | batch 1600/1829 | loss=0.9419 | giou=0.3974 | bbox=0.0428 | ce=0.0522 | aux_giou=0.0000 | aux_bbox=0.0000 | aux_ce=0.0000 | mask=1216 | aux_mask=1322 | pos=212 | targets=212 | preds=281 | centerness=[-4.567, 0.542] | train_seen=3200
2026-06-02 18:17:37 | INFO | Epoch 6 | batch 1650/1829 | loss=1.1148 | giou=0.4708 | bbox=0.1172 | ce=0.0279 | aux_giou=0.0000 | aux_bbox=0.0000 | aux_ce=0.0000 | mask=1026 | aux_mask=1667 | pos=65 | targets=65 | preds=92 | centerness=[-5.494, -0.291] | train_seen=3300
2026-06-02 18:19:23 | INFO | Epoch 6 | batch 1700/1829 | loss=1.0664 | giou=0.4397 | bbox=0.1039 | ce=0.0416 | aux_giou=0.0000 | aux_bbox=0.0000 | aux_ce=0.0000 | mask=863 | aux_mask=1072 | pos=83 | targets=83 | preds=207 | centerness=[-4.751, 0.219] | train_seen=3400
2026-06-02 18:21:09 | INFO | Epoch 6 | batch 1750/1829 | loss=1.4219 | giou=0.5608 | bbox=0.0570 | ce=0.0511 | aux_giou=0.0593 | aux_bbox=0.0047 | aux_ce=0.0089 | mask=1199 | aux_mask=1071 | pos=186 | targets=186 | preds=577 | centerness=[-4.944, 0.345] | train_seen=3500
2026-06-02 18:22:55 | INFO | Epoch 6 | batch 1800/1829 | loss=1.1514 | giou=0.5296 | bbox=0.0320 | ce=0.0301 | aux_giou=0.0000 | aux_bbox=0.0000 | aux_ce=0.0000 | mask=1399 | aux_mask=1373 | pos=188 | targets=188 | preds=708 | centerness=[-4.465, 0.760] | train_seen=3600
2026-06-02 18:43:31 | INFO | Epoch 6 | train_loss=1.057 | val_loss=1.225 | train_mae=64.680 | val_mae=42.442 | val_rmse=88.45 | test_mae=44.431 | test_rmse=126.44 | time=5058.001s | best_mae
2026-06-02 18:45:17 | INFO | Epoch 7 | batch 50/1829 | loss=0.9351 | giou=0.3958 | bbox=0.0677 | ce=0.0379 | aux_giou=0.0000 | aux_bbox=0.0000 | aux_ce=0.0000 | mask=936 | aux_mask=912 | pos=102 | targets=102 | preds=163 | centerness=[-6.339, 0.270] | train_seen=100
2026-06-02 18:47:03 | INFO | Epoch 7 | batch 100/1829 | loss=1.2501 | giou=0.4852 | bbox=0.0659 | ce=0.0433 | aux_giou=0.0515 | aux_bbox=0.0101 | aux_ce=0.0071 | mask=910 | aux_mask=1250 | pos=135 | targets=135 | preds=191 | centerness=[-5.701, 0.846] | train_seen=200
2026-06-02 18:48:49 | INFO | Epoch 7 | batch 150/1829 | loss=0.9368 | giou=0.3800 | bbox=0.0427 | ce=0.0670 | aux_giou=0.0000 | aux_bbox=0.0000 | aux_ce=0.0000 | mask=1188 | aux_mask=1114 | pos=200 | targets=200 | preds=274 | centerness=[-5.200, 0.655] | train_seen=300
2026-06-02 18:50:35 | INFO | Epoch 7 | batch 200/1829 | loss=0.8089 | giou=0.3529 | bbox=0.0389 | ce=0.0321 | aux_giou=0.0000 | aux_bbox=0.0000 | aux_ce=0.0000 | mask=840 | aux_mask=1096 | pos=47 | targets=47 | preds=159 | centerness=[-5.920, 0.181] | train_seen=400
2026-06-02 18:52:21 | INFO | Epoch 7 | batch 250/1829 | loss=0.7511 | giou=0.3097 | bbox=0.0344 | ce=0.0486 | aux_giou=0.0000 | aux_bbox=0.0000 | aux_ce=0.0000 | mask=1313 | aux_mask=1251 | pos=82 | targets=82 | preds=462 | centerness=[-5.764, 0.401] | train_seen=500
2026-06-02 18:54:07 | INFO | Epoch 7 | batch 300/1829 | loss=0.8722 | giou=0.3819 | bbox=0.0458 | ce=0.0313 | aux_giou=0.0000 | aux_bbox=0.0000 | aux_ce=0.0000 | mask=1208 | aux_mask=1244 | pos=133 | targets=133 | preds=203 | centerness=[-5.059, 0.596] | train_seen=600
2026-06-02 18:55:53 | INFO | Epoch 7 | batch 350/1829 | loss=0.8536 | giou=0.3766 | bbox=0.0440 | ce=0.0282 | aux_giou=0.0000 | aux_bbox=0.0000 | aux_ce=0.0000 | mask=818 | aux_mask=971 | pos=117 | targets=117 | preds=166 | centerness=[-6.512, 0.279] | train_seen=700
2026-06-02 18:57:39 | INFO | Epoch 7 | batch 400/1829 | loss=0.8389 | giou=0.3725 | bbox=0.0243 | ce=0.0348 | aux_giou=0.0000 | aux_bbox=0.0000 | aux_ce=0.0000 | mask=918 | aux_mask=1302 | pos=204 | targets=204 | preds=267 | centerness=[-7.365, 1.169] | train_seen=800
2026-06-02 18:59:25 | INFO | Epoch 7 | batch 450/1829 | loss=0.9293 | giou=0.4148 | bbox=0.0449 | ce=0.0274 | aux_giou=0.0000 | aux_bbox=0.0000 | aux_ce=0.0000 | mask=545 | aux_mask=664 | pos=47 | targets=47 | preds=88 | centerness=[-5.404, 0.721] | train_seen=900
2026-06-02 19:01:11 | INFO | Epoch 7 | batch 500/1829 | loss=0.8644 | giou=0.3762 | bbox=0.0410 | ce=0.0355 | aux_giou=0.0000 | aux_bbox=0.0000 | aux_ce=0.0000 | mask=894 | aux_mask=786 | pos=140 | targets=140 | preds=339 | centerness=[-5.278, 0.806] | train_seen=1000
2026-06-02 19:02:57 | INFO | Epoch 7 | batch 550/1829 | loss=1.1960 | giou=0.5297 | bbox=0.0406 | ce=0.0480 | aux_giou=0.0000 | aux_bbox=0.0000 | aux_ce=0.0000 | mask=1132 | aux_mask=1077 | pos=250 | targets=250 | preds=240 | centerness=[-4.600, 1.085] | train_seen=1100
2026-06-02 19:04:43 | INFO | Epoch 7 | batch 600/1829 | loss=1.1568 | giou=0.5080 | bbox=0.0807 | ce=0.0300 | aux_giou=0.0000 | aux_bbox=0.0000 | aux_ce=0.0000 | mask=551 | aux_mask=676 | pos=23 | targets=23 | preds=135 | centerness=[-4.409, 0.945] | train_seen=1200
2026-06-02 19:06:29 | INFO | Epoch 7 | batch 650/1829 | loss=0.9564 | giou=0.4195 | bbox=0.0321 | ce=0.0427 | aux_giou=0.0000 | aux_bbox=0.0000 | aux_ce=0.0000 | mask=1219 | aux_mask=1232 | pos=188 | targets=188 | preds=340 | centerness=[-4.081, 1.273] | train_seen=1300
2026-06-02 19:08:16 | INFO | Epoch 7 | batch 700/1829 | loss=1.0810 | giou=0.4795 | bbox=0.0647 | ce=0.0287 | aux_giou=0.0000 | aux_bbox=0.0000 | aux_ce=0.0000 | mask=1634 | aux_mask=1404 | pos=170 | targets=170 | preds=564 | centerness=[-3.868, 0.151] | train_seen=1400
2026-06-02 19:10:02 | INFO | Epoch 7 | batch 750/1829 | loss=0.8723 | giou=0.3944 | bbox=0.0242 | ce=0.0297 | aux_giou=0.0000 | aux_bbox=0.0000 | aux_ce=0.0000 | mask=755 | aux_mask=957 | pos=149 | targets=149 | preds=174 | centerness=[-6.619, 1.262] | train_seen=1500
2026-06-02 19:11:48 | INFO | Epoch 7 | batch 800/1829 | loss=0.7599 | giou=0.3201 | bbox=0.0487 | ce=0.0355 | aux_giou=0.0000 | aux_bbox=0.0000 | aux_ce=0.0000 | mask=861 | aux_mask=928 | pos=102 | targets=102 | preds=157 | centerness=[-7.230, 0.687] | train_seen=1600
2026-06-02 19:13:34 | INFO | Epoch 7 | batch 850/1829 | loss=0.9543 | giou=0.4143 | bbox=0.0777 | ce=0.0240 | aux_giou=0.0000 | aux_bbox=0.0000 | aux_ce=0.0000 | mask=1250 | aux_mask=1309 | pos=55 | targets=55 | preds=119 | centerness=[-6.633, 0.303] | train_seen=1700
2026-06-02 19:15:20 | INFO | Epoch 7 | batch 900/1829 | loss=0.9076 | giou=0.4018 | bbox=0.0335 | ce=0.0353 | aux_giou=0.0000 | aux_bbox=0.0000 | aux_ce=0.0000 | mask=1059 | aux_mask=1038 | pos=94 | targets=94 | preds=378 | centerness=[-6.354, 0.630] | train_seen=1800
2026-06-02 19:17:07 | INFO | Epoch 7 | batch 950/1829 | loss=1.0262 | giou=0.4204 | bbox=0.0956 | ce=0.0449 | aux_giou=0.0000 | aux_bbox=0.0000 | aux_ce=0.0000 | mask=1077 | aux_mask=1143 | pos=225 | targets=225 | preds=281 | centerness=[-6.959, 0.248] | train_seen=1900
2026-06-02 19:18:53 | INFO | Epoch 7 | batch 1000/1829 | loss=0.9925 | giou=0.4501 | bbox=0.0309 | ce=0.0306 | aux_giou=0.0000 | aux_bbox=0.0000 | aux_ce=0.0000 | mask=992 | aux_mask=1141 | pos=69 | targets=69 | preds=373 | centerness=[-5.911, 0.939] | train_seen=2000
2026-06-02 19:20:39 | INFO | Epoch 7 | batch 1050/1829 | loss=1.3376 | giou=0.5356 | bbox=0.1247 | ce=0.0272 | aux_giou=0.0376 | aux_bbox=0.0027 | aux_ce=0.0047 | mask=1001 | aux_mask=1556 | pos=109 | targets=109 | preds=61 | centerness=[-6.552, 0.343] | train_seen=2100
2026-06-02 19:22:25 | INFO | Epoch 7 | batch 1100/1829 | loss=0.8320 | giou=0.3451 | bbox=0.0607 | ce=0.0405 | aux_giou=0.0000 | aux_bbox=0.0000 | aux_ce=0.0000 | mask=571 | aux_mask=817 | pos=79 | targets=79 | preds=103 | centerness=[-5.059, 0.437] | train_seen=2200
2026-06-02 19:24:11 | INFO | Epoch 7 | batch 1150/1829 | loss=0.7502 | giou=0.3274 | bbox=0.0416 | ce=0.0269 | aux_giou=0.0000 | aux_bbox=0.0000 | aux_ce=0.0000 | mask=788 | aux_mask=816 | pos=67 | targets=67 | preds=218 | centerness=[-6.583, -0.113] | train_seen=2300
2026-06-02 19:25:57 | INFO | Epoch 7 | batch 1200/1829 | loss=0.9647 | giou=0.4191 | bbox=0.0734 | ce=0.0266 | aux_giou=0.0000 | aux_bbox=0.0000 | aux_ce=0.0000 | mask=1057 | aux_mask=1128 | pos=58 | targets=58 | preds=183 | centerness=[-6.122, 0.504] | train_seen=2400
2026-06-02 19:27:43 | INFO | Epoch 7 | batch 1250/1829 | loss=1.1882 | giou=0.4662 | bbox=0.0511 | ce=0.0457 | aux_giou=0.0496 | aux_bbox=0.0060 | aux_ce=0.0041 | mask=1032 | aux_mask=1171 | pos=223 | targets=223 | preds=276 | centerness=[-6.333, 0.726] | train_seen=2500
2026-06-02 19:29:29 | INFO | Epoch 7 | batch 1300/1829 | loss=0.7142 | giou=0.2921 | bbox=0.0939 | ce=0.0180 | aux_giou=0.0000 | aux_bbox=0.0000 | aux_ce=0.0000 | mask=1398 | aux_mask=1328 | pos=29 | targets=29 | preds=39 | centerness=[-5.394, -0.362] | train_seen=2600
2026-06-02 19:31:15 | INFO | Epoch 7 | batch 1350/1829 | loss=1.1591 | giou=0.4945 | bbox=0.0375 | ce=0.0151 | aux_giou=0.0492 | aux_bbox=0.0022 | aux_ce=0.0009 | mask=1283 | aux_mask=1599 | pos=103 | targets=103 | preds=146 | centerness=[-8.353, 1.415] | train_seen=2700
2026-06-02 19:33:01 | INFO | Epoch 7 | batch 1400/1829 | loss=1.1543 | giou=0.5080 | bbox=0.0408 | ce=0.0488 | aux_giou=0.0000 | aux_bbox=0.0000 | aux_ce=0.0000 | mask=1244 | aux_mask=1320 | pos=284 | targets=284 | preds=303 | centerness=[-6.559, 0.929] | train_seen=2800
2026-06-02 19:34:47 | INFO | Epoch 7 | batch 1450/1829 | loss=1.0132 | giou=0.4476 | bbox=0.0387 | ce=0.0396 | aux_giou=0.0000 | aux_bbox=0.0000 | aux_ce=0.0000 | mask=1490 | aux_mask=1353 | pos=157 | targets=157 | preds=465 | centerness=[-4.744, 0.676] | train_seen=2900
2026-06-02 19:36:33 | INFO | Epoch 7 | batch 1500/1829 | loss=1.0301 | giou=0.4470 | bbox=0.0375 | ce=0.0494 | aux_giou=0.0000 | aux_bbox=0.0000 | aux_ce=0.0000 | mask=1421 | aux_mask=1211 | pos=496 | targets=496 | preds=600 | centerness=[-5.969, 0.677] | train_seen=3000
2026-06-02 19:38:19 | INFO | Epoch 7 | batch 1550/1829 | loss=0.8806 | giou=0.3881 | bbox=0.0447 | ce=0.0299 | aux_giou=0.0000 | aux_bbox=0.0000 | aux_ce=0.0000 | mask=1311 | aux_mask=1264 | pos=123 | targets=123 | preds=354 | centerness=[-3.954, 0.695] | train_seen=3100
2026-06-02 19:40:05 | INFO | Epoch 7 | batch 1600/1829 | loss=0.8786 | giou=0.3961 | bbox=0.0402 | ce=0.0231 | aux_giou=0.0000 | aux_bbox=0.0000 | aux_ce=0.0000 | mask=871 | aux_mask=946 | pos=98 | targets=98 | preds=112 | centerness=[-4.544, 0.416] | train_seen=3200
2026-06-02 19:41:51 | INFO | Epoch 7 | batch 1650/1829 | loss=0.7005 | giou=0.2977 | bbox=0.0596 | ce=0.0228 | aux_giou=0.0000 | aux_bbox=0.0000 | aux_ce=0.0000 | mask=1041 | aux_mask=1110 | pos=62 | targets=62 | preds=73 | centerness=[-7.671, 0.311] | train_seen=3300
2026-06-02 19:43:37 | INFO | Epoch 7 | batch 1700/1829 | loss=1.2029 | giou=0.4995 | bbox=0.1480 | ce=0.0280 | aux_giou=0.0000 | aux_bbox=0.0000 | aux_ce=0.0000 | mask=947 | aux_mask=1148 | pos=71 | targets=71 | preds=109 | centerness=[-7.578, 0.348] | train_seen=3400
2026-06-02 19:45:23 | INFO | Epoch 7 | batch 1750/1829 | loss=0.5526 | giou=0.2348 | bbox=0.0404 | ce=0.0212 | aux_giou=0.0000 | aux_bbox=0.0000 | aux_ce=0.0000 | mask=717 | aux_mask=688 | pos=49 | targets=49 | preds=78 | centerness=[-4.328, 0.090] | train_seen=3500
2026-06-02 19:47:09 | INFO | Epoch 7 | batch 1800/1829 | loss=1.0712 | giou=0.4780 | bbox=0.0570 | ce=0.0291 | aux_giou=0.0000 | aux_bbox=0.0000 | aux_ce=0.0000 | mask=1001 | aux_mask=1386 | pos=120 | targets=120 | preds=136 | centerness=[-6.354, 0.246] | train_seen=3600
2026-06-02 20:07:46 | INFO | Epoch 7 | train_loss=1.011 | val_loss=1.193 | train_mae=58.542 | val_mae=39.921 | val_rmse=79.91 | test_mae=41.897 | test_rmse=119.01 | time=5050.859s | best_rmse
2026-06-02 20:09:32 | INFO | Epoch 8 | batch 50/1829 | loss=0.8288 | giou=0.3540 | bbox=0.0829 | ce=0.0190 | aux_giou=0.0000 | aux_bbox=0.0000 | aux_ce=0.0000 | mask=907 | aux_mask=981 | pos=31 | targets=31 | preds=170 | centerness=[-7.456, 0.107] | train_seen=100
2026-06-02 20:11:18 | INFO | Epoch 8 | batch 100/1829 | loss=1.0059 | giou=0.4577 | bbox=0.0348 | ce=0.0279 | aux_giou=0.0000 | aux_bbox=0.0000 | aux_ce=0.0000 | mask=1125 | aux_mask=1192 | pos=94 | targets=94 | preds=348 | centerness=[-6.052, 0.985] | train_seen=200
2026-06-02 20:13:04 | INFO | Epoch 8 | batch 150/1829 | loss=1.2254 | giou=0.5501 | bbox=0.0449 | ce=0.0401 | aux_giou=0.0000 | aux_bbox=0.0000 | aux_ce=0.0000 | mask=1485 | aux_mask=1598 | pos=128 | targets=128 | preds=594 | centerness=[-7.918, 0.627] | train_seen=300
2026-06-02 20:14:51 | INFO | Epoch 8 | batch 200/1829 | loss=0.8949 | giou=0.3999 | bbox=0.0334 | ce=0.0309 | aux_giou=0.0000 | aux_bbox=0.0000 | aux_ce=0.0000 | mask=1082 | aux_mask=1370 | pos=152 | targets=152 | preds=370 | centerness=[-5.585, 1.043] | train_seen=400
2026-06-02 20:16:37 | INFO | Epoch 8 | batch 250/1829 | loss=1.2474 | giou=0.5548 | bbox=0.0537 | ce=0.0420 | aux_giou=0.0000 | aux_bbox=0.0000 | aux_ce=0.0000 | mask=1177 | aux_mask=1152 | pos=187 | targets=187 | preds=228 | centerness=[-6.145, 0.947] | train_seen=500
2026-06-02 20:18:23 | INFO | Epoch 8 | batch 300/1829 | loss=1.2095 | giou=0.5118 | bbox=0.1193 | ce=0.0333 | aux_giou=0.0000 | aux_bbox=0.0000 | aux_ce=0.0000 | mask=1255 | aux_mask=1224 | pos=98 | targets=98 | preds=151 | centerness=[-5.766, -0.124] | train_seen=600
2026-06-02 20:20:09 | INFO | Epoch 8 | batch 350/1829 | loss=1.3050 | giou=0.5176 | bbox=0.0302 | ce=0.0587 | aux_giou=0.0499 | aux_bbox=0.0022 | aux_ce=0.0101 | mask=906 | aux_mask=1186 | pos=85 | targets=85 | preds=563 | centerness=[-3.402, 0.763] | train_seen=700
2026-06-02 20:21:55 | INFO | Epoch 8 | batch 400/1829 | loss=0.8649 | giou=0.3531 | bbox=0.0966 | ce=0.0311 | aux_giou=0.0000 | aux_bbox=0.0000 | aux_ce=0.0000 | mask=1046 | aux_mask=947 | pos=150 | targets=150 | preds=201 | centerness=[-6.091, 0.599] | train_seen=800
2026-06-02 20:23:41 | INFO | Epoch 8 | batch 450/1829 | loss=0.7187 | giou=0.3069 | bbox=0.0642 | ce=0.0203 | aux_giou=0.0000 | aux_bbox=0.0000 | aux_ce=0.0000 | mask=885 | aux_mask=1006 | pos=43 | targets=43 | preds=60 | centerness=[-8.531, -0.244] | train_seen=900
2026-06-02 20:25:27 | INFO | Epoch 8 | batch 500/1829 | loss=1.3028 | giou=0.5046 | bbox=0.0495 | ce=0.0478 | aux_giou=0.0653 | aux_bbox=0.0037 | aux_ce=0.0070 | mask=1057 | aux_mask=943 | pos=288 | targets=288 | preds=548 | centerness=[-7.045, 0.825] | train_seen=1000
2026-06-02 20:27:13 | INFO | Epoch 8 | batch 550/1829 | loss=0.6453 | giou=0.2839 | bbox=0.0533 | ce=0.0121 | aux_giou=0.0000 | aux_bbox=0.0000 | aux_ce=0.0000 | mask=762 | aux_mask=827 | pos=25 | targets=25 | preds=53 | centerness=[-6.799, 0.878] | train_seen=1100
2026-06-02 20:28:59 | INFO | Epoch 8 | batch 600/1829 | loss=0.6844 | giou=0.3055 | bbox=0.0478 | ce=0.0128 | aux_giou=0.0000 | aux_bbox=0.0000 | aux_ce=0.0000 | mask=991 | aux_mask=1317 | pos=27 | targets=27 | preds=53 | centerness=[-7.819, -0.346] | train_seen=1200
2026-06-02 20:30:45 | INFO | Epoch 8 | batch 650/1829 | loss=0.8140 | giou=0.3506 | bbox=0.0498 | ce=0.0315 | aux_giou=0.0000 | aux_bbox=0.0000 | aux_ce=0.0000 | mask=1073 | aux_mask=1221 | pos=111 | targets=111 | preds=151 | centerness=[-8.131, 0.239] | train_seen=1300
2026-06-02 20:32:32 | INFO | Epoch 8 | batch 700/1829 | loss=1.3237 | giou=0.5441 | bbox=0.0611 | ce=0.0251 | aux_giou=0.0578 | aux_bbox=0.0050 | aux_ce=0.0018 | mask=1263 | aux_mask=1248 | pos=57 | targets=57 | preds=198 | centerness=[-4.882, 0.739] | train_seen=1400
2026-06-02 20:34:18 | INFO | Epoch 8 | batch 750/1829 | loss=1.0375 | giou=0.4423 | bbox=0.0587 | ce=0.0471 | aux_giou=0.0000 | aux_bbox=0.0000 | aux_ce=0.0000 | mask=1211 | aux_mask=1150 | pos=186 | targets=186 | preds=378 | centerness=[-4.224, 0.888] | train_seen=1500
2026-06-02 20:36:04 | INFO | Epoch 8 | batch 800/1829 | loss=0.8864 | giou=0.4062 | bbox=0.0330 | ce=0.0204 | aux_giou=0.0000 | aux_bbox=0.0000 | aux_ce=0.0000 | mask=1486 | aux_mask=1456 | pos=79 | targets=79 | preds=167 | centerness=[-8.882, 0.411] | train_seen=1600
2026-06-02 20:37:50 | INFO | Epoch 8 | batch 850/1829 | loss=0.9964 | giou=0.4206 | bbox=0.0529 | ce=0.0511 | aux_giou=0.0000 | aux_bbox=0.0000 | aux_ce=0.0000 | mask=1128 | aux_mask=999 | pos=138 | targets=138 | preds=168 | centerness=[-6.514, 0.104] | train_seen=1700
2026-06-02 20:39:36 | INFO | Epoch 8 | batch 900/1829 | loss=0.8333 | giou=0.3632 | bbox=0.0539 | ce=0.0265 | aux_giou=0.0000 | aux_bbox=0.0000 | aux_ce=0.0000 | mask=774 | aux_mask=852 | pos=62 | targets=62 | preds=149 | centerness=[-7.885, -0.126] | train_seen=1800
2026-06-02 20:41:22 | INFO | Epoch 8 | batch 950/1829 | loss=0.7230 | giou=0.3154 | bbox=0.0590 | ce=0.0166 | aux_giou=0.0000 | aux_bbox=0.0000 | aux_ce=0.0000 | mask=755 | aux_mask=893 | pos=39 | targets=39 | preds=59 | centerness=[-6.981, 0.404] | train_seen=1900
2026-06-02 20:43:08 | INFO | Epoch 8 | batch 1000/1829 | loss=1.0656 | giou=0.4332 | bbox=0.1224 | ce=0.0385 | aux_giou=0.0000 | aux_bbox=0.0000 | aux_ce=0.0000 | mask=1044 | aux_mask=1142 | pos=103 | targets=103 | preds=166 | centerness=[-5.254, -0.401] | train_seen=2000
2026-06-02 20:44:54 | INFO | Epoch 8 | batch 1050/1829 | loss=0.6071 | giou=0.2694 | bbox=0.0337 | ce=0.0173 | aux_giou=0.0000 | aux_bbox=0.0000 | aux_ce=0.0000 | mask=881 | aux_mask=1196 | pos=39 | targets=39 | preds=44 | centerness=[-7.456, 0.370] | train_seen=2100
2026-06-02 20:46:40 | INFO | Epoch 8 | batch 1100/1829 | loss=1.2513 | giou=0.5013 | bbox=0.0276 | ce=0.0651 | aux_giou=0.0424 | aux_bbox=0.0017 | aux_ce=0.0023 | mask=1243 | aux_mask=1237 | pos=297 | targets=297 | preds=245 | centerness=[-6.454, 0.974] | train_seen=2200
2026-06-02 20:48:26 | INFO | Epoch 8 | batch 1150/1829 | loss=0.8279 | giou=0.3746 | bbox=0.0590 | ce=0.0099 | aux_giou=0.0000 | aux_bbox=0.0000 | aux_ce=0.0000 | mask=1390 | aux_mask=1720 | pos=20 | targets=20 | preds=69 | centerness=[-6.670, 0.022] | train_seen=2300
2026-06-02 20:50:12 | INFO | Epoch 8 | batch 1200/1829 | loss=0.6955 | giou=0.2935 | bbox=0.0317 | ce=0.0383 | aux_giou=0.0000 | aux_bbox=0.0000 | aux_ce=0.0000 | mask=1119 | aux_mask=1126 | pos=144 | targets=144 | preds=215 | centerness=[-4.762, 0.710] | train_seen=2400
2026-06-02 20:51:59 | INFO | Epoch 8 | batch 1250/1829 | loss=0.7722 | giou=0.3329 | bbox=0.0515 | ce=0.0275 | aux_giou=0.0000 | aux_bbox=0.0000 | aux_ce=0.0000 | mask=1024 | aux_mask=1001 | pos=43 | targets=43 | preds=132 | centerness=[-7.454, 0.589] | train_seen=2500
2026-06-02 20:53:45 | INFO | Epoch 8 | batch 1300/1829 | loss=1.0525 | giou=0.4687 | bbox=0.0690 | ce=0.0231 | aux_giou=0.0000 | aux_bbox=0.0000 | aux_ce=0.0000 | mask=1229 | aux_mask=1256 | pos=46 | targets=46 | preds=235 | centerness=[-3.782, 0.384] | train_seen=2600
2026-06-02 20:55:31 | INFO | Epoch 8 | batch 1350/1829 | loss=0.8675 | giou=0.3751 | bbox=0.0408 | ce=0.0382 | aux_giou=0.0000 | aux_bbox=0.0000 | aux_ce=0.0000 | mask=1458 | aux_mask=1357 | pos=231 | targets=231 | preds=254 | centerness=[-5.551, 0.529] | train_seen=2700
2026-06-02 20:57:17 | INFO | Epoch 8 | batch 1400/1829 | loss=1.4902 | giou=0.5692 | bbox=0.0388 | ce=0.0319 | aux_giou=0.1176 | aux_bbox=0.0056 | aux_ce=0.0044 | mask=897 | aux_mask=1192 | pos=156 | targets=156 | preds=170 | centerness=[-6.273, 0.836] | train_seen=2800
2026-06-02 20:59:03 | INFO | Epoch 8 | batch 1450/1829 | loss=1.0805 | giou=0.4304 | bbox=0.0334 | ce=0.0458 | aux_giou=0.0422 | aux_bbox=0.0037 | aux_ce=0.0033 | mask=1337 | aux_mask=1186 | pos=131 | targets=131 | preds=372 | centerness=[-5.235, -0.025] | train_seen=2900
2026-06-02 21:00:49 | INFO | Epoch 8 | batch 1500/1829 | loss=0.8253 | giou=0.3508 | bbox=0.0515 | ce=0.0361 | aux_giou=0.0000 | aux_bbox=0.0000 | aux_ce=0.0000 | mask=796 | aux_mask=907 | pos=66 | targets=66 | preds=207 | centerness=[-9.733, 0.201] | train_seen=3000
2026-06-02 21:02:35 | INFO | Epoch 8 | batch 1550/1829 | loss=0.9145 | giou=0.3963 | bbox=0.0508 | ce=0.0356 | aux_giou=0.0000 | aux_bbox=0.0000 | aux_ce=0.0000 | mask=812 | aux_mask=985 | pos=98 | targets=98 | preds=159 | centerness=[-7.481, 0.684] | train_seen=3100
2026-06-02 21:04:21 | INFO | Epoch 8 | batch 1600/1829 | loss=0.7394 | giou=0.3219 | bbox=0.0538 | ce=0.0209 | aux_giou=0.0000 | aux_bbox=0.0000 | aux_ce=0.0000 | mask=800 | aux_mask=883 | pos=37 | targets=37 | preds=84 | centerness=[-6.775, 0.574] | train_seen=3200
2026-06-02 21:06:07 | INFO | Epoch 8 | batch 1650/1829 | loss=0.8912 | giou=0.4097 | bbox=0.0359 | ce=0.0179 | aux_giou=0.0000 | aux_bbox=0.0000 | aux_ce=0.0000 | mask=1165 | aux_mask=1748 | pos=82 | targets=82 | preds=155 | centerness=[-5.254, 0.961] | train_seen=3300
2026-06-02 21:07:53 | INFO | Epoch 8 | batch 1700/1829 | loss=0.7300 | giou=0.3127 | bbox=0.0565 | ce=0.0241 | aux_giou=0.0000 | aux_bbox=0.0000 | aux_ce=0.0000 | mask=1220 | aux_mask=1472 | pos=99 | targets=99 | preds=124 | centerness=[-5.924, 0.578] | train_seen=3400
2026-06-02 21:09:39 | INFO | Epoch 8 | batch 1750/1829 | loss=0.7405 | giou=0.3264 | bbox=0.0660 | ce=0.0108 | aux_giou=0.0000 | aux_bbox=0.0000 | aux_ce=0.0000 | mask=1354 | aux_mask=1439 | pos=32 | targets=32 | preds=57 | centerness=[-8.234, 0.781] | train_seen=3500
2026-06-02 21:11:25 | INFO | Epoch 8 | batch 1800/1829 | loss=0.5316 | giou=0.2337 | bbox=0.0433 | ce=0.0105 | aux_giou=0.0000 | aux_bbox=0.0000 | aux_ce=0.0000 | mask=1820 | aux_mask=2051 | pos=44 | targets=44 | preds=56 | centerness=[-8.525, 0.289] | train_seen=3600
2026-06-02 21:32:01 | INFO | Epoch 8 | train_loss=0.972 | val_loss=1.136 | train_mae=56.960 | val_mae=30.451 | val_rmse=70.76 | test_mae=31.095 | test_rmse=112.40 | time=5051.007s | best_rmse
2026-06-02 21:33:47 | INFO | Epoch 9 | batch 50/1829 | loss=1.0181 | giou=0.4317 | bbox=0.0216 | ce=0.0284 | aux_giou=0.0360 | aux_bbox=0.0014 | aux_ce=0.0015 | mask=819 | aux_mask=1080 | pos=61 | targets=61 | preds=206 | centerness=[-6.063, 1.361] | train_seen=100
2026-06-02 21:35:33 | INFO | Epoch 9 | batch 100/1829 | loss=1.4535 | giou=0.5697 | bbox=0.0434 | ce=0.1354 | aux_giou=0.0000 | aux_bbox=0.0000 | aux_ce=0.0000 | mask=1404 | aux_mask=1346 | pos=629 | targets=629 | preds=583 | centerness=[-6.634, 0.109] | train_seen=200
2026-06-02 21:37:19 | INFO | Epoch 9 | batch 150/1829 | loss=1.0154 | giou=0.4516 | bbox=0.0520 | ce=0.0301 | aux_giou=0.0000 | aux_bbox=0.0000 | aux_ce=0.0000 | mask=908 | aux_mask=1047 | pos=68 | targets=68 | preds=212 | centerness=[-6.606, 0.020] | train_seen=300
2026-06-02 21:39:05 | INFO | Epoch 9 | batch 200/1829 | loss=0.7937 | giou=0.3467 | bbox=0.0336 | ce=0.0334 | aux_giou=0.0000 | aux_bbox=0.0000 | aux_ce=0.0000 | mask=728 | aux_mask=916 | pos=102 | targets=102 | preds=90 | centerness=[-8.675, 0.184] | train_seen=400
2026-06-02 21:40:51 | INFO | Epoch 9 | batch 250/1829 | loss=0.8167 | giou=0.3414 | bbox=0.1169 | ce=0.0085 | aux_giou=0.0000 | aux_bbox=0.0000 | aux_ce=0.0000 | mask=1100 | aux_mask=1368 | pos=16 | targets=16 | preds=94 | centerness=[-8.164, 0.383] | train_seen=500
2026-06-02 21:42:38 | INFO | Epoch 9 | batch 300/1829 | loss=0.6301 | giou=0.2941 | bbox=0.0304 | ce=0.0058 | aux_giou=0.0000 | aux_bbox=0.0000 | aux_ce=0.0000 | mask=1139 | aux_mask=1498 | pos=29 | targets=29 | preds=48 | centerness=[-11.569, 1.236] | train_seen=600
2026-06-02 21:44:24 | INFO | Epoch 9 | batch 350/1829 | loss=0.7707 | giou=0.3525 | bbox=0.0335 | ce=0.0161 | aux_giou=0.0000 | aux_bbox=0.0000 | aux_ce=0.0000 | mask=1487 | aux_mask=1717 | pos=91 | targets=91 | preds=159 | centerness=[-5.881, 1.542] | train_seen=700
2026-06-02 21:46:10 | INFO | Epoch 9 | batch 400/1829 | loss=1.0546 | giou=0.4424 | bbox=0.1275 | ce=0.0211 | aux_giou=0.0000 | aux_bbox=0.0000 | aux_ce=0.0000 | mask=781 | aux_mask=1103 | pos=67 | targets=67 | preds=65 | centerness=[-7.057, 0.969] | train_seen=800
2026-06-02 21:47:56 | INFO | Epoch 9 | batch 450/1829 | loss=0.6801 | giou=0.3017 | bbox=0.0551 | ce=0.0109 | aux_giou=0.0000 | aux_bbox=0.0000 | aux_ce=0.0000 | mask=1558 | aux_mask=1745 | pos=55 | targets=55 | preds=63 | centerness=[-6.514, 0.722] | train_seen=900
2026-06-02 21:49:42 | INFO | Epoch 9 | batch 500/1829 | loss=0.7322 | giou=0.3254 | bbox=0.0352 | ce=0.0231 | aux_giou=0.0000 | aux_bbox=0.0000 | aux_ce=0.0000 | mask=1164 | aux_mask=1085 | pos=74 | targets=74 | preds=108 | centerness=[-8.123, 1.175] | train_seen=1000
2026-06-02 21:51:28 | INFO | Epoch 9 | batch 550/1829 | loss=1.4931 | giou=0.6103 | bbox=0.0300 | ce=0.0522 | aux_giou=0.0609 | aux_bbox=0.0048 | aux_ce=0.0058 | mask=2522 | aux_mask=2155 | pos=476 | targets=476 | preds=1212 | centerness=[-3.926, 1.110] | train_seen=1100
2026-06-02 21:53:14 | INFO | Epoch 9 | batch 600/1829 | loss=0.8036 | giou=0.3569 | bbox=0.0235 | ce=0.0332 | aux_giou=0.0000 | aux_bbox=0.0000 | aux_ce=0.0000 | mask=1066 | aux_mask=1315 | pos=173 | targets=173 | preds=222 | centerness=[-4.502, 0.789] | train_seen=1200
2026-06-02 21:55:00 | INFO | Epoch 9 | batch 650/1829 | loss=1.5345 | giou=0.6370 | bbox=0.0582 | ce=0.0407 | aux_giou=0.0541 | aux_bbox=0.0055 | aux_ce=0.0037 | mask=1978 | aux_mask=1735 | pos=276 | targets=276 | preds=218 | centerness=[-6.980, 1.009] | train_seen=1300
2026-06-02 21:56:46 | INFO | Epoch 9 | batch 700/1829 | loss=0.9391 | giou=0.4087 | bbox=0.0437 | ce=0.0391 | aux_giou=0.0000 | aux_bbox=0.0000 | aux_ce=0.0000 | mask=1131 | aux_mask=1042 | pos=150 | targets=150 | preds=242 | centerness=[-5.033, 0.418] | train_seen=1400
2026-06-02 21:58:32 | INFO | Epoch 9 | batch 750/1829 | loss=0.5909 | giou=0.2505 | bbox=0.0388 | ce=0.0256 | aux_giou=0.0000 | aux_bbox=0.0000 | aux_ce=0.0000 | mask=1019 | aux_mask=1161 | pos=65 | targets=65 | preds=127 | centerness=[-7.315, 0.853] | train_seen=1500
2026-06-02 22:00:18 | INFO | Epoch 9 | batch 800/1829 | loss=1.0154 | giou=0.4378 | bbox=0.0462 | ce=0.0468 | aux_giou=0.0000 | aux_bbox=0.0000 | aux_ce=0.0000 | mask=1622 | aux_mask=1969 | pos=557 | targets=557 | preds=535 | centerness=[-5.481, 0.599] | train_seen=1600
2026-06-02 22:02:04 | INFO | Epoch 9 | batch 850/1829 | loss=1.0588 | giou=0.4624 | bbox=0.0389 | ce=0.0476 | aux_giou=0.0000 | aux_bbox=0.0000 | aux_ce=0.0000 | mask=1292 | aux_mask=1274 | pos=288 | targets=288 | preds=298 | centerness=[-5.957, 1.152] | train_seen=1700
2026-06-02 22:03:50 | INFO | Epoch 9 | batch 900/1829 | loss=0.6892 | giou=0.2784 | bbox=0.0808 | ce=0.0259 | aux_giou=0.0000 | aux_bbox=0.0000 | aux_ce=0.0000 | mask=1455 | aux_mask=1428 | pos=66 | targets=66 | preds=47 | centerness=[-7.988, -0.082] | train_seen=1800
2026-06-02 22:05:36 | INFO | Epoch 9 | batch 950/1829 | loss=0.8285 | giou=0.3805 | bbox=0.0317 | ce=0.0179 | aux_giou=0.0000 | aux_bbox=0.0000 | aux_ce=0.0000 | mask=984 | aux_mask=1123 | pos=64 | targets=64 | preds=144 | centerness=[-11.669, 0.946] | train_seen=1900
2026-06-02 22:07:22 | INFO | Epoch 9 | batch 1000/1829 | loss=1.0661 | giou=0.4128 | bbox=0.0349 | ce=0.0419 | aux_giou=0.0549 | aux_bbox=0.0047 | aux_ce=0.0037 | mask=1124 | aux_mask=1167 | pos=233 | targets=233 | preds=306 | centerness=[-8.397, 0.847] | train_seen=2000
2026-06-02 22:09:08 | INFO | Epoch 9 | batch 1050/1829 | loss=0.6045 | giou=0.2567 | bbox=0.0677 | ce=0.0116 | aux_giou=0.0000 | aux_bbox=0.0000 | aux_ce=0.0000 | mask=1367 | aux_mask=1467 | pos=22 | targets=22 | preds=44 | centerness=[-6.250, 0.047] | train_seen=2100
2026-06-02 22:10:54 | INFO | Epoch 9 | batch 1100/1829 | loss=1.2837 | giou=0.5432 | bbox=0.0602 | ce=0.0189 | aux_giou=0.0462 | aux_bbox=0.0053 | aux_ce=0.0007 | mask=1469 | aux_mask=1777 | pos=66 | targets=66 | preds=201 | centerness=[-8.671, 0.713] | train_seen=2200
2026-06-02 22:12:40 | INFO | Epoch 9 | batch 1150/1829 | loss=1.3323 | giou=0.5656 | bbox=0.0492 | ce=0.0117 | aux_giou=0.0595 | aux_bbox=0.0035 | aux_ce=0.0029 | mask=1130 | aux_mask=1233 | pos=21 | targets=21 | preds=113 | centerness=[-6.899, 1.057] | train_seen=2300
2026-06-02 22:14:26 | INFO | Epoch 9 | batch 1200/1829 | loss=1.1784 | giou=0.5233 | bbox=0.0493 | ce=0.0412 | aux_giou=0.0000 | aux_bbox=0.0000 | aux_ce=0.0000 | mask=946 | aux_mask=1093 | pos=147 | targets=147 | preds=134 | centerness=[-6.576, 0.412] | train_seen=2400
2026-06-02 22:16:12 | INFO | Epoch 9 | batch 1250/1829 | loss=1.0226 | giou=0.3820 | bbox=0.2067 | ce=0.0260 | aux_giou=0.0000 | aux_bbox=0.0000 | aux_ce=0.0000 | mask=1099 | aux_mask=1139 | pos=43 | targets=43 | preds=41 | centerness=[-9.784, -0.178] | train_seen=2500
2026-06-02 22:17:58 | INFO | Epoch 9 | batch 1300/1829 | loss=1.1620 | giou=0.5034 | bbox=0.0296 | ce=0.0629 | aux_giou=0.0000 | aux_bbox=0.0000 | aux_ce=0.0000 | mask=1546 | aux_mask=1665 | pos=464 | targets=464 | preds=557 | centerness=[-5.521, 0.801] | train_seen=2600
2026-06-02 22:19:44 | INFO | Epoch 9 | batch 1350/1829 | loss=0.8047 | giou=0.3517 | bbox=0.0446 | ce=0.0283 | aux_giou=0.0000 | aux_bbox=0.0000 | aux_ce=0.0000 | mask=1034 | aux_mask=1102 | pos=98 | targets=98 | preds=248 | centerness=[-5.979, 0.351] | train_seen=2700
2026-06-02 22:21:30 | INFO | Epoch 9 | batch 1400/1829 | loss=0.9824 | giou=0.4376 | bbox=0.0337 | ce=0.0368 | aux_giou=0.0000 | aux_bbox=0.0000 | aux_ce=0.0000 | mask=925 | aux_mask=883 | pos=98 | targets=98 | preds=294 | centerness=[-4.869, 0.873] | train_seen=2800
2026-06-02 22:23:16 | INFO | Epoch 9 | batch 1450/1829 | loss=1.2765 | giou=0.4873 | bbox=0.0683 | ce=0.0458 | aux_giou=0.0622 | aux_bbox=0.0028 | aux_ce=0.0073 | mask=1329 | aux_mask=1454 | pos=386 | targets=386 | preds=361 | centerness=[-6.248, 0.752] | train_seen=2900
2026-06-02 22:25:02 | INFO | Epoch 9 | batch 1500/1829 | loss=0.9386 | giou=0.4111 | bbox=0.0450 | ce=0.0357 | aux_giou=0.0000 | aux_bbox=0.0000 | aux_ce=0.0000 | mask=1395 | aux_mask=1443 | pos=191 | targets=191 | preds=652 | centerness=[-5.543, 0.249] | train_seen=3000
2026-06-02 22:26:48 | INFO | Epoch 9 | batch 1550/1829 | loss=0.9454 | giou=0.3861 | bbox=0.0469 | ce=0.0631 | aux_giou=0.0000 | aux_bbox=0.0000 | aux_ce=0.0000 | mask=1187 | aux_mask=1198 | pos=252 | targets=252 | preds=300 | centerness=[-6.384, 0.080] | train_seen=3100
2026-06-02 22:28:34 | INFO | Epoch 9 | batch 1600/1829 | loss=0.9572 | giou=0.4355 | bbox=0.0359 | ce=0.0251 | aux_giou=0.0000 | aux_bbox=0.0000 | aux_ce=0.0000 | mask=1640 | aux_mask=1359 | pos=98 | targets=98 | preds=219 | centerness=[-7.440, 0.760] | train_seen=3200
2026-06-02 22:30:20 | INFO | Epoch 9 | batch 1650/1829 | loss=1.0600 | giou=0.4397 | bbox=0.0435 | ce=0.0686 | aux_giou=0.0000 | aux_bbox=0.0000 | aux_ce=0.0000 | mask=1908 | aux_mask=2082 | pos=656 | targets=656 | preds=639 | centerness=[-5.342, 0.492] | train_seen=3300
2026-06-02 22:32:06 | INFO | Epoch 9 | batch 1700/1829 | loss=0.9225 | giou=0.4033 | bbox=0.0829 | ce=0.0165 | aux_giou=0.0000 | aux_bbox=0.0000 | aux_ce=0.0000 | mask=1165 | aux_mask=1237 | pos=45 | targets=45 | preds=80 | centerness=[-6.343, 0.543] | train_seen=3400
2026-06-02 22:33:52 | INFO | Epoch 9 | batch 1750/1829 | loss=0.8587 | giou=0.3860 | bbox=0.0430 | ce=0.0219 | aux_giou=0.0000 | aux_bbox=0.0000 | aux_ce=0.0000 | mask=1744 | aux_mask=1437 | pos=73 | targets=73 | preds=216 | centerness=[-7.636, 1.136] | train_seen=3500
2026-06-02 22:35:38 | INFO | Epoch 9 | batch 1800/1829 | loss=0.9251 | giou=0.4170 | bbox=0.0336 | ce=0.0288 | aux_giou=0.0000 | aux_bbox=0.0000 | aux_ce=0.0000 | mask=948 | aux_mask=1163 | pos=133 | targets=133 | preds=105 | centerness=[-7.139, 1.386] | train_seen=3600
2026-06-02 22:56:11 | INFO | Epoch 9 | train_loss=0.935 | val_loss=1.128 | train_mae=54.585 | val_mae=36.766 | val_rmse=77.55 | test_mae=38.786 | test_rmse=121.20 | time=5048.594s
2026-06-02 22:57:57 | INFO | Epoch 10 | batch 50/1829 | loss=1.1235 | giou=0.4289 | bbox=0.0698 | ce=0.0451 | aux_giou=0.0443 | aux_bbox=0.0053 | aux_ce=0.0059 | mask=1519 | aux_mask=1450 | pos=298 | targets=298 | preds=268 | centerness=[-5.381, 0.953] | train_seen=100
2026-06-02 22:59:43 | INFO | Epoch 10 | batch 100/1829 | loss=0.9480 | giou=0.4162 | bbox=0.0444 | ce=0.0356 | aux_giou=0.0000 | aux_bbox=0.0000 | aux_ce=0.0000 | mask=642 | aux_mask=923 | pos=79 | targets=79 | preds=75 | centerness=[-13.133, 0.392] | train_seen=200
2026-06-02 23:01:29 | INFO | Epoch 10 | batch 150/1829 | loss=0.7820 | giou=0.3417 | bbox=0.0492 | ce=0.0247 | aux_giou=0.0000 | aux_bbox=0.0000 | aux_ce=0.0000 | mask=1306 | aux_mask=1277 | pos=89 | targets=89 | preds=94 | centerness=[-6.043, 0.293] | train_seen=300
2026-06-02 23:03:16 | INFO | Epoch 10 | batch 200/1829 | loss=1.2013 | giou=0.5061 | bbox=0.0267 | ce=0.0239 | aux_giou=0.0542 | aux_bbox=0.0034 | aux_ce=0.0014 | mask=1224 | aux_mask=1224 | pos=59 | targets=59 | preds=256 | centerness=[-5.428, 0.894] | train_seen=400
2026-06-02 23:05:02 | INFO | Epoch 10 | batch 250/1829 | loss=0.8368 | giou=0.3712 | bbox=0.0382 | ce=0.0281 | aux_giou=0.0000 | aux_bbox=0.0000 | aux_ce=0.0000 | mask=1280 | aux_mask=1225 | pos=163 | targets=163 | preds=319 | centerness=[-6.259, 0.097] | train_seen=500
2026-06-02 23:06:48 | INFO | Epoch 10 | batch 300/1829 | loss=1.0273 | giou=0.4619 | bbox=0.0793 | ce=0.0121 | aux_giou=0.0000 | aux_bbox=0.0000 | aux_ce=0.0000 | mask=1412 | aux_mask=1451 | pos=61 | targets=61 | preds=139 | centerness=[-6.580, 0.172] | train_seen=600
2026-06-02 23:08:34 | INFO | Epoch 10 | batch 350/1829 | loss=1.0749 | giou=0.4828 | bbox=0.0408 | ce=0.0342 | aux_giou=0.0000 | aux_bbox=0.0000 | aux_ce=0.0000 | mask=1616 | aux_mask=1566 | pos=146 | targets=146 | preds=341 | centerness=[-5.749, 0.592] | train_seen=700
2026-06-02 23:10:20 | INFO | Epoch 10 | batch 400/1829 | loss=0.7919 | giou=0.3439 | bbox=0.0341 | ce=0.0350 | aux_giou=0.0000 | aux_bbox=0.0000 | aux_ce=0.0000 | mask=1647 | aux_mask=1566 | pos=110 | targets=110 | preds=557 | centerness=[-5.456, 0.415] | train_seen=800
2026-06-02 23:12:06 | INFO | Epoch 10 | batch 450/1829 | loss=0.8834 | giou=0.3912 | bbox=0.0403 | ce=0.0303 | aux_giou=0.0000 | aux_bbox=0.0000 | aux_ce=0.0000 | mask=1017 | aux_mask=1109 | pos=95 | targets=95 | preds=103 | centerness=[-7.478, 0.157] | train_seen=900
2026-06-02 23:13:52 | INFO | Epoch 10 | batch 500/1829 | loss=1.2405 | giou=0.5325 | bbox=0.0400 | ce=0.0678 | aux_giou=0.0000 | aux_bbox=0.0000 | aux_ce=0.0000 | mask=2052 | aux_mask=2008 | pos=535 | targets=535 | preds=671 | centerness=[-6.043, 1.367] | train_seen=1000
2026-06-02 23:15:39 | INFO | Epoch 10 | batch 550/1829 | loss=0.7135 | giou=0.3184 | bbox=0.0426 | ce=0.0170 | aux_giou=0.0000 | aux_bbox=0.0000 | aux_ce=0.0000 | mask=927 | aux_mask=1228 | pos=54 | targets=54 | preds=82 | centerness=[-7.435, 0.213] | train_seen=1100
2026-06-02 23:17:25 | INFO | Epoch 10 | batch 600/1829 | loss=0.7270 | giou=0.3192 | bbox=0.0378 | ce=0.0255 | aux_giou=0.0000 | aux_bbox=0.0000 | aux_ce=0.0000 | mask=1131 | aux_mask=1147 | pos=106 | targets=106 | preds=158 | centerness=[-6.188, 0.734] | train_seen=1200
2026-06-02 23:19:11 | INFO | Epoch 10 | batch 650/1829 | loss=0.7508 | giou=0.3311 | bbox=0.0571 | ce=0.0157 | aux_giou=0.0000 | aux_bbox=0.0000 | aux_ce=0.0000 | mask=1141 | aux_mask=920 | pos=75 | targets=75 | preds=86 | centerness=[-6.274, 0.837] | train_seen=1300
2026-06-02 23:20:57 | INFO | Epoch 10 | batch 700/1829 | loss=0.7419 | giou=0.3215 | bbox=0.0581 | ce=0.0204 | aux_giou=0.0000 | aux_bbox=0.0000 | aux_ce=0.0000 | mask=1101 | aux_mask=1130 | pos=57 | targets=57 | preds=109 | centerness=[-6.403, 0.017] | train_seen=1400
2026-06-02 23:22:43 | INFO | Epoch 10 | batch 750/1829 | loss=0.9111 | giou=0.4156 | bbox=0.0316 | ce=0.0241 | aux_giou=0.0000 | aux_bbox=0.0000 | aux_ce=0.0000 | mask=1246 | aux_mask=1224 | pos=107 | targets=107 | preds=109 | centerness=[-10.133, 1.315] | train_seen=1500
2026-06-02 23:24:29 | INFO | Epoch 10 | batch 800/1829 | loss=0.7729 | giou=0.3428 | bbox=0.0467 | ce=0.0203 | aux_giou=0.0000 | aux_bbox=0.0000 | aux_ce=0.0000 | mask=884 | aux_mask=782 | pos=65 | targets=65 | preds=67 | centerness=[-6.467, 0.507] | train_seen=1600
2026-06-02 23:26:15 | INFO | Epoch 10 | batch 850/1829 | loss=0.8447 | giou=0.3915 | bbox=0.0373 | ce=0.0122 | aux_giou=0.0000 | aux_bbox=0.0000 | aux_ce=0.0000 | mask=1570 | aux_mask=1624 | pos=35 | targets=35 | preds=187 | centerness=[-7.674, -0.095] | train_seen=1700
2026-06-02 23:28:02 | INFO | Epoch 10 | batch 900/1829 | loss=0.7055 | giou=0.3135 | bbox=0.0349 | ce=0.0218 | aux_giou=0.0000 | aux_bbox=0.0000 | aux_ce=0.0000 | mask=1170 | aux_mask=1196 | pos=90 | targets=90 | preds=144 | centerness=[-9.684, 0.665] | train_seen=1800
2026-06-02 23:29:48 | INFO | Epoch 10 | batch 950/1829 | loss=1.1333 | giou=0.5179 | bbox=0.0499 | ce=0.0238 | aux_giou=0.0000 | aux_bbox=0.0000 | aux_ce=0.0000 | mask=1597 | aux_mask=1557 | pos=75 | targets=75 | preds=340 | centerness=[-9.580, 0.166] | train_seen=1900
2026-06-02 23:31:34 | INFO | Epoch 10 | batch 1000/1829 | loss=1.1367 | giou=0.4384 | bbox=0.0611 | ce=0.0349 | aux_giou=0.0546 | aux_bbox=0.0067 | aux_ce=0.0065 | mask=1755 | aux_mask=1867 | pos=584 | targets=584 | preds=652 | centerness=[-10.021, 1.068] | train_seen=2000
2026-06-02 23:33:20 | INFO | Epoch 10 | batch 1050/1829 | loss=0.9844 | giou=0.3682 | bbox=0.0816 | ce=0.0203 | aux_giou=0.0510 | aux_bbox=0.0180 | aux_ce=0.0029 | mask=1531 | aux_mask=1354 | pos=64 | targets=64 | preds=131 | centerness=[-7.579, -0.188] | train_seen=2100
2026-06-02 23:35:06 | INFO | Epoch 10 | batch 1100/1829 | loss=1.0484 | giou=0.4735 | bbox=0.0542 | ce=0.0236 | aux_giou=0.0000 | aux_bbox=0.0000 | aux_ce=0.0000 | mask=1144 | aux_mask=1323 | pos=103 | targets=103 | preds=109 | centerness=[-7.609, 0.415] | train_seen=2200
2026-06-02 23:36:53 | INFO | Epoch 10 | batch 1150/1829 | loss=0.6434 | giou=0.2819 | bbox=0.0549 | ce=0.0124 | aux_giou=0.0000 | aux_bbox=0.0000 | aux_ce=0.0000 | mask=1353 | aux_mask=1520 | pos=30 | targets=30 | preds=64 | centerness=[-9.806, 0.258] | train_seen=2300
2026-06-02 23:38:39 | INFO | Epoch 10 | batch 1200/1829 | loss=0.7550 | giou=0.3387 | bbox=0.0343 | ce=0.0216 | aux_giou=0.0000 | aux_bbox=0.0000 | aux_ce=0.0000 | mask=955 | aux_mask=1281 | pos=74 | targets=74 | preds=95 | centerness=[-7.835, 0.546] | train_seen=2400
2026-06-02 23:40:25 | INFO | Epoch 10 | batch 1250/1829 | loss=0.8874 | giou=0.3706 | bbox=0.0452 | ce=0.0505 | aux_giou=0.0000 | aux_bbox=0.0000 | aux_ce=0.0000 | mask=1397 | aux_mask=1350 | pos=250 | targets=250 | preds=144 | centerness=[-8.752, 0.896] | train_seen=2500
2026-06-02 23:42:11 | INFO | Epoch 10 | batch 1300/1829 | loss=0.7323 | giou=0.3149 | bbox=0.0542 | ce=0.0242 | aux_giou=0.0000 | aux_bbox=0.0000 | aux_ce=0.0000 | mask=842 | aux_mask=951 | pos=50 | targets=50 | preds=98 | centerness=[-8.501, -0.117] | train_seen=2600
2026-06-02 23:43:57 | INFO | Epoch 10 | batch 1350/1829 | loss=0.7317 | giou=0.3143 | bbox=0.0690 | ce=0.0171 | aux_giou=0.0000 | aux_bbox=0.0000 | aux_ce=0.0000 | mask=1169 | aux_mask=1118 | pos=42 | targets=42 | preds=43 | centerness=[-7.821, 0.464] | train_seen=2700
2026-06-02 23:45:43 | INFO | Epoch 10 | batch 1400/1829 | loss=0.7501 | giou=0.3272 | bbox=0.0767 | ce=0.0095 | aux_giou=0.0000 | aux_bbox=0.0000 | aux_ce=0.0000 | mask=1172 | aux_mask=1274 | pos=31 | targets=31 | preds=38 | centerness=[-9.753, 0.486] | train_seen=2800
2026-06-02 23:47:30 | INFO | Epoch 10 | batch 1450/1829 | loss=0.8673 | giou=0.3700 | bbox=0.0690 | ce=0.0292 | aux_giou=0.0000 | aux_bbox=0.0000 | aux_ce=0.0000 | mask=1515 | aux_mask=1305 | pos=67 | targets=67 | preds=193 | centerness=[-8.956, 0.839] | train_seen=2900
2026-06-02 23:49:16 | INFO | Epoch 10 | batch 1500/1829 | loss=0.8479 | giou=0.3698 | bbox=0.0375 | ce=0.0354 | aux_giou=0.0000 | aux_bbox=0.0000 | aux_ce=0.0000 | mask=1540 | aux_mask=1360 | pos=105 | targets=105 | preds=336 | centerness=[-7.016, 0.361] | train_seen=3000
2026-06-02 23:51:02 | INFO | Epoch 10 | batch 1550/1829 | loss=1.1237 | giou=0.4768 | bbox=0.0250 | ce=0.0167 | aux_giou=0.0539 | aux_bbox=0.0027 | aux_ce=0.0006 | mask=1119 | aux_mask=1464 | pos=95 | targets=95 | preds=125 | centerness=[-9.641, 1.081] | train_seen=3100
2026-06-02 23:52:48 | INFO | Epoch 10 | batch 1600/1829 | loss=1.3020 | giou=0.4942 | bbox=0.0495 | ce=0.0631 | aux_giou=0.0593 | aux_bbox=0.0044 | aux_ce=0.0076 | mask=2002 | aux_mask=2098 | pos=472 | targets=472 | preds=440 | centerness=[-6.684, 0.736] | train_seen=3200
2026-06-02 23:54:34 | INFO | Epoch 10 | batch 1650/1829 | loss=1.0413 | giou=0.4501 | bbox=0.0353 | ce=0.0529 | aux_giou=0.0000 | aux_bbox=0.0000 | aux_ce=0.0000 | mask=2244 | aux_mask=2265 | pos=463 | targets=463 | preds=549 | centerness=[-7.037, 0.823] | train_seen=3300
2026-06-02 23:56:20 | INFO | Epoch 10 | batch 1700/1829 | loss=1.0172 | giou=0.4277 | bbox=0.0384 | ce=0.0617 | aux_giou=0.0000 | aux_bbox=0.0000 | aux_ce=0.0000 | mask=2067 | aux_mask=2029 | pos=430 | targets=430 | preds=472 | centerness=[-6.685, 0.484] | train_seen=3400
2026-06-02 23:58:07 | INFO | Epoch 10 | batch 1750/1829 | loss=0.5663 | giou=0.2551 | bbox=0.0427 | ce=0.0067 | aux_giou=0.0000 | aux_bbox=0.0000 | aux_ce=0.0000 | mask=1166 | aux_mask=1387 | pos=39 | targets=39 | preds=56 | centerness=[-6.866, 0.693] | train_seen=3500
2026-06-02 23:59:53 | INFO | Epoch 10 | batch 1800/1829 | loss=0.9397 | giou=0.4161 | bbox=0.0600 | ce=0.0237 | aux_giou=0.0000 | aux_bbox=0.0000 | aux_ce=0.0000 | mask=1628 | aux_mask=1577 | pos=126 | targets=126 | preds=136 | centerness=[-7.638, 0.762] | train_seen=3600
2026-06-03 00:20:30 | INFO | Epoch 10 | train_loss=0.916 | val_loss=1.187 | train_mae=49.078 | val_mae=27.482 | val_rmse=69.59 | test_mae=25.487 | test_rmse=99.52 | time=5054.566s | best_rmse
2026-06-03 00:22:16 | INFO | Epoch 11 | batch 50/1829 | loss=1.0694 | giou=0.4827 | bbox=0.0399 | ce=0.0321 | aux_giou=0.0000 | aux_bbox=0.0000 | aux_ce=0.0000 | mask=1740 | aux_mask=1773 | pos=235 | targets=235 | preds=298 | centerness=[-6.078, 1.273] | train_seen=100
2026-06-03 00:24:02 | INFO | Epoch 11 | batch 100/1829 | loss=0.5888 | giou=0.2539 | bbox=0.0509 | ce=0.0150 | aux_giou=0.0000 | aux_bbox=0.0000 | aux_ce=0.0000 | mask=1435 | aux_mask=1421 | pos=67 | targets=67 | preds=65 | centerness=[-6.754, 0.295] | train_seen=200
2026-06-03 00:25:48 | INFO | Epoch 11 | batch 150/1829 | loss=0.5140 | giou=0.2219 | bbox=0.0457 | ce=0.0122 | aux_giou=0.0000 | aux_bbox=0.0000 | aux_ce=0.0000 | mask=1208 | aux_mask=1278 | pos=19 | targets=19 | preds=86 | centerness=[-6.965, 0.273] | train_seen=300
2026-06-03 00:27:35 | INFO | Epoch 11 | batch 200/1829 | loss=0.8584 | giou=0.3894 | bbox=0.0608 | ce=0.0094 | aux_giou=0.0000 | aux_bbox=0.0000 | aux_ce=0.0000 | mask=1058 | aux_mask=1149 | pos=25 | targets=25 | preds=41 | centerness=[-8.660, 1.323] | train_seen=400
2026-06-03 00:29:21 | INFO | Epoch 11 | batch 250/1829 | loss=0.8773 | giou=0.3679 | bbox=0.0332 | ce=0.0197 | aux_giou=0.0325 | aux_bbox=0.0013 | aux_ce=0.0013 | mask=1034 | aux_mask=1223 | pos=30 | targets=30 | preds=172 | centerness=[-9.387, 0.496] | train_seen=500
2026-06-03 00:31:07 | INFO | Epoch 11 | batch 300/1829 | loss=0.8775 | giou=0.3821 | bbox=0.0776 | ce=0.0178 | aux_giou=0.0000 | aux_bbox=0.0000 | aux_ce=0.0000 | mask=1269 | aux_mask=1347 | pos=49 | targets=49 | preds=64 | centerness=[-9.122, 1.119] | train_seen=600
2026-06-03 00:32:53 | INFO | Epoch 11 | batch 350/1829 | loss=1.0280 | giou=0.4519 | bbox=0.0946 | ce=0.0148 | aux_giou=0.0000 | aux_bbox=0.0000 | aux_ce=0.0000 | mask=1101 | aux_mask=1108 | pos=30 | targets=30 | preds=120 | centerness=[-6.918, 0.325] | train_seen=700
2026-06-03 00:34:39 | INFO | Epoch 11 | batch 400/1829 | loss=0.6343 | giou=0.2742 | bbox=0.0370 | ce=0.0245 | aux_giou=0.0000 | aux_bbox=0.0000 | aux_ce=0.0000 | mask=1593 | aux_mask=1584 | pos=140 | targets=140 | preds=242 | centerness=[-9.628, -0.007] | train_seen=800
2026-06-03 00:36:26 | INFO | Epoch 11 | batch 450/1829 | loss=0.4180 | giou=0.1739 | bbox=0.0443 | ce=0.0129 | aux_giou=0.0000 | aux_bbox=0.0000 | aux_ce=0.0000 | mask=1422 | aux_mask=1478 | pos=34 | targets=34 | preds=54 | centerness=[-5.671, -0.156] | train_seen=900
2026-06-03 00:38:12 | INFO | Epoch 11 | batch 500/1829 | loss=0.8315 | giou=0.3679 | bbox=0.0525 | ce=0.0216 | aux_giou=0.0000 | aux_bbox=0.0000 | aux_ce=0.0000 | mask=1186 | aux_mask=1211 | pos=63 | targets=63 | preds=100 | centerness=[-9.085, 0.273] | train_seen=1000
2026-06-03 00:39:58 | INFO | Epoch 11 | batch 550/1829 | loss=0.7718 | giou=0.3502 | bbox=0.0464 | ce=0.0124 | aux_giou=0.0000 | aux_bbox=0.0000 | aux_ce=0.0000 | mask=2548 | aux_mask=1937 | pos=56 | targets=56 | preds=149 | centerness=[-7.979, 0.229] | train_seen=1100
2026-06-03 00:41:44 | INFO | Epoch 11 | batch 600/1829 | loss=0.9200 | giou=0.3970 | bbox=0.0351 | ce=0.0454 | aux_giou=0.0000 | aux_bbox=0.0000 | aux_ce=0.0000 | mask=1271 | aux_mask=1208 | pos=273 | targets=273 | preds=317 | centerness=[-6.191, 0.437] | train_seen=1200
2026-06-03 00:43:30 | INFO | Epoch 11 | batch 650/1829 | loss=0.7984 | giou=0.3480 | bbox=0.0699 | ce=0.0162 | aux_giou=0.0000 | aux_bbox=0.0000 | aux_ce=0.0000 | mask=1123 | aux_mask=1141 | pos=66 | targets=66 | preds=74 | centerness=[-6.779, 0.609] | train_seen=1300
2026-06-03 00:45:17 | INFO | Epoch 11 | batch 700/1829 | loss=1.2684 | giou=0.5548 | bbox=0.0268 | ce=0.0144 | aux_giou=0.0498 | aux_bbox=0.0014 | aux_ce=0.0012 | mask=1826 | aux_mask=1290 | pos=122 | targets=122 | preds=189 | centerness=[-7.234, 0.801] | train_seen=1400
2026-06-03 00:47:03 | INFO | Epoch 11 | batch 750/1829 | loss=0.8810 | giou=0.3906 | bbox=0.0387 | ce=0.0305 | aux_giou=0.0000 | aux_bbox=0.0000 | aux_ce=0.0000 | mask=2201 | aux_mask=1604 | pos=110 | targets=110 | preds=427 | centerness=[-5.297, 1.327] | train_seen=1500
2026-06-03 00:48:49 | INFO | Epoch 11 | batch 800/1829 | loss=0.6829 | giou=0.3007 | bbox=0.0597 | ce=0.0109 | aux_giou=0.0000 | aux_bbox=0.0000 | aux_ce=0.0000 | mask=1276 | aux_mask=1350 | pos=33 | targets=33 | preds=45 | centerness=[-7.476, 0.237] | train_seen=1600
2026-06-03 00:50:36 | INFO | Epoch 11 | batch 850/1829 | loss=1.2959 | giou=0.5546 | bbox=0.0233 | ce=0.0208 | aux_giou=0.0594 | aux_bbox=0.0018 | aux_ce=0.0005 | mask=1143 | aux_mask=1607 | pos=112 | targets=112 | preds=321 | centerness=[-5.432, 0.911] | train_seen=1700
2026-06-03 00:52:22 | INFO | Epoch 11 | batch 900/1829 | loss=0.9575 | giou=0.3933 | bbox=0.0690 | ce=0.0224 | aux_giou=0.0240 | aux_bbox=0.0039 | aux_ce=0.0026 | mask=1403 | aux_mask=1472 | pos=108 | targets=108 | preds=201 | centerness=[-7.515, 0.555] | train_seen=1800
2026-06-03 00:54:08 | INFO | Epoch 11 | batch 950/1829 | loss=0.6892 | giou=0.2906 | bbox=0.0392 | ce=0.0344 | aux_giou=0.0000 | aux_bbox=0.0000 | aux_ce=0.0000 | mask=1184 | aux_mask=1152 | pos=129 | targets=129 | preds=112 | centerness=[-7.983, 0.869] | train_seen=1900
2026-06-03 00:55:54 | INFO | Epoch 11 | batch 1000/1829 | loss=1.0781 | giou=0.4699 | bbox=0.0318 | ce=0.0532 | aux_giou=0.0000 | aux_bbox=0.0000 | aux_ce=0.0000 | mask=2060 | aux_mask=1677 | pos=416 | targets=416 | preds=607 | centerness=[-7.831, 0.473] | train_seen=2000
2026-06-03 00:57:41 | INFO | Epoch 11 | batch 1050/1829 | loss=1.0170 | giou=0.4243 | bbox=0.0410 | ce=0.0200 | aux_giou=0.0418 | aux_bbox=0.0021 | aux_ce=0.0009 | mask=1221 | aux_mask=1547 | pos=112 | targets=112 | preds=151 | centerness=[-8.942, 0.681] | train_seen=2100
2026-06-03 00:59:27 | INFO | Epoch 11 | batch 1100/1829 | loss=0.6178 | giou=0.2740 | bbox=0.0397 | ce=0.0151 | aux_giou=0.0000 | aux_bbox=0.0000 | aux_ce=0.0000 | mask=1658 | aux_mask=1551 | pos=96 | targets=96 | preds=81 | centerness=[-9.669, 0.502] | train_seen=2200
2026-06-03 01:01:13 | INFO | Epoch 11 | batch 1150/1829 | loss=0.5617 | giou=0.2421 | bbox=0.0320 | ce=0.0228 | aux_giou=0.0000 | aux_bbox=0.0000 | aux_ce=0.0000 | mask=1276 | aux_mask=1111 | pos=72 | targets=72 | preds=120 | centerness=[-10.183, 0.635] | train_seen=2300
2026-06-03 01:03:00 | INFO | Epoch 11 | batch 1200/1829 | loss=0.9616 | giou=0.3995 | bbox=0.0827 | ce=0.0399 | aux_giou=0.0000 | aux_bbox=0.0000 | aux_ce=0.0000 | mask=2103 | aux_mask=2195 | pos=158 | targets=158 | preds=395 | centerness=[-5.199, 0.415] | train_seen=2400
2026-06-03 01:04:46 | INFO | Epoch 11 | batch 1250/1829 | loss=0.8344 | giou=0.3700 | bbox=0.0410 | ce=0.0267 | aux_giou=0.0000 | aux_bbox=0.0000 | aux_ce=0.0000 | mask=1157 | aux_mask=1147 | pos=135 | targets=135 | preds=207 | centerness=[-10.379, 0.674] | train_seen=2500
2026-06-03 01:06:32 | INFO | Epoch 11 | batch 1300/1829 | loss=0.7102 | giou=0.3210 | bbox=0.0579 | ce=0.0052 | aux_giou=0.0000 | aux_bbox=0.0000 | aux_ce=0.0000 | mask=1374 | aux_mask=1098 | pos=59 | targets=59 | preds=59 | centerness=[-9.144, 0.574] | train_seen=2600
2026-06-03 01:08:18 | INFO | Epoch 11 | batch 1350/1829 | loss=1.5079 | giou=0.6262 | bbox=0.0729 | ce=0.0331 | aux_giou=0.0511 | aux_bbox=0.0071 | aux_ce=0.0036 | mask=934 | aux_mask=879 | pos=123 | targets=123 | preds=146 | centerness=[-8.789, 0.532] | train_seen=2700
2026-06-03 01:10:05 | INFO | Epoch 11 | batch 1400/1829 | loss=0.7871 | giou=0.3456 | bbox=0.0558 | ce=0.0200 | aux_giou=0.0000 | aux_bbox=0.0000 | aux_ce=0.0000 | mask=1508 | aux_mask=1474 | pos=111 | targets=111 | preds=101 | centerness=[-9.149, 0.902] | train_seen=2800
2026-06-03 01:11:51 | INFO | Epoch 11 | batch 1450/1829 | loss=0.7371 | giou=0.3234 | bbox=0.0315 | ce=0.0294 | aux_giou=0.0000 | aux_bbox=0.0000 | aux_ce=0.0000 | mask=1176 | aux_mask=1187 | pos=122 | targets=122 | preds=106 | centerness=[-7.818, 1.153] | train_seen=2900
2026-06-03 01:13:37 | INFO | Epoch 11 | batch 1500/1829 | loss=0.8680 | giou=0.3994 | bbox=0.0301 | ce=0.0195 | aux_giou=0.0000 | aux_bbox=0.0000 | aux_ce=0.0000 | mask=1201 | aux_mask=1163 | pos=88 | targets=88 | preds=101 | centerness=[-7.429, 1.147] | train_seen=3000
2026-06-03 01:15:24 | INFO | Epoch 11 | batch 1550/1829 | loss=0.9262 | giou=0.4154 | bbox=0.0381 | ce=0.0287 | aux_giou=0.0000 | aux_bbox=0.0000 | aux_ce=0.0000 | mask=1009 | aux_mask=1164 | pos=114 | targets=114 | preds=124 | centerness=[-8.807, 0.342] | train_seen=3100
2026-06-03 01:17:10 | INFO | Epoch 11 | batch 1600/1829 | loss=1.0191 | giou=0.4360 | bbox=0.0234 | ce=0.0272 | aux_giou=0.0332 | aux_bbox=0.0013 | aux_ce=0.0008 | mask=1509 | aux_mask=1391 | pos=195 | targets=195 | preds=209 | centerness=[-7.363, 1.289] | train_seen=3200
2026-06-03 01:18:56 | INFO | Epoch 11 | batch 1650/1829 | loss=1.1283 | giou=0.4455 | bbox=0.1613 | ce=0.0380 | aux_giou=0.0000 | aux_bbox=0.0000 | aux_ce=0.0000 | mask=1328 | aux_mask=1424 | pos=120 | targets=120 | preds=107 | centerness=[-8.915, 0.429] | train_seen=3300
2026-06-03 01:20:43 | INFO | Epoch 11 | batch 1700/1829 | loss=0.6742 | giou=0.2823 | bbox=0.0685 | ce=0.0205 | aux_giou=0.0000 | aux_bbox=0.0000 | aux_ce=0.0000 | mask=1487 | aux_mask=1385 | pos=65 | targets=65 | preds=33 | centerness=[-10.190, 0.223] | train_seen=3400
2026-06-03 01:22:29 | INFO | Epoch 11 | batch 1750/1829 | loss=0.9637 | giou=0.4044 | bbox=0.0446 | ce=0.0551 | aux_giou=0.0000 | aux_bbox=0.0000 | aux_ce=0.0000 | mask=1652 | aux_mask=1561 | pos=208 | targets=208 | preds=101 | centerness=[-7.199, 0.572] | train_seen=3500
2026-06-03 01:24:15 | INFO | Epoch 11 | batch 1800/1829 | loss=0.5314 | giou=0.2369 | bbox=0.0398 | ce=0.0089 | aux_giou=0.0000 | aux_bbox=0.0000 | aux_ce=0.0000 | mask=1435 | aux_mask=1739 | pos=26 | targets=26 | preds=49 | centerness=[-7.260, 0.132] | train_seen=3600
2026-06-03 01:44:52 | INFO | Epoch 11 | train_loss=0.899 | val_loss=1.069 | train_mae=45.141 | val_mae=30.225 | val_rmse=70.97 | test_mae=31.213 | test_rmse=114.91 | time=5060.031s
2026-06-03 01:46:38 | INFO | Epoch 12 | batch 50/1829 | loss=0.6920 | giou=0.3241 | bbox=0.0268 | ce=0.0085 | aux_giou=0.0000 | aux_bbox=0.0000 | aux_ce=0.0000 | mask=1439 | aux_mask=1579 | pos=41 | targets=41 | preds=94 | centerness=[-8.264, 0.580] | train_seen=100
2026-06-03 01:48:24 | INFO | Epoch 12 | batch 100/1829 | loss=0.6895 | giou=0.2926 | bbox=0.0644 | ce=0.0200 | aux_giou=0.0000 | aux_bbox=0.0000 | aux_ce=0.0000 | mask=1484 | aux_mask=1512 | pos=55 | targets=55 | preds=39 | centerness=[-11.345, 0.111] | train_seen=200
2026-06-03 01:50:11 | INFO | Epoch 12 | batch 150/1829 | loss=1.5362 | giou=0.5512 | bbox=0.1660 | ce=0.0256 | aux_giou=0.0918 | aux_bbox=0.0208 | aux_ce=0.0061 | mask=1258 | aux_mask=1355 | pos=90 | targets=90 | preds=124 | centerness=[-7.342, 0.378] | train_seen=300
2026-06-03 01:51:57 | INFO | Epoch 12 | batch 200/1829 | loss=0.9682 | giou=0.4441 | bbox=0.0484 | ce=0.0158 | aux_giou=0.0000 | aux_bbox=0.0000 | aux_ce=0.0000 | mask=1331 | aux_mask=953 | pos=81 | targets=81 | preds=119 | centerness=[-8.850, 0.928] | train_seen=400
2026-06-03 01:53:43 | INFO | Epoch 12 | batch 250/1829 | loss=0.6292 | giou=0.2848 | bbox=0.0350 | ce=0.0123 | aux_giou=0.0000 | aux_bbox=0.0000 | aux_ce=0.0000 | mask=1312 | aux_mask=1446 | pos=28 | targets=28 | preds=55 | centerness=[-13.145, -0.008] | train_seen=500
2026-06-03 01:55:30 | INFO | Epoch 12 | batch 300/1829 | loss=0.7966 | giou=0.3364 | bbox=0.0941 | ce=0.0148 | aux_giou=0.0000 | aux_bbox=0.0000 | aux_ce=0.0000 | mask=1265 | aux_mask=1432 | pos=33 | targets=33 | preds=41 | centerness=[-12.198, 0.201] | train_seen=600
2026-06-03 01:57:16 | INFO | Epoch 12 | batch 350/1829 | loss=1.2445 | giou=0.4918 | bbox=0.0576 | ce=0.0544 | aux_giou=0.0448 | aux_bbox=0.0022 | aux_ce=0.0014 | mask=1644 | aux_mask=1787 | pos=432 | targets=432 | preds=237 | centerness=[-6.737, 1.486] | train_seen=700
2026-06-03 01:59:02 | INFO | Epoch 12 | batch 400/1829 | loss=0.6802 | giou=0.2959 | bbox=0.0588 | ce=0.0148 | aux_giou=0.0000 | aux_bbox=0.0000 | aux_ce=0.0000 | mask=1869 | aux_mask=1865 | pos=49 | targets=49 | preds=83 | centerness=[-10.222, -0.252] | train_seen=800
2026-06-03 02:00:48 | INFO | Epoch 12 | batch 450/1829 | loss=1.0083 | giou=0.4483 | bbox=0.0335 | ce=0.0391 | aux_giou=0.0000 | aux_bbox=0.0000 | aux_ce=0.0000 | mask=1792 | aux_mask=1871 | pos=266 | targets=266 | preds=299 | centerness=[-12.519, 1.017] | train_seen=900
2026-06-03 02:02:34 | INFO | Epoch 12 | batch 500/1829 | loss=1.0681 | giou=0.4682 | bbox=0.0400 | ce=0.0458 | aux_giou=0.0000 | aux_bbox=0.0000 | aux_ce=0.0000 | mask=1367 | aux_mask=1284 | pos=191 | targets=191 | preds=294 | centerness=[-11.579, 0.879] | train_seen=1000
2026-06-03 02:04:21 | INFO | Epoch 12 | batch 550/1829 | loss=1.2309 | giou=0.4614 | bbox=0.0468 | ce=0.0649 | aux_giou=0.0522 | aux_bbox=0.0038 | aux_ce=0.0116 | mask=2880 | aux_mask=2569 | pos=1347 | targets=1347 | preds=651 | centerness=[-8.323, 0.581] | train_seen=1100
2026-06-03 02:06:07 | INFO | Epoch 12 | batch 600/1829 | loss=0.5953 | giou=0.2554 | bbox=0.0482 | ce=0.0181 | aux_giou=0.0000 | aux_bbox=0.0000 | aux_ce=0.0000 | mask=1377 | aux_mask=1461 | pos=49 | targets=49 | preds=72 | centerness=[-10.618, -0.036] | train_seen=1200
2026-06-03 02:07:53 | INFO | Epoch 12 | batch 650/1829 | loss=1.3177 | giou=0.5896 | bbox=0.0309 | ce=0.0538 | aux_giou=0.0000 | aux_bbox=0.0000 | aux_ce=0.0000 | mask=2298 | aux_mask=1883 | pos=793 | targets=793 | preds=1182 | centerness=[-7.331, 0.766] | train_seen=1300
2026-06-03 02:09:39 | INFO | Epoch 12 | batch 700/1829 | loss=1.0166 | giou=0.4622 | bbox=0.0607 | ce=0.0158 | aux_giou=0.0000 | aux_bbox=0.0000 | aux_ce=0.0000 | mask=1594 | aux_mask=1408 | pos=49 | targets=49 | preds=123 | centerness=[-10.102, 0.495] | train_seen=1400
2026-06-03 02:11:26 | INFO | Epoch 12 | batch 750/1829 | loss=0.8930 | giou=0.3947 | bbox=0.0344 | ce=0.0346 | aux_giou=0.0000 | aux_bbox=0.0000 | aux_ce=0.0000 | mask=1658 | aux_mask=1784 | pos=216 | targets=216 | preds=299 | centerness=[-11.778, 1.176] | train_seen=1500
2026-06-03 02:13:12 | INFO | Epoch 12 | batch 800/1829 | loss=1.0615 | giou=0.4716 | bbox=0.0164 | ce=0.0086 | aux_giou=0.0407 | aux_bbox=0.0013 | aux_ce=0.0011 | mask=1629 | aux_mask=1563 | pos=92 | targets=92 | preds=112 | centerness=[-6.619, 1.519] | train_seen=1600
2026-06-03 02:14:58 | INFO | Epoch 12 | batch 850/1829 | loss=0.5985 | giou=0.2609 | bbox=0.0372 | ce=0.0198 | aux_giou=0.0000 | aux_bbox=0.0000 | aux_ce=0.0000 | mask=837 | aux_mask=1085 | pos=40 | targets=40 | preds=35 | centerness=[-15.749, 0.105] | train_seen=1700
2026-06-03 02:16:44 | INFO | Epoch 12 | batch 900/1829 | loss=0.8461 | giou=0.3796 | bbox=0.0637 | ce=0.0116 | aux_giou=0.0000 | aux_bbox=0.0000 | aux_ce=0.0000 | mask=1187 | aux_mask=1563 | pos=22 | targets=22 | preds=164 | centerness=[-12.865, -0.008] | train_seen=1800
2026-06-03 02:18:31 | INFO | Epoch 12 | batch 950/1829 | loss=0.9751 | giou=0.4045 | bbox=0.0606 | ce=0.0527 | aux_giou=0.0000 | aux_bbox=0.0000 | aux_ce=0.0000 | mask=1407 | aux_mask=1498 | pos=398 | targets=398 | preds=210 | centerness=[-11.139, 1.169] | train_seen=1900
2026-06-03 02:20:17 | INFO | Epoch 12 | batch 1000/1829 | loss=1.0597 | giou=0.4600 | bbox=0.0896 | ce=0.0250 | aux_giou=0.0000 | aux_bbox=0.0000 | aux_ce=0.0000 | mask=1496 | aux_mask=1229 | pos=90 | targets=90 | preds=80 | centerness=[-10.980, 0.632] | train_seen=2000
2026-06-03 02:22:03 | INFO | Epoch 12 | batch 1050/1829 | loss=0.7265 | giou=0.3220 | bbox=0.0641 | ce=0.0093 | aux_giou=0.0000 | aux_bbox=0.0000 | aux_ce=0.0000 | mask=1226 | aux_mask=1540 | pos=18 | targets=18 | preds=18 | centerness=[-12.706, 0.743] | train_seen=2100
2026-06-03 02:23:50 | INFO | Epoch 12 | batch 1100/1829 | loss=0.8998 | giou=0.3847 | bbox=0.0356 | ce=0.0474 | aux_giou=0.0000 | aux_bbox=0.0000 | aux_ce=0.0000 | mask=1748 | aux_mask=1697 | pos=303 | targets=303 | preds=321 | centerness=[-9.486, 1.103] | train_seen=2200
2026-06-03 02:25:36 | INFO | Epoch 12 | batch 1150/1829 | loss=0.6753 | giou=0.3042 | bbox=0.0504 | ce=0.0082 | aux_giou=0.0000 | aux_bbox=0.0000 | aux_ce=0.0000 | mask=1667 | aux_mask=1735 | pos=23 | targets=23 | preds=74 | centerness=[-16.469, 0.391] | train_seen=2300
2026-06-03 02:27:22 | INFO | Epoch 12 | batch 1200/1829 | loss=1.0141 | giou=0.4514 | bbox=0.0859 | ce=0.0127 | aux_giou=0.0000 | aux_bbox=0.0000 | aux_ce=0.0000 | mask=905 | aux_mask=806 | pos=37 | targets=37 | preds=123 | centerness=[-12.967, 1.112] | train_seen=2400
2026-06-03 02:29:08 | INFO | Epoch 12 | batch 1250/1829 | loss=0.6628 | giou=0.2839 | bbox=0.0531 | ce=0.0209 | aux_giou=0.0000 | aux_bbox=0.0000 | aux_ce=0.0000 | mask=1345 | aux_mask=1325 | pos=35 | targets=35 | preds=112 | centerness=[-9.025, 0.154] | train_seen=2500
2026-06-03 02:30:55 | INFO | Epoch 12 | batch 1300/1829 | loss=0.8057 | giou=0.3559 | bbox=0.0551 | ce=0.0194 | aux_giou=0.0000 | aux_bbox=0.0000 | aux_ce=0.0000 | mask=1592 | aux_mask=1593 | pos=59 | targets=59 | preds=91 | centerness=[-12.302, 1.165] | train_seen=2600
2026-06-03 02:32:41 | INFO | Epoch 12 | batch 1350/1829 | loss=0.8821 | giou=0.3898 | bbox=0.0394 | ce=0.0315 | aux_giou=0.0000 | aux_bbox=0.0000 | aux_ce=0.0000 | mask=1771 | aux_mask=1706 | pos=178 | targets=178 | preds=263 | centerness=[-8.236, 0.423] | train_seen=2700
2026-06-03 02:34:27 | INFO | Epoch 12 | batch 1400/1829 | loss=1.0992 | giou=0.4877 | bbox=0.0322 | ce=0.0458 | aux_giou=0.0000 | aux_bbox=0.0000 | aux_ce=0.0000 | mask=1269 | aux_mask=1231 | pos=515 | targets=515 | preds=371 | centerness=[-7.810, 0.876] | train_seen=2800
2026-06-03 02:36:13 | INFO | Epoch 12 | batch 1450/1829 | loss=0.8840 | giou=0.3878 | bbox=0.0681 | ce=0.0202 | aux_giou=0.0000 | aux_bbox=0.0000 | aux_ce=0.0000 | mask=1669 | aux_mask=1778 | pos=82 | targets=82 | preds=100 | centerness=[-12.626, -0.059] | train_seen=2900
2026-06-03 02:38:00 | INFO | Epoch 12 | batch 1500/1829 | loss=0.8954 | giou=0.3821 | bbox=0.0250 | ce=0.0091 | aux_giou=0.0405 | aux_bbox=0.0047 | aux_ce=0.0011 | mask=838 | aux_mask=984 | pos=35 | targets=35 | preds=33 | centerness=[-15.752, 1.313] | train_seen=3000
2026-06-03 02:39:46 | INFO | Epoch 12 | batch 1550/1829 | loss=1.2210 | giou=0.4965 | bbox=0.0275 | ce=0.0473 | aux_giou=0.0455 | aux_bbox=0.0024 | aux_ce=0.0063 | mask=2643 | aux_mask=2391 | pos=534 | targets=534 | preds=647 | centerness=[-8.722, 0.649] | train_seen=3100
2026-06-03 02:41:32 | INFO | Epoch 12 | batch 1600/1829 | loss=0.7694 | giou=0.3408 | bbox=0.0423 | ce=0.0227 | aux_giou=0.0000 | aux_bbox=0.0000 | aux_ce=0.0000 | mask=1538 | aux_mask=1385 | pos=107 | targets=107 | preds=96 | centerness=[-9.258, 1.239] | train_seen=3200
2026-06-03 02:43:18 | INFO | Epoch 12 | batch 1650/1829 | loss=0.9116 | giou=0.4110 | bbox=0.0467 | ce=0.0214 | aux_giou=0.0000 | aux_bbox=0.0000 | aux_ce=0.0000 | mask=1553 | aux_mask=1758 | pos=70 | targets=70 | preds=105 | centerness=[-7.101, 0.817] | train_seen=3300
2026-06-03 02:45:04 | INFO | Epoch 12 | batch 1700/1829 | loss=0.7609 | giou=0.3405 | bbox=0.0364 | ce=0.0217 | aux_giou=0.0000 | aux_bbox=0.0000 | aux_ce=0.0000 | mask=1428 | aux_mask=1450 | pos=78 | targets=78 | preds=110 | centerness=[-8.500, 0.340] | train_seen=3400
2026-06-03 02:46:51 | INFO | Epoch 12 | batch 1750/1829 | loss=0.8454 | giou=0.3821 | bbox=0.0354 | ce=0.0229 | aux_giou=0.0000 | aux_bbox=0.0000 | aux_ce=0.0000 | mask=1425 | aux_mask=1515 | pos=90 | targets=90 | preds=319 | centerness=[-10.367, 0.301] | train_seen=3500
2026-06-03 02:48:37 | INFO | Epoch 12 | batch 1800/1829 | loss=0.7146 | giou=0.3190 | bbox=0.0350 | ce=0.0208 | aux_giou=0.0000 | aux_bbox=0.0000 | aux_ce=0.0000 | mask=1547 | aux_mask=1224 | pos=67 | targets=67 | preds=62 | centerness=[-11.547, 1.341] | train_seen=3600
2026-06-03 03:09:14 | INFO | Epoch 12 | train_loss=0.880 | val_loss=1.063 | train_mae=43.396 | val_mae=26.756 | val_rmse=65.58 | test_mae=25.190 | test_rmse=104.39 | time=5058.775s | best_rmse
2026-06-03 03:11:01 | INFO | Epoch 13 | batch 50/1829 | loss=1.0349 | giou=0.4582 | bbox=0.0188 | ce=0.0062 | aux_giou=0.0417 | aux_bbox=0.0014 | aux_ce=0.0012 | mask=975 | aux_mask=1108 | pos=57 | targets=57 | preds=55 | centerness=[-9.882, 1.100] | train_seen=100
2026-06-03 03:12:47 | INFO | Epoch 13 | batch 100/1829 | loss=0.7142 | giou=0.3257 | bbox=0.0361 | ce=0.0134 | aux_giou=0.0000 | aux_bbox=0.0000 | aux_ce=0.0000 | mask=1121 | aux_mask=1396 | pos=41 | targets=41 | preds=70 | centerness=[-11.190, 1.034] | train_seen=200
2026-06-03 03:14:33 | INFO | Epoch 13 | batch 150/1829 | loss=1.3616 | giou=0.5124 | bbox=0.0663 | ce=0.0723 | aux_giou=0.0507 | aux_bbox=0.0051 | aux_ce=0.0097 | mask=1662 | aux_mask=1560 | pos=392 | targets=392 | preds=202 | centerness=[-8.912, 0.543] | train_seen=300
2026-06-03 03:16:20 | INFO | Epoch 13 | batch 200/1829 | loss=0.9299 | giou=0.4007 | bbox=0.1051 | ce=0.0117 | aux_giou=0.0000 | aux_bbox=0.0000 | aux_ce=0.0000 | mask=1812 | aux_mask=2138 | pos=43 | targets=43 | preds=74 | centerness=[-10.799, 0.823] | train_seen=400
2026-06-03 03:18:06 | INFO | Epoch 13 | batch 250/1829 | loss=0.8848 | giou=0.3837 | bbox=0.0629 | ce=0.0272 | aux_giou=0.0000 | aux_bbox=0.0000 | aux_ce=0.0000 | mask=1526 | aux_mask=1530 | pos=273 | targets=273 | preds=283 | centerness=[-12.167, 0.668] | train_seen=500
2026-06-03 03:19:52 | INFO | Epoch 13 | batch 300/1829 | loss=1.1785 | giou=0.4537 | bbox=0.0561 | ce=0.0421 | aux_giou=0.0569 | aux_bbox=0.0033 | aux_ce=0.0068 | mask=1362 | aux_mask=1277 | pos=440 | targets=440 | preds=511 | centerness=[-11.168, 0.764] | train_seen=600
2026-06-03 03:21:38 | INFO | Epoch 13 | batch 350/1829 | loss=0.8343 | giou=0.3348 | bbox=0.0752 | ce=0.0447 | aux_giou=0.0000 | aux_bbox=0.0000 | aux_ce=0.0000 | mask=1508 | aux_mask=2227 | pos=89 | targets=89 | preds=30 | centerness=[-11.319, 0.179] | train_seen=700
2026-06-03 03:23:24 | INFO | Epoch 13 | batch 400/1829 | loss=1.2386 | giou=0.5143 | bbox=0.0480 | ce=0.0321 | aux_giou=0.0442 | aux_bbox=0.0042 | aux_ce=0.0026 | mask=1160 | aux_mask=1352 | pos=128 | targets=128 | preds=226 | centerness=[-8.833, 0.412] | train_seen=800
2026-06-03 03:25:11 | INFO | Epoch 13 | batch 450/1829 | loss=0.6230 | giou=0.2673 | bbox=0.0572 | ce=0.0156 | aux_giou=0.0000 | aux_bbox=0.0000 | aux_ce=0.0000 | mask=1291 | aux_mask=1425 | pos=36 | targets=36 | preds=68 | centerness=[-10.152, 0.555] | train_seen=900
2026-06-03 03:26:57 | INFO | Epoch 13 | batch 500/1829 | loss=1.5228 | giou=0.5949 | bbox=0.0706 | ce=0.0492 | aux_giou=0.0633 | aux_bbox=0.0072 | aux_ce=0.0151 | mask=2027 | aux_mask=3212 | pos=1337 | targets=1337 | preds=1059 | centerness=[-7.666, 0.948] | train_seen=1000
2026-06-03 03:28:43 | INFO | Epoch 13 | batch 550/1829 | loss=0.6007 | giou=0.2649 | bbox=0.0415 | ce=0.0146 | aux_giou=0.0000 | aux_bbox=0.0000 | aux_ce=0.0000 | mask=1051 | aux_mask=989 | pos=36 | targets=36 | preds=47 | centerness=[-9.485, 0.529] | train_seen=1100
2026-06-03 03:30:29 | INFO | Epoch 13 | batch 600/1829 | loss=1.2738 | giou=0.5007 | bbox=0.0736 | ce=0.0550 | aux_giou=0.0385 | aux_bbox=0.0024 | aux_ce=0.0047 | mask=2271 | aux_mask=2302 | pos=361 | targets=361 | preds=437 | centerness=[-6.875, 0.347] | train_seen=1200
2026-06-03 03:32:16 | INFO | Epoch 13 | batch 650/1829 | loss=0.9793 | giou=0.4167 | bbox=0.0922 | ce=0.0269 | aux_giou=0.0000 | aux_bbox=0.0000 | aux_ce=0.0000 | mask=1025 | aux_mask=941 | pos=53 | targets=53 | preds=74 | centerness=[-8.032, 1.117] | train_seen=1300
2026-06-03 03:34:02 | INFO | Epoch 13 | batch 700/1829 | loss=1.2048 | giou=0.5442 | bbox=0.0502 | ce=0.0332 | aux_giou=0.0000 | aux_bbox=0.0000 | aux_ce=0.0000 | mask=1548 | aux_mask=1402 | pos=158 | targets=158 | preds=257 | centerness=[-8.986, 1.469] | train_seen=1400
2026-06-03 03:35:48 | INFO | Epoch 13 | batch 750/1829 | loss=0.6943 | giou=0.3029 | bbox=0.0238 | ce=0.0324 | aux_giou=0.0000 | aux_bbox=0.0000 | aux_ce=0.0000 | mask=1728 | aux_mask=1732 | pos=208 | targets=208 | preds=272 | centerness=[-6.182, 1.071] | train_seen=1500
2026-06-03 03:37:35 | INFO | Epoch 13 | batch 800/1829 | loss=1.2957 | giou=0.5467 | bbox=0.0396 | ce=0.0264 | aux_giou=0.0494 | aux_bbox=0.0053 | aux_ce=0.0029 | mask=1414 | aux_mask=1594 | pos=112 | targets=112 | preds=498 | centerness=[-8.843, 0.494] | train_seen=1600
2026-06-03 03:39:21 | INFO | Epoch 13 | batch 850/1829 | loss=1.0105 | giou=0.4483 | bbox=0.0296 | ce=0.0421 | aux_giou=0.0000 | aux_bbox=0.0000 | aux_ce=0.0000 | mask=1593 | aux_mask=1765 | pos=328 | targets=328 | preds=316 | centerness=[-6.672, 0.916] | train_seen=1700
2026-06-03 03:41:07 | INFO | Epoch 13 | batch 900/1829 | loss=0.7262 | giou=0.3123 | bbox=0.0324 | ce=0.0347 | aux_giou=0.0000 | aux_bbox=0.0000 | aux_ce=0.0000 | mask=1476 | aux_mask=1522 | pos=170 | targets=170 | preds=238 | centerness=[-5.444, 0.971] | train_seen=1800
2026-06-03 03:42:53 | INFO | Epoch 13 | batch 950/1829 | loss=0.5947 | giou=0.2664 | bbox=0.0399 | ce=0.0110 | aux_giou=0.0000 | aux_bbox=0.0000 | aux_ce=0.0000 | mask=1287 | aux_mask=1400 | pos=23 | targets=23 | preds=77 | centerness=[-12.795, 0.387] | train_seen=1900
2026-06-03 03:44:39 | INFO | Epoch 13 | batch 1000/1829 | loss=0.8817 | giou=0.3993 | bbox=0.0340 | ce=0.0245 | aux_giou=0.0000 | aux_bbox=0.0000 | aux_ce=0.0000 | mask=1486 | aux_mask=1645 | pos=192 | targets=192 | preds=302 | centerness=[-9.735, 2.631] | train_seen=2000
2026-06-03 03:46:26 | INFO | Epoch 13 | batch 1050/1829 | loss=0.9677 | giou=0.4061 | bbox=0.1262 | ce=0.0146 | aux_giou=0.0000 | aux_bbox=0.0000 | aux_ce=0.0000 | mask=2087 | aux_mask=2273 | pos=65 | targets=65 | preds=119 | centerness=[-11.772, 0.814] | train_seen=2100
2026-06-03 03:48:12 | INFO | Epoch 13 | batch 1100/1829 | loss=1.1215 | giou=0.4980 | bbox=0.0361 | ce=0.0446 | aux_giou=0.0000 | aux_bbox=0.0000 | aux_ce=0.0000 | mask=2735 | aux_mask=2277 | pos=439 | targets=439 | preds=551 | centerness=[-5.771, 1.559] | train_seen=2200
2026-06-03 03:49:58 | INFO | Epoch 13 | batch 1150/1829 | loss=0.8240 | giou=0.3571 | bbox=0.0242 | ce=0.0428 | aux_giou=0.0000 | aux_bbox=0.0000 | aux_ce=0.0000 | mask=1379 | aux_mask=1288 | pos=134 | targets=134 | preds=393 | centerness=[-8.188, 1.296] | train_seen=2300
2026-06-03 03:51:45 | INFO | Epoch 13 | batch 1200/1829 | loss=0.5934 | giou=0.2555 | bbox=0.0245 | ce=0.0290 | aux_giou=0.0000 | aux_bbox=0.0000 | aux_ce=0.0000 | mask=2046 | aux_mask=1933 | pos=190 | targets=190 | preds=234 | centerness=[-8.300, 0.266] | train_seen=2400
2026-06-03 03:53:31 | INFO | Epoch 13 | batch 1250/1829 | loss=0.7533 | giou=0.3582 | bbox=0.0202 | ce=0.0084 | aux_giou=0.0000 | aux_bbox=0.0000 | aux_ce=0.0000 | mask=2281 | aux_mask=2067 | pos=83 | targets=83 | preds=112 | centerness=[-12.174, 1.988] | train_seen=2500
2026-06-03 03:55:17 | INFO | Epoch 13 | batch 1300/1829 | loss=0.7137 | giou=0.3111 | bbox=0.0497 | ce=0.0209 | aux_giou=0.0000 | aux_bbox=0.0000 | aux_ce=0.0000 | mask=1264 | aux_mask=1485 | pos=92 | targets=92 | preds=91 | centerness=[-10.519, 1.550] | train_seen=2600
2026-06-03 03:57:03 | INFO | Epoch 13 | batch 1350/1829 | loss=1.2365 | giou=0.5087 | bbox=0.0395 | ce=0.0396 | aux_giou=0.0439 | aux_bbox=0.0024 | aux_ce=0.0051 | mask=2318 | aux_mask=2009 | pos=568 | targets=568 | preds=529 | centerness=[-8.756, 1.709] | train_seen=2700
2026-06-03 03:58:50 | INFO | Epoch 13 | batch 1400/1829 | loss=1.2122 | giou=0.5497 | bbox=0.0395 | ce=0.0367 | aux_giou=0.0000 | aux_bbox=0.0000 | aux_ce=0.0000 | mask=1479 | aux_mask=1618 | pos=194 | targets=194 | preds=332 | centerness=[-6.962, 0.539] | train_seen=2800
2026-06-03 04:00:36 | INFO | Epoch 13 | batch 1450/1829 | loss=1.0154 | giou=0.4227 | bbox=0.0627 | ce=0.0536 | aux_giou=0.0000 | aux_bbox=0.0000 | aux_ce=0.0000 | mask=1656 | aux_mask=1618 | pos=418 | targets=418 | preds=287 | centerness=[-6.159, 1.071] | train_seen=2900
2026-06-03 04:02:22 | INFO | Epoch 13 | batch 1500/1829 | loss=1.0192 | giou=0.4631 | bbox=0.0492 | ce=0.0219 | aux_giou=0.0000 | aux_bbox=0.0000 | aux_ce=0.0000 | mask=1351 | aux_mask=1404 | pos=67 | targets=67 | preds=94 | centerness=[-8.872, 0.562] | train_seen=3000
2026-06-03 04:04:08 | INFO | Epoch 13 | batch 1550/1829 | loss=1.2275 | giou=0.5216 | bbox=0.0623 | ce=0.0104 | aux_giou=0.0471 | aux_bbox=0.0041 | aux_ce=0.0015 | mask=1256 | aux_mask=1465 | pos=43 | targets=43 | preds=63 | centerness=[-8.269, 1.128] | train_seen=3100
2026-06-03 04:05:54 | INFO | Epoch 13 | batch 1600/1829 | loss=0.9117 | giou=0.4072 | bbox=0.0526 | ce=0.0224 | aux_giou=0.0000 | aux_bbox=0.0000 | aux_ce=0.0000 | mask=1670 | aux_mask=1504 | pos=60 | targets=60 | preds=228 | centerness=[-9.214, 0.545] | train_seen=3200
2026-06-03 04:07:41 | INFO | Epoch 13 | batch 1650/1829 | loss=0.6581 | giou=0.2950 | bbox=0.0406 | ce=0.0137 | aux_giou=0.0000 | aux_bbox=0.0000 | aux_ce=0.0000 | mask=1374 | aux_mask=1434 | pos=55 | targets=55 | preds=100 | centerness=[-7.262, 0.021] | train_seen=3300
2026-06-03 04:09:27 | INFO | Epoch 13 | batch 1700/1829 | loss=1.6241 | giou=0.6916 | bbox=0.0412 | ce=0.0304 | aux_giou=0.0637 | aux_bbox=0.0026 | aux_ce=0.0043 | mask=2051 | aux_mask=1459 | pos=197 | targets=197 | preds=735 | centerness=[-7.405, 0.790] | train_seen=3400
2026-06-03 04:11:13 | INFO | Epoch 13 | batch 1750/1829 | loss=0.7759 | giou=0.3461 | bbox=0.0413 | ce=0.0212 | aux_giou=0.0000 | aux_bbox=0.0000 | aux_ce=0.0000 | mask=1221 | aux_mask=1256 | pos=143 | targets=143 | preds=166 | centerness=[-9.118, 0.807] | train_seen=3500
2026-06-03 04:13:00 | INFO | Epoch 13 | batch 1800/1829 | loss=0.9037 | giou=0.3609 | bbox=0.0978 | ce=0.0421 | aux_giou=0.0000 | aux_bbox=0.0000 | aux_ce=0.0000 | mask=2160 | aux_mask=2443 | pos=127 | targets=127 | preds=59 | centerness=[-7.944, 0.119] | train_seen=3600
2026-06-03 04:33:35 | INFO | Epoch 13 | train_loss=0.881 | val_loss=1.044 | train_mae=41.606 | val_mae=27.681 | val_rmse=65.92 | test_mae=25.492 | test_rmse=100.31 | time=5058.609s
2026-06-03 04:35:21 | INFO | Epoch 14 | batch 50/1829 | loss=0.6822 | giou=0.2959 | bbox=0.0412 | ce=0.0246 | aux_giou=0.0000 | aux_bbox=0.0000 | aux_ce=0.0000 | mask=2191 | aux_mask=2029 | pos=160 | targets=160 | preds=264 | centerness=[-7.212, 0.953] | train_seen=100
2026-06-03 04:37:08 | INFO | Epoch 14 | batch 100/1829 | loss=0.5996 | giou=0.2607 | bbox=0.0553 | ce=0.0114 | aux_giou=0.0000 | aux_bbox=0.0000 | aux_ce=0.0000 | mask=1648 | aux_mask=1919 | pos=44 | targets=44 | preds=39 | centerness=[-10.299, 0.330] | train_seen=200
2026-06-03 04:38:54 | INFO | Epoch 14 | batch 150/1829 | loss=1.1722 | giou=0.5274 | bbox=0.0413 | ce=0.0381 | aux_giou=0.0000 | aux_bbox=0.0000 | aux_ce=0.0000 | mask=1677 | aux_mask=1533 | pos=248 | targets=248 | preds=389 | centerness=[-7.830, 0.642] | train_seen=300
2026-06-03 04:40:40 | INFO | Epoch 14 | batch 200/1829 | loss=1.0504 | giou=0.4507 | bbox=0.0349 | ce=0.0057 | aux_giou=0.0491 | aux_bbox=0.0037 | aux_ce=0.0004 | mask=1074 | aux_mask=1616 | pos=44 | targets=44 | preds=61 | centerness=[-10.348, 1.179] | train_seen=400
2026-06-03 04:42:27 | INFO | Epoch 14 | batch 250/1829 | loss=0.7509 | giou=0.3453 | bbox=0.0243 | ce=0.0181 | aux_giou=0.0000 | aux_bbox=0.0000 | aux_ce=0.0000 | mask=877 | aux_mask=986 | pos=61 | targets=61 | preds=53 | centerness=[-9.120, 0.806] | train_seen=500
2026-06-03 04:44:13 | INFO | Epoch 14 | batch 300/1829 | loss=0.5266 | giou=0.2205 | bbox=0.0635 | ce=0.0111 | aux_giou=0.0000 | aux_bbox=0.0000 | aux_ce=0.0000 | mask=1118 | aux_mask=1291 | pos=16 | targets=16 | preds=50 | centerness=[-11.009, -0.291] | train_seen=600
2026-06-03 04:45:59 | INFO | Epoch 14 | batch 350/1829 | loss=0.6393 | giou=0.2977 | bbox=0.0259 | ce=0.0090 | aux_giou=0.0000 | aux_bbox=0.0000 | aux_ce=0.0000 | mask=1865 | aux_mask=1762 | pos=67 | targets=67 | preds=121 | centerness=[-8.671, 1.190] | train_seen=700
2026-06-03 04:47:45 | INFO | Epoch 14 | batch 400/1829 | loss=0.9557 | giou=0.4144 | bbox=0.0289 | ce=0.0145 | aux_giou=0.0332 | aux_bbox=0.0012 | aux_ce=0.0007 | mask=1461 | aux_mask=1915 | pos=66 | targets=66 | preds=104 | centerness=[-7.608, 0.446] | train_seen=800
2026-06-03 04:49:32 | INFO | Epoch 14 | batch 450/1829 | loss=0.5671 | giou=0.2482 | bbox=0.0540 | ce=0.0084 | aux_giou=0.0000 | aux_bbox=0.0000 | aux_ce=0.0000 | mask=1396 | aux_mask=1635 | pos=34 | targets=34 | preds=26 | centerness=[-12.775, 0.703] | train_seen=900
2026-06-03 04:51:18 | INFO | Epoch 14 | batch 500/1829 | loss=0.9164 | giou=0.4152 | bbox=0.0267 | ce=0.0296 | aux_giou=0.0000 | aux_bbox=0.0000 | aux_ce=0.0000 | mask=1103 | aux_mask=1352 | pos=242 | targets=242 | preds=272 | centerness=[-7.271, 1.549] | train_seen=1000
2026-06-03 04:53:04 | INFO | Epoch 14 | batch 550/1829 | loss=0.7845 | giou=0.3634 | bbox=0.0258 | ce=0.0159 | aux_giou=0.0000 | aux_bbox=0.0000 | aux_ce=0.0000 | mask=1472 | aux_mask=1466 | pos=118 | targets=118 | preds=130 | centerness=[-7.776, 0.618] | train_seen=1100
2026-06-03 04:54:50 | INFO | Epoch 14 | batch 600/1829 | loss=0.4951 | giou=0.2157 | bbox=0.0474 | ce=0.0082 | aux_giou=0.0000 | aux_bbox=0.0000 | aux_ce=0.0000 | mask=1753 | aux_mask=1837 | pos=21 | targets=21 | preds=45 | centerness=[-7.616, 0.364] | train_seen=1200
2026-06-03 04:56:37 | INFO | Epoch 14 | batch 650/1829 | loss=0.4324 | giou=0.1926 | bbox=0.0351 | ce=0.0061 | aux_giou=0.0000 | aux_bbox=0.0000 | aux_ce=0.0000 | mask=1053 | aux_mask=1286 | pos=20 | targets=20 | preds=24 | centerness=[-9.839, 0.519] | train_seen=1300
2026-06-03 04:58:23 | INFO | Epoch 14 | batch 700/1829 | loss=0.8417 | giou=0.3801 | bbox=0.0334 | ce=0.0241 | aux_giou=0.0000 | aux_bbox=0.0000 | aux_ce=0.0000 | mask=950 | aux_mask=1144 | pos=128 | targets=128 | preds=122 | centerness=[-8.313, 0.789] | train_seen=1400
2026-06-03 05:00:09 | INFO | Epoch 14 | batch 750/1829 | loss=0.9899 | giou=0.4181 | bbox=0.0279 | ce=0.0177 | aux_giou=0.0414 | aux_bbox=0.0026 | aux_ce=0.0026 | mask=1495 | aux_mask=1704 | pos=90 | targets=90 | preds=216 | centerness=[-7.018, 1.172] | train_seen=1500
2026-06-03 05:01:56 | INFO | Epoch 14 | batch 800/1829 | loss=0.9690 | giou=0.4426 | bbox=0.0433 | ce=0.0202 | aux_giou=0.0000 | aux_bbox=0.0000 | aux_ce=0.0000 | mask=2241 | aux_mask=2245 | pos=159 | targets=159 | preds=203 | centerness=[-5.643, 1.147] | train_seen=1600
2026-06-03 05:03:42 | INFO | Epoch 14 | batch 850/1829 | loss=0.8986 | giou=0.4006 | bbox=0.0510 | ce=0.0232 | aux_giou=0.0000 | aux_bbox=0.0000 | aux_ce=0.0000 | mask=1022 | aux_mask=1359 | pos=90 | targets=90 | preds=107 | centerness=[-7.738, 0.688] | train_seen=1700
2026-06-03 05:05:28 | INFO | Epoch 14 | batch 900/1829 | loss=0.6929 | giou=0.3106 | bbox=0.0406 | ce=0.0155 | aux_giou=0.0000 | aux_bbox=0.0000 | aux_ce=0.0000 | mask=1060 | aux_mask=1214 | pos=63 | targets=63 | preds=75 | centerness=[-9.533, 1.294] | train_seen=1800
2026-06-03 05:07:15 | INFO | Epoch 14 | batch 950/1829 | loss=0.9085 | giou=0.3679 | bbox=0.0323 | ce=0.0701 | aux_giou=0.0000 | aux_bbox=0.0000 | aux_ce=0.0000 | mask=2418 | aux_mask=2042 | pos=532 | targets=532 | preds=557 | centerness=[-4.492, 0.502] | train_seen=1900
2026-06-03 05:09:01 | INFO | Epoch 14 | batch 1000/1829 | loss=0.8251 | giou=0.3777 | bbox=0.0390 | ce=0.0154 | aux_giou=0.0000 | aux_bbox=0.0000 | aux_ce=0.0000 | mask=817 | aux_mask=1025 | pos=60 | targets=60 | preds=58 | centerness=[-9.041, 0.592] | train_seen=2000
2026-06-03 05:10:47 | INFO | Epoch 14 | batch 1050/1829 | loss=0.7889 | giou=0.3410 | bbox=0.0660 | ce=0.0204 | aux_giou=0.0000 | aux_bbox=0.0000 | aux_ce=0.0000 | mask=2383 | aux_mask=2160 | pos=102 | targets=102 | preds=79 | centerness=[-9.805, 0.560] | train_seen=2100
2026-06-03 05:12:34 | INFO | Epoch 14 | batch 1100/1829 | loss=0.5748 | giou=0.2520 | bbox=0.0282 | ce=0.0213 | aux_giou=0.0000 | aux_bbox=0.0000 | aux_ce=0.0000 | mask=1223 | aux_mask=1164 | pos=141 | targets=141 | preds=111 | centerness=[-8.183, 1.151] | train_seen=2200
2026-06-03 05:14:20 | INFO | Epoch 14 | batch 1150/1829 | loss=0.7852 | giou=0.3673 | bbox=0.0271 | ce=0.0117 | aux_giou=0.0000 | aux_bbox=0.0000 | aux_ce=0.0000 | mask=1320 | aux_mask=1644 | pos=122 | targets=122 | preds=135 | centerness=[-9.994, 1.233] | train_seen=2300
2026-06-03 05:16:06 | INFO | Epoch 14 | batch 1200/1829 | loss=1.1164 | giou=0.4874 | bbox=0.0504 | ce=0.0456 | aux_giou=0.0000 | aux_bbox=0.0000 | aux_ce=0.0000 | mask=1871 | aux_mask=1592 | pos=190 | targets=190 | preds=561 | centerness=[-10.880, 1.908] | train_seen=2400
2026-06-03 05:17:53 | INFO | Epoch 14 | batch 1250/1829 | loss=0.8039 | giou=0.3591 | bbox=0.0445 | ce=0.0206 | aux_giou=0.0000 | aux_bbox=0.0000 | aux_ce=0.0000 | mask=1198 | aux_mask=1243 | pos=71 | targets=71 | preds=131 | centerness=[-10.332, 1.186] | train_seen=2500
2026-06-03 05:19:39 | INFO | Epoch 14 | batch 1300/1829 | loss=1.0710 | giou=0.4754 | bbox=0.0947 | ce=0.0128 | aux_giou=0.0000 | aux_bbox=0.0000 | aux_ce=0.0000 | mask=1304 | aux_mask=1359 | pos=36 | targets=36 | preds=56 | centerness=[-6.825, 0.695] | train_seen=2600
2026-06-03 05:21:26 | INFO | Epoch 14 | batch 1350/1829 | loss=0.6424 | giou=0.2884 | bbox=0.0303 | ce=0.0177 | aux_giou=0.0000 | aux_bbox=0.0000 | aux_ce=0.0000 | mask=1430 | aux_mask=1564 | pos=109 | targets=109 | preds=131 | centerness=[-8.580, 0.669] | train_seen=2700
2026-06-03 05:23:12 | INFO | Epoch 14 | batch 1400/1829 | loss=0.8337 | giou=0.3708 | bbox=0.0517 | ce=0.0202 | aux_giou=0.0000 | aux_bbox=0.0000 | aux_ce=0.0000 | mask=1306 | aux_mask=1274 | pos=69 | targets=69 | preds=70 | centerness=[-7.359, 1.026] | train_seen=2800
2026-06-03 05:24:59 | INFO | Epoch 14 | batch 1450/1829 | loss=0.6726 | giou=0.2964 | bbox=0.0502 | ce=0.0148 | aux_giou=0.0000 | aux_bbox=0.0000 | aux_ce=0.0000 | mask=2428 | aux_mask=2355 | pos=104 | targets=104 | preds=294 | centerness=[-6.982, 0.799] | train_seen=2900
2026-06-03 05:26:45 | INFO | Epoch 14 | batch 1500/1829 | loss=1.0406 | giou=0.4660 | bbox=0.0359 | ce=0.0363 | aux_giou=0.0000 | aux_bbox=0.0000 | aux_ce=0.0000 | mask=1692 | aux_mask=1678 | pos=179 | targets=179 | preds=351 | centerness=[-6.265, 1.123] | train_seen=3000
2026-06-03 05:28:32 | INFO | Epoch 14 | batch 1550/1829 | loss=0.7936 | giou=0.3375 | bbox=0.0463 | ce=0.0362 | aux_giou=0.0000 | aux_bbox=0.0000 | aux_ce=0.0000 | mask=1325 | aux_mask=1427 | pos=181 | targets=181 | preds=182 | centerness=[-7.763, 1.252] | train_seen=3100
2026-06-03 05:30:18 | INFO | Epoch 14 | batch 1600/1829 | loss=0.7396 | giou=0.3299 | bbox=0.0366 | ce=0.0216 | aux_giou=0.0000 | aux_bbox=0.0000 | aux_ce=0.0000 | mask=2236 | aux_mask=1741 | pos=180 | targets=180 | preds=219 | centerness=[-5.200, 1.087] | train_seen=3200
2026-06-03 05:32:04 | INFO | Epoch 14 | batch 1650/1829 | loss=0.7466 | giou=0.3372 | bbox=0.0414 | ce=0.0154 | aux_giou=0.0000 | aux_bbox=0.0000 | aux_ce=0.0000 | mask=1662 | aux_mask=1482 | pos=72 | targets=72 | preds=156 | centerness=[-6.289, 0.827] | train_seen=3300
2026-06-03 05:33:51 | INFO | Epoch 14 | batch 1700/1829 | loss=0.8671 | giou=0.3609 | bbox=0.0357 | ce=0.0076 | aux_giou=0.0461 | aux_bbox=0.0016 | aux_ce=0.0003 | mask=1444 | aux_mask=1466 | pos=22 | targets=22 | preds=54 | centerness=[-8.603, 1.090] | train_seen=3400
2026-06-03 05:35:37 | INFO | Epoch 14 | batch 1750/1829 | loss=0.5378 | giou=0.2347 | bbox=0.0502 | ce=0.0091 | aux_giou=0.0000 | aux_bbox=0.0000 | aux_ce=0.0000 | mask=1466 | aux_mask=1561 | pos=22 | targets=22 | preds=71 | centerness=[-9.187, 0.017] | train_seen=3500
2026-06-03 05:37:23 | INFO | Epoch 14 | batch 1800/1829 | loss=0.6851 | giou=0.3095 | bbox=0.0426 | ce=0.0118 | aux_giou=0.0000 | aux_bbox=0.0000 | aux_ce=0.0000 | mask=1116 | aux_mask=1491 | pos=28 | targets=28 | preds=48 | centerness=[-9.401, 0.698] | train_seen=3600
2026-06-03 05:58:01 | INFO | Epoch 14 | train_loss=0.875 | val_loss=1.163 | train_mae=40.847 | val_mae=24.190 | val_rmse=62.54 | test_mae=25.453 | test_rmse=110.49 | time=5061.649s | best_rmse
2026-06-03 05:59:47 | INFO | Epoch 15 | batch 50/1829 | loss=0.7628 | giou=0.3586 | bbox=0.0270 | ce=0.0093 | aux_giou=0.0000 | aux_bbox=0.0000 | aux_ce=0.0000 | mask=1103 | aux_mask=1147 | pos=49 | targets=49 | preds=40 | centerness=[-7.984, 0.658] | train_seen=100
2026-06-03 06:01:33 | INFO | Epoch 15 | batch 100/1829 | loss=0.9976 | giou=0.4202 | bbox=0.0266 | ce=0.0188 | aux_giou=0.0444 | aux_bbox=0.0019 | aux_ce=0.0013 | mask=1702 | aux_mask=1400 | pos=29 | targets=29 | preds=285 | centerness=[-5.947, 0.779] | train_seen=200
2026-06-03 06:03:19 | INFO | Epoch 15 | batch 150/1829 | loss=0.6646 | giou=0.2875 | bbox=0.0398 | ce=0.0249 | aux_giou=0.0000 | aux_bbox=0.0000 | aux_ce=0.0000 | mask=1207 | aux_mask=1195 | pos=123 | targets=123 | preds=159 | centerness=[-8.275, 0.631] | train_seen=300
2026-06-03 06:05:06 | INFO | Epoch 15 | batch 200/1829 | loss=0.4732 | giou=0.2032 | bbox=0.0500 | ce=0.0084 | aux_giou=0.0000 | aux_bbox=0.0000 | aux_ce=0.0000 | mask=1332 | aux_mask=1703 | pos=20 | targets=20 | preds=38 | centerness=[-8.623, 0.419] | train_seen=400
2026-06-03 06:06:52 | INFO | Epoch 15 | batch 250/1829 | loss=0.6977 | giou=0.2972 | bbox=0.0729 | ce=0.0152 | aux_giou=0.0000 | aux_bbox=0.0000 | aux_ce=0.0000 | mask=1563 | aux_mask=1492 | pos=38 | targets=38 | preds=67 | centerness=[-7.963, 0.732] | train_seen=500
2026-06-03 06:08:38 | INFO | Epoch 15 | batch 300/1829 | loss=0.8218 | giou=0.3686 | bbox=0.0607 | ce=0.0119 | aux_giou=0.0000 | aux_bbox=0.0000 | aux_ce=0.0000 | mask=1687 | aux_mask=1533 | pos=29 | targets=29 | preds=141 | centerness=[-7.644, 0.043] | train_seen=600
2026-06-03 06:10:25 | INFO | Epoch 15 | batch 350/1829 | loss=0.7416 | giou=0.3170 | bbox=0.0534 | ce=0.0271 | aux_giou=0.0000 | aux_bbox=0.0000 | aux_ce=0.0000 | mask=944 | aux_mask=1007 | pos=53 | targets=53 | preds=79 | centerness=[-9.256, 1.289] | train_seen=700
2026-06-03 06:12:11 | INFO | Epoch 15 | batch 400/1829 | loss=0.4647 | giou=0.2100 | bbox=0.0270 | ce=0.0088 | aux_giou=0.0000 | aux_bbox=0.0000 | aux_ce=0.0000 | mask=1176 | aux_mask=1121 | pos=49 | targets=49 | preds=53 | centerness=[-9.182, 0.667] | train_seen=800
2026-06-03 06:13:58 | INFO | Epoch 15 | batch 450/1829 | loss=0.6697 | giou=0.2973 | bbox=0.0491 | ce=0.0130 | aux_giou=0.0000 | aux_bbox=0.0000 | aux_ce=0.0000 | mask=1995 | aux_mask=1817 | pos=40 | targets=40 | preds=158 | centerness=[-12.355, 0.164] | train_seen=900
2026-06-03 06:15:44 | INFO | Epoch 15 | batch 500/1829 | loss=0.7866 | giou=0.3510 | bbox=0.0555 | ce=0.0145 | aux_giou=0.0000 | aux_bbox=0.0000 | aux_ce=0.0000 | mask=2284 | aux_mask=2221 | pos=51 | targets=51 | preds=254 | centerness=[-10.528, -0.173] | train_seen=1000
2026-06-03 06:17:30 | INFO | Epoch 15 | batch 550/1829 | loss=0.7724 | giou=0.3588 | bbox=0.0384 | ce=0.0082 | aux_giou=0.0000 | aux_bbox=0.0000 | aux_ce=0.0000 | mask=1378 | aux_mask=1486 | pos=28 | targets=28 | preds=55 | centerness=[-9.176, 1.135] | train_seen=1100
2026-06-03 06:19:16 | INFO | Epoch 15 | batch 600/1829 | loss=0.8697 | giou=0.3882 | bbox=0.0314 | ce=0.0309 | aux_giou=0.0000 | aux_bbox=0.0000 | aux_ce=0.0000 | mask=1671 | aux_mask=1557 | pos=204 | targets=204 | preds=210 | centerness=[-9.841, 1.014] | train_seen=1200
2026-06-03 06:21:03 | INFO | Epoch 15 | batch 650/1829 | loss=0.5261 | giou=0.2422 | bbox=0.0283 | ce=0.0067 | aux_giou=0.0000 | aux_bbox=0.0000 | aux_ce=0.0000 | mask=1136 | aux_mask=1356 | pos=25 | targets=25 | preds=30 | centerness=[-12.833, 0.771] | train_seen=1300
2026-06-03 06:22:49 | INFO | Epoch 15 | batch 700/1829 | loss=0.8430 | giou=0.3757 | bbox=0.0305 | ce=0.0306 | aux_giou=0.0000 | aux_bbox=0.0000 | aux_ce=0.0000 | mask=1481 | aux_mask=1330 | pos=182 | targets=182 | preds=175 | centerness=[-10.868, 1.420] | train_seen=1400
2026-06-03 06:24:35 | INFO | Epoch 15 | batch 750/1829 | loss=1.0403 | giou=0.4827 | bbox=0.0362 | ce=0.0193 | aux_giou=0.0000 | aux_bbox=0.0000 | aux_ce=0.0000 | mask=1839 | aux_mask=1540 | pos=45 | targets=45 | preds=296 | centerness=[-9.328, 0.222] | train_seen=1500
2026-06-03 06:26:21 | INFO | Epoch 15 | batch 800/1829 | loss=0.5650 | giou=0.2512 | bbox=0.0362 | ce=0.0132 | aux_giou=0.0000 | aux_bbox=0.0000 | aux_ce=0.0000 | mask=1900 | aux_mask=1627 | pos=83 | targets=83 | preds=92 | centerness=[-14.152, 0.813] | train_seen=1600
2026-06-03 06:28:08 | INFO | Epoch 15 | batch 850/1829 | loss=0.8522 | giou=0.3841 | bbox=0.0508 | ce=0.0166 | aux_giou=0.0000 | aux_bbox=0.0000 | aux_ce=0.0000 | mask=1539 | aux_mask=1862 | pos=70 | targets=70 | preds=112 | centerness=[-8.147, 0.637] | train_seen=1700
2026-06-03 06:29:54 | INFO | Epoch 15 | batch 900/1829 | loss=0.8921 | giou=0.4002 | bbox=0.0514 | ce=0.0202 | aux_giou=0.0000 | aux_bbox=0.0000 | aux_ce=0.0000 | mask=1661 | aux_mask=1577 | pos=67 | targets=67 | preds=155 | centerness=[-8.995, 1.565] | train_seen=1800
2026-06-03 06:31:40 | INFO | Epoch 15 | batch 950/1829 | loss=0.6707 | giou=0.2953 | bbox=0.0317 | ce=0.0242 | aux_giou=0.0000 | aux_bbox=0.0000 | aux_ce=0.0000 | mask=1551 | aux_mask=1551 | pos=102 | targets=102 | preds=113 | centerness=[-15.816, 0.476] | train_seen=1900
2026-06-03 06:33:27 | INFO | Epoch 15 | batch 1000/1829 | loss=0.7380 | giou=0.3415 | bbox=0.0412 | ce=0.0069 | aux_giou=0.0000 | aux_bbox=0.0000 | aux_ce=0.0000 | mask=1390 | aux_mask=1450 | pos=31 | targets=31 | preds=29 | centerness=[-13.888, 0.814] | train_seen=2000
2026-06-03 06:35:13 | INFO | Epoch 15 | batch 1050/1829 | loss=0.9173 | giou=0.3660 | bbox=0.0388 | ce=0.0732 | aux_giou=0.0000 | aux_bbox=0.0000 | aux_ce=0.0000 | mask=1842 | aux_mask=1661 | pos=340 | targets=340 | preds=336 | centerness=[-11.740, 1.096] | train_seen=2100
2026-06-03 06:36:59 | INFO | Epoch 15 | batch 1100/1829 | loss=0.6773 | giou=0.3010 | bbox=0.0468 | ce=0.0143 | aux_giou=0.0000 | aux_bbox=0.0000 | aux_ce=0.0000 | mask=2042 | aux_mask=1886 | pos=76 | targets=76 | preds=96 | centerness=[-15.678, 0.425] | train_seen=2200
2026-06-03 06:38:46 | INFO | Epoch 15 | batch 1150/1829 | loss=1.0676 | giou=0.4217 | bbox=0.0338 | ce=0.0278 | aux_giou=0.0569 | aux_bbox=0.0030 | aux_ce=0.0090 | mask=3056 | aux_mask=2417 | pos=196 | targets=196 | preds=596 | centerness=[-5.669, 1.275] | train_seen=2300
2026-06-03 06:40:32 | INFO | Epoch 15 | batch 1200/1829 | loss=0.8339 | giou=0.3695 | bbox=0.0716 | ce=0.0117 | aux_giou=0.0000 | aux_bbox=0.0000 | aux_ce=0.0000 | mask=1011 | aux_mask=1176 | pos=40 | targets=40 | preds=59 | centerness=[-10.320, 0.666] | train_seen=2400
2026-06-03 06:42:18 | INFO | Epoch 15 | batch 1250/1829 | loss=0.7739 | giou=0.3337 | bbox=0.0365 | ce=0.0351 | aux_giou=0.0000 | aux_bbox=0.0000 | aux_ce=0.0000 | mask=2105 | aux_mask=1951 | pos=244 | targets=244 | preds=296 | centerness=[-5.828, 0.844] | train_seen=2500
2026-06-03 06:44:05 | INFO | Epoch 15 | batch 1300/1829 | loss=1.2364 | giou=0.5205 | bbox=0.0289 | ce=0.0290 | aux_giou=0.0493 | aux_bbox=0.0063 | aux_ce=0.0018 | mask=1750 | aux_mask=1643 | pos=192 | targets=192 | preds=398 | centerness=[-7.361, 0.330] | train_seen=2600
2026-06-03 06:45:51 | INFO | Epoch 15 | batch 1350/1829 | loss=1.3286 | giou=0.5834 | bbox=0.0222 | ce=0.0130 | aux_giou=0.0543 | aux_bbox=0.0030 | aux_ce=0.0009 | mask=1936 | aux_mask=1813 | pos=103 | targets=103 | preds=272 | centerness=[-7.265, 2.067] | train_seen=2700
2026-06-03 06:47:37 | INFO | Epoch 15 | batch 1400/1829 | loss=1.1820 | giou=0.4436 | bbox=0.1237 | ce=0.0248 | aux_giou=0.0508 | aux_bbox=0.0121 | aux_ce=0.0039 | mask=1752 | aux_mask=1803 | pos=112 | targets=112 | preds=70 | centerness=[-11.874, 0.979] | train_seen=2800
2026-06-03 06:49:23 | INFO | Epoch 15 | batch 1450/1829 | loss=1.3497 | giou=0.4911 | bbox=0.0257 | ce=0.0231 | aux_giou=0.1366 | aux_bbox=0.0082 | aux_ce=0.0072 | mask=1777 | aux_mask=1578 | pos=516 | targets=516 | preds=738 | centerness=[-7.111, 0.944] | train_seen=2900
2026-06-03 06:51:10 | INFO | Epoch 15 | batch 1500/1829 | loss=0.5570 | giou=0.2405 | bbox=0.0546 | ce=0.0106 | aux_giou=0.0000 | aux_bbox=0.0000 | aux_ce=0.0000 | mask=1139 | aux_mask=1163 | pos=31 | targets=31 | preds=44 | centerness=[-9.873, 0.878] | train_seen=3000
2026-06-03 06:52:56 | INFO | Epoch 15 | batch 1550/1829 | loss=0.7623 | giou=0.3301 | bbox=0.0366 | ce=0.0328 | aux_giou=0.0000 | aux_bbox=0.0000 | aux_ce=0.0000 | mask=1230 | aux_mask=1147 | pos=105 | targets=105 | preds=116 | centerness=[-6.221, 0.079] | train_seen=3100
2026-06-03 06:54:43 | INFO | Epoch 15 | batch 1600/1829 | loss=0.8625 | giou=0.3501 | bbox=0.0310 | ce=0.0200 | aux_giou=0.0428 | aux_bbox=0.0021 | aux_ce=0.0019 | mask=1224 | aux_mask=1196 | pos=86 | targets=86 | preds=239 | centerness=[-6.673, 1.007] | train_seen=3200
2026-06-03 06:56:29 | INFO | Epoch 15 | batch 1650/1829 | loss=0.9738 | giou=0.4363 | bbox=0.0340 | ce=0.0336 | aux_giou=0.0000 | aux_bbox=0.0000 | aux_ce=0.0000 | mask=1691 | aux_mask=1396 | pos=138 | targets=138 | preds=256 | centerness=[-6.350, 0.642] | train_seen=3300
2026-06-03 06:58:15 | INFO | Epoch 15 | batch 1700/1829 | loss=0.8107 | giou=0.3610 | bbox=0.0620 | ce=0.0133 | aux_giou=0.0000 | aux_bbox=0.0000 | aux_ce=0.0000 | mask=1676 | aux_mask=1635 | pos=56 | targets=56 | preds=53 | centerness=[-9.744, 0.866] | train_seen=3400
2026-06-03 07:00:01 | INFO | Epoch 15 | batch 1750/1829 | loss=0.9003 | giou=0.4038 | bbox=0.0540 | ce=0.0194 | aux_giou=0.0000 | aux_bbox=0.0000 | aux_ce=0.0000 | mask=1355 | aux_mask=1416 | pos=46 | targets=46 | preds=91 | centerness=[-11.088, 0.694] | train_seen=3500
2026-06-03 07:01:48 | INFO | Epoch 15 | batch 1800/1829 | loss=0.5979 | giou=0.2640 | bbox=0.0371 | ce=0.0164 | aux_giou=0.0000 | aux_bbox=0.0000 | aux_ce=0.0000 | mask=1322 | aux_mask=1659 | pos=63 | targets=63 | preds=85 | centerness=[-9.281, 0.586] | train_seen=3600
2026-06-03 07:22:25 | INFO | Epoch 15 | train_loss=0.875 | val_loss=1.057 | train_mae=40.129 | val_mae=33.950 | val_rmse=74.95 | test_mae=34.866 | test_rmse=110.68 | time=5062.263s
2026-06-03 07:24:11 | INFO | Epoch 16 | batch 50/1829 | loss=0.9861 | giou=0.4506 | bbox=0.0361 | ce=0.0244 | aux_giou=0.0000 | aux_bbox=0.0000 | aux_ce=0.0000 | mask=2862 | aux_mask=2288 | pos=344 | targets=344 | preds=281 | centerness=[-4.615, 1.183] | train_seen=100
2026-06-03 07:25:58 | INFO | Epoch 16 | batch 100/1829 | loss=1.0083 | giou=0.4600 | bbox=0.0504 | ce=0.0190 | aux_giou=0.0000 | aux_bbox=0.0000 | aux_ce=0.0000 | mask=1676 | aux_mask=1542 | pos=75 | targets=75 | preds=137 | centerness=[-6.763, 0.185] | train_seen=200
2026-06-03 07:27:44 | INFO | Epoch 16 | batch 150/1829 | loss=0.6253 | giou=0.2724 | bbox=0.0485 | ce=0.0160 | aux_giou=0.0000 | aux_bbox=0.0000 | aux_ce=0.0000 | mask=1287 | aux_mask=1494 | pos=41 | targets=41 | preds=38 | centerness=[-7.718, 0.981] | train_seen=300
2026-06-03 07:29:30 | INFO | Epoch 16 | batch 200/1829 | loss=0.7872 | giou=0.3534 | bbox=0.0357 | ce=0.0224 | aux_giou=0.0000 | aux_bbox=0.0000 | aux_ce=0.0000 | mask=1808 | aux_mask=1591 | pos=57 | targets=57 | preds=286 | centerness=[-6.772, 0.786] | train_seen=400
2026-06-03 07:31:17 | INFO | Epoch 16 | batch 250/1829 | loss=0.8600 | giou=0.3646 | bbox=0.0301 | ce=0.0503 | aux_giou=0.0000 | aux_bbox=0.0000 | aux_ce=0.0000 | mask=1686 | aux_mask=1463 | pos=323 | targets=323 | preds=550 | centerness=[-10.934, 1.120] | train_seen=500
2026-06-03 07:33:03 | INFO | Epoch 16 | batch 300/1829 | loss=1.1610 | giou=0.4929 | bbox=0.1188 | ce=0.0282 | aux_giou=0.0000 | aux_bbox=0.0000 | aux_ce=0.0000 | mask=2144 | aux_mask=2107 | pos=168 | targets=168 | preds=179 | centerness=[-7.095, 0.607] | train_seen=600
2026-06-03 07:34:49 | INFO | Epoch 16 | batch 350/1829 | loss=0.8416 | giou=0.3634 | bbox=0.0643 | ce=0.0252 | aux_giou=0.0000 | aux_bbox=0.0000 | aux_ce=0.0000 | mask=2471 | aux_mask=2625 | pos=169 | targets=169 | preds=336 | centerness=[-11.315, 0.980] | train_seen=700
2026-06-03 07:36:36 | INFO | Epoch 16 | batch 400/1829 | loss=1.3157 | giou=0.5699 | bbox=0.0295 | ce=0.0261 | aux_giou=0.0463 | aux_bbox=0.0016 | aux_ce=0.0001 | mask=1209 | aux_mask=1596 | pos=123 | targets=123 | preds=153 | centerness=[-8.374, 1.528] | train_seen=800
2026-06-03 07:38:22 | INFO | Epoch 16 | batch 450/1829 | loss=1.0967 | giou=0.4829 | bbox=0.0925 | ce=0.0192 | aux_giou=0.0000 | aux_bbox=0.0000 | aux_ce=0.0000 | mask=2159 | aux_mask=1956 | pos=91 | targets=91 | preds=161 | centerness=[-8.467, 0.942] | train_seen=900
2026-06-03 07:40:08 | INFO | Epoch 16 | batch 500/1829 | loss=0.8291 | giou=0.3738 | bbox=0.0403 | ce=0.0206 | aux_giou=0.0000 | aux_bbox=0.0000 | aux_ce=0.0000 | mask=1846 | aux_mask=1767 | pos=119 | targets=119 | preds=89 | centerness=[-10.573, 1.008] | train_seen=1000
2026-06-03 07:41:55 | INFO | Epoch 16 | batch 550/1829 | loss=0.6379 | giou=0.2855 | bbox=0.0365 | ce=0.0152 | aux_giou=0.0000 | aux_bbox=0.0000 | aux_ce=0.0000 | mask=1550 | aux_mask=1379 | pos=119 | targets=119 | preds=120 | centerness=[-6.852, 1.233] | train_seen=1100
2026-06-03 07:43:41 | INFO | Epoch 16 | batch 600/1829 | loss=0.5910 | giou=0.2628 | bbox=0.0337 | ce=0.0159 | aux_giou=0.0000 | aux_bbox=0.0000 | aux_ce=0.0000 | mask=1674 | aux_mask=1315 | pos=108 | targets=108 | preds=116 | centerness=[-9.478, 1.578] | train_seen=1200
2026-06-03 07:45:27 | INFO | Epoch 16 | batch 650/1829 | loss=0.8049 | giou=0.3593 | bbox=0.0261 | ce=0.0301 | aux_giou=0.0000 | aux_bbox=0.0000 | aux_ce=0.0000 | mask=1339 | aux_mask=1380 | pos=120 | targets=120 | preds=108 | centerness=[-8.791, 0.915] | train_seen=1300
2026-06-03 07:47:14 | INFO | Epoch 16 | batch 700/1829 | loss=0.8521 | giou=0.3437 | bbox=0.0421 | ce=0.0160 | aux_giou=0.0402 | aux_bbox=0.0036 | aux_ce=0.0033 | mask=1665 | aux_mask=1552 | pos=84 | targets=84 | preds=264 | centerness=[-6.844, 0.080] | train_seen=1400
2026-06-03 07:49:00 | INFO | Epoch 16 | batch 750/1829 | loss=0.9028 | giou=0.4068 | bbox=0.0380 | ce=0.0256 | aux_giou=0.0000 | aux_bbox=0.0000 | aux_ce=0.0000 | mask=2461 | aux_mask=1890 | pos=248 | targets=248 | preds=233 | centerness=[-8.828, 0.915] | train_seen=1500
2026-06-03 07:50:47 | INFO | Epoch 16 | batch 800/1829 | loss=0.8439 | giou=0.3808 | bbox=0.0311 | ce=0.0255 | aux_giou=0.0000 | aux_bbox=0.0000 | aux_ce=0.0000 | mask=1870 | aux_mask=1808 | pos=55 | targets=55 | preds=260 | centerness=[-6.137, 1.112] | train_seen=1600
2026-06-03 07:52:34 | INFO | Epoch 16 | batch 850/1829 | loss=0.8042 | giou=0.3677 | bbox=0.0499 | ce=0.0094 | aux_giou=0.0000 | aux_bbox=0.0000 | aux_ce=0.0000 | mask=1648 | aux_mask=1268 | pos=56 | targets=56 | preds=76 | centerness=[-11.990, 1.025] | train_seen=1700
2026-06-03 07:54:20 | INFO | Epoch 16 | batch 900/1829 | loss=0.9897 | giou=0.3948 | bbox=0.0490 | ce=0.0266 | aux_giou=0.0430 | aux_bbox=0.0064 | aux_ce=0.0027 | mask=2384 | aux_mask=2022 | pos=196 | targets=196 | preds=259 | centerness=[-6.397, 0.456] | train_seen=1800
2026-06-03 07:56:06 | INFO | Epoch 16 | batch 950/1829 | loss=0.9150 | giou=0.3686 | bbox=0.0615 | ce=0.0268 | aux_giou=0.0265 | aux_bbox=0.0040 | aux_ce=0.0029 | mask=1516 | aux_mask=1347 | pos=112 | targets=112 | preds=273 | centerness=[-10.847, 1.524] | train_seen=1900
2026-06-03 07:57:52 | INFO | Epoch 16 | batch 1000/1829 | loss=0.8621 | giou=0.3644 | bbox=0.0195 | ce=0.0178 | aux_giou=0.0362 | aux_bbox=0.0013 | aux_ce=0.0023 | mask=2037 | aux_mask=1655 | pos=68 | targets=68 | preds=180 | centerness=[-13.569, 1.266] | train_seen=2000
2026-06-03 07:59:39 | INFO | Epoch 16 | batch 1050/1829 | loss=1.2013 | giou=0.5058 | bbox=0.0421 | ce=0.0738 | aux_giou=0.0000 | aux_bbox=0.0000 | aux_ce=0.0000 | mask=1509 | aux_mask=1575 | pos=360 | targets=360 | preds=181 | centerness=[-8.003, 0.814] | train_seen=2100
2026-06-03 08:01:25 | INFO | Epoch 16 | batch 1100/1829 | loss=0.8031 | giou=0.3637 | bbox=0.0560 | ce=0.0099 | aux_giou=0.0000 | aux_bbox=0.0000 | aux_ce=0.0000 | mask=1450 | aux_mask=1403 | pos=24 | targets=24 | preds=57 | centerness=[-13.988, 1.329] | train_seen=2200
2026-06-03 08:03:12 | INFO | Epoch 16 | batch 1150/1829 | loss=0.6545 | giou=0.2955 | bbox=0.0400 | ce=0.0118 | aux_giou=0.0000 | aux_bbox=0.0000 | aux_ce=0.0000 | mask=1638 | aux_mask=1575 | pos=82 | targets=82 | preds=96 | centerness=[-11.526, 1.851] | train_seen=2300
2026-06-03 08:04:58 | INFO | Epoch 16 | batch 1200/1829 | loss=0.7226 | giou=0.2885 | bbox=0.0281 | ce=0.0220 | aux_giou=0.0307 | aux_bbox=0.0023 | aux_ce=0.0049 | mask=2365 | aux_mask=2039 | pos=324 | targets=324 | preds=310 | centerness=[-10.528, 0.854] | train_seen=2400
2026-06-03 08:06:44 | INFO | Epoch 16 | batch 1250/1829 | loss=1.1526 | giou=0.4764 | bbox=0.0377 | ce=0.0811 | aux_giou=0.0000 | aux_bbox=0.0000 | aux_ce=0.0000 | mask=1344 | aux_mask=1151 | pos=244 | targets=244 | preds=534 | centerness=[-12.385, 0.871] | train_seen=2500
2026-06-03 08:08:31 | INFO | Epoch 16 | batch 1300/1829 | loss=0.5984 | giou=0.2617 | bbox=0.0442 | ce=0.0154 | aux_giou=0.0000 | aux_bbox=0.0000 | aux_ce=0.0000 | mask=1529 | aux_mask=1500 | pos=44 | targets=44 | preds=77 | centerness=[-21.230, 0.261] | train_seen=2600
2026-06-03 08:10:17 | INFO | Epoch 16 | batch 1350/1829 | loss=0.6652 | giou=0.2896 | bbox=0.0446 | ce=0.0207 | aux_giou=0.0000 | aux_bbox=0.0000 | aux_ce=0.0000 | mask=1207 | aux_mask=1148 | pos=58 | targets=58 | preds=98 | centerness=[-19.606, 1.125] | train_seen=2700
2026-06-03 08:12:04 | INFO | Epoch 16 | batch 1400/1829 | loss=0.8134 | giou=0.3400 | bbox=0.0197 | ce=0.0054 | aux_giou=0.0491 | aux_bbox=0.0021 | aux_ce=0.0012 | mask=2022 | aux_mask=2002 | pos=68 | targets=68 | preds=77 | centerness=[-10.700, 4.024] | train_seen=2800
2026-06-03 08:13:50 | INFO | Epoch 16 | batch 1450/1829 | loss=0.7183 | giou=0.3166 | bbox=0.0700 | ce=0.0076 | aux_giou=0.0000 | aux_bbox=0.0000 | aux_ce=0.0000 | mask=1837 | aux_mask=1659 | pos=38 | targets=38 | preds=48 | centerness=[-20.535, 0.327] | train_seen=2900
2026-06-03 08:15:36 | INFO | Epoch 16 | batch 1500/1829 | loss=0.6196 | giou=0.2754 | bbox=0.0416 | ce=0.0136 | aux_giou=0.0000 | aux_bbox=0.0000 | aux_ce=0.0000 | mask=1411 | aux_mask=1406 | pos=41 | targets=41 | preds=54 | centerness=[-16.265, 0.974] | train_seen=3000
2026-06-03 08:17:23 | INFO | Epoch 16 | batch 1550/1829 | loss=1.0732 | giou=0.4461 | bbox=0.0407 | ce=0.0121 | aux_giou=0.0563 | aux_bbox=0.0019 | aux_ce=0.0008 | mask=1740 | aux_mask=1784 | pos=84 | targets=84 | preds=118 | centerness=[-9.652, 1.177] | train_seen=3100
2026-06-03 08:19:09 | INFO | Epoch 16 | batch 1600/1829 | loss=1.1005 | giou=0.4625 | bbox=0.0332 | ce=0.0203 | aux_giou=0.0484 | aux_bbox=0.0026 | aux_ce=0.0012 | mask=1133 | aux_mask=1034 | pos=150 | targets=150 | preds=156 | centerness=[-6.098, 0.648] | train_seen=3200
2026-06-03 08:20:55 | INFO | Epoch 16 | batch 1650/1829 | loss=0.6396 | giou=0.2791 | bbox=0.0442 | ce=0.0186 | aux_giou=0.0000 | aux_bbox=0.0000 | aux_ce=0.0000 | mask=1598 | aux_mask=1338 | pos=96 | targets=96 | preds=90 | centerness=[-13.500, 1.130] | train_seen=3300
2026-06-03 08:22:41 | INFO | Epoch 16 | batch 1700/1829 | loss=0.7458 | giou=0.3343 | bbox=0.0551 | ce=0.0110 | aux_giou=0.0000 | aux_bbox=0.0000 | aux_ce=0.0000 | mask=1909 | aux_mask=1973 | pos=55 | targets=55 | preds=84 | centerness=[-13.679, 0.631] | train_seen=3400
2026-06-03 08:24:28 | INFO | Epoch 16 | batch 1750/1829 | loss=1.3536 | giou=0.6056 | bbox=0.0680 | ce=0.0372 | aux_giou=0.0000 | aux_bbox=0.0000 | aux_ce=0.0000 | mask=1947 | aux_mask=1636 | pos=209 | targets=209 | preds=273 | centerness=[-8.731, 1.001] | train_seen=3500
2026-06-03 08:26:14 | INFO | Epoch 16 | batch 1800/1829 | loss=0.7946 | giou=0.3549 | bbox=0.0523 | ce=0.0162 | aux_giou=0.0000 | aux_bbox=0.0000 | aux_ce=0.0000 | mask=1667 | aux_mask=1606 | pos=44 | targets=44 | preds=63 | centerness=[-12.994, 0.539] | train_seen=3600
2026-06-03 08:46:50 | INFO | Epoch 16 | train_loss=0.857 | val_loss=1.001 | train_mae=38.883 | val_mae=30.148 | val_rmse=68.63 | test_mae=35.737 | test_rmse=120.99 | time=5063.543s
2026-06-03 08:48:37 | INFO | Epoch 17 | batch 50/1829 | loss=1.0219 | giou=0.4197 | bbox=0.0377 | ce=0.0240 | aux_giou=0.0419 | aux_bbox=0.0026 | aux_ce=0.0053 | mask=1854 | aux_mask=1696 | pos=150 | targets=150 | preds=237 | centerness=[-9.162, 0.810] | train_seen=100
2026-06-03 08:50:23 | INFO | Epoch 17 | batch 100/1829 | loss=0.7498 | giou=0.3294 | bbox=0.0393 | ce=0.0258 | aux_giou=0.0000 | aux_bbox=0.0000 | aux_ce=0.0000 | mask=1646 | aux_mask=1446 | pos=108 | targets=108 | preds=149 | centerness=[-11.223, 0.744] | train_seen=200
2026-06-03 08:52:09 | INFO | Epoch 17 | batch 150/1829 | loss=0.6556 | giou=0.3014 | bbox=0.0227 | ce=0.0151 | aux_giou=0.0000 | aux_bbox=0.0000 | aux_ce=0.0000 | mask=2301 | aux_mask=2049 | pos=101 | targets=101 | preds=170 | centerness=[-7.087, 1.029] | train_seen=300
2026-06-03 08:53:56 | INFO | Epoch 17 | batch 200/1829 | loss=0.7830 | giou=0.3597 | bbox=0.0322 | ce=0.0157 | aux_giou=0.0000 | aux_bbox=0.0000 | aux_ce=0.0000 | mask=1415 | aux_mask=1479 | pos=83 | targets=83 | preds=134 | centerness=[-5.902, 0.825] | train_seen=400
2026-06-03 08:55:42 | INFO | Epoch 17 | batch 250/1829 | loss=1.1194 | giou=0.4894 | bbox=0.0217 | ce=0.0138 | aux_giou=0.0438 | aux_bbox=0.0018 | aux_ce=0.0009 | mask=1697 | aux_mask=1917 | pos=126 | targets=126 | preds=236 | centerness=[-7.281, 1.405] | train_seen=500
2026-06-03 08:57:28 | INFO | Epoch 17 | batch 300/1829 | loss=0.8608 | giou=0.3549 | bbox=0.0202 | ce=0.0040 | aux_giou=0.0598 | aux_bbox=0.0022 | aux_ce=0.0007 | mask=1890 | aux_mask=1658 | pos=97 | targets=97 | preds=99 | centerness=[-7.106, 2.133] | train_seen=600
2026-06-03 08:59:15 | INFO | Epoch 17 | batch 350/1829 | loss=0.7689 | giou=0.3540 | bbox=0.0301 | ce=0.0155 | aux_giou=0.0000 | aux_bbox=0.0000 | aux_ce=0.0000 | mask=1565 | aux_mask=1418 | pos=43 | targets=43 | preds=85 | centerness=[-10.029, 1.030] | train_seen=700
2026-06-03 09:01:01 | INFO | Epoch 17 | batch 400/1829 | loss=0.6192 | giou=0.2697 | bbox=0.0473 | ce=0.0163 | aux_giou=0.0000 | aux_bbox=0.0000 | aux_ce=0.0000 | mask=965 | aux_mask=1175 | pos=62 | targets=62 | preds=65 | centerness=[-14.893, 1.309] | train_seen=800
2026-06-03 09:02:48 | INFO | Epoch 17 | batch 450/1829 | loss=1.1706 | giou=0.4672 | bbox=0.0313 | ce=0.0389 | aux_giou=0.0557 | aux_bbox=0.0035 | aux_ce=0.0062 | mask=2227 | aux_mask=1790 | pos=102 | targets=102 | preds=664 | centerness=[-5.732, 0.908] | train_seen=900
2026-06-03 09:04:34 | INFO | Epoch 17 | batch 500/1829 | loss=1.1655 | giou=0.4828 | bbox=0.0532 | ce=0.0215 | aux_giou=0.0489 | aux_bbox=0.0031 | aux_ce=0.0014 | mask=2097 | aux_mask=1866 | pos=139 | targets=139 | preds=89 | centerness=[-8.258, 1.281] | train_seen=1000
2026-06-03 09:06:20 | INFO | Epoch 17 | batch 550/1829 | loss=1.0148 | giou=0.4153 | bbox=0.0363 | ce=0.0304 | aux_giou=0.0389 | aux_bbox=0.0023 | aux_ce=0.0036 | mask=1576 | aux_mask=1392 | pos=202 | targets=202 | preds=335 | centerness=[-10.814, 1.327] | train_seen=1100
2026-06-03 09:08:06 | INFO | Epoch 17 | batch 600/1829 | loss=0.8004 | giou=0.3653 | bbox=0.0301 | ce=0.0199 | aux_giou=0.0000 | aux_bbox=0.0000 | aux_ce=0.0000 | mask=1456 | aux_mask=1214 | pos=129 | targets=129 | preds=179 | centerness=[-10.208, 0.916] | train_seen=1200
2026-06-03 09:09:52 | INFO | Epoch 17 | batch 650/1829 | loss=0.8719 | giou=0.3971 | bbox=0.0336 | ce=0.0221 | aux_giou=0.0000 | aux_bbox=0.0000 | aux_ce=0.0000 | mask=2073 | aux_mask=1729 | pos=162 | targets=162 | preds=174 | centerness=[-9.315, 1.778] | train_seen=1300
2026-06-03 09:11:38 | INFO | Epoch 17 | batch 700/1829 | loss=1.2156 | giou=0.5281 | bbox=0.0604 | ce=0.0495 | aux_giou=0.0000 | aux_bbox=0.0000 | aux_ce=0.0000 | mask=1962 | aux_mask=1988 | pos=871 | targets=871 | preds=519 | centerness=[-8.594, 1.582] | train_seen=1400
2026-06-03 09:13:25 | INFO | Epoch 17 | batch 750/1829 | loss=0.7779 | giou=0.3434 | bbox=0.0403 | ce=0.0254 | aux_giou=0.0000 | aux_bbox=0.0000 | aux_ce=0.0000 | mask=2223 | aux_mask=1853 | pos=106 | targets=106 | preds=181 | centerness=[-10.259, 0.847] | train_seen=1500
2026-06-03 09:15:11 | INFO | Epoch 17 | batch 800/1829 | loss=0.7066 | giou=0.3088 | bbox=0.0457 | ce=0.0217 | aux_giou=0.0000 | aux_bbox=0.0000 | aux_ce=0.0000 | mask=2222 | aux_mask=2136 | pos=122 | targets=122 | preds=272 | centerness=[-15.459, 1.377] | train_seen=1600
2026-06-03 09:16:57 | INFO | Epoch 17 | batch 850/1829 | loss=0.6073 | giou=0.2693 | bbox=0.0486 | ce=0.0101 | aux_giou=0.0000 | aux_bbox=0.0000 | aux_ce=0.0000 | mask=2073 | aux_mask=1942 | pos=70 | targets=70 | preds=58 | centerness=[-11.816, 0.340] | train_seen=1700
2026-06-03 09:18:43 | INFO | Epoch 17 | batch 900/1829 | loss=1.1043 | giou=0.4725 | bbox=0.1025 | ce=0.0284 | aux_giou=0.0000 | aux_bbox=0.0000 | aux_ce=0.0000 | mask=1739 | aux_mask=1787 | pos=114 | targets=114 | preds=104 | centerness=[-7.582, 0.278] | train_seen=1800
2026-06-03 09:20:29 | INFO | Epoch 17 | batch 950/1829 | loss=0.6881 | giou=0.3033 | bbox=0.0440 | ce=0.0187 | aux_giou=0.0000 | aux_bbox=0.0000 | aux_ce=0.0000 | mask=972 | aux_mask=1107 | pos=57 | targets=57 | preds=39 | centerness=[-11.401, 0.770] | train_seen=1900
2026-06-03 09:22:16 | INFO | Epoch 17 | batch 1000/1829 | loss=0.5961 | giou=0.2661 | bbox=0.0520 | ce=0.0059 | aux_giou=0.0000 | aux_bbox=0.0000 | aux_ce=0.0000 | mask=2287 | aux_mask=1907 | pos=24 | targets=24 | preds=45 | centerness=[-9.839, 0.244] | train_seen=2000
2026-06-03 09:24:02 | INFO | Epoch 17 | batch 1050/1829 | loss=0.8114 | giou=0.3750 | bbox=0.0286 | ce=0.0164 | aux_giou=0.0000 | aux_bbox=0.0000 | aux_ce=0.0000 | mask=2197 | aux_mask=1824 | pos=100 | targets=100 | preds=494 | centerness=[-6.049, 0.596] | train_seen=2100
2026-06-03 09:25:48 | INFO | Epoch 17 | batch 1100/1829 | loss=0.5489 | giou=0.2406 | bbox=0.0415 | ce=0.0131 | aux_giou=0.0000 | aux_bbox=0.0000 | aux_ce=0.0000 | mask=1790 | aux_mask=1721 | pos=58 | targets=58 | preds=25 | centerness=[-13.959, 0.763] | train_seen=2200
2026-06-03 09:27:34 | INFO | Epoch 17 | batch 1150/1829 | loss=0.8576 | giou=0.3746 | bbox=0.0455 | ce=0.0314 | aux_giou=0.0000 | aux_bbox=0.0000 | aux_ce=0.0000 | mask=1642 | aux_mask=1606 | pos=167 | targets=167 | preds=113 | centerness=[-10.487, 1.123] | train_seen=2300
2026-06-03 09:29:20 | INFO | Epoch 17 | batch 1200/1829 | loss=0.7489 | giou=0.3204 | bbox=0.0248 | ce=0.0416 | aux_giou=0.0000 | aux_bbox=0.0000 | aux_ce=0.0000 | mask=1899 | aux_mask=1592 | pos=259 | targets=259 | preds=170 | centerness=[-5.807, 1.194] | train_seen=2400
2026-06-03 09:31:06 | INFO | Epoch 17 | batch 1250/1829 | loss=1.0392 | giou=0.4153 | bbox=0.0310 | ce=0.0390 | aux_giou=0.0452 | aux_bbox=0.0029 | aux_ce=0.0032 | mask=2782 | aux_mask=2111 | pos=215 | targets=215 | preds=681 | centerness=[-8.428, 0.940] | train_seen=2500
2026-06-03 09:32:52 | INFO | Epoch 17 | batch 1300/1829 | loss=0.6774 | giou=0.2986 | bbox=0.0513 | ce=0.0145 | aux_giou=0.0000 | aux_bbox=0.0000 | aux_ce=0.0000 | mask=1010 | aux_mask=1214 | pos=61 | targets=61 | preds=51 | centerness=[-14.896, 0.760] | train_seen=2600
2026-06-03 09:34:38 | INFO | Epoch 17 | batch 1350/1829 | loss=0.6952 | giou=0.3003 | bbox=0.0473 | ce=0.0237 | aux_giou=0.0000 | aux_bbox=0.0000 | aux_ce=0.0000 | mask=1278 | aux_mask=1178 | pos=232 | targets=232 | preds=235 | centerness=[-9.162, 1.098] | train_seen=2700
2026-06-03 09:36:24 | INFO | Epoch 17 | batch 1400/1829 | loss=0.6147 | giou=0.2883 | bbox=0.0217 | ce=0.0082 | aux_giou=0.0000 | aux_bbox=0.0000 | aux_ce=0.0000 | mask=1338 | aux_mask=1418 | pos=34 | targets=34 | preds=45 | centerness=[-7.064, 0.304] | train_seen=2800
2026-06-03 09:38:10 | INFO | Epoch 17 | batch 1450/1829 | loss=0.5124 | giou=0.2216 | bbox=0.0560 | ce=0.0066 | aux_giou=0.0000 | aux_bbox=0.0000 | aux_ce=0.0000 | mask=1453 | aux_mask=1282 | pos=18 | targets=18 | preds=27 | centerness=[-11.800, -0.116] | train_seen=2900
2026-06-03 09:39:57 | INFO | Epoch 17 | batch 1500/1829 | loss=0.6521 | giou=0.3001 | bbox=0.0304 | ce=0.0108 | aux_giou=0.0000 | aux_bbox=0.0000 | aux_ce=0.0000 | mask=1648 | aux_mask=1451 | pos=61 | targets=61 | preds=94 | centerness=[-9.066, 1.273] | train_seen=3000
2026-06-03 09:41:43 | INFO | Epoch 17 | batch 1550/1829 | loss=0.9161 | giou=0.4242 | bbox=0.0487 | ce=0.0095 | aux_giou=0.0000 | aux_bbox=0.0000 | aux_ce=0.0000 | mask=1368 | aux_mask=1376 | pos=40 | targets=40 | preds=66 | centerness=[-5.707, 2.134] | train_seen=3100
2026-06-03 09:43:29 | INFO | Epoch 17 | batch 1600/1829 | loss=0.9043 | giou=0.3991 | bbox=0.0802 | ce=0.0130 | aux_giou=0.0000 | aux_bbox=0.0000 | aux_ce=0.0000 | mask=1506 | aux_mask=1627 | pos=62 | targets=62 | preds=46 | centerness=[-15.832, 0.696] | train_seen=3200
2026-06-03 09:45:15 | INFO | Epoch 17 | batch 1650/1829 | loss=0.6973 | giou=0.3117 | bbox=0.0389 | ce=0.0175 | aux_giou=0.0000 | aux_bbox=0.0000 | aux_ce=0.0000 | mask=1814 | aux_mask=1400 | pos=179 | targets=179 | preds=158 | centerness=[-7.216, 1.334] | train_seen=3300
2026-06-03 09:47:01 | INFO | Epoch 17 | batch 1700/1829 | loss=0.8437 | giou=0.3669 | bbox=0.0784 | ce=0.0157 | aux_giou=0.0000 | aux_bbox=0.0000 | aux_ce=0.0000 | mask=1397 | aux_mask=1313 | pos=36 | targets=36 | preds=71 | centerness=[-9.796, -0.422] | train_seen=3400
2026-06-03 09:48:47 | INFO | Epoch 17 | batch 1750/1829 | loss=1.1553 | giou=0.4834 | bbox=0.0289 | ce=0.0381 | aux_giou=0.0395 | aux_bbox=0.0017 | aux_ce=0.0014 | mask=1891 | aux_mask=1666 | pos=377 | targets=377 | preds=344 | centerness=[-6.208, 1.288] | train_seen=3500
2026-06-03 09:50:33 | INFO | Epoch 17 | batch 1800/1829 | loss=0.6752 | giou=0.3104 | bbox=0.0346 | ce=0.0099 | aux_giou=0.0000 | aux_bbox=0.0000 | aux_ce=0.0000 | mask=2024 | aux_mask=1418 | pos=56 | targets=56 | preds=91 | centerness=[-6.788, 0.862] | train_seen=3600
2026-06-03 10:11:07 | INFO | Epoch 17 | train_loss=0.824 | val_loss=1.028 | train_mae=35.976 | val_mae=24.386 | val_rmse=60.29 | test_mae=25.579 | test_rmse=107.29 | time=5053.564s | best_rmse
2026-06-03 10:12:53 | INFO | Epoch 18 | batch 50/1829 | loss=1.7019 | giou=0.6279 | bbox=0.2447 | ce=0.0204 | aux_giou=0.0620 | aux_bbox=0.0148 | aux_ce=0.0109 | mask=1367 | aux_mask=1308 | pos=47 | targets=47 | preds=64 | centerness=[-10.358, 0.333] | train_seen=100
2026-06-03 10:14:39 | INFO | Epoch 18 | batch 100/1829 | loss=1.2217 | giou=0.5645 | bbox=0.0367 | ce=0.0280 | aux_giou=0.0000 | aux_bbox=0.0000 | aux_ce=0.0000 | mask=2100 | aux_mask=1922 | pos=431 | targets=431 | preds=563 | centerness=[-6.064, 1.230] | train_seen=200
2026-06-03 10:16:25 | INFO | Epoch 18 | batch 150/1829 | loss=1.1052 | giou=0.4425 | bbox=0.0529 | ce=0.0396 | aux_giou=0.0371 | aux_bbox=0.0061 | aux_ce=0.0038 | mask=1420 | aux_mask=1564 | pos=130 | targets=130 | preds=274 | centerness=[-9.529, 1.060] | train_seen=300
2026-06-03 10:18:11 | INFO | Epoch 18 | batch 200/1829 | loss=0.7510 | giou=0.3452 | bbox=0.0360 | ce=0.0123 | aux_giou=0.0000 | aux_bbox=0.0000 | aux_ce=0.0000 | mask=1600 | aux_mask=1425 | pos=29 | targets=29 | preds=111 | centerness=[-7.900, 0.704] | train_seen=400
2026-06-03 10:19:58 | INFO | Epoch 18 | batch 250/1829 | loss=0.6738 | giou=0.3018 | bbox=0.0539 | ce=0.0082 | aux_giou=0.0000 | aux_bbox=0.0000 | aux_ce=0.0000 | mask=1715 | aux_mask=1655 | pos=28 | targets=28 | preds=32 | centerness=[-9.984, 0.330] | train_seen=500
2026-06-03 10:21:44 | INFO | Epoch 18 | batch 300/1829 | loss=1.6338 | giou=0.6660 | bbox=0.1314 | ce=0.0315 | aux_giou=0.0486 | aux_bbox=0.0019 | aux_ce=0.0041 | mask=2472 | aux_mask=1992 | pos=272 | targets=272 | preds=454 | centerness=[-7.273, 0.276] | train_seen=600
2026-06-03 10:23:30 | INFO | Epoch 18 | batch 350/1829 | loss=0.9382 | giou=0.4082 | bbox=0.0636 | ce=0.0290 | aux_giou=0.0000 | aux_bbox=0.0000 | aux_ce=0.0000 | mask=2370 | aux_mask=1864 | pos=140 | targets=140 | preds=228 | centerness=[-8.401, 1.001] | train_seen=700
2026-06-03 10:25:16 | INFO | Epoch 18 | batch 400/1829 | loss=0.6644 | giou=0.3026 | bbox=0.0302 | ce=0.0145 | aux_giou=0.0000 | aux_bbox=0.0000 | aux_ce=0.0000 | mask=1555 | aux_mask=1505 | pos=57 | targets=57 | preds=82 | centerness=[-8.471, 1.260] | train_seen=800
2026-06-03 10:27:02 | INFO | Epoch 18 | batch 450/1829 | loss=0.8601 | giou=0.4045 | bbox=0.0207 | ce=0.0152 | aux_giou=0.0000 | aux_bbox=0.0000 | aux_ce=0.0000 | mask=1431 | aux_mask=1466 | pos=28 | targets=28 | preds=272 | centerness=[-7.629, 1.039] | train_seen=900
2026-06-03 10:28:48 | INFO | Epoch 18 | batch 500/1829 | loss=0.6305 | giou=0.2825 | bbox=0.0420 | ce=0.0118 | aux_giou=0.0000 | aux_bbox=0.0000 | aux_ce=0.0000 | mask=1510 | aux_mask=1383 | pos=26 | targets=26 | preds=82 | centerness=[-14.845, 0.827] | train_seen=1000
2026-06-03 10:30:34 | INFO | Epoch 18 | batch 550/1829 | loss=0.8970 | giou=0.4159 | bbox=0.0409 | ce=0.0122 | aux_giou=0.0000 | aux_bbox=0.0000 | aux_ce=0.0000 | mask=1884 | aux_mask=1417 | pos=91 | targets=91 | preds=164 | centerness=[-8.727, 1.023] | train_seen=1100
2026-06-03 10:32:21 | INFO | Epoch 18 | batch 600/1829 | loss=0.7270 | giou=0.3306 | bbox=0.0284 | ce=0.0187 | aux_giou=0.0000 | aux_bbox=0.0000 | aux_ce=0.0000 | mask=1545 | aux_mask=1427 | pos=114 | targets=114 | preds=110 | centerness=[-8.007, 1.115] | train_seen=1200
2026-06-03 10:34:07 | INFO | Epoch 18 | batch 650/1829 | loss=0.8643 | giou=0.4006 | bbox=0.0398 | ce=0.0116 | aux_giou=0.0000 | aux_bbox=0.0000 | aux_ce=0.0000 | mask=1467 | aux_mask=1442 | pos=24 | targets=24 | preds=105 | centerness=[-10.338, 0.222] | train_seen=1300
2026-06-03 10:35:53 | INFO | Epoch 18 | batch 700/1829 | loss=0.6361 | giou=0.2758 | bbox=0.0548 | ce=0.0148 | aux_giou=0.0000 | aux_bbox=0.0000 | aux_ce=0.0000 | mask=1562 | aux_mask=1665 | pos=58 | targets=58 | preds=47 | centerness=[-14.813, 0.460] | train_seen=1400
2026-06-03 10:37:39 | INFO | Epoch 18 | batch 750/1829 | loss=0.8482 | giou=0.3708 | bbox=0.0194 | ce=0.0096 | aux_giou=0.0319 | aux_bbox=0.0011 | aux_ce=0.0016 | mask=1393 | aux_mask=1449 | pos=37 | targets=37 | preds=76 | centerness=[-7.521, 1.009] | train_seen=1500
2026-06-03 10:39:25 | INFO | Epoch 18 | batch 800/1829 | loss=0.8353 | giou=0.3680 | bbox=0.0263 | ce=0.0364 | aux_giou=0.0000 | aux_bbox=0.0000 | aux_ce=0.0000 | mask=2452 | aux_mask=1853 | pos=712 | targets=712 | preds=629 | centerness=[-8.032, 1.956] | train_seen=1600
2026-06-03 10:41:11 | INFO | Epoch 18 | batch 850/1829 | loss=0.6110 | giou=0.2868 | bbox=0.0250 | ce=0.0062 | aux_giou=0.0000 | aux_bbox=0.0000 | aux_ce=0.0000 | mask=1117 | aux_mask=1415 | pos=42 | targets=42 | preds=60 | centerness=[-10.793, 0.848] | train_seen=1700
2026-06-03 10:42:58 | INFO | Epoch 18 | batch 900/1829 | loss=0.9150 | giou=0.4168 | bbox=0.0339 | ce=0.0238 | aux_giou=0.0000 | aux_bbox=0.0000 | aux_ce=0.0000 | mask=1726 | aux_mask=1447 | pos=91 | targets=91 | preds=103 | centerness=[-7.075, 2.313] | train_seen=1800
2026-06-03 10:44:44 | INFO | Epoch 18 | batch 950/1829 | loss=0.9579 | giou=0.4361 | bbox=0.0315 | ce=0.0271 | aux_giou=0.0000 | aux_bbox=0.0000 | aux_ce=0.0000 | mask=2383 | aux_mask=1792 | pos=37 | targets=37 | preds=496 | centerness=[-8.963, 0.952] | train_seen=1900
2026-06-03 10:46:30 | INFO | Epoch 18 | batch 1000/1829 | loss=0.7701 | giou=0.3432 | bbox=0.0396 | ce=0.0221 | aux_giou=0.0000 | aux_bbox=0.0000 | aux_ce=0.0000 | mask=2264 | aux_mask=1970 | pos=136 | targets=136 | preds=93 | centerness=[-9.030, 1.079] | train_seen=2000
2026-06-03 10:48:16 | INFO | Epoch 18 | batch 1050/1829 | loss=0.7319 | giou=0.3262 | bbox=0.0387 | ce=0.0204 | aux_giou=0.0000 | aux_bbox=0.0000 | aux_ce=0.0000 | mask=2393 | aux_mask=2151 | pos=99 | targets=99 | preds=117 | centerness=[-7.701, 1.148] | train_seen=2100
2026-06-03 10:50:02 | INFO | Epoch 18 | batch 1100/1829 | loss=0.9144 | giou=0.4142 | bbox=0.0354 | ce=0.0254 | aux_giou=0.0000 | aux_bbox=0.0000 | aux_ce=0.0000 | mask=2341 | aux_mask=1956 | pos=86 | targets=86 | preds=194 | centerness=[-5.874, 1.172] | train_seen=2200
2026-06-03 10:51:48 | INFO | Epoch 18 | batch 1150/1829 | loss=0.6103 | giou=0.2654 | bbox=0.0467 | ce=0.0164 | aux_giou=0.0000 | aux_bbox=0.0000 | aux_ce=0.0000 | mask=1751 | aux_mask=1633 | pos=47 | targets=47 | preds=25 | centerness=[-14.337, 0.626] | train_seen=2300
2026-06-03 10:53:35 | INFO | Epoch 18 | batch 1200/1829 | loss=0.6722 | giou=0.3059 | bbox=0.0349 | ce=0.0128 | aux_giou=0.0000 | aux_bbox=0.0000 | aux_ce=0.0000 | mask=2121 | aux_mask=1949 | pos=33 | targets=33 | preds=255 | centerness=[-14.807, 0.445] | train_seen=2400
2026-06-03 10:55:21 | INFO | Epoch 18 | batch 1250/1829 | loss=1.7004 | giou=0.6154 | bbox=0.0663 | ce=0.1032 | aux_giou=0.0791 | aux_bbox=0.0134 | aux_ce=0.0127 | mask=2042 | aux_mask=1488 | pos=689 | targets=689 | preds=173 | centerness=[-7.160, 0.931] | train_seen=2500
2026-06-03 10:57:07 | INFO | Epoch 18 | batch 1300/1829 | loss=0.7683 | giou=0.3308 | bbox=0.0916 | ce=0.0075 | aux_giou=0.0000 | aux_bbox=0.0000 | aux_ce=0.0000 | mask=1745 | aux_mask=1756 | pos=18 | targets=18 | preds=36 | centerness=[-16.667, 0.406] | train_seen=2600
2026-06-03 10:58:53 | INFO | Epoch 18 | batch 1350/1829 | loss=0.7282 | giou=0.3337 | bbox=0.0305 | ce=0.0151 | aux_giou=0.0000 | aux_bbox=0.0000 | aux_ce=0.0000 | mask=2137 | aux_mask=1859 | pos=64 | targets=64 | preds=259 | centerness=[-11.215, 1.384] | train_seen=2700
2026-06-03 11:00:39 | INFO | Epoch 18 | batch 1400/1829 | loss=1.1897 | giou=0.4811 | bbox=0.0484 | ce=0.0368 | aux_giou=0.0485 | aux_bbox=0.0021 | aux_ce=0.0032 | mask=1527 | aux_mask=1267 | pos=84 | targets=84 | preds=478 | centerness=[-13.819, 0.528] | train_seen=2800
2026-06-03 11:02:26 | INFO | Epoch 18 | batch 1450/1829 | loss=1.0101 | giou=0.4196 | bbox=0.0390 | ce=0.0196 | aux_giou=0.0433 | aux_bbox=0.0021 | aux_ce=0.0020 | mask=2019 | aux_mask=1742 | pos=75 | targets=75 | preds=88 | centerness=[-17.017, 0.911] | train_seen=2900
2026-06-03 11:04:12 | INFO | Epoch 18 | batch 1500/1829 | loss=0.6256 | giou=0.2759 | bbox=0.0461 | ce=0.0138 | aux_giou=0.0000 | aux_bbox=0.0000 | aux_ce=0.0000 | mask=2177 | aux_mask=1902 | pos=71 | targets=71 | preds=61 | centerness=[-12.717, 1.374] | train_seen=3000
2026-06-03 11:05:58 | INFO | Epoch 18 | batch 1550/1829 | loss=0.7398 | giou=0.3099 | bbox=0.0344 | ce=0.0428 | aux_giou=0.0000 | aux_bbox=0.0000 | aux_ce=0.0000 | mask=2005 | aux_mask=1627 | pos=292 | targets=292 | preds=343 | centerness=[-13.358, 0.450] | train_seen=3100
2026-06-03 11:07:44 | INFO | Epoch 18 | batch 1600/1829 | loss=1.1305 | giou=0.4398 | bbox=0.0597 | ce=0.0370 | aux_giou=0.0506 | aux_bbox=0.0040 | aux_ce=0.0060 | mask=3011 | aux_mask=2511 | pos=508 | targets=508 | preds=479 | centerness=[-13.205, 0.367] | train_seen=3200
2026-06-03 11:09:30 | INFO | Epoch 18 | batch 1650/1829 | loss=0.5464 | giou=0.2415 | bbox=0.0439 | ce=0.0097 | aux_giou=0.0000 | aux_bbox=0.0000 | aux_ce=0.0000 | mask=1458 | aux_mask=1657 | pos=29 | targets=29 | preds=50 | centerness=[-14.962, 0.361] | train_seen=3300
2026-06-03 11:11:16 | INFO | Epoch 18 | batch 1700/1829 | loss=0.6643 | giou=0.2971 | bbox=0.0419 | ce=0.0141 | aux_giou=0.0000 | aux_bbox=0.0000 | aux_ce=0.0000 | mask=1986 | aux_mask=1957 | pos=67 | targets=67 | preds=127 | centerness=[-7.019, 0.031] | train_seen=3400
2026-06-03 11:13:04 | INFO | Epoch 18 | batch 1750/1829 | loss=0.9154 | giou=0.4039 | bbox=0.0433 | ce=0.0321 | aux_giou=0.0000 | aux_bbox=0.0000 | aux_ce=0.0000 | mask=1296 | aux_mask=1271 | pos=127 | targets=127 | preds=95 | centerness=[-10.009, 0.920] | train_seen=3500
2026-06-03 11:14:51 | INFO | Epoch 18 | batch 1800/1829 | loss=0.8396 | giou=0.3807 | bbox=0.0406 | ce=0.0188 | aux_giou=0.0000 | aux_bbox=0.0000 | aux_ce=0.0000 | mask=1713 | aux_mask=1539 | pos=122 | targets=122 | preds=180 | centerness=[-11.370, 0.389] | train_seen=3600
2026-06-03 11:35:34 | INFO | Epoch 18 | train_loss=0.814 | val_loss=0.977 | train_mae=37.473 | val_mae=31.589 | val_rmse=73.56 | test_mae=31.499 | test_rmse=106.53 | time=5064.916s
2026-06-03 11:37:20 | INFO | Epoch 19 | batch 50/1829 | loss=0.6940 | giou=0.3143 | bbox=0.0300 | ce=0.0177 | aux_giou=0.0000 | aux_bbox=0.0000 | aux_ce=0.0000 | mask=2341 | aux_mask=1853 | pos=86 | targets=86 | preds=178 | centerness=[-6.899, 1.232] | train_seen=100
2026-06-03 11:39:06 | INFO | Epoch 19 | batch 100/1829 | loss=0.6994 | giou=0.3221 | bbox=0.0320 | ce=0.0116 | aux_giou=0.0000 | aux_bbox=0.0000 | aux_ce=0.0000 | mask=2509 | aux_mask=1921 | pos=67 | targets=67 | preds=116 | centerness=[-11.846, 0.639] | train_seen=200
2026-06-03 11:40:53 | INFO | Epoch 19 | batch 150/1829 | loss=0.7028 | giou=0.3124 | bbox=0.0458 | ce=0.0161 | aux_giou=0.0000 | aux_bbox=0.0000 | aux_ce=0.0000 | mask=1863 | aux_mask=1723 | pos=103 | targets=103 | preds=89 | centerness=[-10.790, 1.113] | train_seen=300
2026-06-03 11:42:39 | INFO | Epoch 19 | batch 200/1829 | loss=0.7747 | giou=0.3230 | bbox=0.0280 | ce=0.0102 | aux_giou=0.0365 | aux_bbox=0.0053 | aux_ce=0.0010 | mask=1530 | aux_mask=1550 | pos=52 | targets=52 | preds=51 | centerness=[-9.030, 1.831] | train_seen=400
2026-06-03 11:44:25 | INFO | Epoch 19 | batch 250/1829 | loss=0.8155 | giou=0.3589 | bbox=0.0322 | ce=0.0328 | aux_giou=0.0000 | aux_bbox=0.0000 | aux_ce=0.0000 | mask=1957 | aux_mask=1763 | pos=116 | targets=116 | preds=374 | centerness=[-10.738, 0.596] | train_seen=500
2026-06-03 11:46:11 | INFO | Epoch 19 | batch 300/1829 | loss=0.7288 | giou=0.3407 | bbox=0.0244 | ce=0.0115 | aux_giou=0.0000 | aux_bbox=0.0000 | aux_ce=0.0000 | mask=2383 | aux_mask=1941 | pos=36 | targets=36 | preds=115 | centerness=[-8.818, 1.914] | train_seen=600
2026-06-03 11:47:57 | INFO | Epoch 19 | batch 350/1829 | loss=0.8842 | giou=0.4076 | bbox=0.0549 | ce=0.0070 | aux_giou=0.0000 | aux_bbox=0.0000 | aux_ce=0.0000 | mask=2724 | aux_mask=2277 | pos=69 | targets=69 | preds=50 | centerness=[-8.911, 0.913] | train_seen=700
2026-06-03 11:49:43 | INFO | Epoch 19 | batch 400/1829 | loss=0.7694 | giou=0.3582 | bbox=0.0362 | ce=0.0084 | aux_giou=0.0000 | aux_bbox=0.0000 | aux_ce=0.0000 | mask=1899 | aux_mask=1893 | pos=42 | targets=42 | preds=29 | centerness=[-14.059, 1.352] | train_seen=800
2026-06-03 11:51:29 | INFO | Epoch 19 | batch 450/1829 | loss=0.7910 | giou=0.3450 | bbox=0.0528 | ce=0.0242 | aux_giou=0.0000 | aux_bbox=0.0000 | aux_ce=0.0000 | mask=1488 | aux_mask=1549 | pos=161 | targets=161 | preds=199 | centerness=[-6.999, 0.656] | train_seen=900
2026-06-03 11:53:15 | INFO | Epoch 19 | batch 500/1829 | loss=0.5873 | giou=0.2748 | bbox=0.0303 | ce=0.0037 | aux_giou=0.0000 | aux_bbox=0.0000 | aux_ce=0.0000 | mask=1239 | aux_mask=1305 | pos=21 | targets=21 | preds=23 | centerness=[-12.570, 0.479] | train_seen=1000
2026-06-03 11:55:01 | INFO | Epoch 19 | batch 550/1829 | loss=0.5934 | giou=0.2707 | bbox=0.0271 | ce=0.0125 | aux_giou=0.0000 | aux_bbox=0.0000 | aux_ce=0.0000 | mask=1856 | aux_mask=1813 | pos=32 | targets=32 | preds=94 | centerness=[-9.399, 1.332] | train_seen=1100
2026-06-03 11:56:47 | INFO | Epoch 19 | batch 600/1829 | loss=0.8039 | giou=0.3523 | bbox=0.0339 | ce=0.0327 | aux_giou=0.0000 | aux_bbox=0.0000 | aux_ce=0.0000 | mask=1692 | aux_mask=1641 | pos=166 | targets=166 | preds=187 | centerness=[-15.440, 1.126] | train_seen=1200
2026-06-03 11:58:33 | INFO | Epoch 19 | batch 650/1829 | loss=0.8612 | giou=0.3596 | bbox=0.0553 | ce=0.0094 | aux_giou=0.0320 | aux_bbox=0.0021 | aux_ce=0.0008 | mask=1528 | aux_mask=1487 | pos=49 | targets=49 | preds=65 | centerness=[-8.570, 1.027] | train_seen=1300
2026-06-03 12:00:19 | INFO | Epoch 19 | batch 700/1829 | loss=0.8552 | giou=0.3764 | bbox=0.0266 | ce=0.0379 | aux_giou=0.0000 | aux_bbox=0.0000 | aux_ce=0.0000 | mask=3191 | aux_mask=2692 | pos=377 | targets=377 | preds=459 | centerness=[-10.529, 1.623] | train_seen=1400
2026-06-03 12:02:06 | INFO | Epoch 19 | batch 750/1829 | loss=0.7392 | giou=0.3216 | bbox=0.0404 | ce=0.0278 | aux_giou=0.0000 | aux_bbox=0.0000 | aux_ce=0.0000 | mask=1767 | aux_mask=1364 | pos=287 | targets=287 | preds=183 | centerness=[-9.865, 2.292] | train_seen=1500
2026-06-03 12:03:52 | INFO | Epoch 19 | batch 800/1829 | loss=0.9460 | giou=0.4328 | bbox=0.0555 | ce=0.0124 | aux_giou=0.0000 | aux_bbox=0.0000 | aux_ce=0.0000 | mask=1569 | aux_mask=1500 | pos=45 | targets=45 | preds=68 | centerness=[-18.470, 0.837] | train_seen=1600
2026-06-03 12:05:38 | INFO | Epoch 19 | batch 850/1829 | loss=0.7333 | giou=0.3358 | bbox=0.0256 | ce=0.0180 | aux_giou=0.0000 | aux_bbox=0.0000 | aux_ce=0.0000 | mask=2006 | aux_mask=1752 | pos=152 | targets=152 | preds=179 | centerness=[-15.193, 1.270] | train_seen=1700
2026-06-03 12:07:25 | INFO | Epoch 19 | batch 900/1829 | loss=0.5297 | giou=0.2378 | bbox=0.0268 | ce=0.0136 | aux_giou=0.0000 | aux_bbox=0.0000 | aux_ce=0.0000 | mask=2321 | aux_mask=1913 | pos=102 | targets=102 | preds=83 | centerness=[-9.604, 1.180] | train_seen=1800
2026-06-03 12:09:11 | INFO | Epoch 19 | batch 950/1829 | loss=0.7306 | giou=0.3269 | bbox=0.0512 | ce=0.0127 | aux_giou=0.0000 | aux_bbox=0.0000 | aux_ce=0.0000 | mask=1852 | aux_mask=1730 | pos=68 | targets=68 | preds=117 | centerness=[-15.401, 0.319] | train_seen=1900
2026-06-03 12:10:57 | INFO | Epoch 19 | batch 1000/1829 | loss=1.6069 | giou=0.6091 | bbox=0.0317 | ce=0.0700 | aux_giou=0.0932 | aux_bbox=0.0054 | aux_ce=0.0126 | mask=4244 | aux_mask=3646 | pos=1716 | targets=1716 | preds=1462 | centerness=[-10.700, 0.330] | train_seen=2000
2026-06-03 12:12:43 | INFO | Epoch 19 | batch 1050/1829 | loss=0.7342 | giou=0.3192 | bbox=0.0424 | ce=0.0267 | aux_giou=0.0000 | aux_bbox=0.0000 | aux_ce=0.0000 | mask=1312 | aux_mask=1244 | pos=94 | targets=94 | preds=65 | centerness=[-15.644, -0.046] | train_seen=2100
2026-06-03 12:14:29 | INFO | Epoch 19 | batch 1100/1829 | loss=0.8903 | giou=0.3581 | bbox=0.0281 | ce=0.0259 | aux_giou=0.0430 | aux_bbox=0.0023 | aux_ce=0.0030 | mask=2518 | aux_mask=1977 | pos=237 | targets=237 | preds=229 | centerness=[-16.866, 1.154] | train_seen=2200
2026-06-03 12:16:15 | INFO | Epoch 19 | batch 1150/1829 | loss=0.7586 | giou=0.3413 | bbox=0.0391 | ce=0.0185 | aux_giou=0.0000 | aux_bbox=0.0000 | aux_ce=0.0000 | mask=2509 | aux_mask=2068 | pos=168 | targets=168 | preds=178 | centerness=[-21.871, 1.225] | train_seen=2300
2026-06-03 12:18:02 | INFO | Epoch 19 | batch 1200/1829 | loss=0.8060 | giou=0.3789 | bbox=0.0358 | ce=0.0062 | aux_giou=0.0000 | aux_bbox=0.0000 | aux_ce=0.0000 | mask=1262 | aux_mask=1601 | pos=23 | targets=23 | preds=17 | centerness=[-19.080, 0.248] | train_seen=2400
2026-06-03 12:19:48 | INFO | Epoch 19 | batch 1250/1829 | loss=0.7628 | giou=0.3364 | bbox=0.0573 | ce=0.0163 | aux_giou=0.0000 | aux_bbox=0.0000 | aux_ce=0.0000 | mask=1686 | aux_mask=1468 | pos=89 | targets=89 | preds=111 | centerness=[-17.826, 0.752] | train_seen=2500
2026-06-03 12:21:34 | INFO | Epoch 19 | batch 1300/1829 | loss=0.8317 | giou=0.3831 | bbox=0.0320 | ce=0.0168 | aux_giou=0.0000 | aux_bbox=0.0000 | aux_ce=0.0000 | mask=1729 | aux_mask=1581 | pos=87 | targets=87 | preds=76 | centerness=[-12.254, 1.652] | train_seen=2600
2026-06-03 12:23:20 | INFO | Epoch 19 | batch 1350/1829 | loss=0.9417 | giou=0.3919 | bbox=0.0299 | ce=0.0270 | aux_giou=0.0341 | aux_bbox=0.0014 | aux_ce=0.0022 | mask=1823 | aux_mask=1518 | pos=78 | targets=78 | preds=256 | centerness=[-10.308, 1.235] | train_seen=2700
2026-06-03 12:25:06 | INFO | Epoch 19 | batch 1400/1829 | loss=0.8561 | giou=0.4013 | bbox=0.0322 | ce=0.0107 | aux_giou=0.0000 | aux_bbox=0.0000 | aux_ce=0.0000 | mask=1936 | aux_mask=1757 | pos=68 | targets=68 | preds=83 | centerness=[-12.037, 1.051] | train_seen=2800
2026-06-03 12:26:52 | INFO | Epoch 19 | batch 1450/1829 | loss=0.7699 | giou=0.3319 | bbox=0.0494 | ce=0.0284 | aux_giou=0.0000 | aux_bbox=0.0000 | aux_ce=0.0000 | mask=1701 | aux_mask=1593 | pos=101 | targets=101 | preds=124 | centerness=[-25.734, -0.053] | train_seen=2900
2026-06-03 12:28:38 | INFO | Epoch 19 | batch 1500/1829 | loss=0.5564 | giou=0.2455 | bbox=0.0480 | ce=0.0087 | aux_giou=0.0000 | aux_bbox=0.0000 | aux_ce=0.0000 | mask=2135 | aux_mask=2066 | pos=52 | targets=52 | preds=79 | centerness=[-11.985, 0.612] | train_seen=3000
2026-06-03 12:30:24 | INFO | Epoch 19 | batch 1550/1829 | loss=0.7554 | giou=0.3515 | bbox=0.0245 | ce=0.0139 | aux_giou=0.0000 | aux_bbox=0.0000 | aux_ce=0.0000 | mask=2001 | aux_mask=1825 | pos=68 | targets=68 | preds=154 | centerness=[-14.560, 1.122] | train_seen=3100
2026-06-03 12:32:10 | INFO | Epoch 19 | batch 1600/1829 | loss=0.5890 | giou=0.2632 | bbox=0.0424 | ce=0.0101 | aux_giou=0.0000 | aux_bbox=0.0000 | aux_ce=0.0000 | mask=1509 | aux_mask=1639 | pos=26 | targets=26 | preds=57 | centerness=[-16.704, 0.453] | train_seen=3200
2026-06-03 12:33:57 | INFO | Epoch 19 | batch 1650/1829 | loss=0.4618 | giou=0.2043 | bbox=0.0283 | ce=0.0124 | aux_giou=0.0000 | aux_bbox=0.0000 | aux_ce=0.0000 | mask=1948 | aux_mask=1683 | pos=81 | targets=81 | preds=45 | centerness=[-18.851, 1.228] | train_seen=3300
2026-06-03 12:35:43 | INFO | Epoch 19 | batch 1700/1829 | loss=1.1303 | giou=0.4614 | bbox=0.0451 | ce=0.0250 | aux_giou=0.0510 | aux_bbox=0.0025 | aux_ce=0.0039 | mask=1821 | aux_mask=1911 | pos=258 | targets=258 | preds=203 | centerness=[-20.185, 1.173] | train_seen=3400
2026-06-03 12:37:29 | INFO | Epoch 19 | batch 1750/1829 | loss=1.0584 | giou=0.4415 | bbox=0.0263 | ce=0.0224 | aux_giou=0.0487 | aux_bbox=0.0036 | aux_ce=0.0016 | mask=2395 | aux_mask=1746 | pos=192 | targets=192 | preds=151 | centerness=[-8.587, 1.087] | train_seen=3500
2026-06-03 12:39:15 | INFO | Epoch 19 | batch 1800/1829 | loss=0.7079 | giou=0.3006 | bbox=0.0571 | ce=0.0248 | aux_giou=0.0000 | aux_bbox=0.0000 | aux_ce=0.0000 | mask=1430 | aux_mask=1410 | pos=101 | targets=101 | preds=73 | centerness=[-33.996, 0.345] | train_seen=3600
2026-06-03 12:59:49 | INFO | Epoch 19 | train_loss=0.808 | val_loss=0.993 | train_mae=33.942 | val_mae=22.308 | val_rmse=59.65 | test_mae=22.519 | test_rmse=105.08 | time=5050.871s | best_rmse
2026-06-03 13:01:35 | INFO | Epoch 20 | batch 50/1829 | loss=0.8337 | giou=0.3797 | bbox=0.0317 | ce=0.0212 | aux_giou=0.0000 | aux_bbox=0.0000 | aux_ce=0.0000 | mask=1660 | aux_mask=1641 | pos=200 | targets=200 | preds=181 | centerness=[-9.362, 1.780] | train_seen=100
2026-06-03 13:03:21 | INFO | Epoch 20 | batch 100/1829 | loss=0.5908 | giou=0.2468 | bbox=0.0285 | ce=0.0344 | aux_giou=0.0000 | aux_bbox=0.0000 | aux_ce=0.0000 | mask=2372 | aux_mask=2346 | pos=213 | targets=213 | preds=186 | centerness=[-21.811, 0.394] | train_seen=200
2026-06-03 13:05:07 | INFO | Epoch 20 | batch 150/1829 | loss=1.1649 | giou=0.5274 | bbox=0.0282 | ce=0.0238 | aux_giou=0.0164 | aux_bbox=0.0006 | aux_ce=0.0004 | mask=1338 | aux_mask=1448 | pos=196 | targets=196 | preds=179 | centerness=[-7.302, 1.685] | train_seen=300
2026-06-03 13:06:53 | INFO | Epoch 20 | batch 200/1829 | loss=0.9562 | giou=0.4183 | bbox=0.0657 | ce=0.0270 | aux_giou=0.0000 | aux_bbox=0.0000 | aux_ce=0.0000 | mask=1817 | aux_mask=1580 | pos=189 | targets=189 | preds=128 | centerness=[-22.838, 1.510] | train_seen=400
2026-06-03 13:08:39 | INFO | Epoch 20 | batch 250/1829 | loss=0.7219 | giou=0.3246 | bbox=0.0584 | ce=0.0072 | aux_giou=0.0000 | aux_bbox=0.0000 | aux_ce=0.0000 | mask=2229 | aux_mask=1671 | pos=34 | targets=34 | preds=44 | centerness=[-14.483, 0.285] | train_seen=500
2026-06-03 13:10:26 | INFO | Epoch 20 | batch 300/1829 | loss=0.7542 | giou=0.3254 | bbox=0.0460 | ce=0.0287 | aux_giou=0.0000 | aux_bbox=0.0000 | aux_ce=0.0000 | mask=2303 | aux_mask=1978 | pos=244 | targets=244 | preds=385 | centerness=[-16.007, 1.227] | train_seen=600
2026-06-03 13:12:12 | INFO | Epoch 20 | batch 350/1829 | loss=0.6695 | giou=0.2904 | bbox=0.0344 | ce=0.0271 | aux_giou=0.0000 | aux_bbox=0.0000 | aux_ce=0.0000 | mask=1664 | aux_mask=1199 | pos=198 | targets=198 | preds=160 | centerness=[-16.476, 1.235] | train_seen=700
2026-06-03 13:13:58 | INFO | Epoch 20 | batch 400/1829 | loss=1.0412 | giou=0.4731 | bbox=0.0622 | ce=0.0164 | aux_giou=0.0000 | aux_bbox=0.0000 | aux_ce=0.0000 | mask=2012 | aux_mask=1622 | pos=78 | targets=78 | preds=118 | centerness=[-8.275, 1.857] | train_seen=800
2026-06-03 13:15:44 | INFO | Epoch 20 | batch 450/1829 | loss=0.8111 | giou=0.3707 | bbox=0.0335 | ce=0.0181 | aux_giou=0.0000 | aux_bbox=0.0000 | aux_ce=0.0000 | mask=1901 | aux_mask=1555 | pos=89 | targets=89 | preds=165 | centerness=[-12.316, 1.123] | train_seen=900
2026-06-03 13:17:30 | INFO | Epoch 20 | batch 500/1829 | loss=0.7554 | giou=0.3388 | bbox=0.0303 | ce=0.0237 | aux_giou=0.0000 | aux_bbox=0.0000 | aux_ce=0.0000 | mask=2001 | aux_mask=1669 | pos=173 | targets=173 | preds=174 | centerness=[-10.127, 0.751] | train_seen=1000
2026-06-03 13:19:16 | INFO | Epoch 20 | batch 550/1829 | loss=0.9177 | giou=0.3969 | bbox=0.0558 | ce=0.0340 | aux_giou=0.0000 | aux_bbox=0.0000 | aux_ce=0.0000 | mask=2241 | aux_mask=1976 | pos=292 | targets=292 | preds=248 | centerness=[-9.208, 1.526] | train_seen=1100
2026-06-03 13:21:02 | INFO | Epoch 20 | batch 600/1829 | loss=0.9504 | giou=0.3999 | bbox=0.0319 | ce=0.0594 | aux_giou=0.0000 | aux_bbox=0.0000 | aux_ce=0.0000 | mask=1810 | aux_mask=1804 | pos=483 | targets=483 | preds=316 | centerness=[-9.258, 0.904] | train_seen=1200
2026-06-03 13:22:49 | INFO | Epoch 20 | batch 650/1829 | loss=0.4206 | giou=0.1893 | bbox=0.0360 | ce=0.0030 | aux_giou=0.0000 | aux_bbox=0.0000 | aux_ce=0.0000 | mask=2604 | aux_mask=2240 | pos=26 | targets=26 | preds=32 | centerness=[-9.265, 1.121] | train_seen=1300
2026-06-03 13:24:35 | INFO | Epoch 20 | batch 700/1829 | loss=1.0984 | giou=0.4630 | bbox=0.0250 | ce=0.0221 | aux_giou=0.0481 | aux_bbox=0.0030 | aux_ce=0.0019 | mask=1923 | aux_mask=1725 | pos=128 | targets=128 | preds=342 | centerness=[-7.597, 1.875] | train_seen=1400
2026-06-03 13:26:21 | INFO | Epoch 20 | batch 750/1829 | loss=0.6617 | giou=0.2933 | bbox=0.0386 | ce=0.0183 | aux_giou=0.0000 | aux_bbox=0.0000 | aux_ce=0.0000 | mask=2000 | aux_mask=1483 | pos=84 | targets=84 | preds=133 | centerness=[-9.411, 0.291] | train_seen=1500
2026-06-03 13:28:07 | INFO | Epoch 20 | batch 800/1829 | loss=0.7495 | giou=0.3363 | bbox=0.0540 | ce=0.0114 | aux_giou=0.0000 | aux_bbox=0.0000 | aux_ce=0.0000 | mask=1281 | aux_mask=1117 | pos=66 | targets=66 | preds=73 | centerness=[-14.177, 1.864] | train_seen=1600
2026-06-03 13:29:53 | INFO | Epoch 20 | batch 850/1829 | loss=0.6184 | giou=0.2812 | bbox=0.0349 | ce=0.0105 | aux_giou=0.0000 | aux_bbox=0.0000 | aux_ce=0.0000 | mask=1738 | aux_mask=1546 | pos=61 | targets=61 | preds=93 | centerness=[-19.359, 0.433] | train_seen=1700
2026-06-03 13:31:39 | INFO | Epoch 20 | batch 900/1829 | loss=0.7800 | giou=0.3567 | bbox=0.0378 | ce=0.0144 | aux_giou=0.0000 | aux_bbox=0.0000 | aux_ce=0.0000 | mask=2680 | aux_mask=1839 | pos=105 | targets=105 | preds=101 | centerness=[-10.933, 1.459] | train_seen=1800
2026-06-03 13:33:25 | INFO | Epoch 20 | batch 950/1829 | loss=0.8179 | giou=0.3580 | bbox=0.0618 | ce=0.0201 | aux_giou=0.0000 | aux_bbox=0.0000 | aux_ce=0.0000 | mask=1626 | aux_mask=1438 | pos=85 | targets=85 | preds=62 | centerness=[-11.969, 0.810] | train_seen=1900
2026-06-03 13:35:11 | INFO | Epoch 20 | batch 1000/1829 | loss=0.9295 | giou=0.3910 | bbox=0.0173 | ce=0.0159 | aux_giou=0.0443 | aux_bbox=0.0014 | aux_ce=0.0041 | mask=2407 | aux_mask=2012 | pos=95 | targets=95 | preds=246 | centerness=[-8.037, 1.374] | train_seen=2000
2026-06-03 13:36:58 | INFO | Epoch 20 | batch 1050/1829 | loss=1.2503 | giou=0.5342 | bbox=0.0240 | ce=0.0282 | aux_giou=0.0480 | aux_bbox=0.0021 | aux_ce=0.0017 | mask=2188 | aux_mask=2053 | pos=341 | targets=341 | preds=263 | centerness=[-5.682, 1.700] | train_seen=2100
2026-06-03 13:38:44 | INFO | Epoch 20 | batch 1100/1829 | loss=0.8015 | giou=0.3559 | bbox=0.0708 | ce=0.0095 | aux_giou=0.0000 | aux_bbox=0.0000 | aux_ce=0.0000 | mask=1166 | aux_mask=1458 | pos=21 | targets=21 | preds=33 | centerness=[-13.100, 0.426] | train_seen=2200
2026-06-03 13:40:30 | INFO | Epoch 20 | batch 1150/1829 | loss=0.8302 | giou=0.3558 | bbox=0.0302 | ce=0.0442 | aux_giou=0.0000 | aux_bbox=0.0000 | aux_ce=0.0000 | mask=2193 | aux_mask=2097 | pos=523 | targets=523 | preds=313 | centerness=[-11.922, 1.252] | train_seen=2300
2026-06-03 13:42:16 | INFO | Epoch 20 | batch 1200/1829 | loss=0.9204 | giou=0.4174 | bbox=0.0477 | ce=0.0189 | aux_giou=0.0000 | aux_bbox=0.0000 | aux_ce=0.0000 | mask=2516 | aux_mask=2148 | pos=114 | targets=114 | preds=159 | centerness=[-10.459, 2.124] | train_seen=2400
2026-06-03 13:44:02 | INFO | Epoch 20 | batch 1250/1829 | loss=0.5100 | giou=0.2233 | bbox=0.0488 | ce=0.0073 | aux_giou=0.0000 | aux_bbox=0.0000 | aux_ce=0.0000 | mask=1129 | aux_mask=1354 | pos=21 | targets=21 | preds=22 | centerness=[-15.608, 0.137] | train_seen=2500
2026-06-03 13:45:48 | INFO | Epoch 20 | batch 1300/1829 | loss=1.1574 | giou=0.5142 | bbox=0.0379 | ce=0.0455 | aux_giou=0.0000 | aux_bbox=0.0000 | aux_ce=0.0000 | mask=2498 | aux_mask=1939 | pos=635 | targets=635 | preds=594 | centerness=[-6.212, 2.145] | train_seen=2600
2026-06-03 13:47:34 | INFO | Epoch 20 | batch 1350/1829 | loss=0.4477 | giou=0.1988 | bbox=0.0415 | ce=0.0043 | aux_giou=0.0000 | aux_bbox=0.0000 | aux_ce=0.0000 | mask=1627 | aux_mask=2173 | pos=29 | targets=29 | preds=28 | centerness=[-21.495, 0.057] | train_seen=2700
2026-06-03 13:49:20 | INFO | Epoch 20 | batch 1400/1829 | loss=1.0059 | giou=0.4107 | bbox=0.0249 | ce=0.0409 | aux_giou=0.0379 | aux_bbox=0.0017 | aux_ce=0.0001 | mask=1935 | aux_mask=2093 | pos=255 | targets=255 | preds=139 | centerness=[-8.442, 1.077] | train_seen=2800
2026-06-03 13:51:06 | INFO | Epoch 20 | batch 1450/1829 | loss=0.6540 | giou=0.2895 | bbox=0.0528 | ce=0.0111 | aux_giou=0.0000 | aux_bbox=0.0000 | aux_ce=0.0000 | mask=2020 | aux_mask=1977 | pos=99 | targets=99 | preds=111 | centerness=[-21.414, 1.718] | train_seen=2900
2026-06-03 13:52:52 | INFO | Epoch 20 | batch 1500/1829 | loss=0.9541 | giou=0.4007 | bbox=0.0738 | ce=0.0395 | aux_giou=0.0000 | aux_bbox=0.0000 | aux_ce=0.0000 | mask=2718 | aux_mask=1907 | pos=392 | targets=392 | preds=433 | centerness=[-13.721, 0.193] | train_seen=3000
2026-06-03 13:54:38 | INFO | Epoch 20 | batch 1550/1829 | loss=0.6027 | giou=0.2728 | bbox=0.0297 | ce=0.0137 | aux_giou=0.0000 | aux_bbox=0.0000 | aux_ce=0.0000 | mask=1996 | aux_mask=1675 | pos=85 | targets=85 | preds=86 | centerness=[-10.957, 1.517] | train_seen=3100
2026-06-03 13:56:24 | INFO | Epoch 20 | batch 1600/1829 | loss=0.7837 | giou=0.3502 | bbox=0.0718 | ce=0.0057 | aux_giou=0.0000 | aux_bbox=0.0000 | aux_ce=0.0000 | mask=1562 | aux_mask=1538 | pos=41 | targets=41 | preds=39 | centerness=[-12.990, 1.081] | train_seen=3200
2026-06-03 13:58:10 | INFO | Epoch 20 | batch 1650/1829 | loss=0.7131 | giou=0.3360 | bbox=0.0304 | ce=0.0054 | aux_giou=0.0000 | aux_bbox=0.0000 | aux_ce=0.0000 | mask=1466 | aux_mask=1301 | pos=51 | targets=51 | preds=48 | centerness=[-14.330, 1.308] | train_seen=3300
2026-06-03 13:59:56 | INFO | Epoch 20 | batch 1700/1829 | loss=0.6979 | giou=0.3219 | bbox=0.0382 | ce=0.0080 | aux_giou=0.0000 | aux_bbox=0.0000 | aux_ce=0.0000 | mask=1908 | aux_mask=1675 | pos=39 | targets=39 | preds=63 | centerness=[-18.102, 1.510] | train_seen=3400
2026-06-03 14:01:42 | INFO | Epoch 20 | batch 1750/1829 | loss=0.6765 | giou=0.3004 | bbox=0.0435 | ce=0.0161 | aux_giou=0.0000 | aux_bbox=0.0000 | aux_ce=0.0000 | mask=2439 | aux_mask=2498 | pos=68 | targets=68 | preds=108 | centerness=[-16.921, 0.439] | train_seen=3500
2026-06-03 14:03:28 | INFO | Epoch 20 | batch 1800/1829 | loss=0.6947 | giou=0.3146 | bbox=0.0352 | ce=0.0152 | aux_giou=0.0000 | aux_bbox=0.0000 | aux_ce=0.0000 | mask=1612 | aux_mask=1546 | pos=124 | targets=124 | preds=158 | centerness=[-16.092, 0.876] | train_seen=3600
2026-06-03 14:24:03 | INFO | Epoch 20 | train_loss=0.810 | val_loss=0.973 | train_mae=34.247 | val_mae=24.526 | val_rmse=59.41 | test_mae=23.046 | test_rmse=94.89 | time=5050.894s | best_rmse
2026-06-03 14:25:49 | INFO | Epoch 21 | batch 50/1829 | loss=0.6565 | giou=0.3032 | bbox=0.0242 | ce=0.0130 | aux_giou=0.0000 | aux_bbox=0.0000 | aux_ce=0.0000 | mask=1799 | aux_mask=1591 | pos=84 | targets=84 | preds=134 | centerness=[-12.978, 0.794] | train_seen=100
2026-06-03 14:27:35 | INFO | Epoch 21 | batch 100/1829 | loss=0.5723 | giou=0.2739 | bbox=0.0137 | ce=0.0055 | aux_giou=0.0000 | aux_bbox=0.0000 | aux_ce=0.0000 | mask=2213 | aux_mask=1723 | pos=125 | targets=125 | preds=138 | centerness=[-12.971, 2.232] | train_seen=200
2026-06-03 14:29:21 | INFO | Epoch 21 | batch 150/1829 | loss=0.7252 | giou=0.3069 | bbox=0.0154 | ce=0.0125 | aux_giou=0.0332 | aux_bbox=0.0027 | aux_ce=0.0010 | mask=1443 | aux_mask=1382 | pos=102 | targets=102 | preds=89 | centerness=[-16.522, 1.388] | train_seen=300
2026-06-03 14:31:08 | INFO | Epoch 21 | batch 200/1829 | loss=0.6284 | giou=0.2921 | bbox=0.0360 | ce=0.0041 | aux_giou=0.0000 | aux_bbox=0.0000 | aux_ce=0.0000 | mask=1700 | aux_mask=1554 | pos=51 | targets=51 | preds=54 | centerness=[-12.320, 1.534] | train_seen=400
2026-06-03 14:32:54 | INFO | Epoch 21 | batch 250/1829 | loss=0.6182 | giou=0.2869 | bbox=0.0318 | ce=0.0063 | aux_giou=0.0000 | aux_bbox=0.0000 | aux_ce=0.0000 | mask=1680 | aux_mask=1754 | pos=24 | targets=24 | preds=54 | centerness=[-11.843, 0.900] | train_seen=500
2026-06-03 14:34:40 | INFO | Epoch 21 | batch 300/1829 | loss=1.0678 | giou=0.4700 | bbox=0.0246 | ce=0.0124 | aux_giou=0.0368 | aux_bbox=0.0019 | aux_ce=0.0015 | mask=1897 | aux_mask=1550 | pos=56 | targets=56 | preds=214 | centerness=[-9.544, 0.573] | train_seen=600
2026-06-03 14:36:26 | INFO | Epoch 21 | batch 350/1829 | loss=0.8295 | giou=0.3642 | bbox=0.0252 | ce=0.0379 | aux_giou=0.0000 | aux_bbox=0.0000 | aux_ce=0.0000 | mask=2312 | aux_mask=2062 | pos=680 | targets=680 | preds=570 | centerness=[-8.993, 1.252] | train_seen=700
2026-06-03 14:38:12 | INFO | Epoch 21 | batch 400/1829 | loss=0.7074 | giou=0.3385 | bbox=0.0167 | ce=0.0068 | aux_giou=0.0000 | aux_bbox=0.0000 | aux_ce=0.0000 | mask=1673 | aux_mask=1622 | pos=52 | targets=52 | preds=77 | centerness=[-9.496, 1.233] | train_seen=800
2026-06-03 14:39:58 | INFO | Epoch 21 | batch 450/1829 | loss=0.4455 | giou=0.1927 | bbox=0.0362 | ce=0.0119 | aux_giou=0.0000 | aux_bbox=0.0000 | aux_ce=0.0000 | mask=1687 | aux_mask=1552 | pos=58 | targets=58 | preds=44 | centerness=[-14.913, 1.471] | train_seen=900
2026-06-03 14:41:45 | INFO | Epoch 21 | batch 500/1829 | loss=1.0881 | giou=0.4595 | bbox=0.0253 | ce=0.0320 | aux_giou=0.0384 | aux_bbox=0.0019 | aux_ce=0.0006 | mask=2811 | aux_mask=2463 | pos=556 | targets=556 | preds=444 | centerness=[-11.904, 1.213] | train_seen=1000
2026-06-03 14:43:31 | INFO | Epoch 21 | batch 550/1829 | loss=0.5839 | giou=0.2697 | bbox=0.0327 | ce=0.0059 | aux_giou=0.0000 | aux_bbox=0.0000 | aux_ce=0.0000 | mask=1845 | aux_mask=1792 | pos=30 | targets=30 | preds=49 | centerness=[-15.817, 1.283] | train_seen=1100
2026-06-03 14:45:17 | INFO | Epoch 21 | batch 600/1829 | loss=0.5141 | giou=0.2299 | bbox=0.0228 | ce=0.0158 | aux_giou=0.0000 | aux_bbox=0.0000 | aux_ce=0.0000 | mask=1684 | aux_mask=1589 | pos=139 | targets=139 | preds=106 | centerness=[-8.563, 1.526] | train_seen=1200
2026-06-03 14:47:03 | INFO | Epoch 21 | batch 650/1829 | loss=0.6694 | giou=0.2841 | bbox=0.0479 | ce=0.0266 | aux_giou=0.0000 | aux_bbox=0.0000 | aux_ce=0.0000 | mask=1643 | aux_mask=1614 | pos=91 | targets=91 | preds=102 | centerness=[-17.069, 1.278] | train_seen=1300
2026-06-03 14:48:49 | INFO | Epoch 21 | batch 700/1829 | loss=0.6379 | giou=0.2755 | bbox=0.0242 | ce=0.0314 | aux_giou=0.0000 | aux_bbox=0.0000 | aux_ce=0.0000 | mask=1689 | aux_mask=1547 | pos=195 | targets=195 | preds=289 | centerness=[-14.472, 0.897] | train_seen=1400
2026-06-03 14:50:35 | INFO | Epoch 21 | batch 750/1829 | loss=0.6955 | giou=0.3107 | bbox=0.0399 | ce=0.0172 | aux_giou=0.0000 | aux_bbox=0.0000 | aux_ce=0.0000 | mask=3445 | aux_mask=2764 | pos=228 | targets=228 | preds=177 | centerness=[-11.109, 1.500] | train_seen=1500
2026-06-03 14:52:21 | INFO | Epoch 21 | batch 800/1829 | loss=0.6083 | giou=0.2694 | bbox=0.0243 | ce=0.0226 | aux_giou=0.0000 | aux_bbox=0.0000 | aux_ce=0.0000 | mask=1927 | aux_mask=1756 | pos=231 | targets=231 | preds=211 | centerness=[-9.717, 2.033] | train_seen=1600
2026-06-03 14:54:07 | INFO | Epoch 21 | batch 850/1829 | loss=0.8495 | giou=0.3612 | bbox=0.0177 | ce=0.0142 | aux_giou=0.0363 | aux_bbox=0.0054 | aux_ce=0.0015 | mask=2467 | aux_mask=1593 | pos=105 | targets=105 | preds=170 | centerness=[-11.432, 1.285] | train_seen=1700
2026-06-03 14:55:53 | INFO | Epoch 21 | batch 900/1829 | loss=0.7545 | giou=0.3425 | bbox=0.0179 | ce=0.0257 | aux_giou=0.0000 | aux_bbox=0.0000 | aux_ce=0.0000 | mask=2082 | aux_mask=2256 | pos=364 | targets=364 | preds=332 | centerness=[-12.939, 1.104] | train_seen=1800
2026-06-03 14:57:39 | INFO | Epoch 21 | batch 950/1829 | loss=0.7672 | giou=0.3637 | bbox=0.0260 | ce=0.0070 | aux_giou=0.0000 | aux_bbox=0.0000 | aux_ce=0.0000 | mask=2236 | aux_mask=1830 | pos=62 | targets=62 | preds=75 | centerness=[-15.488, 1.150] | train_seen=1900
2026-06-03 14:59:25 | INFO | Epoch 21 | batch 1000/1829 | loss=0.8367 | giou=0.3796 | bbox=0.0253 | ce=0.0261 | aux_giou=0.0000 | aux_bbox=0.0000 | aux_ce=0.0000 | mask=2360 | aux_mask=2025 | pos=464 | targets=464 | preds=502 | centerness=[-10.610, 1.059] | train_seen=2000
2026-06-03 15:01:12 | INFO | Epoch 21 | batch 1050/1829 | loss=0.6992 | giou=0.3239 | bbox=0.0288 | ce=0.0113 | aux_giou=0.0000 | aux_bbox=0.0000 | aux_ce=0.0000 | mask=1778 | aux_mask=1745 | pos=107 | targets=107 | preds=96 | centerness=[-12.303, 1.084] | train_seen=2100
2026-06-03 15:02:57 | INFO | Epoch 21 | batch 1100/1829 | loss=0.5787 | giou=0.2540 | bbox=0.0378 | ce=0.0165 | aux_giou=0.0000 | aux_bbox=0.0000 | aux_ce=0.0000 | mask=1875 | aux_mask=1688 | pos=102 | targets=102 | preds=122 | centerness=[-23.005, 1.169] | train_seen=2200
2026-06-03 15:04:43 | INFO | Epoch 21 | batch 1150/1829 | loss=0.6133 | giou=0.2792 | bbox=0.0273 | ce=0.0138 | aux_giou=0.0000 | aux_bbox=0.0000 | aux_ce=0.0000 | mask=1425 | aux_mask=1717 | pos=74 | targets=74 | preds=70 | centerness=[-14.251, 1.523] | train_seen=2300
2026-06-03 15:06:30 | INFO | Epoch 21 | batch 1200/1829 | loss=0.9592 | giou=0.4183 | bbox=0.0768 | ce=0.0229 | aux_giou=0.0000 | aux_bbox=0.0000 | aux_ce=0.0000 | mask=1884 | aux_mask=1570 | pos=96 | targets=96 | preds=87 | centerness=[-9.805, 0.224] | train_seen=2400
2026-06-03 15:08:16 | INFO | Epoch 21 | batch 1250/1829 | loss=0.6753 | giou=0.3040 | bbox=0.0446 | ce=0.0113 | aux_giou=0.0000 | aux_bbox=0.0000 | aux_ce=0.0000 | mask=2095 | aux_mask=2049 | pos=136 | targets=136 | preds=110 | centerness=[-21.355, 1.583] | train_seen=2500
2026-06-03 15:10:02 | INFO | Epoch 21 | batch 1300/1829 | loss=0.3945 | giou=0.1783 | bbox=0.0203 | ce=0.0088 | aux_giou=0.0000 | aux_bbox=0.0000 | aux_ce=0.0000 | mask=1528 | aux_mask=1307 | pos=112 | targets=112 | preds=121 | centerness=[-20.974, 2.155] | train_seen=2600
2026-06-03 15:11:48 | INFO | Epoch 21 | batch 1350/1829 | loss=0.7887 | giou=0.3597 | bbox=0.0453 | ce=0.0120 | aux_giou=0.0000 | aux_bbox=0.0000 | aux_ce=0.0000 | mask=1956 | aux_mask=1894 | pos=43 | targets=43 | preds=73 | centerness=[-13.234, 0.959] | train_seen=2700
2026-06-03 15:13:34 | INFO | Epoch 21 | batch 1400/1829 | loss=0.5656 | giou=0.2560 | bbox=0.0261 | ce=0.0138 | aux_giou=0.0000 | aux_bbox=0.0000 | aux_ce=0.0000 | mask=2038 | aux_mask=1812 | pos=117 | targets=117 | preds=149 | centerness=[-17.712, 0.924] | train_seen=2800
2026-06-03 15:15:20 | INFO | Epoch 21 | batch 1450/1829 | loss=0.7066 | giou=0.3196 | bbox=0.0424 | ce=0.0125 | aux_giou=0.0000 | aux_bbox=0.0000 | aux_ce=0.0000 | mask=1952 | aux_mask=1583 | pos=75 | targets=75 | preds=87 | centerness=[-13.029, 1.036] | train_seen=2900
2026-06-03 15:17:06 | INFO | Epoch 21 | batch 1500/1829 | loss=0.6291 | giou=0.2828 | bbox=0.0353 | ce=0.0141 | aux_giou=0.0000 | aux_bbox=0.0000 | aux_ce=0.0000 | mask=1960 | aux_mask=1904 | pos=63 | targets=63 | preds=49 | centerness=[-21.176, 2.002] | train_seen=3000
2026-06-03 15:18:53 | INFO | Epoch 21 | batch 1550/1829 | loss=0.6172 | giou=0.2722 | bbox=0.0505 | ce=0.0112 | aux_giou=0.0000 | aux_bbox=0.0000 | aux_ce=0.0000 | mask=1723 | aux_mask=1856 | pos=53 | targets=53 | preds=65 | centerness=[-10.737, -0.070] | train_seen=3100
2026-06-03 15:20:39 | INFO | Epoch 21 | batch 1600/1829 | loss=0.4670 | giou=0.2170 | bbox=0.0251 | ce=0.0039 | aux_giou=0.0000 | aux_bbox=0.0000 | aux_ce=0.0000 | mask=1607 | aux_mask=1848 | pos=48 | targets=48 | preds=56 | centerness=[-19.070, 1.283] | train_seen=3200
2026-06-03 15:22:25 | INFO | Epoch 21 | batch 1650/1829 | loss=0.4916 | giou=0.2179 | bbox=0.0289 | ce=0.0134 | aux_giou=0.0000 | aux_bbox=0.0000 | aux_ce=0.0000 | mask=1816 | aux_mask=1716 | pos=113 | targets=113 | preds=123 | centerness=[-14.478, 1.628] | train_seen=3300
2026-06-03 15:24:11 | INFO | Epoch 21 | batch 1700/1829 | loss=0.6725 | giou=0.2931 | bbox=0.0149 | ce=0.0051 | aux_giou=0.0293 | aux_bbox=0.0010 | aux_ce=0.0007 | mask=1452 | aux_mask=1581 | pos=28 | targets=28 | preds=42 | centerness=[-13.049, 1.560] | train_seen=3400
2026-06-03 15:25:57 | INFO | Epoch 21 | batch 1750/1829 | loss=0.8085 | giou=0.3828 | bbox=0.0249 | ce=0.0090 | aux_giou=0.0000 | aux_bbox=0.0000 | aux_ce=0.0000 | mask=2526 | aux_mask=2167 | pos=23 | targets=23 | preds=185 | centerness=[-10.389, 0.598] | train_seen=3500
2026-06-03 15:27:43 | INFO | Epoch 21 | batch 1800/1829 | loss=0.4317 | giou=0.2035 | bbox=0.0194 | ce=0.0026 | aux_giou=0.0000 | aux_bbox=0.0000 | aux_ce=0.0000 | mask=1685 | aux_mask=1292 | pos=20 | targets=20 | preds=27 | centerness=[-13.952, 1.146] | train_seen=3600
2026-06-03 15:48:16 | INFO | Epoch 21 | train_loss=0.722 | val_loss=0.907 | train_mae=29.416 | val_mae=23.155 | val_rmse=59.02 | test_mae=23.232 | test_rmse=100.45 | time=5049.811s | best_rmse
2026-06-03 15:50:02 | INFO | Epoch 22 | batch 50/1829 | loss=0.7748 | giou=0.3101 | bbox=0.0520 | ce=0.0198 | aux_giou=0.0260 | aux_bbox=0.0051 | aux_ce=0.0030 | mask=2045 | aux_mask=1723 | pos=97 | targets=97 | preds=117 | centerness=[-14.468, 0.275] | train_seen=100
2026-06-03 15:51:48 | INFO | Epoch 22 | batch 100/1829 | loss=0.6523 | giou=0.2853 | bbox=0.0590 | ce=0.0113 | aux_giou=0.0000 | aux_bbox=0.0000 | aux_ce=0.0000 | mask=1532 | aux_mask=1518 | pos=125 | targets=125 | preds=145 | centerness=[-14.547, 1.384] | train_seen=200
2026-06-03 15:53:34 | INFO | Epoch 22 | batch 150/1829 | loss=0.9922 | giou=0.4317 | bbox=0.0186 | ce=0.0171 | aux_giou=0.0355 | aux_bbox=0.0012 | aux_ce=0.0018 | mask=2327 | aux_mask=1574 | pos=261 | targets=261 | preds=263 | centerness=[-10.586, 1.851] | train_seen=300
2026-06-03 15:55:20 | INFO | Epoch 22 | batch 200/1829 | loss=0.5684 | giou=0.2526 | bbox=0.0341 | ce=0.0146 | aux_giou=0.0000 | aux_bbox=0.0000 | aux_ce=0.0000 | mask=2077 | aux_mask=1891 | pos=114 | targets=114 | preds=75 | centerness=[-18.110, 1.223] | train_seen=400
2026-06-03 15:57:07 | INFO | Epoch 22 | batch 250/1829 | loss=0.9163 | giou=0.4137 | bbox=0.0753 | ce=0.0068 | aux_giou=0.0000 | aux_bbox=0.0000 | aux_ce=0.0000 | mask=2010 | aux_mask=1864 | pos=23 | targets=23 | preds=53 | centerness=[-15.312, 0.608] | train_seen=500
2026-06-03 15:58:53 | INFO | Epoch 22 | batch 300/1829 | loss=0.5110 | giou=0.2298 | bbox=0.0290 | ce=0.0113 | aux_giou=0.0000 | aux_bbox=0.0000 | aux_ce=0.0000 | mask=1195 | aux_mask=1111 | pos=65 | targets=65 | preds=70 | centerness=[-21.929, 0.951] | train_seen=600
2026-06-03 16:00:39 | INFO | Epoch 22 | batch 350/1829 | loss=0.5127 | giou=0.2194 | bbox=0.0481 | ce=0.0129 | aux_giou=0.0000 | aux_bbox=0.0000 | aux_ce=0.0000 | mask=1566 | aux_mask=1510 | pos=120 | targets=120 | preds=125 | centerness=[-13.676, 1.072] | train_seen=700
2026-06-03 16:02:25 | INFO | Epoch 22 | batch 400/1829 | loss=0.7158 | giou=0.3210 | bbox=0.0379 | ce=0.0180 | aux_giou=0.0000 | aux_bbox=0.0000 | aux_ce=0.0000 | mask=1767 | aux_mask=1604 | pos=107 | targets=107 | preds=90 | centerness=[-16.800, 1.140] | train_seen=800
2026-06-03 16:04:11 | INFO | Epoch 22 | batch 450/1829 | loss=0.6202 | giou=0.2875 | bbox=0.0362 | ce=0.0045 | aux_giou=0.0000 | aux_bbox=0.0000 | aux_ce=0.0000 | mask=1876 | aux_mask=2083 | pos=37 | targets=37 | preds=35 | centerness=[-15.889, 1.487] | train_seen=900
2026-06-03 16:05:57 | INFO | Epoch 22 | batch 500/1829 | loss=0.4025 | giou=0.1781 | bbox=0.0290 | ce=0.0086 | aux_giou=0.0000 | aux_bbox=0.0000 | aux_ce=0.0000 | mask=1847 | aux_mask=1794 | pos=66 | targets=66 | preds=101 | centerness=[-11.365, 1.409] | train_seen=1000
2026-06-03 16:07:43 | INFO | Epoch 22 | batch 550/1829 | loss=0.6721 | giou=0.3069 | bbox=0.0427 | ce=0.0078 | aux_giou=0.0000 | aux_bbox=0.0000 | aux_ce=0.0000 | mask=1987 | aux_mask=2076 | pos=32 | targets=32 | preds=36 | centerness=[-23.554, 0.620] | train_seen=1100
2026-06-03 16:09:30 | INFO | Epoch 22 | batch 600/1829 | loss=0.6939 | giou=0.3080 | bbox=0.0236 | ce=0.0272 | aux_giou=0.0000 | aux_bbox=0.0000 | aux_ce=0.0000 | mask=2757 | aux_mask=1929 | pos=480 | targets=480 | preds=524 | centerness=[-13.649, 1.326] | train_seen=1200
2026-06-03 16:11:16 | INFO | Epoch 22 | batch 650/1829 | loss=0.6012 | giou=0.2860 | bbox=0.0185 | ce=0.0054 | aux_giou=0.0000 | aux_bbox=0.0000 | aux_ce=0.0000 | mask=913 | aux_mask=1164 | pos=19 | targets=19 | preds=19 | centerness=[-13.026, 1.024] | train_seen=1300
2026-06-03 16:13:02 | INFO | Epoch 22 | batch 700/1829 | loss=0.6769 | giou=0.3110 | bbox=0.0306 | ce=0.0122 | aux_giou=0.0000 | aux_bbox=0.0000 | aux_ce=0.0000 | mask=2057 | aux_mask=1862 | pos=90 | targets=90 | preds=77 | centerness=[-18.670, 1.531] | train_seen=1400
2026-06-03 16:14:48 | INFO | Epoch 22 | batch 750/1829 | loss=0.6642 | giou=0.3081 | bbox=0.0241 | ce=0.0119 | aux_giou=0.0000 | aux_bbox=0.0000 | aux_ce=0.0000 | mask=2085 | aux_mask=1788 | pos=57 | targets=57 | preds=163 | centerness=[-16.876, 0.972] | train_seen=1500
2026-06-03 16:16:35 | INFO | Epoch 22 | batch 800/1829 | loss=0.7721 | giou=0.3563 | bbox=0.0429 | ce=0.0083 | aux_giou=0.0000 | aux_bbox=0.0000 | aux_ce=0.0000 | mask=1836 | aux_mask=1694 | pos=39 | targets=39 | preds=64 | centerness=[-12.359, 0.235] | train_seen=1600
2026-06-03 16:18:21 | INFO | Epoch 22 | batch 850/1829 | loss=0.4736 | giou=0.2100 | bbox=0.0415 | ce=0.0060 | aux_giou=0.0000 | aux_bbox=0.0000 | aux_ce=0.0000 | mask=1504 | aux_mask=1466 | pos=30 | targets=30 | preds=40 | centerness=[-15.878, 1.360] | train_seen=1700
2026-06-03 16:20:07 | INFO | Epoch 22 | batch 900/1829 | loss=0.6410 | giou=0.3034 | bbox=0.0229 | ce=0.0056 | aux_giou=0.0000 | aux_bbox=0.0000 | aux_ce=0.0000 | mask=1945 | aux_mask=1729 | pos=30 | targets=30 | preds=62 | centerness=[-9.367, 1.110] | train_seen=1800
2026-06-03 16:21:53 | INFO | Epoch 22 | batch 950/1829 | loss=0.7360 | giou=0.3283 | bbox=0.0366 | ce=0.0214 | aux_giou=0.0000 | aux_bbox=0.0000 | aux_ce=0.0000 | mask=1913 | aux_mask=1740 | pos=153 | targets=153 | preds=112 | centerness=[-10.917, 1.038] | train_seen=1900
2026-06-03 16:23:39 | INFO | Epoch 22 | batch 1000/1829 | loss=0.4854 | giou=0.2220 | bbox=0.0234 | ce=0.0090 | aux_giou=0.0000 | aux_bbox=0.0000 | aux_ce=0.0000 | mask=1294 | aux_mask=1386 | pos=46 | targets=46 | preds=34 | centerness=[-18.692, 1.515] | train_seen=2000
2026-06-03 16:25:25 | INFO | Epoch 22 | batch 1050/1829 | loss=0.7130 | giou=0.3205 | bbox=0.0417 | ce=0.0151 | aux_giou=0.0000 | aux_bbox=0.0000 | aux_ce=0.0000 | mask=1597 | aux_mask=1595 | pos=78 | targets=78 | preds=62 | centerness=[-16.306, 0.739] | train_seen=2100
2026-06-03 16:27:12 | INFO | Epoch 22 | batch 1100/1829 | loss=0.6552 | giou=0.2861 | bbox=0.0679 | ce=0.0076 | aux_giou=0.0000 | aux_bbox=0.0000 | aux_ce=0.0000 | mask=1614 | aux_mask=1541 | pos=37 | targets=37 | preds=35 | centerness=[-18.598, 1.153] | train_seen=2200
2026-06-03 16:28:58 | INFO | Epoch 22 | batch 1150/1829 | loss=0.8519 | giou=0.3863 | bbox=0.0258 | ce=0.0267 | aux_giou=0.0000 | aux_bbox=0.0000 | aux_ce=0.0000 | mask=2451 | aux_mask=2047 | pos=148 | targets=148 | preds=117 | centerness=[-13.509, 1.259] | train_seen=2300
2026-06-03 16:30:44 | INFO | Epoch 22 | batch 1200/1829 | loss=0.8154 | giou=0.3637 | bbox=0.0334 | ce=0.0273 | aux_giou=0.0000 | aux_bbox=0.0000 | aux_ce=0.0000 | mask=2272 | aux_mask=2068 | pos=169 | targets=169 | preds=216 | centerness=[-10.079, 0.725] | train_seen=2400
2026-06-03 16:32:30 | INFO | Epoch 22 | batch 1250/1829 | loss=0.5304 | giou=0.2191 | bbox=0.0676 | ce=0.0123 | aux_giou=0.0000 | aux_bbox=0.0000 | aux_ce=0.0000 | mask=1644 | aux_mask=1798 | pos=33 | targets=33 | preds=25 | centerness=[-14.213, -0.534] | train_seen=2500
2026-06-03 16:34:16 | INFO | Epoch 22 | batch 1300/1829 | loss=0.4620 | giou=0.2075 | bbox=0.0390 | ce=0.0040 | aux_giou=0.0000 | aux_bbox=0.0000 | aux_ce=0.0000 | mask=1666 | aux_mask=1762 | pos=36 | targets=36 | preds=39 | centerness=[-11.229, 1.332] | train_seen=2600
2026-06-03 16:36:03 | INFO | Epoch 22 | batch 1350/1829 | loss=0.8063 | giou=0.3705 | bbox=0.0426 | ce=0.0113 | aux_giou=0.0000 | aux_bbox=0.0000 | aux_ce=0.0000 | mask=2588 | aux_mask=2168 | pos=33 | targets=33 | preds=148 | centerness=[-12.685, 1.367] | train_seen=2700
2026-06-03 16:37:49 | INFO | Epoch 22 | batch 1400/1829 | loss=0.7078 | giou=0.3288 | bbox=0.0260 | ce=0.0121 | aux_giou=0.0000 | aux_bbox=0.0000 | aux_ce=0.0000 | mask=2416 | aux_mask=2027 | pos=114 | targets=114 | preds=93 | centerness=[-16.063, 1.725] | train_seen=2800
2026-06-03 16:39:35 | INFO | Epoch 22 | batch 1450/1829 | loss=0.8559 | giou=0.3979 | bbox=0.0260 | ce=0.0170 | aux_giou=0.0000 | aux_bbox=0.0000 | aux_ce=0.0000 | mask=2122 | aux_mask=1907 | pos=33 | targets=33 | preds=232 | centerness=[-16.613, 0.708] | train_seen=2900
2026-06-03 16:41:21 | INFO | Epoch 22 | batch 1500/1829 | loss=0.6160 | giou=0.2858 | bbox=0.0308 | ce=0.0067 | aux_giou=0.0000 | aux_bbox=0.0000 | aux_ce=0.0000 | mask=2078 | aux_mask=1909 | pos=64 | targets=64 | preds=79 | centerness=[-20.699, 1.244] | train_seen=3000
2026-06-03 16:43:08 | INFO | Epoch 22 | batch 1550/1829 | loss=0.6101 | giou=0.2597 | bbox=0.0696 | ce=0.0106 | aux_giou=0.0000 | aux_bbox=0.0000 | aux_ce=0.0000 | mask=1973 | aux_mask=1975 | pos=45 | targets=45 | preds=60 | centerness=[-9.143, 1.240] | train_seen=3100
2026-06-03 16:44:54 | INFO | Epoch 22 | batch 1600/1829 | loss=0.7653 | giou=0.3452 | bbox=0.0286 | ce=0.0231 | aux_giou=0.0000 | aux_bbox=0.0000 | aux_ce=0.0000 | mask=2813 | aux_mask=2092 | pos=236 | targets=236 | preds=438 | centerness=[-12.569, 0.940] | train_seen=3200
2026-06-03 16:46:40 | INFO | Epoch 22 | batch 1650/1829 | loss=0.7653 | giou=0.3203 | bbox=0.0205 | ce=0.0094 | aux_giou=0.0401 | aux_bbox=0.0017 | aux_ce=0.0018 | mask=2098 | aux_mask=2031 | pos=40 | targets=40 | preds=91 | centerness=[-16.866, 1.007] | train_seen=3300
2026-06-03 16:48:26 | INFO | Epoch 22 | batch 1700/1829 | loss=0.7663 | giou=0.3481 | bbox=0.0523 | ce=0.0089 | aux_giou=0.0000 | aux_bbox=0.0000 | aux_ce=0.0000 | mask=1530 | aux_mask=1745 | pos=46 | targets=46 | preds=73 | centerness=[-17.233, 0.296] | train_seen=3400
2026-06-03 16:50:13 | INFO | Epoch 22 | batch 1750/1829 | loss=0.7011 | giou=0.3175 | bbox=0.0253 | ce=0.0204 | aux_giou=0.0000 | aux_bbox=0.0000 | aux_ce=0.0000 | mask=2413 | aux_mask=2122 | pos=157 | targets=157 | preds=187 | centerness=[-10.889, 1.544] | train_seen=3500
2026-06-03 16:51:59 | INFO | Epoch 22 | batch 1800/1829 | loss=0.8738 | giou=0.3806 | bbox=0.0400 | ce=0.0363 | aux_giou=0.0000 | aux_bbox=0.0000 | aux_ce=0.0000 | mask=2438 | aux_mask=2039 | pos=229 | targets=229 | preds=170 | centerness=[-15.999, 0.993] | train_seen=3600
2026-06-03 17:12:33 | INFO | Epoch 22 | train_loss=0.712 | val_loss=0.900 | train_mae=27.761 | val_mae=22.883 | val_rmse=56.08 | test_mae=23.945 | test_rmse=104.19 | time=5053.702s | best_rmse
2026-06-03 17:14:20 | INFO | Epoch 23 | batch 50/1829 | loss=1.0260 | giou=0.4703 | bbox=0.0347 | ce=0.0254 | aux_giou=0.0000 | aux_bbox=0.0000 | aux_ce=0.0000 | mask=2982 | aux_mask=2183 | pos=270 | targets=270 | preds=234 | centerness=[-13.991, 1.326] | train_seen=100
2026-06-03 17:16:07 | INFO | Epoch 23 | batch 100/1829 | loss=0.6649 | giou=0.3021 | bbox=0.0332 | ce=0.0137 | aux_giou=0.0000 | aux_bbox=0.0000 | aux_ce=0.0000 | mask=1789 | aux_mask=1523 | pos=129 | targets=129 | preds=112 | centerness=[-17.044, 1.063] | train_seen=200
2026-06-03 17:17:55 | INFO | Epoch 23 | batch 150/1829 | loss=0.9570 | giou=0.3926 | bbox=0.0417 | ce=0.0199 | aux_giou=0.0400 | aux_bbox=0.0026 | aux_ce=0.0038 | mask=1807 | aux_mask=1521 | pos=286 | targets=286 | preds=272 | centerness=[-22.424, 1.403] | train_seen=300
2026-06-03 17:19:42 | INFO | Epoch 23 | batch 200/1829 | loss=0.6185 | giou=0.2723 | bbox=0.0454 | ce=0.0142 | aux_giou=0.0000 | aux_bbox=0.0000 | aux_ce=0.0000 | mask=2056 | aux_mask=1895 | pos=97 | targets=97 | preds=131 | centerness=[-12.249, 1.702] | train_seen=400
2026-06-03 17:21:29 | INFO | Epoch 23 | batch 250/1829 | loss=0.8267 | giou=0.3685 | bbox=0.0527 | ce=0.0185 | aux_giou=0.0000 | aux_bbox=0.0000 | aux_ce=0.0000 | mask=1835 | aux_mask=1684 | pos=52 | targets=52 | preds=126 | centerness=[-16.008, 0.824] | train_seen=500
2026-06-03 17:23:17 | INFO | Epoch 23 | batch 300/1829 | loss=0.6935 | giou=0.3020 | bbox=0.0397 | ce=0.0249 | aux_giou=0.0000 | aux_bbox=0.0000 | aux_ce=0.0000 | mask=1907 | aux_mask=1652 | pos=201 | targets=201 | preds=184 | centerness=[-13.493, 1.393] | train_seen=600
2026-06-03 17:25:03 | INFO | Epoch 23 | batch 350/1829 | loss=0.4568 | giou=0.2107 | bbox=0.0210 | ce=0.0071 | aux_giou=0.0000 | aux_bbox=0.0000 | aux_ce=0.0000 | mask=2140 | aux_mask=1915 | pos=57 | targets=57 | preds=75 | centerness=[-14.441, 1.035] | train_seen=700
2026-06-03 17:26:49 | INFO | Epoch 23 | batch 400/1829 | loss=0.7095 | giou=0.3087 | bbox=0.0488 | ce=0.0217 | aux_giou=0.0000 | aux_bbox=0.0000 | aux_ce=0.0000 | mask=1772 | aux_mask=1851 | pos=105 | targets=105 | preds=114 | centerness=[-19.783, 1.340] | train_seen=800
2026-06-03 17:28:36 | INFO | Epoch 23 | batch 450/1829 | loss=1.1304 | giou=0.4671 | bbox=0.0598 | ce=0.0682 | aux_giou=0.0000 | aux_bbox=0.0000 | aux_ce=0.0000 | mask=2206 | aux_mask=2111 | pos=967 | targets=967 | preds=515 | centerness=[-11.579, 1.049] | train_seen=900
2026-06-03 17:30:22 | INFO | Epoch 23 | batch 500/1829 | loss=0.7067 | giou=0.3298 | bbox=0.0286 | ce=0.0093 | aux_giou=0.0000 | aux_bbox=0.0000 | aux_ce=0.0000 | mask=1929 | aux_mask=1522 | pos=46 | targets=46 | preds=71 | centerness=[-16.411, 2.252] | train_seen=1000
2026-06-03 17:32:08 | INFO | Epoch 23 | batch 550/1829 | loss=0.4346 | giou=0.1861 | bbox=0.0443 | ce=0.0090 | aux_giou=0.0000 | aux_bbox=0.0000 | aux_ce=0.0000 | mask=1849 | aux_mask=1889 | pos=40 | targets=40 | preds=43 | centerness=[-21.710, 0.487] | train_seen=1100
2026-06-03 17:33:54 | INFO | Epoch 23 | batch 600/1829 | loss=0.7114 | giou=0.3318 | bbox=0.0236 | ce=0.0120 | aux_giou=0.0000 | aux_bbox=0.0000 | aux_ce=0.0000 | mask=2219 | aux_mask=2037 | pos=75 | targets=75 | preds=75 | centerness=[-12.730, 2.481] | train_seen=1200
2026-06-03 17:35:41 | INFO | Epoch 23 | batch 650/1829 | loss=1.3612 | giou=0.5723 | bbox=0.0260 | ce=0.0531 | aux_giou=0.0404 | aux_bbox=0.0015 | aux_ce=0.0011 | mask=2790 | aux_mask=2301 | pos=369 | targets=369 | preds=254 | centerness=[-6.705, 0.884] | train_seen=1300
2026-06-03 17:37:27 | INFO | Epoch 23 | batch 700/1829 | loss=0.3128 | giou=0.1411 | bbox=0.0230 | ce=0.0038 | aux_giou=0.0000 | aux_bbox=0.0000 | aux_ce=0.0000 | mask=1998 | aux_mask=1912 | pos=29 | targets=29 | preds=32 | centerness=[-19.769, 0.303] | train_seen=1400
2026-06-03 17:39:13 | INFO | Epoch 23 | batch 750/1829 | loss=0.5634 | giou=0.2450 | bbox=0.0519 | ce=0.0107 | aux_giou=0.0000 | aux_bbox=0.0000 | aux_ce=0.0000 | mask=1890 | aux_mask=2121 | pos=39 | targets=39 | preds=46 | centerness=[-18.817, 0.165] | train_seen=1500
2026-06-03 17:40:59 | INFO | Epoch 23 | batch 800/1829 | loss=0.6151 | giou=0.2781 | bbox=0.0504 | ce=0.0043 | aux_giou=0.0000 | aux_bbox=0.0000 | aux_ce=0.0000 | mask=1765 | aux_mask=1850 | pos=18 | targets=18 | preds=25 | centerness=[-14.349, 0.684] | train_seen=1600
2026-06-03 17:42:46 | INFO | Epoch 23 | batch 850/1829 | loss=0.7235 | giou=0.3249 | bbox=0.0320 | ce=0.0208 | aux_giou=0.0000 | aux_bbox=0.0000 | aux_ce=0.0000 | mask=2730 | aux_mask=2307 | pos=281 | targets=281 | preds=212 | centerness=[-7.304, 2.263] | train_seen=1700
2026-06-03 17:44:32 | INFO | Epoch 23 | batch 900/1829 | loss=0.6692 | giou=0.2985 | bbox=0.0418 | ce=0.0152 | aux_giou=0.0000 | aux_bbox=0.0000 | aux_ce=0.0000 | mask=1073 | aux_mask=1254 | pos=70 | targets=70 | preds=66 | centerness=[-23.181, 1.527] | train_seen=1800
2026-06-03 17:46:18 | INFO | Epoch 23 | batch 950/1829 | loss=0.6892 | giou=0.2972 | bbox=0.0416 | ce=0.0266 | aux_giou=0.0000 | aux_bbox=0.0000 | aux_ce=0.0000 | mask=2689 | aux_mask=2217 | pos=248 | targets=248 | preds=334 | centerness=[-16.105, 0.676] | train_seen=1900
2026-06-03 17:48:05 | INFO | Epoch 23 | batch 1000/1829 | loss=0.8029 | giou=0.3678 | bbox=0.0348 | ce=0.0163 | aux_giou=0.0000 | aux_bbox=0.0000 | aux_ce=0.0000 | mask=2897 | aux_mask=2421 | pos=966 | targets=966 | preds=807 | centerness=[-13.236, 2.109] | train_seen=2000
2026-06-03 17:49:51 | INFO | Epoch 23 | batch 1050/1829 | loss=0.8078 | giou=0.3772 | bbox=0.0327 | ce=0.0103 | aux_giou=0.0000 | aux_bbox=0.0000 | aux_ce=0.0000 | mask=3049 | aux_mask=2244 | pos=245 | targets=245 | preds=285 | centerness=[-9.804, 2.437] | train_seen=2100
2026-06-03 17:51:37 | INFO | Epoch 23 | batch 1100/1829 | loss=0.7653 | giou=0.3348 | bbox=0.0642 | ce=0.0157 | aux_giou=0.0000 | aux_bbox=0.0000 | aux_ce=0.0000 | mask=2987 | aux_mask=2530 | pos=166 | targets=166 | preds=209 | centerness=[-13.247, 0.374] | train_seen=2200
2026-06-03 17:53:23 | INFO | Epoch 23 | batch 1150/1829 | loss=0.6589 | giou=0.3104 | bbox=0.0244 | ce=0.0068 | aux_giou=0.0000 | aux_bbox=0.0000 | aux_ce=0.0000 | mask=2056 | aux_mask=1659 | pos=86 | targets=86 | preds=84 | centerness=[-11.462, 1.454] | train_seen=2300
2026-06-03 17:55:09 | INFO | Epoch 23 | batch 1200/1829 | loss=0.7950 | giou=0.3584 | bbox=0.0370 | ce=0.0206 | aux_giou=0.0000 | aux_bbox=0.0000 | aux_ce=0.0000 | mask=2324 | aux_mask=1828 | pos=232 | targets=232 | preds=221 | centerness=[-10.079, 0.529] | train_seen=2400
2026-06-03 17:56:55 | INFO | Epoch 23 | batch 1250/1829 | loss=0.9303 | giou=0.4044 | bbox=0.0284 | ce=0.0129 | aux_giou=0.0330 | aux_bbox=0.0008 | aux_ce=0.0002 | mask=2297 | aux_mask=2096 | pos=141 | targets=141 | preds=133 | centerness=[-13.008, 2.820] | train_seen=2500
2026-06-03 17:58:42 | INFO | Epoch 23 | batch 1300/1829 | loss=0.7025 | giou=0.3218 | bbox=0.0286 | ce=0.0151 | aux_giou=0.0000 | aux_bbox=0.0000 | aux_ce=0.0000 | mask=2220 | aux_mask=1820 | pos=125 | targets=125 | preds=109 | centerness=[-9.710, 1.368] | train_seen=2600
2026-06-03 18:00:28 | INFO | Epoch 23 | batch 1350/1829 | loss=0.7705 | giou=0.3641 | bbox=0.0227 | ce=0.0098 | aux_giou=0.0000 | aux_bbox=0.0000 | aux_ce=0.0000 | mask=2545 | aux_mask=2410 | pos=97 | targets=97 | preds=137 | centerness=[-13.814, 1.815] | train_seen=2700
2026-06-03 18:02:14 | INFO | Epoch 23 | batch 1400/1829 | loss=0.7278 | giou=0.3196 | bbox=0.0274 | ce=0.0306 | aux_giou=0.0000 | aux_bbox=0.0000 | aux_ce=0.0000 | mask=2897 | aux_mask=2392 | pos=387 | targets=387 | preds=228 | centerness=[-13.831, 2.186] | train_seen=2800
2026-06-03 18:04:00 | INFO | Epoch 23 | batch 1450/1829 | loss=0.5802 | giou=0.2612 | bbox=0.0260 | ce=0.0159 | aux_giou=0.0000 | aux_bbox=0.0000 | aux_ce=0.0000 | mask=2010 | aux_mask=2064 | pos=101 | targets=101 | preds=104 | centerness=[-14.979, 0.595] | train_seen=2900
2026-06-03 18:05:47 | INFO | Epoch 23 | batch 1500/1829 | loss=0.9689 | giou=0.4297 | bbox=0.0227 | ce=0.0434 | aux_giou=0.0000 | aux_bbox=0.0000 | aux_ce=0.0000 | mask=2871 | aux_mask=2065 | pos=216 | targets=216 | preds=977 | centerness=[-11.977, 1.578] | train_seen=3000
2026-06-03 18:07:33 | INFO | Epoch 23 | batch 1550/1829 | loss=0.7340 | giou=0.3309 | bbox=0.0209 | ce=0.0257 | aux_giou=0.0000 | aux_bbox=0.0000 | aux_ce=0.0000 | mask=2445 | aux_mask=1908 | pos=455 | targets=455 | preds=386 | centerness=[-8.988, 1.812] | train_seen=3100
2026-06-03 18:09:19 | INFO | Epoch 23 | batch 1600/1829 | loss=0.8259 | giou=0.3731 | bbox=0.0422 | ce=0.0188 | aux_giou=0.0000 | aux_bbox=0.0000 | aux_ce=0.0000 | mask=2005 | aux_mask=1764 | pos=96 | targets=96 | preds=78 | centerness=[-15.867, 1.724] | train_seen=3200
2026-06-03 18:11:05 | INFO | Epoch 23 | batch 1650/1829 | loss=0.7773 | giou=0.3409 | bbox=0.0210 | ce=0.0089 | aux_giou=0.0271 | aux_bbox=0.0011 | aux_ce=0.0007 | mask=1600 | aux_mask=1607 | pos=60 | targets=60 | preds=68 | centerness=[-12.185, 1.198] | train_seen=3300
2026-06-03 18:12:51 | INFO | Epoch 23 | batch 1700/1829 | loss=0.5167 | giou=0.2312 | bbox=0.0291 | ce=0.0126 | aux_giou=0.0000 | aux_bbox=0.0000 | aux_ce=0.0000 | mask=1641 | aux_mask=1595 | pos=151 | targets=151 | preds=143 | centerness=[-13.330, 1.731] | train_seen=3400
2026-06-03 18:14:38 | INFO | Epoch 23 | batch 1750/1829 | loss=0.7368 | giou=0.3276 | bbox=0.0316 | ce=0.0250 | aux_giou=0.0000 | aux_bbox=0.0000 | aux_ce=0.0000 | mask=2691 | aux_mask=2210 | pos=440 | targets=440 | preds=281 | centerness=[-18.244, 1.701] | train_seen=3500
2026-06-03 18:16:24 | INFO | Epoch 23 | batch 1800/1829 | loss=0.3759 | giou=0.1700 | bbox=0.0288 | ce=0.0035 | aux_giou=0.0000 | aux_bbox=0.0000 | aux_ce=0.0000 | mask=1679 | aux_mask=1754 | pos=44 | targets=44 | preds=41 | centerness=[-16.394, 2.035] | train_seen=3600
2026-06-03 18:37:00 | INFO | Epoch 23 | train_loss=0.714 | val_loss=0.918 | train_mae=27.086 | val_mae=21.787 | val_rmse=56.56 | test_mae=22.339 | test_rmse=109.90 | time=5064.038s | best_mae
2026-06-03 18:38:46 | INFO | Epoch 24 | batch 50/1829 | loss=0.5707 | giou=0.2626 | bbox=0.0238 | ce=0.0108 | aux_giou=0.0000 | aux_bbox=0.0000 | aux_ce=0.0000 | mask=2497 | aux_mask=2144 | pos=131 | targets=131 | preds=173 | centerness=[-12.325, 1.163] | train_seen=100
2026-06-03 18:40:32 | INFO | Epoch 24 | batch 100/1829 | loss=0.4248 | giou=0.1902 | bbox=0.0337 | ce=0.0053 | aux_giou=0.0000 | aux_bbox=0.0000 | aux_ce=0.0000 | mask=2085 | aux_mask=2043 | pos=42 | targets=42 | preds=37 | centerness=[-15.747, 0.693] | train_seen=200
2026-06-03 18:42:19 | INFO | Epoch 24 | batch 150/1829 | loss=0.6804 | giou=0.2949 | bbox=0.0423 | ce=0.0241 | aux_giou=0.0000 | aux_bbox=0.0000 | aux_ce=0.0000 | mask=1770 | aux_mask=1747 | pos=169 | targets=169 | preds=134 | centerness=[-20.016, 1.101] | train_seen=300
2026-06-03 18:44:05 | INFO | Epoch 24 | batch 200/1829 | loss=1.2027 | giou=0.4811 | bbox=0.0933 | ce=0.0269 | aux_giou=0.0381 | aux_bbox=0.0100 | aux_ce=0.0035 | mask=2191 | aux_mask=2150 | pos=198 | targets=198 | preds=145 | centerness=[-8.231, 0.625] | train_seen=400
2026-06-03 18:45:51 | INFO | Epoch 24 | batch 250/1829 | loss=0.7656 | giou=0.3078 | bbox=0.0356 | ce=0.0221 | aux_giou=0.0315 | aux_bbox=0.0037 | aux_ce=0.0017 | mask=1863 | aux_mask=1742 | pos=93 | targets=93 | preds=319 | centerness=[-15.796, 0.528] | train_seen=500
2026-06-03 18:47:37 | INFO | Epoch 24 | batch 300/1829 | loss=0.9028 | giou=0.4233 | bbox=0.0242 | ce=0.0159 | aux_giou=0.0000 | aux_bbox=0.0000 | aux_ce=0.0000 | mask=2017 | aux_mask=1824 | pos=118 | targets=118 | preds=219 | centerness=[-10.545, 1.508] | train_seen=600
2026-06-03 18:49:24 | INFO | Epoch 24 | batch 350/1829 | loss=0.7320 | giou=0.3330 | bbox=0.0250 | ce=0.0206 | aux_giou=0.0000 | aux_bbox=0.0000 | aux_ce=0.0000 | mask=1802 | aux_mask=1387 | pos=197 | targets=197 | preds=208 | centerness=[-10.518, 1.818] | train_seen=700
2026-06-03 18:51:10 | INFO | Epoch 24 | batch 400/1829 | loss=0.6799 | giou=0.3183 | bbox=0.0224 | ce=0.0104 | aux_giou=0.0000 | aux_bbox=0.0000 | aux_ce=0.0000 | mask=2275 | aux_mask=1872 | pos=63 | targets=63 | preds=133 | centerness=[-13.363, 1.929] | train_seen=800
2026-06-03 18:52:56 | INFO | Epoch 24 | batch 450/1829 | loss=0.6786 | giou=0.3055 | bbox=0.0404 | ce=0.0136 | aux_giou=0.0000 | aux_bbox=0.0000 | aux_ce=0.0000 | mask=1930 | aux_mask=1473 | pos=232 | targets=232 | preds=208 | centerness=[-8.323, 1.833] | train_seen=900
2026-06-03 18:54:43 | INFO | Epoch 24 | batch 500/1829 | loss=0.7160 | giou=0.3153 | bbox=0.0568 | ce=0.0143 | aux_giou=0.0000 | aux_bbox=0.0000 | aux_ce=0.0000 | mask=1465 | aux_mask=1535 | pos=70 | targets=70 | preds=58 | centerness=[-12.763, 0.526] | train_seen=1000
2026-06-03 18:56:29 | INFO | Epoch 24 | batch 550/1829 | loss=0.7639 | giou=0.3390 | bbox=0.0417 | ce=0.0221 | aux_giou=0.0000 | aux_bbox=0.0000 | aux_ce=0.0000 | mask=1818 | aux_mask=1569 | pos=135 | targets=135 | preds=173 | centerness=[-21.222, 0.940] | train_seen=1100
2026-06-03 18:58:15 | INFO | Epoch 24 | batch 600/1829 | loss=0.7567 | giou=0.2877 | bbox=0.0372 | ce=0.0296 | aux_giou=0.0359 | aux_bbox=0.0024 | aux_ce=0.0054 | mask=1897 | aux_mask=1810 | pos=305 | targets=305 | preds=286 | centerness=[-24.260, 1.431] | train_seen=1200
2026-06-03 19:00:02 | INFO | Epoch 24 | batch 650/1829 | loss=0.6221 | giou=0.2929 | bbox=0.0219 | ce=0.0072 | aux_giou=0.0000 | aux_bbox=0.0000 | aux_ce=0.0000 | mask=1678 | aux_mask=1497 | pos=87 | targets=87 | preds=75 | centerness=[-16.577, 2.039] | train_seen=1300
2026-06-03 19:01:48 | INFO | Epoch 24 | batch 700/1829 | loss=0.5162 | giou=0.2260 | bbox=0.0339 | ce=0.0152 | aux_giou=0.0000 | aux_bbox=0.0000 | aux_ce=0.0000 | mask=1908 | aux_mask=1628 | pos=125 | targets=125 | preds=144 | centerness=[-14.224, 1.270] | train_seen=1400
2026-06-03 19:03:34 | INFO | Epoch 24 | batch 750/1829 | loss=0.5621 | giou=0.2556 | bbox=0.0213 | ce=0.0148 | aux_giou=0.0000 | aux_bbox=0.0000 | aux_ce=0.0000 | mask=1353 | aux_mask=1433 | pos=66 | targets=66 | preds=53 | centerness=[-15.785, 1.633] | train_seen=1500
2026-06-03 19:05:20 | INFO | Epoch 24 | batch 800/1829 | loss=0.6084 | giou=0.2779 | bbox=0.0372 | ce=0.0077 | aux_giou=0.0000 | aux_bbox=0.0000 | aux_ce=0.0000 | mask=1984 | aux_mask=1912 | pos=41 | targets=41 | preds=57 | centerness=[-27.997, 0.664] | train_seen=1600
2026-06-03 19:07:07 | INFO | Epoch 24 | batch 850/1829 | loss=0.5343 | giou=0.2485 | bbox=0.0178 | ce=0.0098 | aux_giou=0.0000 | aux_bbox=0.0000 | aux_ce=0.0000 | mask=2211 | aux_mask=1964 | pos=81 | targets=81 | preds=132 | centerness=[-8.841, 2.253] | train_seen=1700
2026-06-03 19:08:53 | INFO | Epoch 24 | batch 900/1829 | loss=0.7690 | giou=0.3339 | bbox=0.0327 | ce=0.0056 | aux_giou=0.0280 | aux_bbox=0.0008 | aux_ce=0.0003 | mask=1710 | aux_mask=1644 | pos=71 | targets=71 | preds=71 | centerness=[-17.268, 2.356] | train_seen=1800
2026-06-03 19:10:39 | INFO | Epoch 24 | batch 950/1829 | loss=0.8195 | giou=0.3356 | bbox=0.0141 | ce=0.0194 | aux_giou=0.0432 | aux_bbox=0.0019 | aux_ce=0.0035 | mask=2378 | aux_mask=1441 | pos=376 | targets=376 | preds=424 | centerness=[-8.381, 2.182] | train_seen=1900
2026-06-03 19:12:26 | INFO | Epoch 24 | batch 1000/1829 | loss=0.8565 | giou=0.3604 | bbox=0.0293 | ce=0.0105 | aux_giou=0.0387 | aux_bbox=0.0019 | aux_ce=0.0030 | mask=2216 | aux_mask=1936 | pos=96 | targets=96 | preds=109 | centerness=[-13.368, 1.904] | train_seen=2000
2026-06-03 19:14:12 | INFO | Epoch 24 | batch 1050/1829 | loss=0.9038 | giou=0.4092 | bbox=0.0304 | ce=0.0275 | aux_giou=0.0000 | aux_bbox=0.0000 | aux_ce=0.0000 | mask=2441 | aux_mask=1788 | pos=301 | targets=301 | preds=346 | centerness=[-14.934, 1.775] | train_seen=2100
2026-06-03 19:15:58 | INFO | Epoch 24 | batch 1100/1829 | loss=0.8523 | giou=0.3511 | bbox=0.0216 | ce=0.0327 | aux_giou=0.0296 | aux_bbox=0.0011 | aux_ce=0.0014 | mask=2652 | aux_mask=2501 | pos=366 | targets=366 | preds=437 | centerness=[-10.126, 1.739] | train_seen=2200
2026-06-03 19:17:44 | INFO | Epoch 24 | batch 1150/1829 | loss=0.3802 | giou=0.1762 | bbox=0.0225 | ce=0.0027 | aux_giou=0.0000 | aux_bbox=0.0000 | aux_ce=0.0000 | mask=1938 | aux_mask=1750 | pos=16 | targets=16 | preds=26 | centerness=[-26.042, 0.569] | train_seen=2300
2026-06-03 19:19:31 | INFO | Epoch 24 | batch 1200/1829 | loss=0.8424 | giou=0.3624 | bbox=0.0227 | ce=0.0156 | aux_giou=0.0300 | aux_bbox=0.0009 | aux_ce=0.0014 | mask=2325 | aux_mask=2130 | pos=102 | targets=102 | preds=190 | centerness=[-15.288, 1.965] | train_seen=2400
2026-06-03 19:21:17 | INFO | Epoch 24 | batch 1250/1829 | loss=0.5621 | giou=0.2591 | bbox=0.0166 | ce=0.0137 | aux_giou=0.0000 | aux_bbox=0.0000 | aux_ce=0.0000 | mask=1792 | aux_mask=1543 | pos=120 | targets=120 | preds=116 | centerness=[-9.990, 1.160] | train_seen=2500
2026-06-03 19:23:03 | INFO | Epoch 24 | batch 1300/1829 | loss=0.7620 | giou=0.3415 | bbox=0.0445 | ce=0.0173 | aux_giou=0.0000 | aux_bbox=0.0000 | aux_ce=0.0000 | mask=2683 | aux_mask=2325 | pos=146 | targets=146 | preds=198 | centerness=[-12.265, 1.044] | train_seen=2600
2026-06-03 19:24:49 | INFO | Epoch 24 | batch 1350/1829 | loss=0.6812 | giou=0.2857 | bbox=0.0300 | ce=0.0080 | aux_giou=0.0291 | aux_bbox=0.0026 | aux_ce=0.0014 | mask=2289 | aux_mask=2304 | pos=99 | targets=99 | preds=116 | centerness=[-25.315, 1.018] | train_seen=2700
2026-06-03 19:26:36 | INFO | Epoch 24 | batch 1400/1829 | loss=0.4617 | giou=0.2049 | bbox=0.0335 | ce=0.0092 | aux_giou=0.0000 | aux_bbox=0.0000 | aux_ce=0.0000 | mask=1597 | aux_mask=1696 | pos=30 | targets=30 | preds=62 | centerness=[-15.639, 1.266] | train_seen=2800
2026-06-03 19:28:22 | INFO | Epoch 24 | batch 1450/1829 | loss=0.5458 | giou=0.2481 | bbox=0.0366 | ce=0.0065 | aux_giou=0.0000 | aux_bbox=0.0000 | aux_ce=0.0000 | mask=1372 | aux_mask=1663 | pos=26 | targets=26 | preds=35 | centerness=[-17.032, 1.193] | train_seen=2900
2026-06-03 19:30:08 | INFO | Epoch 24 | batch 1500/1829 | loss=1.2266 | giou=0.4994 | bbox=0.0311 | ce=0.0462 | aux_giou=0.0478 | aux_bbox=0.0020 | aux_ce=0.0034 | mask=2142 | aux_mask=1744 | pos=321 | targets=321 | preds=571 | centerness=[-14.681, 1.470] | train_seen=3000
2026-06-03 19:31:54 | INFO | Epoch 24 | batch 1550/1829 | loss=1.2400 | giou=0.5305 | bbox=0.0258 | ce=0.0216 | aux_giou=0.0513 | aux_bbox=0.0034 | aux_ce=0.0020 | mask=1964 | aux_mask=1820 | pos=170 | targets=170 | preds=179 | centerness=[-12.124, 1.748] | train_seen=3100
2026-06-03 19:33:40 | INFO | Epoch 24 | batch 1600/1829 | loss=0.8131 | giou=0.3593 | bbox=0.0245 | ce=0.0350 | aux_giou=0.0000 | aux_bbox=0.0000 | aux_ce=0.0000 | mask=1842 | aux_mask=1690 | pos=536 | targets=536 | preds=411 | centerness=[-12.733, 1.942] | train_seen=3200
2026-06-03 19:35:27 | INFO | Epoch 24 | batch 1650/1829 | loss=0.5951 | giou=0.2648 | bbox=0.0342 | ce=0.0157 | aux_giou=0.0000 | aux_bbox=0.0000 | aux_ce=0.0000 | mask=1854 | aux_mask=1762 | pos=201 | targets=201 | preds=249 | centerness=[-14.819, 1.708] | train_seen=3300
2026-06-03 19:37:13 | INFO | Epoch 24 | batch 1700/1829 | loss=0.6632 | giou=0.3163 | bbox=0.0203 | ce=0.0051 | aux_giou=0.0000 | aux_bbox=0.0000 | aux_ce=0.0000 | mask=1579 | aux_mask=1797 | pos=47 | targets=47 | preds=41 | centerness=[-11.475, 1.402] | train_seen=3400
2026-06-03 19:38:59 | INFO | Epoch 24 | batch 1750/1829 | loss=0.7641 | giou=0.3269 | bbox=0.0519 | ce=0.0292 | aux_giou=0.0000 | aux_bbox=0.0000 | aux_ce=0.0000 | mask=2086 | aux_mask=2042 | pos=197 | targets=197 | preds=152 | centerness=[-13.633, 0.974] | train_seen=3500
2026-06-03 19:40:46 | INFO | Epoch 24 | batch 1800/1829 | loss=0.6349 | giou=0.2560 | bbox=0.1032 | ce=0.0098 | aux_giou=0.0000 | aux_bbox=0.0000 | aux_ce=0.0000 | mask=2097 | aux_mask=2095 | pos=37 | targets=37 | preds=29 | centerness=[-18.913, -0.174] | train_seen=3600
2026-06-03 20:01:21 | INFO | Epoch 24 | train_loss=0.708 | val_loss=0.893 | train_mae=26.248 | val_mae=23.554 | val_rmse=57.10 | test_mae=24.918 | test_rmse=102.05 | time=5059.608s
2026-06-03 20:03:08 | INFO | Epoch 25 | batch 50/1829 | loss=0.4349 | giou=0.1900 | bbox=0.0183 | ce=0.0183 | aux_giou=0.0000 | aux_bbox=0.0000 | aux_ce=0.0000 | mask=1551 | aux_mask=1550 | pos=115 | targets=115 | preds=131 | centerness=[-9.307, 1.133] | train_seen=100
2026-06-03 20:04:54 | INFO | Epoch 25 | batch 100/1829 | loss=0.6750 | giou=0.3044 | bbox=0.0290 | ce=0.0186 | aux_giou=0.0000 | aux_bbox=0.0000 | aux_ce=0.0000 | mask=2425 | aux_mask=2029 | pos=66 | targets=66 | preds=342 | centerness=[-15.573, 1.290] | train_seen=200
2026-06-03 20:06:40 | INFO | Epoch 25 | batch 150/1829 | loss=0.6915 | giou=0.3035 | bbox=0.0394 | ce=0.0226 | aux_giou=0.0000 | aux_bbox=0.0000 | aux_ce=0.0000 | mask=2120 | aux_mask=2020 | pos=226 | targets=226 | preds=176 | centerness=[-14.892, 1.740] | train_seen=300
2026-06-03 20:08:26 | INFO | Epoch 25 | batch 200/1829 | loss=0.8047 | giou=0.3595 | bbox=0.0481 | ce=0.0188 | aux_giou=0.0000 | aux_bbox=0.0000 | aux_ce=0.0000 | mask=2601 | aux_mask=2402 | pos=63 | targets=63 | preds=300 | centerness=[-13.155, 1.057] | train_seen=400
2026-06-03 20:10:13 | INFO | Epoch 25 | batch 250/1829 | loss=0.6274 | giou=0.2840 | bbox=0.0280 | ce=0.0157 | aux_giou=0.0000 | aux_bbox=0.0000 | aux_ce=0.0000 | mask=1760 | aux_mask=1447 | pos=152 | targets=152 | preds=134 | centerness=[-17.839, 1.815] | train_seen=500
2026-06-03 20:11:59 | INFO | Epoch 25 | batch 300/1829 | loss=0.7264 | giou=0.3260 | bbox=0.0562 | ce=0.0092 | aux_giou=0.0000 | aux_bbox=0.0000 | aux_ce=0.0000 | mask=2194 | aux_mask=2067 | pos=49 | targets=49 | preds=85 | centerness=[-11.002, 0.972] | train_seen=600
2026-06-03 20:13:45 | INFO | Epoch 25 | batch 350/1829 | loss=0.6367 | giou=0.2672 | bbox=0.0319 | ce=0.0061 | aux_giou=0.0282 | aux_bbox=0.0013 | aux_ce=0.0002 | mask=1282 | aux_mask=1702 | pos=35 | targets=35 | preds=34 | centerness=[-23.757, 1.714] | train_seen=700
2026-06-03 20:15:31 | INFO | Epoch 25 | batch 400/1829 | loss=0.7143 | giou=0.3251 | bbox=0.0390 | ce=0.0126 | aux_giou=0.0000 | aux_bbox=0.0000 | aux_ce=0.0000 | mask=2101 | aux_mask=1749 | pos=76 | targets=76 | preds=87 | centerness=[-17.100, 1.341] | train_seen=800
2026-06-03 20:17:18 | INFO | Epoch 25 | batch 450/1829 | loss=0.6087 | giou=0.2731 | bbox=0.0528 | ce=0.0049 | aux_giou=0.0000 | aux_bbox=0.0000 | aux_ce=0.0000 | mask=2028 | aux_mask=2133 | pos=30 | targets=30 | preds=33 | centerness=[-11.699, 1.429] | train_seen=900
2026-06-03 20:19:04 | INFO | Epoch 25 | batch 500/1829 | loss=0.7018 | giou=0.3193 | bbox=0.0350 | ce=0.0141 | aux_giou=0.0000 | aux_bbox=0.0000 | aux_ce=0.0000 | mask=2284 | aux_mask=2133 | pos=109 | targets=109 | preds=100 | centerness=[-12.587, 1.509] | train_seen=1000
2026-06-03 20:20:50 | INFO | Epoch 25 | batch 550/1829 | loss=0.5921 | giou=0.2686 | bbox=0.0334 | ce=0.0107 | aux_giou=0.0000 | aux_bbox=0.0000 | aux_ce=0.0000 | mask=2275 | aux_mask=2071 | pos=93 | targets=93 | preds=105 | centerness=[-13.716, 0.773] | train_seen=1100
2026-06-03 20:22:37 | INFO | Epoch 25 | batch 600/1829 | loss=0.5676 | giou=0.2463 | bbox=0.0420 | ce=0.0166 | aux_giou=0.0000 | aux_bbox=0.0000 | aux_ce=0.0000 | mask=1429 | aux_mask=1334 | pos=125 | targets=125 | preds=83 | centerness=[-17.297, 1.922] | train_seen=1200
2026-06-03 20:24:23 | INFO | Epoch 25 | batch 650/1829 | loss=0.5084 | giou=0.2298 | bbox=0.0387 | ce=0.0050 | aux_giou=0.0000 | aux_bbox=0.0000 | aux_ce=0.0000 | mask=1264 | aux_mask=1277 | pos=16 | targets=16 | preds=25 | centerness=[-18.653, 0.893] | train_seen=1300
2026-06-03 20:26:09 | INFO | Epoch 25 | batch 700/1829 | loss=0.4138 | giou=0.1831 | bbox=0.0359 | ce=0.0059 | aux_giou=0.0000 | aux_bbox=0.0000 | aux_ce=0.0000 | mask=1814 | aux_mask=1761 | pos=33 | targets=33 | preds=36 | centerness=[-15.826, 0.803] | train_seen=1400
2026-06-03 20:27:55 | INFO | Epoch 25 | batch 750/1829 | loss=0.9250 | giou=0.4225 | bbox=0.0279 | ce=0.0260 | aux_giou=0.0000 | aux_bbox=0.0000 | aux_ce=0.0000 | mask=2213 | aux_mask=1680 | pos=285 | targets=285 | preds=228 | centerness=[-11.597, 1.749] | train_seen=1500
2026-06-03 20:29:42 | INFO | Epoch 25 | batch 800/1829 | loss=0.7638 | giou=0.3586 | bbox=0.0352 | ce=0.0057 | aux_giou=0.0000 | aux_bbox=0.0000 | aux_ce=0.0000 | mask=2202 | aux_mask=1992 | pos=16 | targets=16 | preds=54 | centerness=[-13.021, 0.808] | train_seen=1600
2026-06-03 20:31:28 | INFO | Epoch 25 | batch 850/1829 | loss=0.9827 | giou=0.4302 | bbox=0.0357 | ce=0.0039 | aux_giou=0.0388 | aux_bbox=0.0011 | aux_ce=0.0001 | mask=1802 | aux_mask=1821 | pos=35 | targets=35 | preds=52 | centerness=[-9.416, 2.269] | train_seen=1700
2026-06-03 20:33:14 | INFO | Epoch 25 | batch 900/1829 | loss=0.8027 | giou=0.3601 | bbox=0.0384 | ce=0.0220 | aux_giou=0.0000 | aux_bbox=0.0000 | aux_ce=0.0000 | mask=2681 | aux_mask=2098 | pos=148 | targets=148 | preds=90 | centerness=[-11.342, 1.958] | train_seen=1800
2026-06-03 20:35:00 | INFO | Epoch 25 | batch 950/1829 | loss=0.7422 | giou=0.3218 | bbox=0.0771 | ce=0.0108 | aux_giou=0.0000 | aux_bbox=0.0000 | aux_ce=0.0000 | mask=1748 | aux_mask=1894 | pos=33 | targets=33 | preds=77 | centerness=[-14.987, -0.433] | train_seen=1900
2026-06-03 20:36:47 | INFO | Epoch 25 | batch 1000/1829 | loss=0.5152 | giou=0.2338 | bbox=0.0357 | ce=0.0060 | aux_giou=0.0000 | aux_bbox=0.0000 | aux_ce=0.0000 | mask=1822 | aux_mask=1893 | pos=48 | targets=48 | preds=41 | centerness=[-15.331, 1.378] | train_seen=2000
2026-06-03 20:38:33 | INFO | Epoch 25 | batch 1050/1829 | loss=0.6846 | giou=0.3054 | bbox=0.0542 | ce=0.0098 | aux_giou=0.0000 | aux_bbox=0.0000 | aux_ce=0.0000 | mask=1759 | aux_mask=1845 | pos=41 | targets=41 | preds=44 | centerness=[-16.628, 0.491] | train_seen=2100
2026-06-03 20:40:20 | INFO | Epoch 25 | batch 1100/1829 | loss=0.9216 | giou=0.3695 | bbox=0.0194 | ce=0.0349 | aux_giou=0.0403 | aux_bbox=0.0022 | aux_ce=0.0054 | mask=3507 | aux_mask=3076 | pos=680 | targets=680 | preds=906 | centerness=[-10.346, 0.899] | train_seen=2200
2026-06-03 20:42:06 | INFO | Epoch 25 | batch 1150/1829 | loss=1.0648 | giou=0.4571 | bbox=0.0217 | ce=0.0128 | aux_giou=0.0463 | aux_bbox=0.0070 | aux_ce=0.0019 | mask=1748 | aux_mask=1802 | pos=195 | targets=195 | preds=144 | centerness=[-9.030, 1.295] | train_seen=2300
2026-06-03 20:43:52 | INFO | Epoch 25 | batch 1200/1829 | loss=0.5463 | giou=0.2479 | bbox=0.0265 | ce=0.0120 | aux_giou=0.0000 | aux_bbox=0.0000 | aux_ce=0.0000 | mask=1749 | aux_mask=1594 | pos=117 | targets=117 | preds=132 | centerness=[-13.610, 1.635] | train_seen=2400
2026-06-03 20:45:38 | INFO | Epoch 25 | batch 1250/1829 | loss=0.6488 | giou=0.2890 | bbox=0.0263 | ce=0.0222 | aux_giou=0.0000 | aux_bbox=0.0000 | aux_ce=0.0000 | mask=2145 | aux_mask=2150 | pos=169 | targets=169 | preds=200 | centerness=[-10.574, 1.939] | train_seen=2500
2026-06-03 20:47:24 | INFO | Epoch 25 | batch 1300/1829 | loss=0.8900 | giou=0.4092 | bbox=0.0378 | ce=0.0169 | aux_giou=0.0000 | aux_bbox=0.0000 | aux_ce=0.0000 | mask=1997 | aux_mask=1919 | pos=113 | targets=113 | preds=84 | centerness=[-13.717, 1.204] | train_seen=2600
2026-06-03 20:49:11 | INFO | Epoch 25 | batch 1350/1829 | loss=0.6448 | giou=0.2719 | bbox=0.0208 | ce=0.0082 | aux_giou=0.0305 | aux_bbox=0.0011 | aux_ce=0.0008 | mask=2066 | aux_mask=1913 | pos=92 | targets=92 | preds=73 | centerness=[-14.330, 1.955] | train_seen=2700
2026-06-03 20:50:57 | INFO | Epoch 25 | batch 1400/1829 | loss=0.6441 | giou=0.2846 | bbox=0.0322 | ce=0.0213 | aux_giou=0.0000 | aux_bbox=0.0000 | aux_ce=0.0000 | mask=2470 | aux_mask=2186 | pos=295 | targets=295 | preds=254 | centerness=[-16.917, 1.146] | train_seen=2800
2026-06-03 20:52:43 | INFO | Epoch 25 | batch 1450/1829 | loss=0.7555 | giou=0.3417 | bbox=0.0386 | ce=0.0168 | aux_giou=0.0000 | aux_bbox=0.0000 | aux_ce=0.0000 | mask=1712 | aux_mask=1772 | pos=93 | targets=93 | preds=76 | centerness=[-10.430, 0.673] | train_seen=2900
2026-06-03 20:54:29 | INFO | Epoch 25 | batch 1500/1829 | loss=0.6754 | giou=0.3017 | bbox=0.0351 | ce=0.0184 | aux_giou=0.0000 | aux_bbox=0.0000 | aux_ce=0.0000 | mask=2136 | aux_mask=1700 | pos=402 | targets=402 | preds=406 | centerness=[-8.122, 1.684] | train_seen=3000
2026-06-03 20:56:16 | INFO | Epoch 25 | batch 1550/1829 | loss=0.4628 | giou=0.2137 | bbox=0.0186 | ce=0.0084 | aux_giou=0.0000 | aux_bbox=0.0000 | aux_ce=0.0000 | mask=1803 | aux_mask=1699 | pos=72 | targets=72 | preds=96 | centerness=[-10.817, 1.100] | train_seen=3100
2026-06-03 20:58:02 | INFO | Epoch 25 | batch 1600/1829 | loss=0.3637 | giou=0.1634 | bbox=0.0228 | ce=0.0070 | aux_giou=0.0000 | aux_bbox=0.0000 | aux_ce=0.0000 | mask=2133 | aux_mask=1806 | pos=40 | targets=40 | preds=66 | centerness=[-9.974, 1.275] | train_seen=3200
2026-06-03 20:59:48 | INFO | Epoch 25 | batch 1650/1829 | loss=0.7289 | giou=0.3412 | bbox=0.0378 | ce=0.0043 | aux_giou=0.0000 | aux_bbox=0.0000 | aux_ce=0.0000 | mask=2154 | aux_mask=2098 | pos=29 | targets=29 | preds=34 | centerness=[-11.855, 1.428] | train_seen=3300
2026-06-03 21:01:34 | INFO | Epoch 25 | batch 1700/1829 | loss=0.5943 | giou=0.2689 | bbox=0.0361 | ce=0.0102 | aux_giou=0.0000 | aux_bbox=0.0000 | aux_ce=0.0000 | mask=1843 | aux_mask=1662 | pos=58 | targets=58 | preds=64 | centerness=[-17.045, 1.377] | train_seen=3400
2026-06-03 21:03:21 | INFO | Epoch 25 | batch 1750/1829 | loss=0.8068 | giou=0.3581 | bbox=0.0501 | ce=0.0202 | aux_giou=0.0000 | aux_bbox=0.0000 | aux_ce=0.0000 | mask=2269 | aux_mask=2524 | pos=200 | targets=200 | preds=250 | centerness=[-7.590, 1.761] | train_seen=3500
2026-06-03 21:05:07 | INFO | Epoch 25 | batch 1800/1829 | loss=0.6129 | giou=0.2795 | bbox=0.0241 | ce=0.0149 | aux_giou=0.0000 | aux_bbox=0.0000 | aux_ce=0.0000 | mask=1941 | aux_mask=1923 | pos=114 | targets=114 | preds=101 | centerness=[-11.880, 0.521] | train_seen=3600
2026-06-03 21:25:43 | INFO | Epoch 25 | train_loss=0.702 | val_loss=0.900 | train_mae=26.162 | val_mae=22.395 | val_rmse=55.02 | test_mae=23.030 | test_rmse=105.38 | time=5058.551s | best_rmse
2026-06-03 21:27:29 | INFO | Epoch 26 | batch 50/1829 | loss=0.6524 | giou=0.2920 | bbox=0.0473 | ce=0.0105 | aux_giou=0.0000 | aux_bbox=0.0000 | aux_ce=0.0000 | mask=1649 | aux_mask=1862 | pos=51 | targets=51 | preds=60 | centerness=[-15.595, 0.914] | train_seen=100
2026-06-03 21:29:16 | INFO | Epoch 26 | batch 100/1829 | loss=0.5438 | giou=0.2427 | bbox=0.0342 | ce=0.0121 | aux_giou=0.0000 | aux_bbox=0.0000 | aux_ce=0.0000 | mask=2629 | aux_mask=2495 | pos=120 | targets=120 | preds=113 | centerness=[-10.770, 1.319] | train_seen=200
2026-06-03 21:31:02 | INFO | Epoch 26 | batch 150/1829 | loss=0.5835 | giou=0.2725 | bbox=0.0253 | ce=0.0066 | aux_giou=0.0000 | aux_bbox=0.0000 | aux_ce=0.0000 | mask=2231 | aux_mask=2117 | pos=71 | targets=71 | preds=80 | centerness=[-10.266, 1.179] | train_seen=300
2026-06-03 21:32:48 | INFO | Epoch 26 | batch 200/1829 | loss=0.5500 | giou=0.2555 | bbox=0.0300 | ce=0.0045 | aux_giou=0.0000 | aux_bbox=0.0000 | aux_ce=0.0000 | mask=1242 | aux_mask=1532 | pos=22 | targets=22 | preds=20 | centerness=[-14.598, 1.402] | train_seen=400
2026-06-03 21:34:35 | INFO | Epoch 26 | batch 250/1829 | loss=0.8537 | giou=0.3854 | bbox=0.0341 | ce=0.0244 | aux_giou=0.0000 | aux_bbox=0.0000 | aux_ce=0.0000 | mask=1463 | aux_mask=1276 | pos=120 | targets=120 | preds=126 | centerness=[-13.078, 0.998] | train_seen=500
2026-06-03 21:36:21 | INFO | Epoch 26 | batch 300/1829 | loss=0.6952 | giou=0.3180 | bbox=0.0311 | ce=0.0141 | aux_giou=0.0000 | aux_bbox=0.0000 | aux_ce=0.0000 | mask=2202 | aux_mask=2001 | pos=127 | targets=127 | preds=102 | centerness=[-15.194, 2.183] | train_seen=600
2026-06-03 21:38:07 | INFO | Epoch 26 | batch 350/1829 | loss=0.6289 | giou=0.3012 | bbox=0.0201 | ce=0.0032 | aux_giou=0.0000 | aux_bbox=0.0000 | aux_ce=0.0000 | mask=1229 | aux_mask=1543 | pos=54 | targets=54 | preds=49 | centerness=[-12.260, 2.228] | train_seen=700
2026-06-03 21:39:53 | INFO | Epoch 26 | batch 400/1829 | loss=0.4716 | giou=0.2222 | bbox=0.0213 | ce=0.0030 | aux_giou=0.0000 | aux_bbox=0.0000 | aux_ce=0.0000 | mask=1394 | aux_mask=1442 | pos=28 | targets=28 | preds=31 | centerness=[-12.843, 1.022] | train_seen=800
2026-06-03 21:41:40 | INFO | Epoch 26 | batch 450/1829 | loss=0.3995 | giou=0.1800 | bbox=0.0250 | ce=0.0072 | aux_giou=0.0000 | aux_bbox=0.0000 | aux_ce=0.0000 | mask=2211 | aux_mask=1938 | pos=60 | targets=60 | preds=78 | centerness=[-9.812, 1.355] | train_seen=900
2026-06-03 21:43:26 | INFO | Epoch 26 | batch 500/1829 | loss=0.8618 | giou=0.3707 | bbox=0.0797 | ce=0.0203 | aux_giou=0.0000 | aux_bbox=0.0000 | aux_ce=0.0000 | mask=2265 | aux_mask=2357 | pos=179 | targets=179 | preds=151 | centerness=[-9.593, 1.077] | train_seen=1000
2026-06-03 21:45:12 | INFO | Epoch 26 | batch 550/1829 | loss=0.7746 | giou=0.3397 | bbox=0.0401 | ce=0.0275 | aux_giou=0.0000 | aux_bbox=0.0000 | aux_ce=0.0000 | mask=2232 | aux_mask=2075 | pos=187 | targets=187 | preds=320 | centerness=[-17.425, 0.703] | train_seen=1100
2026-06-03 21:46:58 | INFO | Epoch 26 | batch 600/1829 | loss=1.2022 | giou=0.4908 | bbox=0.0315 | ce=0.0474 | aux_giou=0.0414 | aux_bbox=0.0026 | aux_ce=0.0044 | mask=1906 | aux_mask=1502 | pos=641 | targets=641 | preds=416 | centerness=[-12.496, 2.224] | train_seen=1200
2026-06-03 21:48:45 | INFO | Epoch 26 | batch 650/1829 | loss=0.6107 | giou=0.2615 | bbox=0.0487 | ce=0.0195 | aux_giou=0.0000 | aux_bbox=0.0000 | aux_ce=0.0000 | mask=1697 | aux_mask=1516 | pos=66 | targets=66 | preds=62 | centerness=[-18.015, 0.857] | train_seen=1300
2026-06-03 21:50:31 | INFO | Epoch 26 | batch 700/1829 | loss=0.8261 | giou=0.3611 | bbox=0.0384 | ce=0.0328 | aux_giou=0.0000 | aux_bbox=0.0000 | aux_ce=0.0000 | mask=2549 | aux_mask=2301 | pos=192 | targets=192 | preds=146 | centerness=[-11.369, 1.111] | train_seen=1400
2026-06-03 21:52:17 | INFO | Epoch 26 | batch 750/1829 | loss=0.6536 | giou=0.2938 | bbox=0.0506 | ce=0.0077 | aux_giou=0.0000 | aux_bbox=0.0000 | aux_ce=0.0000 | mask=1743 | aux_mask=1717 | pos=53 | targets=53 | preds=53 | centerness=[-11.662, 1.322] | train_seen=1500
2026-06-03 21:54:03 | INFO | Epoch 26 | batch 800/1829 | loss=0.6307 | giou=0.2961 | bbox=0.0157 | ce=0.0114 | aux_giou=0.0000 | aux_bbox=0.0000 | aux_ce=0.0000 | mask=2112 | aux_mask=1682 | pos=359 | targets=359 | preds=362 | centerness=[-10.307, 1.963] | train_seen=1600
2026-06-03 21:55:49 | INFO | Epoch 26 | batch 850/1829 | loss=0.5779 | giou=0.2633 | bbox=0.0189 | ce=0.0162 | aux_giou=0.0000 | aux_bbox=0.0000 | aux_ce=0.0000 | mask=2658 | aux_mask=2106 | pos=273 | targets=273 | preds=246 | centerness=[-7.197, 1.376] | train_seen=1700
2026-06-03 21:57:36 | INFO | Epoch 26 | batch 900/1829 | loss=0.7872 | giou=0.3472 | bbox=0.0578 | ce=0.0175 | aux_giou=0.0000 | aux_bbox=0.0000 | aux_ce=0.0000 | mask=1677 | aux_mask=1681 | pos=108 | targets=108 | preds=90 | centerness=[-14.974, 1.375] | train_seen=1800
2026-06-03 21:59:22 | INFO | Epoch 26 | batch 950/1829 | loss=0.4650 | giou=0.2187 | bbox=0.0216 | ce=0.0030 | aux_giou=0.0000 | aux_bbox=0.0000 | aux_ce=0.0000 | mask=1964 | aux_mask=1975 | pos=25 | targets=25 | preds=25 | centerness=[-12.238, 1.239] | train_seen=1900
2026-06-03 22:01:09 | INFO | Epoch 26 | batch 1000/1829 | loss=0.4143 | giou=0.1878 | bbox=0.0263 | ce=0.0062 | aux_giou=0.0000 | aux_bbox=0.0000 | aux_ce=0.0000 | mask=1387 | aux_mask=1524 | pos=61 | targets=61 | preds=59 | centerness=[-18.046, 1.947] | train_seen=2000
2026-06-03 22:02:55 | INFO | Epoch 26 | batch 1050/1829 | loss=0.6190 | giou=0.2731 | bbox=0.0366 | ce=0.0181 | aux_giou=0.0000 | aux_bbox=0.0000 | aux_ce=0.0000 | mask=1747 | aux_mask=1749 | pos=103 | targets=103 | preds=58 | centerness=[-13.374, 2.320] | train_seen=2100
2026-06-03 22:04:41 | INFO | Epoch 26 | batch 1100/1829 | loss=0.3309 | giou=0.1414 | bbox=0.0362 | ce=0.0060 | aux_giou=0.0000 | aux_bbox=0.0000 | aux_ce=0.0000 | mask=2206 | aux_mask=2265 | pos=30 | targets=30 | preds=38 | centerness=[-22.888, 0.371] | train_seen=2200
2026-06-03 22:06:28 | INFO | Epoch 26 | batch 1150/1829 | loss=0.8594 | giou=0.3989 | bbox=0.0276 | ce=0.0170 | aux_giou=0.0000 | aux_bbox=0.0000 | aux_ce=0.0000 | mask=2536 | aux_mask=2175 | pos=187 | targets=187 | preds=175 | centerness=[-9.526, 1.300] | train_seen=2300
2026-06-03 22:08:14 | INFO | Epoch 26 | batch 1200/1829 | loss=0.5675 | giou=0.2575 | bbox=0.0372 | ce=0.0077 | aux_giou=0.0000 | aux_bbox=0.0000 | aux_ce=0.0000 | mask=2182 | aux_mask=2154 | pos=77 | targets=77 | preds=77 | centerness=[-13.492, 0.742] | train_seen=2400
2026-06-03 22:10:00 | INFO | Epoch 26 | batch 1250/1829 | loss=1.2193 | giou=0.4927 | bbox=0.0302 | ce=0.0466 | aux_giou=0.0479 | aux_bbox=0.0033 | aux_ce=0.0057 | mask=2648 | aux_mask=2170 | pos=569 | targets=569 | preds=1317 | centerness=[-11.750, 1.204] | train_seen=2500
2026-06-03 22:11:47 | INFO | Epoch 26 | batch 1300/1829 | loss=0.9517 | giou=0.4244 | bbox=0.0368 | ce=0.0330 | aux_giou=0.0000 | aux_bbox=0.0000 | aux_ce=0.0000 | mask=3514 | aux_mask=2755 | pos=240 | targets=240 | preds=295 | centerness=[-7.081, 0.399] | train_seen=2600
2026-06-03 22:13:33 | INFO | Epoch 26 | batch 1350/1829 | loss=0.8165 | giou=0.3896 | bbox=0.0206 | ce=0.0083 | aux_giou=0.0000 | aux_bbox=0.0000 | aux_ce=0.0000 | mask=2253 | aux_mask=1692 | pos=45 | targets=45 | preds=165 | centerness=[-8.715, 0.669] | train_seen=2700
2026-06-03 22:15:19 | INFO | Epoch 26 | batch 1400/1829 | loss=0.8797 | giou=0.4008 | bbox=0.0221 | ce=0.0279 | aux_giou=0.0000 | aux_bbox=0.0000 | aux_ce=0.0000 | mask=2822 | aux_mask=2294 | pos=370 | targets=370 | preds=377 | centerness=[-11.290, 1.425] | train_seen=2800
2026-06-03 22:17:06 | INFO | Epoch 26 | batch 1450/1829 | loss=0.5930 | giou=0.2574 | bbox=0.0655 | ce=0.0063 | aux_giou=0.0000 | aux_bbox=0.0000 | aux_ce=0.0000 | mask=2259 | aux_mask=2029 | pos=34 | targets=34 | preds=36 | centerness=[-13.794, -0.006] | train_seen=2900
2026-06-03 22:18:52 | INFO | Epoch 26 | batch 1500/1829 | loss=0.6897 | giou=0.3286 | bbox=0.0229 | ce=0.0049 | aux_giou=0.0000 | aux_bbox=0.0000 | aux_ce=0.0000 | mask=1161 | aux_mask=1161 | pos=45 | targets=45 | preds=39 | centerness=[-13.274, 1.511] | train_seen=3000
2026-06-03 22:20:38 | INFO | Epoch 26 | batch 1550/1829 | loss=0.4704 | giou=0.2074 | bbox=0.0345 | ce=0.0106 | aux_giou=0.0000 | aux_bbox=0.0000 | aux_ce=0.0000 | mask=1674 | aux_mask=1755 | pos=67 | targets=67 | preds=51 | centerness=[-18.394, 1.054] | train_seen=3100
2026-06-03 22:22:25 | INFO | Epoch 26 | batch 1600/1829 | loss=0.5538 | giou=0.2490 | bbox=0.0414 | ce=0.0072 | aux_giou=0.0000 | aux_bbox=0.0000 | aux_ce=0.0000 | mask=1768 | aux_mask=1765 | pos=29 | targets=29 | preds=30 | centerness=[-12.812, 0.863] | train_seen=3200
2026-06-03 22:24:11 | INFO | Epoch 26 | batch 1650/1829 | loss=0.9325 | giou=0.3724 | bbox=0.0535 | ce=0.0195 | aux_giou=0.0424 | aux_bbox=0.0068 | aux_ce=0.0018 | mask=1619 | aux_mask=1602 | pos=79 | targets=79 | preds=92 | centerness=[-13.987, 0.954] | train_seen=3300
2026-06-03 22:25:57 | INFO | Epoch 26 | batch 1700/1829 | loss=0.9309 | giou=0.3458 | bbox=0.0174 | ce=0.0619 | aux_giou=0.0398 | aux_bbox=0.0021 | aux_ce=0.0081 | mask=3570 | aux_mask=2988 | pos=1302 | targets=1302 | preds=903 | centerness=[-6.416, 1.384] | train_seen=3400
2026-06-03 22:27:43 | INFO | Epoch 26 | batch 1750/1829 | loss=0.5255 | giou=0.2343 | bbox=0.0314 | ce=0.0127 | aux_giou=0.0000 | aux_bbox=0.0000 | aux_ce=0.0000 | mask=2208 | aux_mask=2266 | pos=57 | targets=57 | preds=92 | centerness=[-16.893, 0.426] | train_seen=3500
2026-06-03 22:29:30 | INFO | Epoch 26 | batch 1800/1829 | loss=0.6758 | giou=0.3038 | bbox=0.0481 | ce=0.0101 | aux_giou=0.0000 | aux_bbox=0.0000 | aux_ce=0.0000 | mask=2431 | aux_mask=2363 | pos=53 | targets=53 | preds=63 | centerness=[-16.930, 2.064] | train_seen=3600
2026-06-03 22:50:06 | INFO | Epoch 26 | train_loss=0.703 | val_loss=0.892 | train_mae=25.585 | val_mae=21.968 | val_rmse=55.90 | test_mae=20.905 | test_rmse=94.42 | time=5061.696s
2026-06-03 22:51:53 | INFO | Epoch 27 | batch 50/1829 | loss=1.0108 | giou=0.4517 | bbox=0.0877 | ce=0.0098 | aux_giou=0.0000 | aux_bbox=0.0000 | aux_ce=0.0000 | mask=1937 | aux_mask=1532 | pos=58 | targets=58 | preds=86 | centerness=[-10.123, 1.454] | train_seen=100
2026-06-03 22:53:39 | INFO | Epoch 27 | batch 100/1829 | loss=0.7496 | giou=0.3257 | bbox=0.0208 | ce=0.0130 | aux_giou=0.0251 | aux_bbox=0.0009 | aux_ce=0.0001 | mask=1861 | aux_mask=1704 | pos=124 | targets=124 | preds=131 | centerness=[-12.487, 1.305] | train_seen=200
2026-06-03 22:55:26 | INFO | Epoch 27 | batch 150/1829 | loss=0.4196 | giou=0.1894 | bbox=0.0278 | ce=0.0065 | aux_giou=0.0000 | aux_bbox=0.0000 | aux_ce=0.0000 | mask=2218 | aux_mask=2221 | pos=44 | targets=44 | preds=68 | centerness=[-14.962, 0.413] | train_seen=300
2026-06-03 22:57:12 | INFO | Epoch 27 | batch 200/1829 | loss=0.8510 | giou=0.3738 | bbox=0.0374 | ce=0.0330 | aux_giou=0.0000 | aux_bbox=0.0000 | aux_ce=0.0000 | mask=1981 | aux_mask=1717 | pos=272 | targets=272 | preds=187 | centerness=[-16.757, 1.456] | train_seen=400
2026-06-03 22:58:58 | INFO | Epoch 27 | batch 250/1829 | loss=0.6871 | giou=0.3019 | bbox=0.0355 | ce=0.0239 | aux_giou=0.0000 | aux_bbox=0.0000 | aux_ce=0.0000 | mask=2055 | aux_mask=1921 | pos=126 | targets=126 | preds=119 | centerness=[-15.128, 1.720] | train_seen=500
2026-06-03 23:00:44 | INFO | Epoch 27 | batch 300/1829 | loss=0.4711 | giou=0.2060 | bbox=0.0275 | ce=0.0157 | aux_giou=0.0000 | aux_bbox=0.0000 | aux_ce=0.0000 | mask=1462 | aux_mask=1442 | pos=116 | targets=116 | preds=112 | centerness=[-15.465, 1.870] | train_seen=600
2026-06-03 23:02:30 | INFO | Epoch 27 | batch 350/1829 | loss=0.9160 | giou=0.3650 | bbox=0.0141 | ce=0.0185 | aux_giou=0.0615 | aux_bbox=0.0031 | aux_ce=0.0044 | mask=1945 | aux_mask=1695 | pos=197 | targets=197 | preds=251 | centerness=[-11.057, 1.374] | train_seen=700
2026-06-03 23:04:16 | INFO | Epoch 27 | batch 400/1829 | loss=1.0772 | giou=0.4604 | bbox=0.0198 | ce=0.0189 | aux_giou=0.0453 | aux_bbox=0.0034 | aux_ce=0.0024 | mask=2606 | aux_mask=2187 | pos=248 | targets=248 | preds=191 | centerness=[-11.373, 1.526] | train_seen=800
2026-06-03 23:06:03 | INFO | Epoch 27 | batch 450/1829 | loss=0.5465 | giou=0.2368 | bbox=0.0334 | ce=0.0197 | aux_giou=0.0000 | aux_bbox=0.0000 | aux_ce=0.0000 | mask=1395 | aux_mask=1573 | pos=101 | targets=101 | preds=105 | centerness=[-13.739, 1.045] | train_seen=900
2026-06-03 23:07:49 | INFO | Epoch 27 | batch 500/1829 | loss=0.6944 | giou=0.2981 | bbox=0.0137 | ce=0.0089 | aux_giou=0.0319 | aux_bbox=0.0012 | aux_ce=0.0008 | mask=1877 | aux_mask=1837 | pos=208 | targets=208 | preds=201 | centerness=[-7.488, 3.147] | train_seen=1000
2026-06-03 23:09:35 | INFO | Epoch 27 | batch 550/1829 | loss=0.7145 | giou=0.3374 | bbox=0.0216 | ce=0.0090 | aux_giou=0.0000 | aux_bbox=0.0000 | aux_ce=0.0000 | mask=2238 | aux_mask=1948 | pos=73 | targets=73 | preds=82 | centerness=[-11.699, 1.276] | train_seen=1100
2026-06-03 23:11:21 | INFO | Epoch 27 | batch 600/1829 | loss=0.8321 | giou=0.3718 | bbox=0.0132 | ce=0.0071 | aux_giou=0.0296 | aux_bbox=0.0010 | aux_ce=0.0004 | mask=2303 | aux_mask=1900 | pos=78 | targets=78 | preds=77 | centerness=[-10.699, 3.270] | train_seen=1200
2026-06-03 23:13:07 | INFO | Epoch 27 | batch 650/1829 | loss=0.5809 | giou=0.2565 | bbox=0.0397 | ce=0.0141 | aux_giou=0.0000 | aux_bbox=0.0000 | aux_ce=0.0000 | mask=1741 | aux_mask=1580 | pos=90 | targets=90 | preds=90 | centerness=[-16.278, 0.994] | train_seen=1300
2026-06-03 23:14:53 | INFO | Epoch 27 | batch 700/1829 | loss=0.6018 | giou=0.2662 | bbox=0.0422 | ce=0.0136 | aux_giou=0.0000 | aux_bbox=0.0000 | aux_ce=0.0000 | mask=1764 | aux_mask=1659 | pos=65 | targets=65 | preds=67 | centerness=[-12.576, 1.355] | train_seen=1400
2026-06-03 23:16:40 | INFO | Epoch 27 | batch 750/1829 | loss=0.8447 | giou=0.3897 | bbox=0.0478 | ce=0.0088 | aux_giou=0.0000 | aux_bbox=0.0000 | aux_ce=0.0000 | mask=2025 | aux_mask=2167 | pos=25 | targets=25 | preds=104 | centerness=[-15.629, 0.318] | train_seen=1500
2026-06-03 23:18:26 | INFO | Epoch 27 | batch 800/1829 | loss=0.4881 | giou=0.2171 | bbox=0.0312 | ce=0.0114 | aux_giou=0.0000 | aux_bbox=0.0000 | aux_ce=0.0000 | mask=1686 | aux_mask=1666 | pos=77 | targets=77 | preds=78 | centerness=[-18.079, 1.573] | train_seen=1600
2026-06-03 23:20:12 | INFO | Epoch 27 | batch 850/1829 | loss=0.5171 | giou=0.2426 | bbox=0.0206 | ce=0.0057 | aux_giou=0.0000 | aux_bbox=0.0000 | aux_ce=0.0000 | mask=1773 | aux_mask=1644 | pos=24 | targets=24 | preds=38 | centerness=[-12.598, 1.372] | train_seen=1700
2026-06-03 23:21:58 | INFO | Epoch 27 | batch 900/1829 | loss=0.7143 | giou=0.3279 | bbox=0.0344 | ce=0.0120 | aux_giou=0.0000 | aux_bbox=0.0000 | aux_ce=0.0000 | mask=2372 | aux_mask=2083 | pos=60 | targets=60 | preds=113 | centerness=[-15.984, 1.573] | train_seen=1800
2026-06-03 23:23:44 | INFO | Epoch 27 | batch 950/1829 | loss=0.5458 | giou=0.2514 | bbox=0.0230 | ce=0.0100 | aux_giou=0.0000 | aux_bbox=0.0000 | aux_ce=0.0000 | mask=1550 | aux_mask=1577 | pos=71 | targets=71 | preds=107 | centerness=[-16.832, 1.127] | train_seen=1900
2026-06-03 23:25:30 | INFO | Epoch 27 | batch 1000/1829 | loss=0.7104 | giou=0.3182 | bbox=0.0436 | ce=0.0152 | aux_giou=0.0000 | aux_bbox=0.0000 | aux_ce=0.0000 | mask=1850 | aux_mask=1768 | pos=85 | targets=85 | preds=60 | centerness=[-11.507, 0.806] | train_seen=2000
2026-06-03 23:27:16 | INFO | Epoch 27 | batch 1050/1829 | loss=0.5688 | giou=0.2534 | bbox=0.0405 | ce=0.0107 | aux_giou=0.0000 | aux_bbox=0.0000 | aux_ce=0.0000 | mask=2667 | aux_mask=2352 | pos=77 | targets=77 | preds=100 | centerness=[-16.136, 0.411] | train_seen=2100
2026-06-03 23:29:02 | INFO | Epoch 27 | batch 1100/1829 | loss=0.8041 | giou=0.3501 | bbox=0.0163 | ce=0.0110 | aux_giou=0.0313 | aux_bbox=0.0023 | aux_ce=0.0003 | mask=1654 | aux_mask=1789 | pos=137 | targets=137 | preds=113 | centerness=[-10.518, 2.014] | train_seen=2200
2026-06-03 23:30:48 | INFO | Epoch 27 | batch 1150/1829 | loss=0.6715 | giou=0.3017 | bbox=0.0361 | ce=0.0161 | aux_giou=0.0000 | aux_bbox=0.0000 | aux_ce=0.0000 | mask=1487 | aux_mask=1593 | pos=75 | targets=75 | preds=83 | centerness=[-13.212, 1.465] | train_seen=2300
2026-06-03 23:32:34 | INFO | Epoch 27 | batch 1200/1829 | loss=0.6069 | giou=0.2658 | bbox=0.0176 | ce=0.0288 | aux_giou=0.0000 | aux_bbox=0.0000 | aux_ce=0.0000 | mask=2565 | aux_mask=1813 | pos=118 | targets=118 | preds=451 | centerness=[-10.141, 1.746] | train_seen=2400
2026-06-03 23:34:20 | INFO | Epoch 27 | batch 1250/1829 | loss=0.5873 | giou=0.2779 | bbox=0.0216 | ce=0.0050 | aux_giou=0.0000 | aux_bbox=0.0000 | aux_ce=0.0000 | mask=1591 | aux_mask=2089 | pos=27 | targets=27 | preds=25 | centerness=[-14.952, 1.623] | train_seen=2500
2026-06-03 23:36:06 | INFO | Epoch 27 | batch 1300/1829 | loss=0.7348 | giou=0.3252 | bbox=0.0283 | ce=0.0281 | aux_giou=0.0000 | aux_bbox=0.0000 | aux_ce=0.0000 | mask=2321 | aux_mask=1744 | pos=420 | targets=420 | preds=280 | centerness=[-16.283, 2.215] | train_seen=2600
2026-06-03 23:37:52 | INFO | Epoch 27 | batch 1350/1829 | loss=0.5659 | giou=0.2430 | bbox=0.0628 | ce=0.0086 | aux_giou=0.0000 | aux_bbox=0.0000 | aux_ce=0.0000 | mask=2106 | aux_mask=2012 | pos=31 | targets=31 | preds=48 | centerness=[-13.769, 0.009] | train_seen=2700
2026-06-03 23:39:38 | INFO | Epoch 27 | batch 1400/1829 | loss=0.7296 | giou=0.3110 | bbox=0.0874 | ce=0.0101 | aux_giou=0.0000 | aux_bbox=0.0000 | aux_ce=0.0000 | mask=2397 | aux_mask=1979 | pos=189 | targets=189 | preds=204 | centerness=[-12.834, 2.643] | train_seen=2800
2026-06-03 23:41:24 | INFO | Epoch 27 | batch 1450/1829 | loss=1.2358 | giou=0.4979 | bbox=0.0250 | ce=0.0562 | aux_giou=0.0476 | aux_bbox=0.0030 | aux_ce=0.0022 | mask=2992 | aux_mask=2323 | pos=473 | targets=473 | preds=246 | centerness=[-9.352, 1.768] | train_seen=2900
2026-06-03 23:43:10 | INFO | Epoch 27 | batch 1500/1829 | loss=0.9094 | giou=0.3880 | bbox=0.0203 | ce=0.0259 | aux_giou=0.0288 | aux_bbox=0.0030 | aux_ce=0.0004 | mask=2116 | aux_mask=1757 | pos=244 | targets=244 | preds=190 | centerness=[-7.509, 2.528] | train_seen=3000
2026-06-03 23:44:56 | INFO | Epoch 27 | batch 1550/1829 | loss=0.9989 | giou=0.4353 | bbox=0.0286 | ce=0.0129 | aux_giou=0.0347 | aux_bbox=0.0013 | aux_ce=0.0016 | mask=1959 | aux_mask=1731 | pos=64 | targets=64 | preds=85 | centerness=[-15.151, 1.307] | train_seen=3100
2026-06-03 23:46:43 | INFO | Epoch 27 | batch 1600/1829 | loss=0.4916 | giou=0.2270 | bbox=0.0209 | ce=0.0084 | aux_giou=0.0000 | aux_bbox=0.0000 | aux_ce=0.0000 | mask=2126 | aux_mask=1512 | pos=181 | targets=181 | preds=163 | centerness=[-7.430, 2.633] | train_seen=3200
2026-06-03 23:48:29 | INFO | Epoch 27 | batch 1650/1829 | loss=0.6238 | giou=0.2737 | bbox=0.0603 | ce=0.0080 | aux_giou=0.0000 | aux_bbox=0.0000 | aux_ce=0.0000 | mask=1445 | aux_mask=1480 | pos=20 | targets=20 | preds=30 | centerness=[-12.354, 0.261] | train_seen=3300
2026-06-03 23:50:15 | INFO | Epoch 27 | batch 1700/1829 | loss=0.7517 | giou=0.3384 | bbox=0.0438 | ce=0.0156 | aux_giou=0.0000 | aux_bbox=0.0000 | aux_ce=0.0000 | mask=2384 | aux_mask=1925 | pos=130 | targets=130 | preds=118 | centerness=[-13.058, 2.161] | train_seen=3400
2026-06-03 23:52:01 | INFO | Epoch 27 | batch 1750/1829 | loss=1.0321 | giou=0.4423 | bbox=0.0352 | ce=0.0065 | aux_giou=0.0479 | aux_bbox=0.0020 | aux_ce=0.0007 | mask=2255 | aux_mask=1739 | pos=39 | targets=39 | preds=68 | centerness=[-14.531, 0.896] | train_seen=3500
2026-06-03 23:53:47 | INFO | Epoch 27 | batch 1800/1829 | loss=0.7326 | giou=0.3301 | bbox=0.0130 | ce=0.0039 | aux_giou=0.0249 | aux_bbox=0.0007 | aux_ce=0.0006 | mask=2879 | aux_mask=2528 | pos=98 | targets=98 | preds=114 | centerness=[-11.091, 1.751] | train_seen=3600
2026-06-04 00:14:19 | INFO | Epoch 27 | train_loss=0.694 | val_loss=0.895 | train_mae=25.156 | val_mae=23.781 | val_rmse=64.95 | test_mae=20.875 | test_rmse=101.16 | time=5051.194s
2026-06-04 00:16:06 | INFO | Epoch 28 | batch 50/1829 | loss=0.6507 | giou=0.2963 | bbox=0.0234 | ce=0.0174 | aux_giou=0.0000 | aux_bbox=0.0000 | aux_ce=0.0000 | mask=1686 | aux_mask=1620 | pos=168 | targets=168 | preds=144 | centerness=[-15.800, 1.123] | train_seen=100
2026-06-04 00:17:52 | INFO | Epoch 28 | batch 100/1829 | loss=0.5077 | giou=0.2270 | bbox=0.0370 | ce=0.0083 | aux_giou=0.0000 | aux_bbox=0.0000 | aux_ce=0.0000 | mask=2114 | aux_mask=2090 | pos=50 | targets=50 | preds=44 | centerness=[-16.509, 1.402] | train_seen=200
2026-06-04 00:19:38 | INFO | Epoch 28 | batch 150/1829 | loss=0.5483 | giou=0.2493 | bbox=0.0196 | ce=0.0151 | aux_giou=0.0000 | aux_bbox=0.0000 | aux_ce=0.0000 | mask=2817 | aux_mask=2371 | pos=325 | targets=325 | preds=346 | centerness=[-11.711, 1.271] | train_seen=300
2026-06-04 00:21:24 | INFO | Epoch 28 | batch 200/1829 | loss=0.3610 | giou=0.1598 | bbox=0.0368 | ce=0.0023 | aux_giou=0.0000 | aux_bbox=0.0000 | aux_ce=0.0000 | mask=2015 | aux_mask=2069 | pos=23 | targets=23 | preds=24 | centerness=[-21.344, 0.699] | train_seen=400
2026-06-04 00:23:10 | INFO | Epoch 28 | batch 250/1829 | loss=0.9339 | giou=0.4379 | bbox=0.0314 | ce=0.0134 | aux_giou=0.0000 | aux_bbox=0.0000 | aux_ce=0.0000 | mask=2100 | aux_mask=1690 | pos=38 | targets=38 | preds=235 | centerness=[-12.546, 0.667] | train_seen=500
2026-06-04 00:24:56 | INFO | Epoch 28 | batch 300/1829 | loss=0.6080 | giou=0.2738 | bbox=0.0472 | ce=0.0066 | aux_giou=0.0000 | aux_bbox=0.0000 | aux_ce=0.0000 | mask=2132 | aux_mask=2218 | pos=28 | targets=28 | preds=33 | centerness=[-14.053, 0.386] | train_seen=600
2026-06-04 00:26:42 | INFO | Epoch 28 | batch 350/1829 | loss=0.6310 | giou=0.2954 | bbox=0.0317 | ce=0.0043 | aux_giou=0.0000 | aux_bbox=0.0000 | aux_ce=0.0000 | mask=2578 | aux_mask=2286 | pos=22 | targets=22 | preds=47 | centerness=[-19.582, 0.311] | train_seen=700
2026-06-04 00:28:28 | INFO | Epoch 28 | batch 400/1829 | loss=0.6811 | giou=0.2939 | bbox=0.0349 | ce=0.0292 | aux_giou=0.0000 | aux_bbox=0.0000 | aux_ce=0.0000 | mask=2196 | aux_mask=2019 | pos=128 | targets=128 | preds=73 | centerness=[-10.910, 2.017] | train_seen=800
2026-06-04 00:30:14 | INFO | Epoch 28 | batch 450/1829 | loss=0.6572 | giou=0.3033 | bbox=0.0356 | ce=0.0075 | aux_giou=0.0000 | aux_bbox=0.0000 | aux_ce=0.0000 | mask=2110 | aux_mask=1788 | pos=42 | targets=42 | preds=50 | centerness=[-12.455, 1.509] | train_seen=900
2026-06-04 00:32:00 | INFO | Epoch 28 | batch 500/1829 | loss=0.7570 | giou=0.3426 | bbox=0.0400 | ce=0.0159 | aux_giou=0.0000 | aux_bbox=0.0000 | aux_ce=0.0000 | mask=2154 | aux_mask=1903 | pos=54 | targets=54 | preds=140 | centerness=[-13.507, 1.821] | train_seen=1000
2026-06-04 00:33:46 | INFO | Epoch 28 | batch 550/1829 | loss=0.6594 | giou=0.2960 | bbox=0.0411 | ce=0.0131 | aux_giou=0.0000 | aux_bbox=0.0000 | aux_ce=0.0000 | mask=1875 | aux_mask=1630 | pos=109 | targets=109 | preds=88 | centerness=[-18.958, 1.619] | train_seen=1100
2026-06-04 00:35:32 | INFO | Epoch 28 | batch 600/1829 | loss=0.8084 | giou=0.3642 | bbox=0.0315 | ce=0.0242 | aux_giou=0.0000 | aux_bbox=0.0000 | aux_ce=0.0000 | mask=1851 | aux_mask=1721 | pos=130 | targets=130 | preds=83 | centerness=[-17.263, 1.200] | train_seen=1200
2026-06-04 00:37:18 | INFO | Epoch 28 | batch 650/1829 | loss=0.6953 | giou=0.3273 | bbox=0.0254 | ce=0.0077 | aux_giou=0.0000 | aux_bbox=0.0000 | aux_ce=0.0000 | mask=1667 | aux_mask=1289 | pos=48 | targets=48 | preds=67 | centerness=[-11.675, 1.895] | train_seen=1300
2026-06-04 00:39:04 | INFO | Epoch 28 | batch 700/1829 | loss=0.6297 | giou=0.2977 | bbox=0.0253 | ce=0.0045 | aux_giou=0.0000 | aux_bbox=0.0000 | aux_ce=0.0000 | mask=1429 | aux_mask=1714 | pos=28 | targets=28 | preds=36 | centerness=[-14.308, 0.400] | train_seen=1400
2026-06-04 00:40:51 | INFO | Epoch 28 | batch 750/1829 | loss=1.0324 | giou=0.4237 | bbox=0.0337 | ce=0.0212 | aux_giou=0.0492 | aux_bbox=0.0028 | aux_ce=0.0038 | mask=2339 | aux_mask=2409 | pos=324 | targets=324 | preds=269 | centerness=[-15.608, 1.067] | train_seen=1500
2026-06-04 00:42:37 | INFO | Epoch 28 | batch 800/1829 | loss=0.4483 | giou=0.2092 | bbox=0.0181 | ce=0.0059 | aux_giou=0.0000 | aux_bbox=0.0000 | aux_ce=0.0000 | mask=1670 | aux_mask=1471 | pos=81 | targets=81 | preds=87 | centerness=[-11.355, 1.948] | train_seen=1600
2026-06-04 00:44:23 | INFO | Epoch 28 | batch 850/1829 | loss=0.6114 | giou=0.2682 | bbox=0.0564 | ce=0.0093 | aux_giou=0.0000 | aux_bbox=0.0000 | aux_ce=0.0000 | mask=2321 | aux_mask=1958 | pos=45 | targets=45 | preds=51 | centerness=[-14.126, 0.143] | train_seen=1700
2026-06-04 00:46:09 | INFO | Epoch 28 | batch 900/1829 | loss=0.7034 | giou=0.3246 | bbox=0.0247 | ce=0.0148 | aux_giou=0.0000 | aux_bbox=0.0000 | aux_ce=0.0000 | mask=1921 | aux_mask=1707 | pos=120 | targets=120 | preds=153 | centerness=[-14.988, 1.070] | train_seen=1800
2026-06-04 00:47:55 | INFO | Epoch 28 | batch 950/1829 | loss=0.6711 | giou=0.3019 | bbox=0.0386 | ce=0.0143 | aux_giou=0.0000 | aux_bbox=0.0000 | aux_ce=0.0000 | mask=2551 | aux_mask=2151 | pos=113 | targets=113 | preds=133 | centerness=[-17.304, 0.982] | train_seen=1900
2026-06-04 00:49:41 | INFO | Epoch 28 | batch 1000/1829 | loss=0.5643 | giou=0.2564 | bbox=0.0350 | ce=0.0083 | aux_giou=0.0000 | aux_bbox=0.0000 | aux_ce=0.0000 | mask=2359 | aux_mask=1810 | pos=125 | targets=125 | preds=112 | centerness=[-14.131, 1.496] | train_seen=2000
2026-06-04 00:51:27 | INFO | Epoch 28 | batch 1050/1829 | loss=0.6352 | giou=0.2924 | bbox=0.0348 | ce=0.0078 | aux_giou=0.0000 | aux_bbox=0.0000 | aux_ce=0.0000 | mask=2249 | aux_mask=1776 | pos=152 | targets=152 | preds=190 | centerness=[-13.753, 1.982] | train_seen=2100
2026-06-04 00:53:13 | INFO | Epoch 28 | batch 1100/1829 | loss=0.7929 | giou=0.3534 | bbox=0.0673 | ce=0.0094 | aux_giou=0.0000 | aux_bbox=0.0000 | aux_ce=0.0000 | mask=2066 | aux_mask=2009 | pos=85 | targets=85 | preds=89 | centerness=[-15.911, 1.199] | train_seen=2200
2026-06-04 00:55:00 | INFO | Epoch 28 | batch 1150/1829 | loss=0.6453 | giou=0.2863 | bbox=0.0526 | ce=0.0101 | aux_giou=0.0000 | aux_bbox=0.0000 | aux_ce=0.0000 | mask=1158 | aux_mask=1088 | pos=20 | targets=20 | preds=10 | centerness=[-10.343, 1.093] | train_seen=2300
2026-06-04 00:56:46 | INFO | Epoch 28 | batch 1200/1829 | loss=0.9934 | giou=0.4541 | bbox=0.0355 | ce=0.0249 | aux_giou=0.0000 | aux_bbox=0.0000 | aux_ce=0.0000 | mask=2107 | aux_mask=1669 | pos=227 | targets=227 | preds=352 | centerness=[-11.023, 1.145] | train_seen=2400
2026-06-04 00:58:32 | INFO | Epoch 28 | batch 1250/1829 | loss=0.4417 | giou=0.2033 | bbox=0.0190 | ce=0.0080 | aux_giou=0.0000 | aux_bbox=0.0000 | aux_ce=0.0000 | mask=1555 | aux_mask=1505 | pos=118 | targets=118 | preds=125 | centerness=[-14.362, 1.716] | train_seen=2500
2026-06-04 01:00:18 | INFO | Epoch 28 | batch 1300/1829 | loss=0.5689 | giou=0.2515 | bbox=0.0419 | ce=0.0120 | aux_giou=0.0000 | aux_bbox=0.0000 | aux_ce=0.0000 | mask=2396 | aux_mask=2181 | pos=110 | targets=110 | preds=190 | centerness=[-17.235, 1.185] | train_seen=2600
2026-06-04 01:02:04 | INFO | Epoch 28 | batch 1350/1829 | loss=0.6386 | giou=0.2908 | bbox=0.0392 | ce=0.0089 | aux_giou=0.0000 | aux_bbox=0.0000 | aux_ce=0.0000 | mask=2280 | aux_mask=2134 | pos=123 | targets=123 | preds=119 | centerness=[-14.745, 1.758] | train_seen=2700
2026-06-04 01:03:50 | INFO | Epoch 28 | batch 1400/1829 | loss=0.5303 | giou=0.2371 | bbox=0.0336 | ce=0.0112 | aux_giou=0.0000 | aux_bbox=0.0000 | aux_ce=0.0000 | mask=2213 | aux_mask=2228 | pos=45 | targets=45 | preds=70 | centerness=[-15.094, 1.882] | train_seen=2800
2026-06-04 01:05:36 | INFO | Epoch 28 | batch 1450/1829 | loss=1.1804 | giou=0.5058 | bbox=0.0542 | ce=0.0573 | aux_giou=0.0000 | aux_bbox=0.0000 | aux_ce=0.0000 | mask=2255 | aux_mask=2045 | pos=346 | targets=346 | preds=267 | centerness=[-10.378, 0.771] | train_seen=2900
2026-06-04 01:07:22 | INFO | Epoch 28 | batch 1500/1829 | loss=0.6760 | giou=0.2979 | bbox=0.0496 | ce=0.0153 | aux_giou=0.0000 | aux_bbox=0.0000 | aux_ce=0.0000 | mask=2178 | aux_mask=2452 | pos=62 | targets=62 | preds=81 | centerness=[-13.913, 0.332] | train_seen=3000
2026-06-04 01:09:08 | INFO | Epoch 28 | batch 1550/1829 | loss=0.6634 | giou=0.3058 | bbox=0.0265 | ce=0.0126 | aux_giou=0.0000 | aux_bbox=0.0000 | aux_ce=0.0000 | mask=2463 | aux_mask=1826 | pos=165 | targets=165 | preds=190 | centerness=[-10.273, 2.048] | train_seen=3100
2026-06-04 01:10:55 | INFO | Epoch 28 | batch 1600/1829 | loss=0.9658 | giou=0.3917 | bbox=0.0208 | ce=0.0303 | aux_giou=0.0450 | aux_bbox=0.0020 | aux_ce=0.0046 | mask=2804 | aux_mask=1978 | pos=423 | targets=423 | preds=550 | centerness=[-10.410, 1.945] | train_seen=3200
2026-06-04 01:12:41 | INFO | Epoch 28 | batch 1650/1829 | loss=0.4108 | giou=0.1838 | bbox=0.0252 | ce=0.0090 | aux_giou=0.0000 | aux_bbox=0.0000 | aux_ce=0.0000 | mask=1540 | aux_mask=1506 | pos=119 | targets=119 | preds=119 | centerness=[-23.540, 2.543] | train_seen=3300
2026-06-04 01:14:27 | INFO | Epoch 28 | batch 1700/1829 | loss=0.5975 | giou=0.2603 | bbox=0.0143 | ce=0.0073 | aux_giou=0.0225 | aux_bbox=0.0007 | aux_ce=0.0011 | mask=1594 | aux_mask=1323 | pos=34 | targets=34 | preds=54 | centerness=[-9.555, 1.906] | train_seen=3400
2026-06-04 01:16:13 | INFO | Epoch 28 | batch 1750/1829 | loss=0.8340 | giou=0.3633 | bbox=0.0347 | ce=0.0363 | aux_giou=0.0000 | aux_bbox=0.0000 | aux_ce=0.0000 | mask=1940 | aux_mask=1626 | pos=249 | targets=249 | preds=140 | centerness=[-13.727, 1.945] | train_seen=3500
2026-06-04 01:17:59 | INFO | Epoch 28 | batch 1800/1829 | loss=0.6294 | giou=0.2863 | bbox=0.0412 | ce=0.0078 | aux_giou=0.0000 | aux_bbox=0.0000 | aux_ce=0.0000 | mask=2188 | aux_mask=2045 | pos=83 | targets=83 | preds=57 | centerness=[-10.717, 1.922] | train_seen=3600
2026-06-04 01:38:32 | INFO | Epoch 28 | train_loss=0.688 | val_loss=0.891 | train_mae=23.872 | val_mae=22.813 | val_rmse=57.58 | test_mae=21.980 | test_rmse=103.51 | time=5050.311s
2026-06-04 01:40:18 | INFO | Epoch 29 | batch 50/1829 | loss=1.1195 | giou=0.4661 | bbox=0.0168 | ce=0.0065 | aux_giou=0.0737 | aux_bbox=0.0031 | aux_ce=0.0035 | mask=2593 | aux_mask=1919 | pos=79 | targets=79 | preds=76 | centerness=[-9.112, 1.537] | train_seen=100
2026-06-04 01:42:04 | INFO | Epoch 29 | batch 100/1829 | loss=0.5465 | giou=0.2499 | bbox=0.0353 | ce=0.0056 | aux_giou=0.0000 | aux_bbox=0.0000 | aux_ce=0.0000 | mask=2054 | aux_mask=1769 | pos=51 | targets=51 | preds=51 | centerness=[-13.669, 2.278] | train_seen=200
2026-06-04 01:43:50 | INFO | Epoch 29 | batch 150/1829 | loss=0.5406 | giou=0.2366 | bbox=0.0469 | ce=0.0102 | aux_giou=0.0000 | aux_bbox=0.0000 | aux_ce=0.0000 | mask=2059 | aux_mask=1706 | pos=52 | targets=52 | preds=33 | centerness=[-11.478, 1.855] | train_seen=300
2026-06-04 01:45:36 | INFO | Epoch 29 | batch 200/1829 | loss=0.8929 | giou=0.4055 | bbox=0.0241 | ce=0.0289 | aux_giou=0.0000 | aux_bbox=0.0000 | aux_ce=0.0000 | mask=2307 | aux_mask=2082 | pos=257 | targets=257 | preds=316 | centerness=[-6.630, 1.831] | train_seen=400
2026-06-04 01:47:22 | INFO | Epoch 29 | batch 250/1829 | loss=0.8886 | giou=0.3768 | bbox=0.0418 | ce=0.0155 | aux_giou=0.0306 | aux_bbox=0.0009 | aux_ce=0.0001 | mask=1520 | aux_mask=1560 | pos=105 | targets=105 | preds=45 | centerness=[-17.328, 2.483] | train_seen=500
2026-06-04 01:49:08 | INFO | Epoch 29 | batch 300/1829 | loss=0.5711 | giou=0.2674 | bbox=0.0204 | ce=0.0079 | aux_giou=0.0000 | aux_bbox=0.0000 | aux_ce=0.0000 | mask=1828 | aux_mask=1333 | pos=73 | targets=73 | preds=69 | centerness=[-11.077, 2.051] | train_seen=600
2026-06-04 01:50:54 | INFO | Epoch 29 | batch 350/1829 | loss=0.6401 | giou=0.2942 | bbox=0.0168 | ce=0.0174 | aux_giou=0.0000 | aux_bbox=0.0000 | aux_ce=0.0000 | mask=2325 | aux_mask=1935 | pos=276 | targets=276 | preds=306 | centerness=[-10.111, 2.075] | train_seen=700
2026-06-04 01:52:40 | INFO | Epoch 29 | batch 400/1829 | loss=0.7451 | giou=0.3259 | bbox=0.0589 | ce=0.0172 | aux_giou=0.0000 | aux_bbox=0.0000 | aux_ce=0.0000 | mask=1676 | aux_mask=1371 | pos=71 | targets=71 | preds=71 | centerness=[-10.418, 1.977] | train_seen=800
2026-06-04 01:54:26 | INFO | Epoch 29 | batch 450/1829 | loss=0.6006 | giou=0.2727 | bbox=0.0338 | ce=0.0108 | aux_giou=0.0000 | aux_bbox=0.0000 | aux_ce=0.0000 | mask=1580 | aux_mask=1609 | pos=64 | targets=64 | preds=63 | centerness=[-13.064, 1.730] | train_seen=900
2026-06-04 01:56:12 | INFO | Epoch 29 | batch 500/1829 | loss=0.7372 | giou=0.3232 | bbox=0.0352 | ce=0.0277 | aux_giou=0.0000 | aux_bbox=0.0000 | aux_ce=0.0000 | mask=1918 | aux_mask=1920 | pos=217 | targets=217 | preds=154 | centerness=[-11.564, 1.551] | train_seen=1000
2026-06-04 01:57:58 | INFO | Epoch 29 | batch 550/1829 | loss=0.5299 | giou=0.2388 | bbox=0.0323 | ce=0.0100 | aux_giou=0.0000 | aux_bbox=0.0000 | aux_ce=0.0000 | mask=2623 | aux_mask=2149 | pos=120 | targets=120 | preds=85 | centerness=[-17.745, 1.026] | train_seen=1100
2026-06-04 01:59:44 | INFO | Epoch 29 | batch 600/1829 | loss=0.6666 | giou=0.2888 | bbox=0.0678 | ce=0.0106 | aux_giou=0.0000 | aux_bbox=0.0000 | aux_ce=0.0000 | mask=1755 | aux_mask=1877 | pos=36 | targets=36 | preds=35 | centerness=[-12.964, 0.870] | train_seen=1200
2026-06-04 02:01:30 | INFO | Epoch 29 | batch 650/1829 | loss=0.6254 | giou=0.2882 | bbox=0.0333 | ce=0.0078 | aux_giou=0.0000 | aux_bbox=0.0000 | aux_ce=0.0000 | mask=1212 | aux_mask=1237 | pos=35 | targets=35 | preds=31 | centerness=[-12.069, 0.536] | train_seen=1300
2026-06-04 02:03:16 | INFO | Epoch 29 | batch 700/1829 | loss=0.4852 | giou=0.2123 | bbox=0.0478 | ce=0.0064 | aux_giou=0.0000 | aux_bbox=0.0000 | aux_ce=0.0000 | mask=2072 | aux_mask=1750 | pos=57 | targets=57 | preds=73 | centerness=[-13.490, 1.951] | train_seen=1400
2026-06-04 02:05:02 | INFO | Epoch 29 | batch 750/1829 | loss=0.8528 | giou=0.3757 | bbox=0.0554 | ce=0.0230 | aux_giou=0.0000 | aux_bbox=0.0000 | aux_ce=0.0000 | mask=1888 | aux_mask=1874 | pos=183 | targets=183 | preds=109 | centerness=[-14.795, 2.131] | train_seen=1500
2026-06-04 02:06:49 | INFO | Epoch 29 | batch 800/1829 | loss=0.6471 | giou=0.2921 | bbox=0.0146 | ce=0.0242 | aux_giou=0.0000 | aux_bbox=0.0000 | aux_ce=0.0000 | mask=2867 | aux_mask=2225 | pos=458 | targets=458 | preds=469 | centerness=[-5.597, 2.055] | train_seen=1600
2026-06-04 02:08:35 | INFO | Epoch 29 | batch 850/1829 | loss=0.7499 | giou=0.3508 | bbox=0.0181 | ce=0.0151 | aux_giou=0.0000 | aux_bbox=0.0000 | aux_ce=0.0000 | mask=2953 | aux_mask=2162 | pos=284 | targets=284 | preds=270 | centerness=[-7.610, 2.184] | train_seen=1700
2026-06-04 02:10:21 | INFO | Epoch 29 | batch 900/1829 | loss=0.7705 | giou=0.3415 | bbox=0.0352 | ce=0.0261 | aux_giou=0.0000 | aux_bbox=0.0000 | aux_ce=0.0000 | mask=2577 | aux_mask=2022 | pos=194 | targets=194 | preds=116 | centerness=[-12.378, 1.609] | train_seen=1800
2026-06-04 02:12:08 | INFO | Epoch 29 | batch 950/1829 | loss=0.5409 | giou=0.2396 | bbox=0.0427 | ce=0.0095 | aux_giou=0.0000 | aux_bbox=0.0000 | aux_ce=0.0000 | mask=2958 | aux_mask=2641 | pos=45 | targets=45 | preds=73 | centerness=[-14.218, 0.389] | train_seen=1900
2026-06-04 02:13:54 | INFO | Epoch 29 | batch 1000/1829 | loss=0.4531 | giou=0.1991 | bbox=0.0436 | ce=0.0057 | aux_giou=0.0000 | aux_bbox=0.0000 | aux_ce=0.0000 | mask=2117 | aux_mask=2048 | pos=57 | targets=57 | preds=55 | centerness=[-14.893, 1.248] | train_seen=2000
2026-06-04 02:15:40 | INFO | Epoch 29 | batch 1050/1829 | loss=0.8069 | giou=0.3736 | bbox=0.0456 | ce=0.0070 | aux_giou=0.0000 | aux_bbox=0.0000 | aux_ce=0.0000 | mask=2127 | aux_mask=2115 | pos=76 | targets=76 | preds=86 | centerness=[-11.920, 1.361] | train_seen=2100
2026-06-04 02:17:26 | INFO | Epoch 29 | batch 1100/1829 | loss=0.5586 | giou=0.2531 | bbox=0.0262 | ce=0.0131 | aux_giou=0.0000 | aux_bbox=0.0000 | aux_ce=0.0000 | mask=2050 | aux_mask=1829 | pos=100 | targets=100 | preds=94 | centerness=[-10.910, 1.085] | train_seen=2200
2026-06-04 02:19:12 | INFO | Epoch 29 | batch 1150/1829 | loss=0.9374 | giou=0.4098 | bbox=0.0150 | ce=0.0213 | aux_giou=0.0292 | aux_bbox=0.0012 | aux_ce=0.0004 | mask=2099 | aux_mask=1621 | pos=329 | targets=329 | preds=289 | centerness=[-10.606, 1.461] | train_seen=2300
2026-06-04 02:20:58 | INFO | Epoch 29 | batch 1200/1829 | loss=0.6983 | giou=0.3255 | bbox=0.0332 | ce=0.0071 | aux_giou=0.0000 | aux_bbox=0.0000 | aux_ce=0.0000 | mask=2162 | aux_mask=1664 | pos=34 | targets=34 | preds=62 | centerness=[-10.454, 0.442] | train_seen=2400
2026-06-04 02:22:44 | INFO | Epoch 29 | batch 1250/1829 | loss=0.7930 | giou=0.3530 | bbox=0.0276 | ce=0.0297 | aux_giou=0.0000 | aux_bbox=0.0000 | aux_ce=0.0000 | mask=2331 | aux_mask=1888 | pos=701 | targets=701 | preds=512 | centerness=[-11.879, 2.072] | train_seen=2500
2026-06-04 02:24:30 | INFO | Epoch 29 | batch 1300/1829 | loss=0.7474 | giou=0.3327 | bbox=0.0521 | ce=0.0149 | aux_giou=0.0000 | aux_bbox=0.0000 | aux_ce=0.0000 | mask=1757 | aux_mask=1612 | pos=128 | targets=128 | preds=86 | centerness=[-11.610, 1.459] | train_seen=2600
2026-06-04 02:26:17 | INFO | Epoch 29 | batch 1350/1829 | loss=0.6294 | giou=0.2918 | bbox=0.0230 | ce=0.0114 | aux_giou=0.0000 | aux_bbox=0.0000 | aux_ce=0.0000 | mask=2312 | aux_mask=1505 | pos=134 | targets=134 | preds=115 | centerness=[-13.157, 1.365] | train_seen=2700
2026-06-04 02:28:03 | INFO | Epoch 29 | batch 1400/1829 | loss=0.6404 | giou=0.2897 | bbox=0.0310 | ce=0.0150 | aux_giou=0.0000 | aux_bbox=0.0000 | aux_ce=0.0000 | mask=2239 | aux_mask=1975 | pos=152 | targets=152 | preds=128 | centerness=[-11.399, 1.683] | train_seen=2800
2026-06-04 02:29:49 | INFO | Epoch 29 | batch 1450/1829 | loss=0.5678 | giou=0.2651 | bbox=0.0275 | ce=0.0050 | aux_giou=0.0000 | aux_bbox=0.0000 | aux_ce=0.0000 | mask=1377 | aux_mask=1541 | pos=22 | targets=22 | preds=24 | centerness=[-14.224, 0.307] | train_seen=2900
2026-06-04 02:31:35 | INFO | Epoch 29 | batch 1500/1829 | loss=0.9946 | giou=0.4085 | bbox=0.0359 | ce=0.0202 | aux_giou=0.0454 | aux_bbox=0.0031 | aux_ce=0.0037 | mask=3365 | aux_mask=3121 | pos=425 | targets=425 | preds=342 | centerness=[-14.321, 0.890] | train_seen=3000
2026-06-04 02:33:21 | INFO | Epoch 29 | batch 1550/1829 | loss=0.7637 | giou=0.3353 | bbox=0.0509 | ce=0.0211 | aux_giou=0.0000 | aux_bbox=0.0000 | aux_ce=0.0000 | mask=2088 | aux_mask=1904 | pos=114 | targets=114 | preds=82 | centerness=[-13.598, 1.153] | train_seen=3100
2026-06-04 02:35:07 | INFO | Epoch 29 | batch 1600/1829 | loss=0.5799 | giou=0.2615 | bbox=0.0352 | ce=0.0108 | aux_giou=0.0000 | aux_bbox=0.0000 | aux_ce=0.0000 | mask=2108 | aux_mask=1810 | pos=58 | targets=58 | preds=78 | centerness=[-13.241, 0.382] | train_seen=3200
2026-06-04 02:36:53 | INFO | Epoch 29 | batch 1650/1829 | loss=0.4098 | giou=0.1882 | bbox=0.0195 | ce=0.0070 | aux_giou=0.0000 | aux_bbox=0.0000 | aux_ce=0.0000 | mask=1746 | aux_mask=1904 | pos=105 | targets=105 | preds=87 | centerness=[-7.774, 2.657] | train_seen=3300
2026-06-04 02:38:39 | INFO | Epoch 29 | batch 1700/1829 | loss=0.7513 | giou=0.3397 | bbox=0.0589 | ce=0.0065 | aux_giou=0.0000 | aux_bbox=0.0000 | aux_ce=0.0000 | mask=1945 | aux_mask=1748 | pos=25 | targets=25 | preds=51 | centerness=[-11.604, 0.228] | train_seen=3400
2026-06-04 02:40:25 | INFO | Epoch 29 | batch 1750/1829 | loss=0.6293 | giou=0.2956 | bbox=0.0244 | ce=0.0069 | aux_giou=0.0000 | aux_bbox=0.0000 | aux_ce=0.0000 | mask=2159 | aux_mask=1978 | pos=36 | targets=36 | preds=69 | centerness=[-17.690, 1.847] | train_seen=3500
2026-06-04 02:42:11 | INFO | Epoch 29 | batch 1800/1829 | loss=0.5874 | giou=0.2582 | bbox=0.0397 | ce=0.0156 | aux_giou=0.0000 | aux_bbox=0.0000 | aux_ce=0.0000 | mask=2215 | aux_mask=2177 | pos=112 | targets=112 | preds=87 | centerness=[-13.187, 2.207] | train_seen=3600
2026-06-04 03:02:44 | INFO | Epoch 29 | train_loss=0.685 | val_loss=0.891 | train_mae=24.096 | val_mae=21.920 | val_rmse=57.81 | test_mae=20.723 | test_rmse=107.30 | time=5049.920s
2026-06-04 03:04:30 | INFO | Epoch 30 | batch 50/1829 | loss=0.6831 | giou=0.2953 | bbox=0.0507 | ce=0.0209 | aux_giou=0.0000 | aux_bbox=0.0000 | aux_ce=0.0000 | mask=1838 | aux_mask=1910 | pos=101 | targets=101 | preds=46 | centerness=[-14.010, 1.875] | train_seen=100
2026-06-04 03:06:16 | INFO | Epoch 30 | batch 100/1829 | loss=1.0303 | giou=0.4465 | bbox=0.0200 | ce=0.0172 | aux_giou=0.0398 | aux_bbox=0.0025 | aux_ce=0.0003 | mask=2375 | aux_mask=2042 | pos=287 | targets=287 | preds=343 | centerness=[-12.773, 1.888] | train_seen=200
2026-06-04 03:08:02 | INFO | Epoch 30 | batch 150/1829 | loss=0.4904 | giou=0.2175 | bbox=0.0347 | ce=0.0104 | aux_giou=0.0000 | aux_bbox=0.0000 | aux_ce=0.0000 | mask=3167 | aux_mask=3388 | pos=168 | targets=168 | preds=134 | centerness=[-15.601, 1.356] | train_seen=300
2026-06-04 03:09:48 | INFO | Epoch 30 | batch 200/1829 | loss=0.5818 | giou=0.2605 | bbox=0.0467 | ce=0.0070 | aux_giou=0.0000 | aux_bbox=0.0000 | aux_ce=0.0000 | mask=2217 | aux_mask=2128 | pos=23 | targets=23 | preds=60 | centerness=[-15.801, 0.364] | train_seen=400
2026-06-04 03:11:34 | INFO | Epoch 30 | batch 250/1829 | loss=0.7378 | giou=0.3354 | bbox=0.0231 | ce=0.0219 | aux_giou=0.0000 | aux_bbox=0.0000 | aux_ce=0.0000 | mask=2844 | aux_mask=2312 | pos=399 | targets=399 | preds=285 | centerness=[-7.012, 2.760] | train_seen=500
2026-06-04 03:13:20 | INFO | Epoch 30 | batch 300/1829 | loss=0.7519 | giou=0.3509 | bbox=0.0337 | ce=0.0083 | aux_giou=0.0000 | aux_bbox=0.0000 | aux_ce=0.0000 | mask=1923 | aux_mask=1615 | pos=39 | targets=39 | preds=61 | centerness=[-12.706, 0.861] | train_seen=600
2026-06-04 03:15:07 | INFO | Epoch 30 | batch 350/1829 | loss=0.6740 | giou=0.2959 | bbox=0.0520 | ce=0.0151 | aux_giou=0.0000 | aux_bbox=0.0000 | aux_ce=0.0000 | mask=1868 | aux_mask=1649 | pos=72 | targets=72 | preds=52 | centerness=[-13.394, 0.654] | train_seen=700
2026-06-04 03:16:52 | INFO | Epoch 30 | batch 400/1829 | loss=0.7784 | giou=0.3736 | bbox=0.0242 | ce=0.0036 | aux_giou=0.0000 | aux_bbox=0.0000 | aux_ce=0.0000 | mask=1930 | aux_mask=1644 | pos=31 | targets=31 | preds=60 | centerness=[-12.481, 1.011] | train_seen=800
2026-06-04 03:18:39 | INFO | Epoch 30 | batch 450/1829 | loss=0.7018 | giou=0.3006 | bbox=0.0248 | ce=0.0058 | aux_giou=0.0309 | aux_bbox=0.0015 | aux_ce=0.0005 | mask=1469 | aux_mask=1539 | pos=48 | targets=48 | preds=39 | centerness=[-10.819, 1.263] | train_seen=900
2026-06-04 03:20:25 | INFO | Epoch 30 | batch 500/1829 | loss=0.3994 | giou=0.1845 | bbox=0.0216 | ce=0.0044 | aux_giou=0.0000 | aux_bbox=0.0000 | aux_ce=0.0000 | mask=1833 | aux_mask=1941 | pos=19 | targets=19 | preds=17 | centerness=[-13.740, 0.706] | train_seen=1000
2026-06-04 03:22:10 | INFO | Epoch 30 | batch 550/1829 | loss=0.5524 | giou=0.2622 | bbox=0.0234 | ce=0.0023 | aux_giou=0.0000 | aux_bbox=0.0000 | aux_ce=0.0000 | mask=1567 | aux_mask=1604 | pos=16 | targets=16 | preds=22 | centerness=[-8.357, 1.367] | train_seen=1100
2026-06-04 03:23:56 | INFO | Epoch 30 | batch 600/1829 | loss=0.7304 | giou=0.3334 | bbox=0.0297 | ce=0.0169 | aux_giou=0.0000 | aux_bbox=0.0000 | aux_ce=0.0000 | mask=2871 | aux_mask=2411 | pos=136 | targets=136 | preds=186 | centerness=[-6.110, 1.750] | train_seen=1200
2026-06-04 03:25:42 | INFO | Epoch 30 | batch 650/1829 | loss=0.5595 | giou=0.2563 | bbox=0.0271 | ce=0.0099 | aux_giou=0.0000 | aux_bbox=0.0000 | aux_ce=0.0000 | mask=2805 | aux_mask=2337 | pos=91 | targets=91 | preds=177 | centerness=[-16.972, 0.911] | train_seen=1300
2026-06-04 03:27:28 | INFO | Epoch 30 | batch 700/1829 | loss=0.6535 | giou=0.2941 | bbox=0.0374 | ce=0.0139 | aux_giou=0.0000 | aux_bbox=0.0000 | aux_ce=0.0000 | mask=2626 | aux_mask=2157 | pos=72 | targets=72 | preds=85 | centerness=[-10.782, 0.995] | train_seen=1400
2026-06-04 03:29:14 | INFO | Epoch 30 | batch 750/1829 | loss=0.9995 | giou=0.4457 | bbox=0.0469 | ce=0.0306 | aux_giou=0.0000 | aux_bbox=0.0000 | aux_ce=0.0000 | mask=2149 | aux_mask=1763 | pos=200 | targets=200 | preds=213 | centerness=[-12.559, 1.110] | train_seen=1500
2026-06-04 03:31:00 | INFO | Epoch 30 | batch 800/1829 | loss=0.4532 | giou=0.2160 | bbox=0.0138 | ce=0.0037 | aux_giou=0.0000 | aux_bbox=0.0000 | aux_ce=0.0000 | mask=1447 | aux_mask=1284 | pos=52 | targets=52 | preds=49 | centerness=[-11.143, 1.808] | train_seen=1600
2026-06-04 03:32:46 | INFO | Epoch 30 | batch 850/1829 | loss=0.7565 | giou=0.3393 | bbox=0.0543 | ce=0.0118 | aux_giou=0.0000 | aux_bbox=0.0000 | aux_ce=0.0000 | mask=2207 | aux_mask=1919 | pos=71 | targets=71 | preds=68 | centerness=[-12.214, 1.192] | train_seen=1700
2026-06-04 03:34:32 | INFO | Epoch 30 | batch 900/1829 | loss=0.4446 | giou=0.2050 | bbox=0.0217 | ce=0.0065 | aux_giou=0.0000 | aux_bbox=0.0000 | aux_ce=0.0000 | mask=2304 | aux_mask=2086 | pos=120 | targets=120 | preds=132 | centerness=[-11.959, 2.606] | train_seen=1800
2026-06-04 03:36:18 | INFO | Epoch 30 | batch 950/1829 | loss=1.1544 | giou=0.4554 | bbox=0.0344 | ce=0.0575 | aux_giou=0.0413 | aux_bbox=0.0018 | aux_ce=0.0050 | mask=3127 | aux_mask=2624 | pos=644 | targets=644 | preds=616 | centerness=[-8.366, 0.682] | train_seen=1900
2026-06-04 03:38:04 | INFO | Epoch 30 | batch 1000/1829 | loss=0.8200 | giou=0.3811 | bbox=0.0306 | ce=0.0136 | aux_giou=0.0000 | aux_bbox=0.0000 | aux_ce=0.0000 | mask=2167 | aux_mask=1937 | pos=85 | targets=85 | preds=145 | centerness=[-12.877, 1.332] | train_seen=2000
2026-06-04 03:39:50 | INFO | Epoch 30 | batch 1050/1829 | loss=0.7403 | giou=0.3462 | bbox=0.0285 | ce=0.0097 | aux_giou=0.0000 | aux_bbox=0.0000 | aux_ce=0.0000 | mask=2676 | aux_mask=2243 | pos=142 | targets=142 | preds=147 | centerness=[-13.407, 1.582] | train_seen=2100
2026-06-04 03:41:36 | INFO | Epoch 30 | batch 1100/1829 | loss=0.6034 | giou=0.2802 | bbox=0.0195 | ce=0.0118 | aux_giou=0.0000 | aux_bbox=0.0000 | aux_ce=0.0000 | mask=1972 | aux_mask=1687 | pos=143 | targets=143 | preds=129 | centerness=[-9.935, 1.240] | train_seen=2200
2026-06-04 03:43:22 | INFO | Epoch 30 | batch 1150/1829 | loss=0.7334 | giou=0.3428 | bbox=0.0377 | ce=0.0051 | aux_giou=0.0000 | aux_bbox=0.0000 | aux_ce=0.0000 | mask=1473 | aux_mask=1784 | pos=18 | targets=18 | preds=35 | centerness=[-12.831, 0.551] | train_seen=2300
2026-06-04 03:45:08 | INFO | Epoch 30 | batch 1200/1829 | loss=0.8773 | giou=0.3733 | bbox=0.0976 | ce=0.0165 | aux_giou=0.0000 | aux_bbox=0.0000 | aux_ce=0.0000 | mask=1901 | aux_mask=2127 | pos=79 | targets=79 | preds=49 | centerness=[-9.255, 0.368] | train_seen=2400
2026-06-04 03:46:54 | INFO | Epoch 30 | batch 1250/1829 | loss=0.4912 | giou=0.2108 | bbox=0.0542 | ce=0.0077 | aux_giou=0.0000 | aux_bbox=0.0000 | aux_ce=0.0000 | mask=1963 | aux_mask=2024 | pos=29 | targets=29 | preds=17 | centerness=[-19.856, 0.849] | train_seen=2500
2026-06-04 03:48:40 | INFO | Epoch 30 | batch 1300/1829 | loss=0.8246 | giou=0.3677 | bbox=0.0458 | ce=0.0217 | aux_giou=0.0000 | aux_bbox=0.0000 | aux_ce=0.0000 | mask=2437 | aux_mask=2471 | pos=120 | targets=120 | preds=79 | centerness=[-11.516, 0.498] | train_seen=2600
2026-06-04 03:50:26 | INFO | Epoch 30 | batch 1350/1829 | loss=0.5470 | giou=0.2394 | bbox=0.0568 | ce=0.0057 | aux_giou=0.0000 | aux_bbox=0.0000 | aux_ce=0.0000 | mask=1761 | aux_mask=2037 | pos=25 | targets=25 | preds=32 | centerness=[-16.889, 0.831] | train_seen=2700
2026-06-04 03:52:12 | INFO | Epoch 30 | batch 1400/1829 | loss=0.5447 | giou=0.2487 | bbox=0.0203 | ce=0.0135 | aux_giou=0.0000 | aux_bbox=0.0000 | aux_ce=0.0000 | mask=2004 | aux_mask=1934 | pos=104 | targets=104 | preds=88 | centerness=[-11.050, 2.166] | train_seen=2800
2026-06-04 03:53:58 | INFO | Epoch 30 | batch 1450/1829 | loss=0.6387 | giou=0.2885 | bbox=0.0490 | ce=0.0063 | aux_giou=0.0000 | aux_bbox=0.0000 | aux_ce=0.0000 | mask=1955 | aux_mask=1922 | pos=28 | targets=28 | preds=27 | centerness=[-10.087, 0.779] | train_seen=2900
2026-06-04 03:55:44 | INFO | Epoch 30 | batch 1500/1829 | loss=0.5442 | giou=0.2488 | bbox=0.0415 | ce=0.0026 | aux_giou=0.0000 | aux_bbox=0.0000 | aux_ce=0.0000 | mask=1355 | aux_mask=1477 | pos=26 | targets=26 | preds=27 | centerness=[-10.875, 1.289] | train_seen=3000
2026-06-04 03:57:31 | INFO | Epoch 30 | batch 1550/1829 | loss=0.8340 | giou=0.3757 | bbox=0.0379 | ce=0.0224 | aux_giou=0.0000 | aux_bbox=0.0000 | aux_ce=0.0000 | mask=2557 | aux_mask=2179 | pos=229 | targets=229 | preds=345 | centerness=[-11.165, 2.003] | train_seen=3100
2026-06-04 03:59:17 | INFO | Epoch 30 | batch 1600/1829 | loss=0.7483 | giou=0.3319 | bbox=0.0577 | ce=0.0134 | aux_giou=0.0000 | aux_bbox=0.0000 | aux_ce=0.0000 | mask=2549 | aux_mask=2421 | pos=83 | targets=83 | preds=95 | centerness=[-12.019, 0.447] | train_seen=3200
2026-06-04 04:01:03 | INFO | Epoch 30 | batch 1650/1829 | loss=0.6810 | giou=0.3136 | bbox=0.0414 | ce=0.0062 | aux_giou=0.0000 | aux_bbox=0.0000 | aux_ce=0.0000 | mask=1974 | aux_mask=1780 | pos=26 | targets=26 | preds=90 | centerness=[-10.661, 0.539] | train_seen=3300
2026-06-04 04:02:49 | INFO | Epoch 30 | batch 1700/1829 | loss=0.6425 | giou=0.2972 | bbox=0.0292 | ce=0.0094 | aux_giou=0.0000 | aux_bbox=0.0000 | aux_ce=0.0000 | mask=1987 | aux_mask=1460 | pos=141 | targets=141 | preds=116 | centerness=[-9.754, 2.026] | train_seen=3400
2026-06-04 04:04:35 | INFO | Epoch 30 | batch 1750/1829 | loss=0.5138 | giou=0.2405 | bbox=0.0228 | ce=0.0050 | aux_giou=0.0000 | aux_bbox=0.0000 | aux_ce=0.0000 | mask=2138 | aux_mask=1953 | pos=30 | targets=30 | preds=38 | centerness=[-11.821, 1.497] | train_seen=3500
2026-06-04 04:06:21 | INFO | Epoch 30 | batch 1800/1829 | loss=0.7087 | giou=0.3200 | bbox=0.0317 | ce=0.0186 | aux_giou=0.0000 | aux_bbox=0.0000 | aux_ce=0.0000 | mask=2495 | aux_mask=2009 | pos=208 | targets=208 | preds=306 | centerness=[-11.745, 1.539] | train_seen=3600
2026-06-04 04:26:54 | INFO | Epoch 30 | train_loss=0.684 | val_loss=0.877 | train_mae=24.060 | val_mae=24.986 | val_rmse=58.50 | test_mae=27.491 | test_rmse=106.70 | time=5048.528s
2026-06-04 04:28:41 | INFO | Epoch 31 | batch 50/1829 | loss=0.6345 | giou=0.2934 | bbox=0.0166 | ce=0.0155 | aux_giou=0.0000 | aux_bbox=0.0000 | aux_ce=0.0000 | mask=1990 | aux_mask=2008 | pos=211 | targets=211 | preds=272 | centerness=[-9.368, 2.019] | train_seen=100
2026-06-04 04:30:27 | INFO | Epoch 31 | batch 100/1829 | loss=0.5505 | giou=0.2533 | bbox=0.0221 | ce=0.0109 | aux_giou=0.0000 | aux_bbox=0.0000 | aux_ce=0.0000 | mask=2173 | aux_mask=1840 | pos=147 | targets=147 | preds=198 | centerness=[-15.272, 1.464] | train_seen=200
2026-06-04 04:32:13 | INFO | Epoch 31 | batch 150/1829 | loss=0.7856 | giou=0.3568 | bbox=0.0250 | ce=0.0235 | aux_giou=0.0000 | aux_bbox=0.0000 | aux_ce=0.0000 | mask=2283 | aux_mask=2039 | pos=208 | targets=208 | preds=219 | centerness=[-7.542, 1.766] | train_seen=300
2026-06-04 04:33:59 | INFO | Epoch 31 | batch 200/1829 | loss=0.6528 | giou=0.2984 | bbox=0.0414 | ce=0.0073 | aux_giou=0.0000 | aux_bbox=0.0000 | aux_ce=0.0000 | mask=1987 | aux_mask=1602 | pos=57 | targets=57 | preds=52 | centerness=[-13.610, 1.269] | train_seen=400
2026-06-04 04:35:45 | INFO | Epoch 31 | batch 250/1829 | loss=0.6098 | giou=0.2614 | bbox=0.0503 | ce=0.0183 | aux_giou=0.0000 | aux_bbox=0.0000 | aux_ce=0.0000 | mask=1751 | aux_mask=1691 | pos=119 | targets=119 | preds=78 | centerness=[-17.081, 1.171] | train_seen=500
2026-06-04 04:37:31 | INFO | Epoch 31 | batch 300/1829 | loss=0.4327 | giou=0.1919 | bbox=0.0301 | ce=0.0094 | aux_giou=0.0000 | aux_bbox=0.0000 | aux_ce=0.0000 | mask=1538 | aux_mask=1605 | pos=76 | targets=76 | preds=89 | centerness=[-11.883, 1.793] | train_seen=600
2026-06-04 04:39:17 | INFO | Epoch 31 | batch 350/1829 | loss=0.4403 | giou=0.1970 | bbox=0.0317 | ce=0.0073 | aux_giou=0.0000 | aux_bbox=0.0000 | aux_ce=0.0000 | mask=2430 | aux_mask=2336 | pos=80 | targets=80 | preds=77 | centerness=[-13.267, 1.402] | train_seen=700
2026-06-04 04:41:02 | INFO | Epoch 31 | batch 400/1829 | loss=0.5931 | giou=0.2667 | bbox=0.0380 | ce=0.0109 | aux_giou=0.0000 | aux_bbox=0.0000 | aux_ce=0.0000 | mask=1356 | aux_mask=1263 | pos=58 | targets=58 | preds=58 | centerness=[-16.739, 1.134] | train_seen=800
2026-06-04 04:42:48 | INFO | Epoch 31 | batch 450/1829 | loss=0.5893 | giou=0.2746 | bbox=0.0265 | ce=0.0068 | aux_giou=0.0000 | aux_bbox=0.0000 | aux_ce=0.0000 | mask=2500 | aux_mask=2091 | pos=128 | targets=128 | preds=188 | centerness=[-10.963, 1.872] | train_seen=900
2026-06-04 04:44:34 | INFO | Epoch 31 | batch 500/1829 | loss=0.4450 | giou=0.1947 | bbox=0.0469 | ce=0.0044 | aux_giou=0.0000 | aux_bbox=0.0000 | aux_ce=0.0000 | mask=1962 | aux_mask=2135 | pos=24 | targets=24 | preds=29 | centerness=[-15.665, 1.070] | train_seen=1000
2026-06-04 04:46:20 | INFO | Epoch 31 | batch 550/1829 | loss=0.8779 | giou=0.3561 | bbox=0.0710 | ce=0.0142 | aux_giou=0.0290 | aux_bbox=0.0052 | aux_ce=0.0015 | mask=2024 | aux_mask=2188 | pos=92 | targets=92 | preds=72 | centerness=[-13.622, 1.440] | train_seen=1100
2026-06-04 04:48:06 | INFO | Epoch 31 | batch 600/1829 | loss=0.5447 | giou=0.2503 | bbox=0.0253 | ce=0.0094 | aux_giou=0.0000 | aux_bbox=0.0000 | aux_ce=0.0000 | mask=2002 | aux_mask=1733 | pos=136 | targets=136 | preds=117 | centerness=[-12.112, 2.398] | train_seen=1200
2026-06-04 04:49:52 | INFO | Epoch 31 | batch 650/1829 | loss=0.7688 | giou=0.3575 | bbox=0.0302 | ce=0.0118 | aux_giou=0.0000 | aux_bbox=0.0000 | aux_ce=0.0000 | mask=2021 | aux_mask=1623 | pos=92 | targets=92 | preds=128 | centerness=[-13.515, 2.772] | train_seen=1300
2026-06-04 04:51:38 | INFO | Epoch 31 | batch 700/1829 | loss=0.7040 | giou=0.3286 | bbox=0.0380 | ce=0.0044 | aux_giou=0.0000 | aux_bbox=0.0000 | aux_ce=0.0000 | mask=1766 | aux_mask=1935 | pos=27 | targets=27 | preds=25 | centerness=[-12.946, 0.916] | train_seen=1400
2026-06-04 04:53:24 | INFO | Epoch 31 | batch 750/1829 | loss=0.4971 | giou=0.2147 | bbox=0.0476 | ce=0.0101 | aux_giou=0.0000 | aux_bbox=0.0000 | aux_ce=0.0000 | mask=2180 | aux_mask=2122 | pos=46 | targets=46 | preds=54 | centerness=[-10.658, 0.019] | train_seen=1500
2026-06-04 04:55:10 | INFO | Epoch 31 | batch 800/1829 | loss=0.6379 | giou=0.2722 | bbox=0.0129 | ce=0.0073 | aux_giou=0.0309 | aux_bbox=0.0024 | aux_ce=0.0009 | mask=2024 | aux_mask=2084 | pos=144 | targets=144 | preds=140 | centerness=[-8.757, 1.950] | train_seen=1600
2026-06-04 04:56:56 | INFO | Epoch 31 | batch 850/1829 | loss=0.5386 | giou=0.2312 | bbox=0.0210 | ce=0.0276 | aux_giou=0.0000 | aux_bbox=0.0000 | aux_ce=0.0000 | mask=1897 | aux_mask=1718 | pos=165 | targets=165 | preds=114 | centerness=[-10.288, 1.993] | train_seen=1700
2026-06-04 04:58:42 | INFO | Epoch 31 | batch 900/1829 | loss=0.6682 | giou=0.2955 | bbox=0.0445 | ce=0.0163 | aux_giou=0.0000 | aux_bbox=0.0000 | aux_ce=0.0000 | mask=2231 | aux_mask=1927 | pos=67 | targets=67 | preds=69 | centerness=[-12.643, 0.420] | train_seen=1800
2026-06-04 05:00:28 | INFO | Epoch 31 | batch 950/1829 | loss=0.6330 | giou=0.2921 | bbox=0.0353 | ce=0.0067 | aux_giou=0.0000 | aux_bbox=0.0000 | aux_ce=0.0000 | mask=1758 | aux_mask=1606 | pos=58 | targets=58 | preds=42 | centerness=[-11.285, 1.354] | train_seen=1900
2026-06-04 05:02:14 | INFO | Epoch 31 | batch 1000/1829 | loss=0.8780 | giou=0.4128 | bbox=0.0310 | ce=0.0107 | aux_giou=0.0000 | aux_bbox=0.0000 | aux_ce=0.0000 | mask=2353 | aux_mask=1936 | pos=34 | targets=34 | preds=72 | centerness=[-12.164, 1.875] | train_seen=2000
2026-06-04 05:04:01 | INFO | Epoch 31 | batch 1050/1829 | loss=1.2760 | giou=0.4599 | bbox=0.0535 | ce=0.0723 | aux_giou=0.0624 | aux_bbox=0.0085 | aux_ce=0.0124 | mask=2708 | aux_mask=2805 | pos=1921 | targets=1921 | preds=913 | centerness=[-17.751, 1.009] | train_seen=2100
2026-06-04 05:05:47 | INFO | Epoch 31 | batch 1100/1829 | loss=0.6214 | giou=0.2862 | bbox=0.0266 | ce=0.0112 | aux_giou=0.0000 | aux_bbox=0.0000 | aux_ce=0.0000 | mask=1857 | aux_mask=1793 | pos=69 | targets=69 | preds=99 | centerness=[-13.585, 1.399] | train_seen=2200
2026-06-04 05:07:33 | INFO | Epoch 31 | batch 1150/1829 | loss=0.5380 | giou=0.2434 | bbox=0.0305 | ce=0.0103 | aux_giou=0.0000 | aux_bbox=0.0000 | aux_ce=0.0000 | mask=3406 | aux_mask=2847 | pos=168 | targets=168 | preds=164 | centerness=[-7.772, 1.486] | train_seen=2300
2026-06-04 05:09:19 | INFO | Epoch 31 | batch 1200/1829 | loss=0.6278 | giou=0.2789 | bbox=0.0389 | ce=0.0155 | aux_giou=0.0000 | aux_bbox=0.0000 | aux_ce=0.0000 | mask=2171 | aux_mask=1787 | pos=201 | targets=201 | preds=209 | centerness=[-12.511, 2.240] | train_seen=2400
2026-06-04 05:11:05 | INFO | Epoch 31 | batch 1250/1829 | loss=0.6661 | giou=0.2860 | bbox=0.0310 | ce=0.0069 | aux_giou=0.0240 | aux_bbox=0.0008 | aux_ce=0.0003 | mask=1668 | aux_mask=1775 | pos=76 | targets=76 | preds=83 | centerness=[-15.758, 1.924] | train_seen=2500
2026-06-04 05:12:51 | INFO | Epoch 31 | batch 1300/1829 | loss=0.6368 | giou=0.2979 | bbox=0.0169 | ce=0.0120 | aux_giou=0.0000 | aux_bbox=0.0000 | aux_ce=0.0000 | mask=1871 | aux_mask=1808 | pos=153 | targets=153 | preds=154 | centerness=[-8.004, 1.229] | train_seen=2600
2026-06-04 05:14:37 | INFO | Epoch 31 | batch 1350/1829 | loss=0.6299 | giou=0.2831 | bbox=0.0341 | ce=0.0148 | aux_giou=0.0000 | aux_bbox=0.0000 | aux_ce=0.0000 | mask=1920 | aux_mask=1648 | pos=96 | targets=96 | preds=88 | centerness=[-15.944, 1.389] | train_seen=2700
2026-06-04 05:16:23 | INFO | Epoch 31 | batch 1400/1829 | loss=0.7802 | giou=0.3178 | bbox=0.0180 | ce=0.0050 | aux_giou=0.0518 | aux_bbox=0.0076 | aux_ce=0.0028 | mask=3484 | aux_mask=3012 | pos=97 | targets=97 | preds=108 | centerness=[-11.035, 1.527] | train_seen=2800
2026-06-04 05:18:09 | INFO | Epoch 31 | batch 1450/1829 | loss=0.8059 | giou=0.3799 | bbox=0.0217 | ce=0.0123 | aux_giou=0.0000 | aux_bbox=0.0000 | aux_ce=0.0000 | mask=2466 | aux_mask=2311 | pos=37 | targets=37 | preds=276 | centerness=[-13.372, 0.906] | train_seen=2900
2026-06-04 05:19:55 | INFO | Epoch 31 | batch 1500/1829 | loss=1.0106 | giou=0.4179 | bbox=0.0352 | ce=0.0269 | aux_giou=0.0391 | aux_bbox=0.0042 | aux_ce=0.0016 | mask=2339 | aux_mask=2155 | pos=212 | targets=212 | preds=175 | centerness=[-6.789, 1.639] | train_seen=3000
2026-06-04 05:21:41 | INFO | Epoch 31 | batch 1550/1829 | loss=0.7616 | giou=0.3335 | bbox=0.0274 | ce=0.0336 | aux_giou=0.0000 | aux_bbox=0.0000 | aux_ce=0.0000 | mask=3344 | aux_mask=2738 | pos=300 | targets=300 | preds=296 | centerness=[-8.783, 1.683] | train_seen=3100
2026-06-04 05:23:27 | INFO | Epoch 31 | batch 1600/1829 | loss=0.6191 | giou=0.2869 | bbox=0.0298 | ce=0.0078 | aux_giou=0.0000 | aux_bbox=0.0000 | aux_ce=0.0000 | mask=1476 | aux_mask=1575 | pos=38 | targets=38 | preds=49 | centerness=[-12.575, 0.449] | train_seen=3200
2026-06-04 05:25:13 | INFO | Epoch 31 | batch 1650/1829 | loss=1.0467 | giou=0.4498 | bbox=0.0222 | ce=0.0625 | aux_giou=0.0000 | aux_bbox=0.0000 | aux_ce=0.0000 | mask=2195 | aux_mask=2070 | pos=674 | targets=674 | preds=268 | centerness=[-9.399, 1.420] | train_seen=3300
2026-06-04 05:26:59 | INFO | Epoch 31 | batch 1700/1829 | loss=0.5978 | giou=0.2567 | bbox=0.0643 | ce=0.0101 | aux_giou=0.0000 | aux_bbox=0.0000 | aux_ce=0.0000 | mask=2261 | aux_mask=2362 | pos=66 | targets=66 | preds=70 | centerness=[-14.629, 0.928] | train_seen=3400
2026-06-04 05:28:45 | INFO | Epoch 31 | batch 1750/1829 | loss=0.8834 | giou=0.3550 | bbox=0.0172 | ce=0.0280 | aux_giou=0.0440 | aux_bbox=0.0058 | aux_ce=0.0033 | mask=1553 | aux_mask=1594 | pos=228 | targets=228 | preds=170 | centerness=[-15.153, 1.373] | train_seen=3500
2026-06-04 05:30:30 | INFO | Epoch 31 | batch 1800/1829 | loss=0.5830 | giou=0.2662 | bbox=0.0261 | ce=0.0123 | aux_giou=0.0000 | aux_bbox=0.0000 | aux_ce=0.0000 | mask=2333 | aux_mask=2279 | pos=124 | targets=124 | preds=129 | centerness=[-9.602, 1.900] | train_seen=3600
2026-06-04 05:51:02 | INFO | Epoch 31 | train_loss=0.688 | val_loss=0.861 | train_mae=24.578 | val_mae=22.998 | val_rmse=56.99 | test_mae=20.904 | test_rmse=99.07 | time=5046.391s
2026-06-04 05:52:48 | INFO | Epoch 32 | batch 50/1829 | loss=0.6937 | giou=0.3042 | bbox=0.0553 | ce=0.0150 | aux_giou=0.0000 | aux_bbox=0.0000 | aux_ce=0.0000 | mask=2198 | aux_mask=2236 | pos=146 | targets=146 | preds=156 | centerness=[-11.846, 1.289] | train_seen=100
2026-06-04 05:54:34 | INFO | Epoch 32 | batch 100/1829 | loss=0.5477 | giou=0.2382 | bbox=0.0235 | ce=0.0239 | aux_giou=0.0000 | aux_bbox=0.0000 | aux_ce=0.0000 | mask=1805 | aux_mask=1653 | pos=193 | targets=193 | preds=205 | centerness=[-15.292, 1.618] | train_seen=200
2026-06-04 05:56:20 | INFO | Epoch 32 | batch 150/1829 | loss=0.8150 | giou=0.3343 | bbox=0.0201 | ce=0.0288 | aux_giou=0.0280 | aux_bbox=0.0013 | aux_ce=0.0056 | mask=2401 | aux_mask=2019 | pos=466 | targets=466 | preds=398 | centerness=[-9.806, 1.575] | train_seen=300
2026-06-04 05:58:06 | INFO | Epoch 32 | batch 200/1829 | loss=0.4076 | giou=0.1900 | bbox=0.0224 | ce=0.0027 | aux_giou=0.0000 | aux_bbox=0.0000 | aux_ce=0.0000 | mask=1254 | aux_mask=1431 | pos=21 | targets=21 | preds=26 | centerness=[-13.908, 1.730] | train_seen=400
2026-06-04 05:59:52 | INFO | Epoch 32 | batch 250/1829 | loss=0.9968 | giou=0.4316 | bbox=0.0287 | ce=0.0101 | aux_giou=0.0398 | aux_bbox=0.0033 | aux_ce=0.0009 | mask=2725 | aux_mask=2084 | pos=98 | targets=98 | preds=164 | centerness=[-8.564, 1.380] | train_seen=500
2026-06-04 06:01:38 | INFO | Epoch 32 | batch 300/1829 | loss=0.5806 | giou=0.2625 | bbox=0.0440 | ce=0.0058 | aux_giou=0.0000 | aux_bbox=0.0000 | aux_ce=0.0000 | mask=1572 | aux_mask=1685 | pos=20 | targets=20 | preds=21 | centerness=[-12.549, 1.583] | train_seen=600
2026-06-04 06:03:24 | INFO | Epoch 32 | batch 350/1829 | loss=0.7093 | giou=0.3281 | bbox=0.0359 | ce=0.0086 | aux_giou=0.0000 | aux_bbox=0.0000 | aux_ce=0.0000 | mask=2428 | aux_mask=1802 | pos=215 | targets=215 | preds=228 | centerness=[-12.075, 2.347] | train_seen=700
2026-06-04 06:05:10 | INFO | Epoch 32 | batch 400/1829 | loss=0.8497 | giou=0.3897 | bbox=0.0349 | ce=0.0177 | aux_giou=0.0000 | aux_bbox=0.0000 | aux_ce=0.0000 | mask=2007 | aux_mask=1799 | pos=135 | targets=135 | preds=101 | centerness=[-13.921, 1.691] | train_seen=800
2026-06-04 06:06:55 | INFO | Epoch 32 | batch 450/1829 | loss=0.5973 | giou=0.2624 | bbox=0.0436 | ce=0.0144 | aux_giou=0.0000 | aux_bbox=0.0000 | aux_ce=0.0000 | mask=1627 | aux_mask=1643 | pos=61 | targets=61 | preds=56 | centerness=[-12.852, 1.217] | train_seen=900
2026-06-04 06:08:41 | INFO | Epoch 32 | batch 500/1829 | loss=1.0937 | giou=0.4548 | bbox=0.0301 | ce=0.0259 | aux_giou=0.0464 | aux_bbox=0.0024 | aux_ce=0.0035 | mask=2595 | aux_mask=2091 | pos=475 | targets=475 | preds=473 | centerness=[-12.048, 1.621] | train_seen=1000
2026-06-04 06:10:27 | INFO | Epoch 32 | batch 550/1829 | loss=0.6432 | giou=0.2977 | bbox=0.0239 | ce=0.0119 | aux_giou=0.0000 | aux_bbox=0.0000 | aux_ce=0.0000 | mask=1345 | aux_mask=1238 | pos=79 | targets=79 | preds=47 | centerness=[-12.166, 1.677] | train_seen=1100
2026-06-04 06:12:13 | INFO | Epoch 32 | batch 600/1829 | loss=0.8221 | giou=0.3558 | bbox=0.0441 | ce=0.0331 | aux_giou=0.0000 | aux_bbox=0.0000 | aux_ce=0.0000 | mask=1868 | aux_mask=2012 | pos=457 | targets=457 | preds=408 | centerness=[-14.861, 1.028] | train_seen=1200
2026-06-04 06:13:59 | INFO | Epoch 32 | batch 650/1829 | loss=0.6049 | giou=0.2718 | bbox=0.0397 | ce=0.0108 | aux_giou=0.0000 | aux_bbox=0.0000 | aux_ce=0.0000 | mask=1785 | aux_mask=1562 | pos=55 | targets=55 | preds=61 | centerness=[-10.824, 1.941] | train_seen=1300
2026-06-04 06:15:45 | INFO | Epoch 32 | batch 700/1829 | loss=0.6960 | giou=0.2946 | bbox=0.0264 | ce=0.0402 | aux_giou=0.0000 | aux_bbox=0.0000 | aux_ce=0.0000 | mask=2211 | aux_mask=1893 | pos=346 | targets=346 | preds=196 | centerness=[-10.947, 1.820] | train_seen=1400
2026-06-04 06:17:31 | INFO | Epoch 32 | batch 750/1829 | loss=0.9658 | giou=0.4092 | bbox=0.0211 | ce=0.0184 | aux_giou=0.0425 | aux_bbox=0.0019 | aux_ce=0.0013 | mask=2712 | aux_mask=2278 | pos=91 | targets=91 | preds=325 | centerness=[-10.151, 0.763] | train_seen=1500
2026-06-04 06:19:17 | INFO | Epoch 32 | batch 800/1829 | loss=0.5685 | giou=0.2569 | bbox=0.0300 | ce=0.0123 | aux_giou=0.0000 | aux_bbox=0.0000 | aux_ce=0.0000 | mask=1934 | aux_mask=1664 | pos=97 | targets=97 | preds=97 | centerness=[-10.754, 1.549] | train_seen=1600
2026-06-04 06:21:03 | INFO | Epoch 32 | batch 850/1829 | loss=0.6883 | giou=0.3145 | bbox=0.0444 | ce=0.0075 | aux_giou=0.0000 | aux_bbox=0.0000 | aux_ce=0.0000 | mask=1872 | aux_mask=1972 | pos=36 | targets=36 | preds=46 | centerness=[-12.177, 1.424] | train_seen=1700
2026-06-04 06:22:49 | INFO | Epoch 32 | batch 900/1829 | loss=0.4554 | giou=0.2096 | bbox=0.0235 | ce=0.0064 | aux_giou=0.0000 | aux_bbox=0.0000 | aux_ce=0.0000 | mask=2960 | aux_mask=2334 | pos=236 | targets=236 | preds=200 | centerness=[-13.981, 1.962] | train_seen=1800
2026-06-04 06:24:35 | INFO | Epoch 32 | batch 950/1829 | loss=0.6660 | giou=0.3036 | bbox=0.0520 | ce=0.0033 | aux_giou=0.0000 | aux_bbox=0.0000 | aux_ce=0.0000 | mask=1735 | aux_mask=1921 | pos=21 | targets=21 | preds=26 | centerness=[-9.020, 2.067] | train_seen=1900
2026-06-04 06:26:20 | INFO | Epoch 32 | batch 1000/1829 | loss=0.7152 | giou=0.3110 | bbox=0.0187 | ce=0.0068 | aux_giou=0.0287 | aux_bbox=0.0016 | aux_ce=0.0008 | mask=1516 | aux_mask=1608 | pos=52 | targets=52 | preds=42 | centerness=[-9.756, 2.066] | train_seen=2000
2026-06-04 06:28:07 | INFO | Epoch 32 | batch 1050/1829 | loss=0.7142 | giou=0.3256 | bbox=0.0317 | ce=0.0156 | aux_giou=0.0000 | aux_bbox=0.0000 | aux_ce=0.0000 | mask=2288 | aux_mask=2161 | pos=144 | targets=144 | preds=231 | centerness=[-10.030, 1.380] | train_seen=2100
2026-06-04 06:29:53 | INFO | Epoch 32 | batch 1100/1829 | loss=0.6883 | giou=0.3238 | bbox=0.0244 | ce=0.0081 | aux_giou=0.0000 | aux_bbox=0.0000 | aux_ce=0.0000 | mask=1560 | aux_mask=1592 | pos=37 | targets=37 | preds=107 | centerness=[-10.166, 0.469] | train_seen=2200
2026-06-04 06:31:39 | INFO | Epoch 32 | batch 1150/1829 | loss=0.8105 | giou=0.3771 | bbox=0.0355 | ce=0.0104 | aux_giou=0.0000 | aux_bbox=0.0000 | aux_ce=0.0000 | mask=3269 | aux_mask=2822 | pos=86 | targets=86 | preds=115 | centerness=[-11.020, 1.607] | train_seen=2300
2026-06-04 06:33:24 | INFO | Epoch 32 | batch 1200/1829 | loss=0.6825 | giou=0.3158 | bbox=0.0276 | ce=0.0117 | aux_giou=0.0000 | aux_bbox=0.0000 | aux_ce=0.0000 | mask=2185 | aux_mask=1766 | pos=191 | targets=191 | preds=159 | centerness=[-9.739, 1.669] | train_seen=2400
2026-06-04 06:35:11 | INFO | Epoch 32 | batch 1250/1829 | loss=0.4686 | giou=0.2073 | bbox=0.0344 | ce=0.0098 | aux_giou=0.0000 | aux_bbox=0.0000 | aux_ce=0.0000 | mask=1985 | aux_mask=1922 | pos=49 | targets=49 | preds=31 | centerness=[-11.392, 1.294] | train_seen=2500
2026-06-04 06:36:57 | INFO | Epoch 32 | batch 1300/1829 | loss=0.7673 | giou=0.3528 | bbox=0.0192 | ce=0.0213 | aux_giou=0.0000 | aux_bbox=0.0000 | aux_ce=0.0000 | mask=2288 | aux_mask=2080 | pos=91 | targets=91 | preds=377 | centerness=[-8.253, 2.176] | train_seen=2600
2026-06-04 06:38:43 | INFO | Epoch 32 | batch 1350/1829 | loss=0.3335 | giou=0.1557 | bbox=0.0153 | ce=0.0034 | aux_giou=0.0000 | aux_bbox=0.0000 | aux_ce=0.0000 | mask=2456 | aux_mask=2207 | pos=110 | targets=110 | preds=111 | centerness=[-11.232, 1.609] | train_seen=2700
2026-06-04 06:40:29 | INFO | Epoch 32 | batch 1400/1829 | loss=0.7056 | giou=0.3359 | bbox=0.0235 | ce=0.0051 | aux_giou=0.0000 | aux_bbox=0.0000 | aux_ce=0.0000 | mask=2243 | aux_mask=2000 | pos=70 | targets=70 | preds=76 | centerness=[-10.203, 2.077] | train_seen=2800
2026-06-04 06:42:15 | INFO | Epoch 32 | batch 1450/1829 | loss=0.8549 | giou=0.3879 | bbox=0.0419 | ce=0.0186 | aux_giou=0.0000 | aux_bbox=0.0000 | aux_ce=0.0000 | mask=2046 | aux_mask=1771 | pos=148 | targets=148 | preds=133 | centerness=[-10.090, 1.350] | train_seen=2900
2026-06-04 06:44:01 | INFO | Epoch 32 | batch 1500/1829 | loss=0.4890 | giou=0.2163 | bbox=0.0378 | ce=0.0093 | aux_giou=0.0000 | aux_bbox=0.0000 | aux_ce=0.0000 | mask=1673 | aux_mask=1677 | pos=60 | targets=60 | preds=44 | centerness=[-15.951, 1.597] | train_seen=3000
2026-06-04 06:45:47 | INFO | Epoch 32 | batch 1550/1829 | loss=0.5459 | giou=0.2397 | bbox=0.0524 | ce=0.0071 | aux_giou=0.0000 | aux_bbox=0.0000 | aux_ce=0.0000 | mask=2005 | aux_mask=2034 | pos=38 | targets=38 | preds=36 | centerness=[-11.865, 0.838] | train_seen=3100
2026-06-04 06:47:33 | INFO | Epoch 32 | batch 1600/1829 | loss=0.7686 | giou=0.3626 | bbox=0.0278 | ce=0.0078 | aux_giou=0.0000 | aux_bbox=0.0000 | aux_ce=0.0000 | mask=1581 | aux_mask=1802 | pos=90 | targets=90 | preds=103 | centerness=[-8.813, 1.166] | train_seen=3200
2026-06-04 06:49:18 | INFO | Epoch 32 | batch 1650/1829 | loss=0.5548 | giou=0.2490 | bbox=0.0405 | ce=0.0081 | aux_giou=0.0000 | aux_bbox=0.0000 | aux_ce=0.0000 | mask=1429 | aux_mask=1651 | pos=39 | targets=39 | preds=29 | centerness=[-17.791, 2.132] | train_seen=3300
2026-06-04 06:51:04 | INFO | Epoch 32 | batch 1700/1829 | loss=0.4739 | giou=0.2157 | bbox=0.0284 | ce=0.0070 | aux_giou=0.0000 | aux_bbox=0.0000 | aux_ce=0.0000 | mask=2286 | aux_mask=2106 | pos=52 | targets=52 | preds=62 | centerness=[-12.204, 0.874] | train_seen=3400
2026-06-04 06:52:50 | INFO | Epoch 32 | batch 1750/1829 | loss=0.4276 | giou=0.1914 | bbox=0.0319 | ce=0.0065 | aux_giou=0.0000 | aux_bbox=0.0000 | aux_ce=0.0000 | mask=2116 | aux_mask=1930 | pos=62 | targets=62 | preds=57 | centerness=[-16.651, 1.822] | train_seen=3500
2026-06-04 06:54:36 | INFO | Epoch 32 | batch 1800/1829 | loss=0.8431 | giou=0.3845 | bbox=0.0401 | ce=0.0170 | aux_giou=0.0000 | aux_bbox=0.0000 | aux_ce=0.0000 | mask=2995 | aux_mask=2316 | pos=215 | targets=215 | preds=223 | centerness=[-7.942, 1.174] | train_seen=3600
2026-06-04 07:15:08 | INFO | Epoch 32 | train_loss=0.680 | val_loss=0.877 | train_mae=22.786 | val_mae=23.195 | val_rmse=62.37 | test_mae=20.105 | test_rmse=95.36 | time=5044.062s
2026-06-04 07:16:54 | INFO | Epoch 33 | batch 50/1829 | loss=0.8219 | giou=0.3336 | bbox=0.0308 | ce=0.0261 | aux_giou=0.0304 | aux_bbox=0.0011 | aux_ce=0.0048 | mask=1810 | aux_mask=1704 | pos=484 | targets=484 | preds=507 | centerness=[-11.051, 0.795] | train_seen=100
2026-06-04 07:18:40 | INFO | Epoch 33 | batch 100/1829 | loss=0.5283 | giou=0.2325 | bbox=0.0382 | ce=0.0125 | aux_giou=0.0000 | aux_bbox=0.0000 | aux_ce=0.0000 | mask=2092 | aux_mask=2005 | pos=83 | targets=83 | preds=62 | centerness=[-11.135, 1.211] | train_seen=200
2026-06-04 07:20:26 | INFO | Epoch 33 | batch 150/1829 | loss=0.4270 | giou=0.1992 | bbox=0.0188 | ce=0.0049 | aux_giou=0.0000 | aux_bbox=0.0000 | aux_ce=0.0000 | mask=1281 | aux_mask=1462 | pos=54 | targets=54 | preds=59 | centerness=[-12.759, 1.031] | train_seen=300
2026-06-04 07:22:12 | INFO | Epoch 33 | batch 200/1829 | loss=0.9495 | giou=0.4027 | bbox=0.0241 | ce=0.0271 | aux_giou=0.0300 | aux_bbox=0.0011 | aux_ce=0.0023 | mask=2485 | aux_mask=1780 | pos=81 | targets=81 | preds=347 | centerness=[-6.832, 1.948] | train_seen=400
2026-06-04 07:23:58 | INFO | Epoch 33 | batch 250/1829 | loss=0.4974 | giou=0.2174 | bbox=0.0130 | ce=0.0051 | aux_giou=0.0189 | aux_bbox=0.0006 | aux_ce=0.0005 | mask=2870 | aux_mask=2575 | pos=132 | targets=132 | preds=128 | centerness=[-8.102, 2.780] | train_seen=500
2026-06-04 07:25:44 | INFO | Epoch 33 | batch 300/1829 | loss=0.6275 | giou=0.2769 | bbox=0.0223 | ce=0.0257 | aux_giou=0.0000 | aux_bbox=0.0000 | aux_ce=0.0000 | mask=1908 | aux_mask=1585 | pos=337 | targets=337 | preds=333 | centerness=[-9.500, 1.820] | train_seen=600
2026-06-04 07:27:30 | INFO | Epoch 33 | batch 350/1829 | loss=1.1229 | giou=0.4730 | bbox=0.0261 | ce=0.0141 | aux_giou=0.0583 | aux_bbox=0.0033 | aux_ce=0.0014 | mask=1784 | aux_mask=1844 | pos=76 | targets=76 | preds=95 | centerness=[-10.293, 1.041] | train_seen=700
2026-06-04 07:29:16 | INFO | Epoch 33 | batch 400/1829 | loss=0.8328 | giou=0.3643 | bbox=0.0275 | ce=0.0383 | aux_giou=0.0000 | aux_bbox=0.0000 | aux_ce=0.0000 | mask=3216 | aux_mask=2919 | pos=1120 | targets=1120 | preds=1349 | centerness=[-11.795, 2.201] | train_seen=800
2026-06-04 07:31:02 | INFO | Epoch 33 | batch 450/1829 | loss=0.4418 | giou=0.1976 | bbox=0.0384 | ce=0.0041 | aux_giou=0.0000 | aux_bbox=0.0000 | aux_ce=0.0000 | mask=1708 | aux_mask=1920 | pos=20 | targets=20 | preds=24 | centerness=[-18.897, 1.308] | train_seen=900
2026-06-04 07:32:48 | INFO | Epoch 33 | batch 500/1829 | loss=0.5930 | giou=0.2596 | bbox=0.0657 | ce=0.0041 | aux_giou=0.0000 | aux_bbox=0.0000 | aux_ce=0.0000 | mask=2318 | aux_mask=2096 | pos=17 | targets=17 | preds=23 | centerness=[-13.329, 0.613] | train_seen=1000
2026-06-04 07:34:34 | INFO | Epoch 33 | batch 550/1829 | loss=0.7939 | giou=0.3544 | bbox=0.0359 | ce=0.0246 | aux_giou=0.0000 | aux_bbox=0.0000 | aux_ce=0.0000 | mask=1927 | aux_mask=1615 | pos=193 | targets=193 | preds=220 | centerness=[-8.566, 1.704] | train_seen=1100
2026-06-04 07:36:20 | INFO | Epoch 33 | batch 600/1829 | loss=0.4644 | giou=0.2108 | bbox=0.0182 | ce=0.0123 | aux_giou=0.0000 | aux_bbox=0.0000 | aux_ce=0.0000 | mask=2532 | aux_mask=2507 | pos=122 | targets=122 | preds=157 | centerness=[-11.327, 1.084] | train_seen=1200
2026-06-04 07:38:06 | INFO | Epoch 33 | batch 650/1829 | loss=0.6793 | giou=0.3093 | bbox=0.0397 | ce=0.0105 | aux_giou=0.0000 | aux_bbox=0.0000 | aux_ce=0.0000 | mask=2234 | aux_mask=1771 | pos=103 | targets=103 | preds=108 | centerness=[-15.353, 1.514] | train_seen=1300
2026-06-04 07:39:51 | INFO | Epoch 33 | batch 700/1829 | loss=0.7416 | giou=0.3353 | bbox=0.0350 | ce=0.0180 | aux_giou=0.0000 | aux_bbox=0.0000 | aux_ce=0.0000 | mask=1781 | aux_mask=1597 | pos=101 | targets=101 | preds=104 | centerness=[-14.259, 1.781] | train_seen=1400
2026-06-04 07:41:37 | INFO | Epoch 33 | batch 750/1829 | loss=0.7776 | giou=0.3569 | bbox=0.0523 | ce=0.0057 | aux_giou=0.0000 | aux_bbox=0.0000 | aux_ce=0.0000 | mask=2261 | aux_mask=2135 | pos=34 | targets=34 | preds=42 | centerness=[-9.374, 0.529] | train_seen=1500
2026-06-04 07:43:23 | INFO | Epoch 33 | batch 800/1829 | loss=0.6686 | giou=0.2976 | bbox=0.0304 | ce=0.0215 | aux_giou=0.0000 | aux_bbox=0.0000 | aux_ce=0.0000 | mask=2763 | aux_mask=2429 | pos=285 | targets=285 | preds=173 | centerness=[-10.355, 1.606] | train_seen=1600
2026-06-04 07:45:09 | INFO | Epoch 33 | batch 850/1829 | loss=0.6671 | giou=0.3029 | bbox=0.0432 | ce=0.0091 | aux_giou=0.0000 | aux_bbox=0.0000 | aux_ce=0.0000 | mask=2133 | aux_mask=1999 | pos=101 | targets=101 | preds=112 | centerness=[-8.891, 1.376] | train_seen=1700
2026-06-04 07:46:55 | INFO | Epoch 33 | batch 900/1829 | loss=0.3983 | giou=0.1851 | bbox=0.0212 | ce=0.0034 | aux_giou=0.0000 | aux_bbox=0.0000 | aux_ce=0.0000 | mask=2217 | aux_mask=2081 | pos=21 | targets=21 | preds=52 | centerness=[-9.349, 1.961] | train_seen=1800
2026-06-04 07:48:41 | INFO | Epoch 33 | batch 950/1829 | loss=0.5466 | giou=0.2310 | bbox=0.0559 | ce=0.0144 | aux_giou=0.0000 | aux_bbox=0.0000 | aux_ce=0.0000 | mask=2363 | aux_mask=2717 | pos=119 | targets=119 | preds=90 | centerness=[-10.303, 1.144] | train_seen=1900
2026-06-04 07:50:27 | INFO | Epoch 33 | batch 1000/1829 | loss=0.7183 | giou=0.3306 | bbox=0.0256 | ce=0.0157 | aux_giou=0.0000 | aux_bbox=0.0000 | aux_ce=0.0000 | mask=2469 | aux_mask=2049 | pos=182 | targets=182 | preds=133 | centerness=[-8.690, 1.976] | train_seen=2000
2026-06-04 07:52:13 | INFO | Epoch 33 | batch 1050/1829 | loss=0.5726 | giou=0.2431 | bbox=0.0575 | ce=0.0144 | aux_giou=0.0000 | aux_bbox=0.0000 | aux_ce=0.0000 | mask=2112 | aux_mask=2330 | pos=119 | targets=119 | preds=101 | centerness=[-14.769, 1.116] | train_seen=2100
2026-06-04 07:53:59 | INFO | Epoch 33 | batch 1100/1829 | loss=0.7684 | giou=0.3530 | bbox=0.0376 | ce=0.0124 | aux_giou=0.0000 | aux_bbox=0.0000 | aux_ce=0.0000 | mask=2579 | aux_mask=2295 | pos=47 | targets=47 | preds=256 | centerness=[-13.985, 1.062] | train_seen=2200
2026-06-04 07:55:45 | INFO | Epoch 33 | batch 1150/1829 | loss=0.5346 | giou=0.2340 | bbox=0.0511 | ce=0.0078 | aux_giou=0.0000 | aux_bbox=0.0000 | aux_ce=0.0000 | mask=2112 | aux_mask=2300 | pos=58 | targets=58 | preds=49 | centerness=[-16.493, 0.857] | train_seen=2300
2026-06-04 07:57:31 | INFO | Epoch 33 | batch 1200/1829 | loss=0.6495 | giou=0.2863 | bbox=0.0163 | ce=0.0126 | aux_giou=0.0173 | aux_bbox=0.0006 | aux_ce=0.0001 | mask=2017 | aux_mask=1922 | pos=105 | targets=105 | preds=145 | centerness=[-9.481, 1.424] | train_seen=2400
2026-06-04 07:59:17 | INFO | Epoch 33 | batch 1250/1829 | loss=0.6242 | giou=0.2815 | bbox=0.0389 | ce=0.0112 | aux_giou=0.0000 | aux_bbox=0.0000 | aux_ce=0.0000 | mask=2288 | aux_mask=2047 | pos=50 | targets=50 | preds=129 | centerness=[-11.352, 1.313] | train_seen=2500
2026-06-04 08:01:03 | INFO | Epoch 33 | batch 1300/1829 | loss=0.4485 | giou=0.2073 | bbox=0.0194 | ce=0.0072 | aux_giou=0.0000 | aux_bbox=0.0000 | aux_ce=0.0000 | mask=1519 | aux_mask=1428 | pos=48 | targets=48 | preds=57 | centerness=[-8.767, 1.830] | train_seen=2600
2026-06-04 08:02:49 | INFO | Epoch 33 | batch 1350/1829 | loss=0.8181 | giou=0.3720 | bbox=0.0370 | ce=0.0186 | aux_giou=0.0000 | aux_bbox=0.0000 | aux_ce=0.0000 | mask=2101 | aux_mask=2100 | pos=56 | targets=56 | preds=90 | centerness=[-12.093, 1.691] | train_seen=2700
2026-06-04 08:04:36 | INFO | Epoch 33 | batch 1400/1829 | loss=0.5168 | giou=0.2492 | bbox=0.0109 | ce=0.0037 | aux_giou=0.0000 | aux_bbox=0.0000 | aux_ce=0.0000 | mask=2022 | aux_mask=1854 | pos=69 | targets=69 | preds=69 | centerness=[-10.084, 2.630] | train_seen=2800
2026-06-04 08:06:22 | INFO | Epoch 33 | batch 1450/1829 | loss=0.6951 | giou=0.3194 | bbox=0.0272 | ce=0.0145 | aux_giou=0.0000 | aux_bbox=0.0000 | aux_ce=0.0000 | mask=2242 | aux_mask=1940 | pos=63 | targets=63 | preds=181 | centerness=[-11.690, 1.330] | train_seen=2900
2026-06-04 08:08:08 | INFO | Epoch 33 | batch 1500/1829 | loss=0.8182 | giou=0.3762 | bbox=0.0163 | ce=0.0247 | aux_giou=0.0000 | aux_bbox=0.0000 | aux_ce=0.0000 | mask=2037 | aux_mask=1738 | pos=464 | targets=464 | preds=534 | centerness=[-10.380, 1.351] | train_seen=3000
2026-06-04 08:09:54 | INFO | Epoch 33 | batch 1550/1829 | loss=0.8675 | giou=0.3870 | bbox=0.0303 | ce=0.0102 | aux_giou=0.0201 | aux_bbox=0.0008 | aux_ce=0.0008 | mask=3197 | aux_mask=2834 | pos=134 | targets=134 | preds=109 | centerness=[-8.380, 1.685] | train_seen=3100
2026-06-04 08:11:40 | INFO | Epoch 33 | batch 1600/1829 | loss=0.8791 | giou=0.3446 | bbox=0.0245 | ce=0.0410 | aux_giou=0.0347 | aux_bbox=0.0015 | aux_ce=0.0062 | mask=4424 | aux_mask=3972 | pos=1475 | targets=1475 | preds=1723 | centerness=[-11.212, 1.625] | train_seen=3200
2026-06-04 08:13:26 | INFO | Epoch 33 | batch 1650/1829 | loss=0.4331 | giou=0.1957 | bbox=0.0243 | ce=0.0087 | aux_giou=0.0000 | aux_bbox=0.0000 | aux_ce=0.0000 | mask=1745 | aux_mask=2036 | pos=58 | targets=58 | preds=56 | centerness=[-9.513, 1.980] | train_seen=3300
2026-06-04 08:15:12 | INFO | Epoch 33 | batch 1700/1829 | loss=0.7006 | giou=0.3188 | bbox=0.0295 | ce=0.0167 | aux_giou=0.0000 | aux_bbox=0.0000 | aux_ce=0.0000 | mask=2264 | aux_mask=2048 | pos=102 | targets=102 | preds=153 | centerness=[-8.461, 0.696] | train_seen=3400
2026-06-04 08:16:58 | INFO | Epoch 33 | batch 1750/1829 | loss=0.6416 | giou=0.2761 | bbox=0.0140 | ce=0.0014 | aux_giou=0.0348 | aux_bbox=0.0013 | aux_ce=0.0009 | mask=1762 | aux_mask=2034 | pos=30 | targets=30 | preds=36 | centerness=[-10.674, 1.799] | train_seen=3500
2026-06-04 08:18:44 | INFO | Epoch 33 | batch 1800/1829 | loss=0.4200 | giou=0.1870 | bbox=0.0258 | ce=0.0101 | aux_giou=0.0000 | aux_bbox=0.0000 | aux_ce=0.0000 | mask=1519 | aux_mask=1642 | pos=29 | targets=29 | preds=58 | centerness=[-10.328, 0.419] | train_seen=3600
2026-06-04 08:39:16 | INFO | Epoch 33 | train_loss=0.678 | val_loss=0.885 | train_mae=23.554 | val_mae=22.668 | val_rmse=59.25 | test_mae=20.535 | test_rmse=106.43 | time=5046.271s
2026-06-04 08:41:02 | INFO | Epoch 34 | batch 50/1829 | loss=0.7827 | giou=0.3264 | bbox=0.0329 | ce=0.0140 | aux_giou=0.0298 | aux_bbox=0.0047 | aux_ce=0.0023 | mask=1732 | aux_mask=1665 | pos=85 | targets=85 | preds=82 | centerness=[-9.657, 0.406] | train_seen=100
2026-06-04 08:42:48 | INFO | Epoch 34 | batch 100/1829 | loss=0.9910 | giou=0.4184 | bbox=0.0196 | ce=0.0245 | aux_giou=0.0375 | aux_bbox=0.0022 | aux_ce=0.0043 | mask=2872 | aux_mask=2541 | pos=342 | targets=342 | preds=385 | centerness=[-8.594, 2.411] | train_seen=200
2026-06-04 08:44:35 | INFO | Epoch 34 | batch 150/1829 | loss=0.7073 | giou=0.3266 | bbox=0.0376 | ce=0.0083 | aux_giou=0.0000 | aux_bbox=0.0000 | aux_ce=0.0000 | mask=2468 | aux_mask=2604 | pos=167 | targets=167 | preds=140 | centerness=[-7.500, 1.743] | train_seen=300
2026-06-04 08:46:21 | INFO | Epoch 34 | batch 200/1829 | loss=1.3080 | giou=0.5047 | bbox=0.0678 | ce=0.0615 | aux_giou=0.0463 | aux_bbox=0.0023 | aux_ce=0.0064 | mask=3967 | aux_mask=4024 | pos=1596 | targets=1596 | preds=1533 | centerness=[-7.063, 1.260] | train_seen=400
2026-06-04 08:48:07 | INFO | Epoch 34 | batch 250/1829 | loss=0.5994 | giou=0.2777 | bbox=0.0283 | ce=0.0078 | aux_giou=0.0000 | aux_bbox=0.0000 | aux_ce=0.0000 | mask=1907 | aux_mask=1823 | pos=91 | targets=91 | preds=92 | centerness=[-10.648, 1.483] | train_seen=500
2026-06-04 08:49:53 | INFO | Epoch 34 | batch 300/1829 | loss=0.7677 | giou=0.3599 | bbox=0.0382 | ce=0.0048 | aux_giou=0.0000 | aux_bbox=0.0000 | aux_ce=0.0000 | mask=1825 | aux_mask=1838 | pos=24 | targets=24 | preds=41 | centerness=[-14.396, 1.626] | train_seen=600
2026-06-04 08:51:39 | INFO | Epoch 34 | batch 350/1829 | loss=0.8319 | giou=0.3682 | bbox=0.0477 | ce=0.0239 | aux_giou=0.0000 | aux_bbox=0.0000 | aux_ce=0.0000 | mask=2348 | aux_mask=1996 | pos=195 | targets=195 | preds=139 | centerness=[-13.697, 0.850] | train_seen=700
2026-06-04 08:53:25 | INFO | Epoch 34 | batch 400/1829 | loss=0.8951 | giou=0.3970 | bbox=0.0338 | ce=0.0337 | aux_giou=0.0000 | aux_bbox=0.0000 | aux_ce=0.0000 | mask=2141 | aux_mask=2020 | pos=283 | targets=283 | preds=353 | centerness=[-13.969, 1.256] | train_seen=800
2026-06-04 08:55:12 | INFO | Epoch 34 | batch 450/1829 | loss=0.7890 | giou=0.3144 | bbox=0.0499 | ce=0.0194 | aux_giou=0.0304 | aux_bbox=0.0062 | aux_ce=0.0023 | mask=1994 | aux_mask=1831 | pos=100 | targets=100 | preds=164 | centerness=[-11.335, 1.384] | train_seen=900
2026-06-04 08:56:58 | INFO | Epoch 34 | batch 500/1829 | loss=0.5310 | giou=0.2324 | bbox=0.0284 | ce=0.0188 | aux_giou=0.0000 | aux_bbox=0.0000 | aux_ce=0.0000 | mask=1711 | aux_mask=1474 | pos=166 | targets=166 | preds=122 | centerness=[-11.360, 2.002] | train_seen=1000
2026-06-04 08:58:44 | INFO | Epoch 34 | batch 550/1829 | loss=0.9763 | giou=0.4092 | bbox=0.0226 | ce=0.0195 | aux_giou=0.0432 | aux_bbox=0.0018 | aux_ce=0.0040 | mask=4180 | aux_mask=3359 | pos=244 | targets=244 | preds=825 | centerness=[-9.077, 0.859] | train_seen=1100
2026-06-04 09:00:30 | INFO | Epoch 34 | batch 600/1829 | loss=0.7431 | giou=0.3410 | bbox=0.0468 | ce=0.0071 | aux_giou=0.0000 | aux_bbox=0.0000 | aux_ce=0.0000 | mask=2496 | aux_mask=2234 | pos=65 | targets=65 | preds=63 | centerness=[-9.953, 2.267] | train_seen=1200
2026-06-04 09:02:16 | INFO | Epoch 34 | batch 650/1829 | loss=0.6003 | giou=0.2647 | bbox=0.0224 | ce=0.0242 | aux_giou=0.0000 | aux_bbox=0.0000 | aux_ce=0.0000 | mask=2492 | aux_mask=1916 | pos=327 | targets=327 | preds=274 | centerness=[-8.620, 2.075] | train_seen=1300
2026-06-04 09:04:02 | INFO | Epoch 34 | batch 700/1829 | loss=0.5378 | giou=0.2370 | bbox=0.0361 | ce=0.0139 | aux_giou=0.0000 | aux_bbox=0.0000 | aux_ce=0.0000 | mask=1830 | aux_mask=1599 | pos=80 | targets=80 | preds=93 | centerness=[-10.795, 1.153] | train_seen=1400
2026-06-04 09:05:48 | INFO | Epoch 34 | batch 750/1829 | loss=0.4526 | giou=0.2050 | bbox=0.0183 | ce=0.0121 | aux_giou=0.0000 | aux_bbox=0.0000 | aux_ce=0.0000 | mask=2247 | aux_mask=2303 | pos=99 | targets=99 | preds=91 | centerness=[-13.005, 1.356] | train_seen=1500
2026-06-04 09:07:34 | INFO | Epoch 34 | batch 800/1829 | loss=0.7422 | giou=0.3406 | bbox=0.0477 | ce=0.0066 | aux_giou=0.0000 | aux_bbox=0.0000 | aux_ce=0.0000 | mask=2220 | aux_mask=2279 | pos=26 | targets=26 | preds=85 | centerness=[-14.905, 0.343] | train_seen=1600
2026-06-04 09:09:20 | INFO | Epoch 34 | batch 850/1829 | loss=0.5624 | giou=0.2497 | bbox=0.0353 | ce=0.0139 | aux_giou=0.0000 | aux_bbox=0.0000 | aux_ce=0.0000 | mask=2783 | aux_mask=2144 | pos=108 | targets=108 | preds=212 | centerness=[-13.936, 1.244] | train_seen=1700
2026-06-04 09:11:07 | INFO | Epoch 34 | batch 900/1829 | loss=0.5428 | giou=0.2412 | bbox=0.0508 | ce=0.0048 | aux_giou=0.0000 | aux_bbox=0.0000 | aux_ce=0.0000 | mask=2090 | aux_mask=1973 | pos=18 | targets=18 | preds=46 | centerness=[-10.686, 1.074] | train_seen=1800
2026-06-04 09:12:53 | INFO | Epoch 34 | batch 950/1829 | loss=0.3977 | giou=0.1783 | bbox=0.0235 | ce=0.0089 | aux_giou=0.0000 | aux_bbox=0.0000 | aux_ce=0.0000 | mask=2090 | aux_mask=2086 | pos=38 | targets=38 | preds=50 | centerness=[-12.456, 1.613] | train_seen=1900
2026-06-04 09:14:39 | INFO | Epoch 34 | batch 1000/1829 | loss=0.7787 | giou=0.3610 | bbox=0.0285 | ce=0.0141 | aux_giou=0.0000 | aux_bbox=0.0000 | aux_ce=0.0000 | mask=2298 | aux_mask=2043 | pos=150 | targets=150 | preds=117 | centerness=[-11.004, 1.706] | train_seen=2000
2026-06-04 09:16:25 | INFO | Epoch 34 | batch 1050/1829 | loss=0.8471 | giou=0.3958 | bbox=0.0364 | ce=0.0096 | aux_giou=0.0000 | aux_bbox=0.0000 | aux_ce=0.0000 | mask=1742 | aux_mask=1880 | pos=38 | targets=38 | preds=102 | centerness=[-11.736, 0.809] | train_seen=2100
2026-06-04 09:18:12 | INFO | Epoch 34 | batch 1100/1829 | loss=0.6756 | giou=0.2849 | bbox=0.0209 | ce=0.0121 | aux_giou=0.0270 | aux_bbox=0.0012 | aux_ce=0.0028 | mask=2858 | aux_mask=1864 | pos=258 | targets=258 | preds=237 | centerness=[-9.211, 1.634] | train_seen=2200
2026-06-04 09:19:58 | INFO | Epoch 34 | batch 1150/1829 | loss=1.0675 | giou=0.4476 | bbox=0.0322 | ce=0.0186 | aux_giou=0.0476 | aux_bbox=0.0022 | aux_ce=0.0028 | mask=2902 | aux_mask=2210 | pos=149 | targets=149 | preds=210 | centerness=[-9.937, 1.419] | train_seen=2300
2026-06-04 09:21:44 | INFO | Epoch 34 | batch 1200/1829 | loss=0.6069 | giou=0.2762 | bbox=0.0253 | ce=0.0146 | aux_giou=0.0000 | aux_bbox=0.0000 | aux_ce=0.0000 | mask=2324 | aux_mask=1710 | pos=233 | targets=233 | preds=204 | centerness=[-12.100, 2.465] | train_seen=2400
2026-06-04 09:23:30 | INFO | Epoch 34 | batch 1250/1829 | loss=0.8640 | giou=0.3894 | bbox=0.0334 | ce=0.0259 | aux_giou=0.0000 | aux_bbox=0.0000 | aux_ce=0.0000 | mask=2263 | aux_mask=2148 | pos=196 | targets=196 | preds=191 | centerness=[-11.782, 0.569] | train_seen=2500
2026-06-04 09:25:16 | INFO | Epoch 34 | batch 1300/1829 | loss=0.5859 | giou=0.2646 | bbox=0.0319 | ce=0.0124 | aux_giou=0.0000 | aux_bbox=0.0000 | aux_ce=0.0000 | mask=2075 | aux_mask=2034 | pos=129 | targets=129 | preds=142 | centerness=[-13.814, 1.513] | train_seen=2600
2026-06-04 09:27:02 | INFO | Epoch 34 | batch 1350/1829 | loss=0.7290 | giou=0.3247 | bbox=0.0491 | ce=0.0153 | aux_giou=0.0000 | aux_bbox=0.0000 | aux_ce=0.0000 | mask=1713 | aux_mask=1863 | pos=73 | targets=73 | preds=87 | centerness=[-11.745, 0.739] | train_seen=2700
2026-06-04 09:28:48 | INFO | Epoch 34 | batch 1400/1829 | loss=0.6584 | giou=0.2938 | bbox=0.0564 | ce=0.0072 | aux_giou=0.0000 | aux_bbox=0.0000 | aux_ce=0.0000 | mask=1836 | aux_mask=1793 | pos=40 | targets=40 | preds=52 | centerness=[-13.848, 1.128] | train_seen=2800
2026-06-04 09:30:34 | INFO | Epoch 34 | batch 1450/1829 | loss=0.6895 | giou=0.2972 | bbox=0.0150 | ce=0.0063 | aux_giou=0.0322 | aux_bbox=0.0016 | aux_ce=0.0009 | mask=1925 | aux_mask=1662 | pos=154 | targets=154 | preds=143 | centerness=[-10.371, 2.382] | train_seen=2900
2026-06-04 09:32:20 | INFO | Epoch 34 | batch 1500/1829 | loss=1.1003 | giou=0.5198 | bbox=0.0252 | ce=0.0177 | aux_giou=0.0000 | aux_bbox=0.0000 | aux_ce=0.0000 | mask=3180 | aux_mask=2443 | pos=166 | targets=166 | preds=360 | centerness=[-9.834, 1.591] | train_seen=3000
2026-06-04 09:34:06 | INFO | Epoch 34 | batch 1550/1829 | loss=1.0926 | giou=0.4698 | bbox=0.0473 | ce=0.0150 | aux_giou=0.0352 | aux_bbox=0.0011 | aux_ce=0.0022 | mask=2456 | aux_mask=2015 | pos=161 | targets=161 | preds=224 | centerness=[-10.611, 1.350] | train_seen=3100
2026-06-04 09:35:52 | INFO | Epoch 34 | batch 1600/1829 | loss=0.3338 | giou=0.1540 | bbox=0.0158 | ce=0.0050 | aux_giou=0.0000 | aux_bbox=0.0000 | aux_ce=0.0000 | mask=1354 | aux_mask=1305 | pos=22 | targets=22 | preds=34 | centerness=[-9.282, 2.323] | train_seen=3200
2026-06-04 09:37:39 | INFO | Epoch 34 | batch 1650/1829 | loss=0.6234 | giou=0.2930 | bbox=0.0230 | ce=0.0072 | aux_giou=0.0000 | aux_bbox=0.0000 | aux_ce=0.0000 | mask=2238 | aux_mask=1983 | pos=129 | targets=129 | preds=139 | centerness=[-11.450, 1.623] | train_seen=3300
2026-06-04 09:39:25 | INFO | Epoch 34 | batch 1700/1829 | loss=0.5634 | giou=0.2446 | bbox=0.0550 | ce=0.0096 | aux_giou=0.0000 | aux_bbox=0.0000 | aux_ce=0.0000 | mask=1617 | aux_mask=1714 | pos=22 | targets=22 | preds=35 | centerness=[-17.132, 0.175] | train_seen=3400
2026-06-04 09:41:11 | INFO | Epoch 34 | batch 1750/1829 | loss=0.5743 | giou=0.2724 | bbox=0.0206 | ce=0.0045 | aux_giou=0.0000 | aux_bbox=0.0000 | aux_ce=0.0000 | mask=2259 | aux_mask=1595 | pos=235 | targets=235 | preds=245 | centerness=[-10.697, 2.286] | train_seen=3500
2026-06-04 09:42:58 | INFO | Epoch 34 | batch 1800/1829 | loss=0.7321 | giou=0.3208 | bbox=0.0499 | ce=0.0203 | aux_giou=0.0000 | aux_bbox=0.0000 | aux_ce=0.0000 | mask=1414 | aux_mask=1366 | pos=118 | targets=118 | preds=80 | centerness=[-12.492, 1.531] | train_seen=3600
2026-06-04 10:03:32 | INFO | Epoch 34 | train_loss=0.678 | val_loss=0.885 | train_mae=24.189 | val_mae=22.826 | val_rmse=54.61 | test_mae=22.047 | test_rmse=101.67 | time=5052.620s | best_rmse
2026-06-04 10:05:18 | INFO | Epoch 35 | batch 50/1829 | loss=0.5375 | giou=0.2291 | bbox=0.0331 | ce=0.0231 | aux_giou=0.0000 | aux_bbox=0.0000 | aux_ce=0.0000 | mask=2143 | aux_mask=2358 | pos=129 | targets=129 | preds=127 | centerness=[-17.952, 0.535] | train_seen=100
2026-06-04 10:07:05 | INFO | Epoch 35 | batch 100/1829 | loss=0.6640 | giou=0.2933 | bbox=0.0270 | ce=0.0252 | aux_giou=0.0000 | aux_bbox=0.0000 | aux_ce=0.0000 | mask=1675 | aux_mask=1553 | pos=248 | targets=248 | preds=169 | centerness=[-12.835, 1.562] | train_seen=200
2026-06-04 10:08:51 | INFO | Epoch 35 | batch 150/1829 | loss=0.8190 | giou=0.3674 | bbox=0.0338 | ce=0.0251 | aux_giou=0.0000 | aux_bbox=0.0000 | aux_ce=0.0000 | mask=2836 | aux_mask=2688 | pos=192 | targets=192 | preds=349 | centerness=[-12.346, 1.334] | train_seen=300
2026-06-04 10:10:37 | INFO | Epoch 35 | batch 200/1829 | loss=0.7946 | giou=0.3450 | bbox=0.0210 | ce=0.0100 | aux_giou=0.0302 | aux_bbox=0.0018 | aux_ce=0.0007 | mask=3360 | aux_mask=2873 | pos=79 | targets=79 | preds=145 | centerness=[-11.661, 2.044] | train_seen=400
2026-06-04 10:12:23 | INFO | Epoch 35 | batch 250/1829 | loss=0.6153 | giou=0.2810 | bbox=0.0177 | ce=0.0179 | aux_giou=0.0000 | aux_bbox=0.0000 | aux_ce=0.0000 | mask=2331 | aux_mask=1986 | pos=237 | targets=237 | preds=143 | centerness=[-10.960, 1.961] | train_seen=500
2026-06-04 10:14:09 | INFO | Epoch 35 | batch 300/1829 | loss=0.5885 | giou=0.2721 | bbox=0.0250 | ce=0.0097 | aux_giou=0.0000 | aux_bbox=0.0000 | aux_ce=0.0000 | mask=1890 | aux_mask=1700 | pos=131 | targets=131 | preds=133 | centerness=[-13.721, 2.836] | train_seen=600
2026-06-04 10:15:55 | INFO | Epoch 35 | batch 350/1829 | loss=0.9130 | giou=0.3789 | bbox=0.0323 | ce=0.0183 | aux_giou=0.0386 | aux_bbox=0.0017 | aux_ce=0.0036 | mask=2691 | aux_mask=2369 | pos=432 | targets=432 | preds=418 | centerness=[-7.092, 1.622] | train_seen=700
2026-06-04 10:17:41 | INFO | Epoch 35 | batch 400/1829 | loss=0.5043 | giou=0.2331 | bbox=0.0231 | ce=0.0075 | aux_giou=0.0000 | aux_bbox=0.0000 | aux_ce=0.0000 | mask=1819 | aux_mask=1815 | pos=151 | targets=151 | preds=143 | centerness=[-13.818, 1.876] | train_seen=800
2026-06-04 10:19:28 | INFO | Epoch 35 | batch 450/1829 | loss=0.5172 | giou=0.2360 | bbox=0.0234 | ce=0.0108 | aux_giou=0.0000 | aux_bbox=0.0000 | aux_ce=0.0000 | mask=2259 | aux_mask=2050 | pos=51 | targets=51 | preds=82 | centerness=[-10.783, 1.381] | train_seen=900
2026-06-04 10:21:14 | INFO | Epoch 35 | batch 500/1829 | loss=0.8593 | giou=0.3536 | bbox=0.0353 | ce=0.0193 | aux_giou=0.0344 | aux_bbox=0.0033 | aux_ce=0.0031 | mask=2088 | aux_mask=1548 | pos=188 | targets=188 | preds=167 | centerness=[-12.866, 1.377] | train_seen=1000
2026-06-04 10:23:00 | INFO | Epoch 35 | batch 550/1829 | loss=0.6484 | giou=0.2787 | bbox=0.0286 | ce=0.0312 | aux_giou=0.0000 | aux_bbox=0.0000 | aux_ce=0.0000 | mask=2293 | aux_mask=2077 | pos=289 | targets=289 | preds=256 | centerness=[-8.816, 2.047] | train_seen=1100
2026-06-04 10:24:46 | INFO | Epoch 35 | batch 600/1829 | loss=0.3730 | giou=0.1672 | bbox=0.0257 | ce=0.0064 | aux_giou=0.0000 | aux_bbox=0.0000 | aux_ce=0.0000 | mask=2398 | aux_mask=2400 | pos=59 | targets=59 | preds=57 | centerness=[-11.162, 1.365] | train_seen=1200
2026-06-04 10:26:32 | INFO | Epoch 35 | batch 650/1829 | loss=0.4166 | giou=0.1935 | bbox=0.0238 | ce=0.0029 | aux_giou=0.0000 | aux_bbox=0.0000 | aux_ce=0.0000 | mask=1574 | aux_mask=1590 | pos=22 | targets=22 | preds=21 | centerness=[-15.729, 1.505] | train_seen=1300
2026-06-04 10:28:18 | INFO | Epoch 35 | batch 700/1829 | loss=0.9887 | giou=0.4361 | bbox=0.0604 | ce=0.0281 | aux_giou=0.0000 | aux_bbox=0.0000 | aux_ce=0.0000 | mask=1704 | aux_mask=1890 | pos=224 | targets=224 | preds=149 | centerness=[-15.922, 1.357] | train_seen=1400
2026-06-04 10:30:04 | INFO | Epoch 35 | batch 750/1829 | loss=0.7944 | giou=0.3450 | bbox=0.0598 | ce=0.0223 | aux_giou=0.0000 | aux_bbox=0.0000 | aux_ce=0.0000 | mask=2344 | aux_mask=2189 | pos=255 | targets=255 | preds=245 | centerness=[-10.159, 0.911] | train_seen=1500
2026-06-04 10:31:50 | INFO | Epoch 35 | batch 800/1829 | loss=0.8747 | giou=0.3833 | bbox=0.0231 | ce=0.0096 | aux_giou=0.0317 | aux_bbox=0.0010 | aux_ce=0.0007 | mask=2064 | aux_mask=1576 | pos=140 | targets=140 | preds=150 | centerness=[-9.595, 2.195] | train_seen=1600
2026-06-04 10:33:36 | INFO | Epoch 35 | batch 850/1829 | loss=0.8542 | giou=0.3679 | bbox=0.0382 | ce=0.0402 | aux_giou=0.0000 | aux_bbox=0.0000 | aux_ce=0.0000 | mask=2448 | aux_mask=2564 | pos=473 | targets=473 | preds=281 | centerness=[-9.930, 1.488] | train_seen=1700
2026-06-04 10:35:23 | INFO | Epoch 35 | batch 900/1829 | loss=0.3636 | giou=0.1641 | bbox=0.0223 | ce=0.0065 | aux_giou=0.0000 | aux_bbox=0.0000 | aux_ce=0.0000 | mask=2019 | aux_mask=2213 | pos=35 | targets=35 | preds=44 | centerness=[-16.859, 1.428] | train_seen=1800
2026-06-04 10:37:09 | INFO | Epoch 35 | batch 950/1829 | loss=0.8864 | giou=0.3651 | bbox=0.0384 | ce=0.0151 | aux_giou=0.0398 | aux_bbox=0.0018 | aux_ce=0.0031 | mask=2299 | aux_mask=2115 | pos=61 | targets=61 | preds=199 | centerness=[-11.910, 1.777] | train_seen=1900
2026-06-04 10:38:55 | INFO | Epoch 35 | batch 1000/1829 | loss=0.6701 | giou=0.3056 | bbox=0.0255 | ce=0.0167 | aux_giou=0.0000 | aux_bbox=0.0000 | aux_ce=0.0000 | mask=1588 | aux_mask=1641 | pos=97 | targets=97 | preds=118 | centerness=[-8.553, 1.428] | train_seen=2000
2026-06-04 10:40:41 | INFO | Epoch 35 | batch 1050/1829 | loss=0.7871 | giou=0.3514 | bbox=0.0643 | ce=0.0100 | aux_giou=0.0000 | aux_bbox=0.0000 | aux_ce=0.0000 | mask=2074 | aux_mask=2003 | pos=71 | targets=71 | preds=68 | centerness=[-8.703, 1.178] | train_seen=2100
2026-06-04 10:42:28 | INFO | Epoch 35 | batch 1100/1829 | loss=0.4124 | giou=0.1903 | bbox=0.0231 | ce=0.0043 | aux_giou=0.0000 | aux_bbox=0.0000 | aux_ce=0.0000 | mask=1748 | aux_mask=1655 | pos=47 | targets=47 | preds=42 | centerness=[-10.903, 1.834] | train_seen=2200
2026-06-04 10:44:16 | INFO | Epoch 35 | batch 1150/1829 | loss=0.7291 | giou=0.3364 | bbox=0.0331 | ce=0.0116 | aux_giou=0.0000 | aux_bbox=0.0000 | aux_ce=0.0000 | mask=2119 | aux_mask=2196 | pos=114 | targets=114 | preds=109 | centerness=[-8.907, 1.316] | train_seen=2300
2026-06-04 10:46:03 | INFO | Epoch 35 | batch 1200/1829 | loss=0.8596 | giou=0.3856 | bbox=0.0270 | ce=0.0307 | aux_giou=0.0000 | aux_bbox=0.0000 | aux_ce=0.0000 | mask=2433 | aux_mask=2060 | pos=470 | targets=470 | preds=332 | centerness=[-9.625, 1.752] | train_seen=2400
2026-06-04 10:47:49 | INFO | Epoch 35 | batch 1250/1829 | loss=0.7419 | giou=0.3318 | bbox=0.0273 | ce=0.0255 | aux_giou=0.0000 | aux_bbox=0.0000 | aux_ce=0.0000 | mask=1904 | aux_mask=1650 | pos=452 | targets=452 | preds=352 | centerness=[-9.753, 1.640] | train_seen=2500
2026-06-04 10:49:35 | INFO | Epoch 35 | batch 1300/1829 | loss=0.7590 | giou=0.3538 | bbox=0.0260 | ce=0.0127 | aux_giou=0.0000 | aux_bbox=0.0000 | aux_ce=0.0000 | mask=1900 | aux_mask=1721 | pos=145 | targets=145 | preds=115 | centerness=[-12.044, 2.117] | train_seen=2600
2026-06-04 10:51:23 | INFO | Epoch 35 | batch 1350/1829 | loss=0.5281 | giou=0.2339 | bbox=0.0287 | ce=0.0158 | aux_giou=0.0000 | aux_bbox=0.0000 | aux_ce=0.0000 | mask=1765 | aux_mask=1691 | pos=109 | targets=109 | preds=149 | centerness=[-15.746, 1.464] | train_seen=2700
2026-06-04 10:53:13 | INFO | Epoch 35 | batch 1400/1829 | loss=0.8455 | giou=0.3666 | bbox=0.0348 | ce=0.0387 | aux_giou=0.0000 | aux_bbox=0.0000 | aux_ce=0.0000 | mask=2734 | aux_mask=2622 | pos=686 | targets=686 | preds=488 | centerness=[-14.525, 1.590] | train_seen=2800
2026-06-04 10:55:02 | INFO | Epoch 35 | batch 1450/1829 | loss=0.6615 | giou=0.2880 | bbox=0.0337 | ce=0.0258 | aux_giou=0.0000 | aux_bbox=0.0000 | aux_ce=0.0000 | mask=1596 | aux_mask=1362 | pos=246 | targets=246 | preds=217 | centerness=[-14.154, 1.715] | train_seen=2900
2026-06-04 10:56:51 | INFO | Epoch 35 | batch 1500/1829 | loss=0.5936 | giou=0.2720 | bbox=0.0338 | ce=0.0079 | aux_giou=0.0000 | aux_bbox=0.0000 | aux_ce=0.0000 | mask=1957 | aux_mask=2032 | pos=32 | targets=32 | preds=79 | centerness=[-14.660, 1.026] | train_seen=3000
2026-06-04 10:58:38 | INFO | Epoch 35 | batch 1550/1829 | loss=0.6972 | giou=0.3278 | bbox=0.0251 | ce=0.0083 | aux_giou=0.0000 | aux_bbox=0.0000 | aux_ce=0.0000 | mask=2243 | aux_mask=1912 | pos=122 | targets=122 | preds=139 | centerness=[-9.269, 1.535] | train_seen=3100
2026-06-04 11:00:26 | INFO | Epoch 35 | batch 1600/1829 | loss=0.7299 | giou=0.3089 | bbox=0.0257 | ce=0.0121 | aux_giou=0.0288 | aux_bbox=0.0024 | aux_ce=0.0011 | mask=2116 | aux_mask=2035 | pos=75 | targets=75 | preds=107 | centerness=[-10.893, 2.235] | train_seen=3200
2026-06-04 11:02:13 | INFO | Epoch 35 | batch 1650/1829 | loss=0.5789 | giou=0.2614 | bbox=0.0439 | ce=0.0061 | aux_giou=0.0000 | aux_bbox=0.0000 | aux_ce=0.0000 | mask=2187 | aux_mask=2125 | pos=27 | targets=27 | preds=63 | centerness=[-19.776, 0.327] | train_seen=3300
2026-06-04 11:03:59 | INFO | Epoch 35 | batch 1700/1829 | loss=0.6377 | giou=0.2841 | bbox=0.0268 | ce=0.0214 | aux_giou=0.0000 | aux_bbox=0.0000 | aux_ce=0.0000 | mask=3008 | aux_mask=2312 | pos=144 | targets=144 | preds=286 | centerness=[-7.600, 1.287] | train_seen=3400
2026-06-04 11:05:45 | INFO | Epoch 35 | batch 1750/1829 | loss=0.6914 | giou=0.2991 | bbox=0.0237 | ce=0.0347 | aux_giou=0.0000 | aux_bbox=0.0000 | aux_ce=0.0000 | mask=2035 | aux_mask=1651 | pos=300 | targets=300 | preds=187 | centerness=[-10.250, 1.884] | train_seen=3500
2026-06-04 11:07:32 | INFO | Epoch 35 | batch 1800/1829 | loss=0.7055 | giou=0.3199 | bbox=0.0291 | ce=0.0184 | aux_giou=0.0000 | aux_bbox=0.0000 | aux_ce=0.0000 | mask=1948 | aux_mask=1769 | pos=157 | targets=157 | preds=163 | centerness=[-11.266, 0.920] | train_seen=3600
2026-06-04 11:28:08 | INFO | Epoch 35 | train_loss=0.679 | val_loss=0.887 | train_mae=23.575 | val_mae=21.296 | val_rmse=54.21 | test_mae=19.742 | test_rmse=102.36 | time=5072.065s | best_rmse
2026-06-04 11:29:57 | INFO | Epoch 36 | batch 50/1829 | loss=0.7744 | giou=0.3216 | bbox=0.0350 | ce=0.0146 | aux_giou=0.0297 | aux_bbox=0.0022 | aux_ce=0.0026 | mask=1994 | aux_mask=1683 | pos=189 | targets=189 | preds=201 | centerness=[-13.551, 1.852] | train_seen=100
2026-06-04 11:31:44 | INFO | Epoch 36 | batch 100/1829 | loss=0.6656 | giou=0.2987 | bbox=0.0402 | ce=0.0140 | aux_giou=0.0000 | aux_bbox=0.0000 | aux_ce=0.0000 | mask=1849 | aux_mask=1703 | pos=118 | targets=118 | preds=101 | centerness=[-12.805, 1.250] | train_seen=200
2026-06-04 11:33:30 | INFO | Epoch 36 | batch 150/1829 | loss=0.4658 | giou=0.2092 | bbox=0.0371 | ce=0.0051 | aux_giou=0.0000 | aux_bbox=0.0000 | aux_ce=0.0000 | mask=2654 | aux_mask=2446 | pos=35 | targets=35 | preds=36 | centerness=[-12.075, 1.061] | train_seen=300
2026-06-04 11:35:16 | INFO | Epoch 36 | batch 200/1829 | loss=0.8246 | giou=0.3803 | bbox=0.0418 | ce=0.0111 | aux_giou=0.0000 | aux_bbox=0.0000 | aux_ce=0.0000 | mask=2589 | aux_mask=2426 | pos=58 | targets=58 | preds=123 | centerness=[-10.865, 0.232] | train_seen=400
2026-06-04 11:37:02 | INFO | Epoch 36 | batch 250/1829 | loss=0.5892 | giou=0.2718 | bbox=0.0266 | ce=0.0095 | aux_giou=0.0000 | aux_bbox=0.0000 | aux_ce=0.0000 | mask=2285 | aux_mask=1973 | pos=67 | targets=67 | preds=81 | centerness=[-11.922, 1.667] | train_seen=500
2026-06-04 11:38:49 | INFO | Epoch 36 | batch 300/1829 | loss=0.5503 | giou=0.2416 | bbox=0.0344 | ce=0.0164 | aux_giou=0.0000 | aux_bbox=0.0000 | aux_ce=0.0000 | mask=2003 | aux_mask=1914 | pos=98 | targets=98 | preds=77 | centerness=[-12.151, 0.872] | train_seen=600
2026-06-04 11:40:35 | INFO | Epoch 36 | batch 350/1829 | loss=0.6027 | giou=0.2833 | bbox=0.0210 | ce=0.0076 | aux_giou=0.0000 | aux_bbox=0.0000 | aux_ce=0.0000 | mask=3113 | aux_mask=2729 | pos=125 | targets=125 | preds=127 | centerness=[-10.636, 1.594] | train_seen=700
2026-06-04 11:42:21 | INFO | Epoch 36 | batch 400/1829 | loss=0.6157 | giou=0.2678 | bbox=0.0276 | ce=0.0263 | aux_giou=0.0000 | aux_bbox=0.0000 | aux_ce=0.0000 | mask=1465 | aux_mask=1719 | pos=173 | targets=173 | preds=178 | centerness=[-16.207, 2.386] | train_seen=800
2026-06-04 11:44:08 | INFO | Epoch 36 | batch 450/1829 | loss=0.5403 | giou=0.2470 | bbox=0.0331 | ce=0.0067 | aux_giou=0.0000 | aux_bbox=0.0000 | aux_ce=0.0000 | mask=1721 | aux_mask=1729 | pos=43 | targets=43 | preds=37 | centerness=[-11.761, 1.510] | train_seen=900
2026-06-04 11:45:54 | INFO | Epoch 36 | batch 500/1829 | loss=0.5710 | giou=0.2658 | bbox=0.0219 | ce=0.0087 | aux_giou=0.0000 | aux_bbox=0.0000 | aux_ce=0.0000 | mask=2355 | aux_mask=1972 | pos=132 | targets=132 | preds=126 | centerness=[-11.412, 2.298] | train_seen=1000
2026-06-04 11:47:40 | INFO | Epoch 36 | batch 550/1829 | loss=0.4159 | giou=0.1928 | bbox=0.0224 | ce=0.0040 | aux_giou=0.0000 | aux_bbox=0.0000 | aux_ce=0.0000 | mask=2106 | aux_mask=1828 | pos=61 | targets=61 | preds=66 | centerness=[-14.115, 2.296] | train_seen=1100
2026-06-04 11:49:26 | INFO | Epoch 36 | batch 600/1829 | loss=0.6360 | giou=0.3026 | bbox=0.0175 | ce=0.0067 | aux_giou=0.0000 | aux_bbox=0.0000 | aux_ce=0.0000 | mask=1915 | aux_mask=1864 | pos=195 | targets=195 | preds=209 | centerness=[-9.752, 2.495] | train_seen=1200
2026-06-04 11:51:12 | INFO | Epoch 36 | batch 650/1829 | loss=0.8095 | giou=0.3637 | bbox=0.0499 | ce=0.0160 | aux_giou=0.0000 | aux_bbox=0.0000 | aux_ce=0.0000 | mask=1979 | aux_mask=1721 | pos=117 | targets=117 | preds=142 | centerness=[-12.433, 0.978] | train_seen=1300
2026-06-04 11:52:59 | INFO | Epoch 36 | batch 700/1829 | loss=0.4908 | giou=0.2144 | bbox=0.0414 | ce=0.0103 | aux_giou=0.0000 | aux_bbox=0.0000 | aux_ce=0.0000 | mask=1256 | aux_mask=1499 | pos=39 | targets=39 | preds=33 | centerness=[-17.568, 1.078] | train_seen=1400
2026-06-04 11:54:45 | INFO | Epoch 36 | batch 750/1829 | loss=1.0619 | giou=0.4470 | bbox=0.0420 | ce=0.0630 | aux_giou=0.0000 | aux_bbox=0.0000 | aux_ce=0.0000 | mask=2295 | aux_mask=2043 | pos=636 | targets=636 | preds=245 | centerness=[-8.581, 0.875] | train_seen=1500
2026-06-04 11:56:31 | INFO | Epoch 36 | batch 800/1829 | loss=0.5104 | giou=0.2291 | bbox=0.0360 | ce=0.0081 | aux_giou=0.0000 | aux_bbox=0.0000 | aux_ce=0.0000 | mask=1980 | aux_mask=2129 | pos=51 | targets=51 | preds=75 | centerness=[-17.094, 0.789] | train_seen=1600
2026-06-04 11:58:17 | INFO | Epoch 36 | batch 850/1829 | loss=0.4998 | giou=0.2226 | bbox=0.0262 | ce=0.0141 | aux_giou=0.0000 | aux_bbox=0.0000 | aux_ce=0.0000 | mask=1706 | aux_mask=1699 | pos=86 | targets=86 | preds=88 | centerness=[-13.410, 0.537] | train_seen=1700
2026-06-04 12:00:04 | INFO | Epoch 36 | batch 900/1829 | loss=0.6701 | giou=0.3095 | bbox=0.0288 | ce=0.0112 | aux_giou=0.0000 | aux_bbox=0.0000 | aux_ce=0.0000 | mask=2205 | aux_mask=1932 | pos=37 | targets=37 | preds=167 | centerness=[-10.335, 0.663] | train_seen=1800
2026-06-04 12:01:50 | INFO | Epoch 36 | batch 950/1829 | loss=0.5941 | giou=0.2628 | bbox=0.0536 | ce=0.0074 | aux_giou=0.0000 | aux_bbox=0.0000 | aux_ce=0.0000 | mask=1949 | aux_mask=2178 | pos=44 | targets=44 | preds=36 | centerness=[-14.673, 1.469] | train_seen=1900
2026-06-04 12:03:36 | INFO | Epoch 36 | batch 1000/1829 | loss=0.8038 | giou=0.3758 | bbox=0.0216 | ce=0.0153 | aux_giou=0.0000 | aux_bbox=0.0000 | aux_ce=0.0000 | mask=2630 | aux_mask=1801 | pos=248 | targets=248 | preds=248 | centerness=[-6.833, 1.685] | train_seen=2000
2026-06-04 12:05:22 | INFO | Epoch 36 | batch 1050/1829 | loss=0.5447 | giou=0.2410 | bbox=0.0319 | ce=0.0155 | aux_giou=0.0000 | aux_bbox=0.0000 | aux_ce=0.0000 | mask=2007 | aux_mask=1941 | pos=82 | targets=82 | preds=49 | centerness=[-12.864, 1.243] | train_seen=2100
2026-06-04 12:07:08 | INFO | Epoch 36 | batch 1100/1829 | loss=0.6174 | giou=0.2743 | bbox=0.0325 | ce=0.0182 | aux_giou=0.0000 | aux_bbox=0.0000 | aux_ce=0.0000 | mask=1692 | aux_mask=1745 | pos=109 | targets=109 | preds=82 | centerness=[-12.767, 1.157] | train_seen=2200
2026-06-04 12:08:54 | INFO | Epoch 36 | batch 1150/1829 | loss=0.8535 | giou=0.3687 | bbox=0.0241 | ce=0.0460 | aux_giou=0.0000 | aux_bbox=0.0000 | aux_ce=0.0000 | mask=2248 | aux_mask=1847 | pos=799 | targets=799 | preds=562 | centerness=[-13.915, 2.180] | train_seen=2300
2026-06-04 12:10:41 | INFO | Epoch 36 | batch 1200/1829 | loss=0.7312 | giou=0.3307 | bbox=0.0306 | ce=0.0196 | aux_giou=0.0000 | aux_bbox=0.0000 | aux_ce=0.0000 | mask=2176 | aux_mask=1671 | pos=253 | targets=253 | preds=218 | centerness=[-12.655, 1.885] | train_seen=2400
2026-06-04 12:12:27 | INFO | Epoch 36 | batch 1250/1829 | loss=0.9286 | giou=0.3712 | bbox=0.0329 | ce=0.0317 | aux_giou=0.0389 | aux_bbox=0.0020 | aux_ce=0.0051 | mask=3631 | aux_mask=2988 | pos=704 | targets=704 | preds=805 | centerness=[-7.159, 2.039] | train_seen=2500
2026-06-04 12:14:13 | INFO | Epoch 36 | batch 1300/1829 | loss=0.2898 | giou=0.1336 | bbox=0.0126 | ce=0.0049 | aux_giou=0.0000 | aux_bbox=0.0000 | aux_ce=0.0000 | mask=2361 | aux_mask=2151 | pos=86 | targets=86 | preds=92 | centerness=[-9.183, 2.676] | train_seen=2600
2026-06-04 12:15:59 | INFO | Epoch 36 | batch 1350/1829 | loss=0.7632 | giou=0.3202 | bbox=0.1072 | ce=0.0078 | aux_giou=0.0000 | aux_bbox=0.0000 | aux_ce=0.0000 | mask=1412 | aux_mask=1683 | pos=36 | targets=36 | preds=29 | centerness=[-12.877, 0.824] | train_seen=2700
2026-06-04 12:17:46 | INFO | Epoch 36 | batch 1400/1829 | loss=0.4211 | giou=0.1931 | bbox=0.0301 | ce=0.0024 | aux_giou=0.0000 | aux_bbox=0.0000 | aux_ce=0.0000 | mask=1402 | aux_mask=1668 | pos=20 | targets=20 | preds=21 | centerness=[-11.567, 1.300] | train_seen=2800
2026-06-04 12:19:32 | INFO | Epoch 36 | batch 1450/1829 | loss=0.7857 | giou=0.3573 | bbox=0.0387 | ce=0.0162 | aux_giou=0.0000 | aux_bbox=0.0000 | aux_ce=0.0000 | mask=2269 | aux_mask=2258 | pos=40 | targets=40 | preds=245 | centerness=[-16.746, 0.911] | train_seen=2900
2026-06-04 12:21:18 | INFO | Epoch 36 | batch 1500/1829 | loss=0.6031 | giou=0.2647 | bbox=0.0479 | ce=0.0128 | aux_giou=0.0000 | aux_bbox=0.0000 | aux_ce=0.0000 | mask=1897 | aux_mask=1724 | pos=93 | targets=93 | preds=88 | centerness=[-13.171, 1.620] | train_seen=3000
2026-06-04 12:23:05 | INFO | Epoch 36 | batch 1550/1829 | loss=0.6997 | giou=0.3298 | bbox=0.0204 | ce=0.0098 | aux_giou=0.0000 | aux_bbox=0.0000 | aux_ce=0.0000 | mask=2503 | aux_mask=1611 | pos=244 | targets=244 | preds=208 | centerness=[-7.385, 2.225] | train_seen=3100
2026-06-04 12:24:51 | INFO | Epoch 36 | batch 1600/1829 | loss=0.8842 | giou=0.3911 | bbox=0.0676 | ce=0.0172 | aux_giou=0.0000 | aux_bbox=0.0000 | aux_ce=0.0000 | mask=1572 | aux_mask=2016 | pos=57 | targets=57 | preds=125 | centerness=[-10.087, 0.619] | train_seen=3200
2026-06-04 12:26:37 | INFO | Epoch 36 | batch 1650/1829 | loss=0.4940 | giou=0.2127 | bbox=0.0393 | ce=0.0146 | aux_giou=0.0000 | aux_bbox=0.0000 | aux_ce=0.0000 | mask=1847 | aux_mask=1700 | pos=129 | targets=129 | preds=138 | centerness=[-16.471, 2.138] | train_seen=3300
2026-06-04 12:28:23 | INFO | Epoch 36 | batch 1700/1829 | loss=0.5850 | giou=0.2713 | bbox=0.0232 | ce=0.0096 | aux_giou=0.0000 | aux_bbox=0.0000 | aux_ce=0.0000 | mask=2498 | aux_mask=2553 | pos=130 | targets=130 | preds=135 | centerness=[-8.933, 2.222] | train_seen=3400
2026-06-04 12:30:09 | INFO | Epoch 36 | batch 1750/1829 | loss=1.0045 | giou=0.4447 | bbox=0.0587 | ce=0.0282 | aux_giou=0.0000 | aux_bbox=0.0000 | aux_ce=0.0000 | mask=3197 | aux_mask=2476 | pos=476 | targets=476 | preds=491 | centerness=[-10.367, 2.830] | train_seen=3500
2026-06-04 12:31:55 | INFO | Epoch 36 | batch 1800/1829 | loss=0.6879 | giou=0.2905 | bbox=0.0764 | ce=0.0153 | aux_giou=0.0000 | aux_bbox=0.0000 | aux_ce=0.0000 | mask=2206 | aux_mask=2156 | pos=100 | targets=100 | preds=78 | centerness=[-9.798, 1.747] | train_seen=3600
2026-06-04 12:52:33 | INFO | Epoch 36 | train_loss=0.678 | val_loss=0.879 | train_mae=23.466 | val_mae=21.082 | val_rmse=54.19 | test_mae=19.493 | test_rmse=101.49 | time=5060.396s | best_rmse
2026-06-04 12:54:19 | INFO | Epoch 37 | batch 50/1829 | loss=0.9343 | giou=0.4068 | bbox=0.0234 | ce=0.0116 | aux_giou=0.0353 | aux_bbox=0.0017 | aux_ce=0.0010 | mask=1898 | aux_mask=1650 | pos=110 | targets=110 | preds=91 | centerness=[-8.181, 1.940] | train_seen=100
2026-06-04 12:56:06 | INFO | Epoch 37 | batch 100/1829 | loss=0.6549 | giou=0.2940 | bbox=0.0334 | ce=0.0168 | aux_giou=0.0000 | aux_bbox=0.0000 | aux_ce=0.0000 | mask=1637 | aux_mask=1717 | pos=96 | targets=96 | preds=50 | centerness=[-10.725, 1.673] | train_seen=200
2026-06-04 12:57:52 | INFO | Epoch 37 | batch 150/1829 | loss=0.6259 | giou=0.2858 | bbox=0.0262 | ce=0.0140 | aux_giou=0.0000 | aux_bbox=0.0000 | aux_ce=0.0000 | mask=2239 | aux_mask=2373 | pos=150 | targets=150 | preds=180 | centerness=[-9.908, 1.327] | train_seen=300
2026-06-04 12:59:38 | INFO | Epoch 37 | batch 200/1829 | loss=0.6329 | giou=0.2848 | bbox=0.0400 | ce=0.0117 | aux_giou=0.0000 | aux_bbox=0.0000 | aux_ce=0.0000 | mask=1951 | aux_mask=1849 | pos=82 | targets=82 | preds=84 | centerness=[-11.054, 0.922] | train_seen=400
2026-06-04 13:01:25 | INFO | Epoch 37 | batch 250/1829 | loss=0.7542 | giou=0.3168 | bbox=0.0213 | ce=0.0138 | aux_giou=0.0328 | aux_bbox=0.0027 | aux_ce=0.0017 | mask=2068 | aux_mask=1849 | pos=84 | targets=84 | preds=76 | centerness=[-8.968, 1.341] | train_seen=500
2026-06-04 13:03:11 | INFO | Epoch 37 | batch 300/1829 | loss=0.8013 | giou=0.3492 | bbox=0.0334 | ce=0.0347 | aux_giou=0.0000 | aux_bbox=0.0000 | aux_ce=0.0000 | mask=1810 | aux_mask=1821 | pos=205 | targets=205 | preds=103 | centerness=[-13.324, 1.302] | train_seen=600
2026-06-04 13:04:57 | INFO | Epoch 37 | batch 350/1829 | loss=0.7028 | giou=0.3043 | bbox=0.0366 | ce=0.0288 | aux_giou=0.0000 | aux_bbox=0.0000 | aux_ce=0.0000 | mask=2651 | aux_mask=2331 | pos=219 | targets=219 | preds=199 | centerness=[-10.709, 0.806] | train_seen=700
2026-06-04 13:06:43 | INFO | Epoch 37 | batch 400/1829 | loss=0.5742 | giou=0.2654 | bbox=0.0284 | ce=0.0075 | aux_giou=0.0000 | aux_bbox=0.0000 | aux_ce=0.0000 | mask=1798 | aux_mask=1627 | pos=63 | targets=63 | preds=69 | centerness=[-12.769, 1.534] | train_seen=800
2026-06-04 13:08:29 | INFO | Epoch 37 | batch 450/1829 | loss=0.5284 | giou=0.2432 | bbox=0.0305 | ce=0.0058 | aux_giou=0.0000 | aux_bbox=0.0000 | aux_ce=0.0000 | mask=1947 | aux_mask=1737 | pos=66 | targets=66 | preds=63 | centerness=[-14.806, 1.764] | train_seen=900
2026-06-04 13:10:15 | INFO | Epoch 37 | batch 500/1829 | loss=0.7144 | giou=0.3356 | bbox=0.0198 | ce=0.0117 | aux_giou=0.0000 | aux_bbox=0.0000 | aux_ce=0.0000 | mask=2982 | aux_mask=2159 | pos=314 | targets=314 | preds=294 | centerness=[-9.214, 1.700] | train_seen=1000
2026-06-04 13:12:02 | INFO | Epoch 37 | batch 550/1829 | loss=0.4932 | giou=0.2307 | bbox=0.0202 | ce=0.0058 | aux_giou=0.0000 | aux_bbox=0.0000 | aux_ce=0.0000 | mask=2105 | aux_mask=1802 | pos=141 | targets=141 | preds=127 | centerness=[-11.051, 2.270] | train_seen=1100
2026-06-04 13:13:48 | INFO | Epoch 37 | batch 600/1829 | loss=0.4801 | giou=0.2195 | bbox=0.0252 | ce=0.0080 | aux_giou=0.0000 | aux_bbox=0.0000 | aux_ce=0.0000 | mask=1838 | aux_mask=1560 | pos=63 | targets=63 | preds=55 | centerness=[-10.685, 1.490] | train_seen=1200
2026-06-04 13:15:34 | INFO | Epoch 37 | batch 650/1829 | loss=0.6923 | giou=0.3141 | bbox=0.0419 | ce=0.0111 | aux_giou=0.0000 | aux_bbox=0.0000 | aux_ce=0.0000 | mask=1730 | aux_mask=1566 | pos=75 | targets=75 | preds=62 | centerness=[-10.762, 1.580] | train_seen=1300
2026-06-04 13:17:21 | INFO | Epoch 37 | batch 700/1829 | loss=0.6645 | giou=0.3055 | bbox=0.0173 | ce=0.0180 | aux_giou=0.0000 | aux_bbox=0.0000 | aux_ce=0.0000 | mask=2508 | aux_mask=2247 | pos=215 | targets=215 | preds=288 | centerness=[-8.716, 1.403] | train_seen=1400
2026-06-04 13:19:07 | INFO | Epoch 37 | batch 750/1829 | loss=0.6969 | giou=0.3129 | bbox=0.0199 | ce=0.0256 | aux_giou=0.0000 | aux_bbox=0.0000 | aux_ce=0.0000 | mask=2759 | aux_mask=2143 | pos=444 | targets=444 | preds=323 | centerness=[-7.035, 2.012] | train_seen=1500
2026-06-04 13:20:53 | INFO | Epoch 37 | batch 800/1829 | loss=0.6157 | giou=0.2670 | bbox=0.0459 | ce=0.0179 | aux_giou=0.0000 | aux_bbox=0.0000 | aux_ce=0.0000 | mask=1706 | aux_mask=1802 | pos=84 | targets=84 | preds=67 | centerness=[-12.368, 0.088] | train_seen=1600
2026-06-04 13:22:39 | INFO | Epoch 37 | batch 850/1829 | loss=0.5664 | giou=0.2558 | bbox=0.0345 | ce=0.0101 | aux_giou=0.0000 | aux_bbox=0.0000 | aux_ce=0.0000 | mask=1975 | aux_mask=1767 | pos=113 | targets=113 | preds=130 | centerness=[-10.735, 1.803] | train_seen=1700
2026-06-04 13:24:26 | INFO | Epoch 37 | batch 900/1829 | loss=0.4337 | giou=0.1900 | bbox=0.0443 | ce=0.0047 | aux_giou=0.0000 | aux_bbox=0.0000 | aux_ce=0.0000 | mask=2894 | aux_mask=2736 | pos=49 | targets=49 | preds=36 | centerness=[-15.145, 1.904] | train_seen=1800
2026-06-04 13:26:12 | INFO | Epoch 37 | batch 950/1829 | loss=0.8063 | giou=0.3667 | bbox=0.0235 | ce=0.0248 | aux_giou=0.0000 | aux_bbox=0.0000 | aux_ce=0.0000 | mask=2257 | aux_mask=2045 | pos=247 | targets=247 | preds=424 | centerness=[-10.812, 1.202] | train_seen=1900
2026-06-04 13:27:58 | INFO | Epoch 37 | batch 1000/1829 | loss=0.5433 | giou=0.2208 | bbox=0.0268 | ce=0.0111 | aux_giou=0.0233 | aux_bbox=0.0031 | aux_ce=0.0015 | mask=2139 | aux_mask=1866 | pos=90 | targets=90 | preds=170 | centerness=[-11.177, 1.682] | train_seen=2000
2026-06-04 13:29:44 | INFO | Epoch 37 | batch 1050/1829 | loss=0.4920 | giou=0.2188 | bbox=0.0336 | ce=0.0104 | aux_giou=0.0000 | aux_bbox=0.0000 | aux_ce=0.0000 | mask=1811 | aux_mask=1813 | pos=52 | targets=52 | preds=50 | centerness=[-12.156, 0.621] | train_seen=2100
2026-06-04 13:31:31 | INFO | Epoch 37 | batch 1100/1829 | loss=0.4536 | giou=0.2123 | bbox=0.0215 | ce=0.0038 | aux_giou=0.0000 | aux_bbox=0.0000 | aux_ce=0.0000 | mask=1436 | aux_mask=1512 | pos=25 | targets=25 | preds=21 | centerness=[-10.924, 1.147] | train_seen=2200
2026-06-04 13:33:17 | INFO | Epoch 37 | batch 1150/1829 | loss=0.4138 | giou=0.1810 | bbox=0.0275 | ce=0.0122 | aux_giou=0.0000 | aux_bbox=0.0000 | aux_ce=0.0000 | mask=2461 | aux_mask=2239 | pos=141 | targets=141 | preds=131 | centerness=[-15.809, 1.950] | train_seen=2300
2026-06-04 13:35:04 | INFO | Epoch 37 | batch 1200/1829 | loss=0.8284 | giou=0.3794 | bbox=0.0318 | ce=0.0189 | aux_giou=0.0000 | aux_bbox=0.0000 | aux_ce=0.0000 | mask=2751 | aux_mask=2204 | pos=147 | targets=147 | preds=99 | centerness=[-9.030, 0.922] | train_seen=2400
2026-06-04 13:36:50 | INFO | Epoch 37 | batch 1250/1829 | loss=0.5151 | giou=0.2225 | bbox=0.0594 | ce=0.0053 | aux_giou=0.0000 | aux_bbox=0.0000 | aux_ce=0.0000 | mask=2316 | aux_mask=2479 | pos=18 | targets=18 | preds=17 | centerness=[-16.002, 0.990] | train_seen=2500
2026-06-04 13:38:36 | INFO | Epoch 37 | batch 1300/1829 | loss=0.4735 | giou=0.2166 | bbox=0.0265 | ce=0.0069 | aux_giou=0.0000 | aux_bbox=0.0000 | aux_ce=0.0000 | mask=2589 | aux_mask=2112 | pos=210 | targets=210 | preds=205 | centerness=[-16.397, 2.150] | train_seen=2600
2026-06-04 13:40:22 | INFO | Epoch 37 | batch 1350/1829 | loss=0.7329 | giou=0.3352 | bbox=0.0242 | ce=0.0192 | aux_giou=0.0000 | aux_bbox=0.0000 | aux_ce=0.0000 | mask=3615 | aux_mask=2754 | pos=349 | targets=349 | preds=413 | centerness=[-7.088, 1.892] | train_seen=2700
2026-06-04 13:42:09 | INFO | Epoch 37 | batch 1400/1829 | loss=1.0697 | giou=0.4542 | bbox=0.0177 | ce=0.0237 | aux_giou=0.0431 | aux_bbox=0.0017 | aux_ce=0.0042 | mask=4253 | aux_mask=3592 | pos=468 | targets=468 | preds=706 | centerness=[-4.774, 1.255] | train_seen=2800
2026-06-04 13:43:56 | INFO | Epoch 37 | batch 1450/1829 | loss=0.5732 | giou=0.2456 | bbox=0.0439 | ce=0.0190 | aux_giou=0.0000 | aux_bbox=0.0000 | aux_ce=0.0000 | mask=1948 | aux_mask=2139 | pos=56 | targets=56 | preds=116 | centerness=[-13.520, 0.394] | train_seen=2900
2026-06-04 13:45:42 | INFO | Epoch 37 | batch 1500/1829 | loss=0.5144 | giou=0.2335 | bbox=0.0331 | ce=0.0071 | aux_giou=0.0000 | aux_bbox=0.0000 | aux_ce=0.0000 | mask=2082 | aux_mask=2097 | pos=64 | targets=64 | preds=55 | centerness=[-12.289, 1.574] | train_seen=3000
2026-06-04 13:47:28 | INFO | Epoch 37 | batch 1550/1829 | loss=0.9236 | giou=0.3911 | bbox=0.0263 | ce=0.0215 | aux_giou=0.0345 | aux_bbox=0.0024 | aux_ce=0.0005 | mask=2533 | aux_mask=2071 | pos=169 | targets=169 | preds=198 | centerness=[-9.755, 0.923] | train_seen=3100
2026-06-04 13:49:14 | INFO | Epoch 37 | batch 1600/1829 | loss=0.4531 | giou=0.1974 | bbox=0.0204 | ce=0.0190 | aux_giou=0.0000 | aux_bbox=0.0000 | aux_ce=0.0000 | mask=2307 | aux_mask=2052 | pos=237 | targets=237 | preds=133 | centerness=[-8.674, 2.401] | train_seen=3200
2026-06-04 13:51:01 | INFO | Epoch 37 | batch 1650/1829 | loss=0.6887 | giou=0.2997 | bbox=0.0478 | ce=0.0208 | aux_giou=0.0000 | aux_bbox=0.0000 | aux_ce=0.0000 | mask=1910 | aux_mask=1858 | pos=135 | targets=135 | preds=119 | centerness=[-13.785, 0.880] | train_seen=3300
2026-06-04 13:52:47 | INFO | Epoch 37 | batch 1700/1829 | loss=0.7706 | giou=0.3577 | bbox=0.0367 | ce=0.0093 | aux_giou=0.0000 | aux_bbox=0.0000 | aux_ce=0.0000 | mask=2322 | aux_mask=2198 | pos=39 | targets=39 | preds=71 | centerness=[-11.421, 1.457] | train_seen=3400
2026-06-04 13:54:33 | INFO | Epoch 37 | batch 1750/1829 | loss=0.7890 | giou=0.3598 | bbox=0.0320 | ce=0.0186 | aux_giou=0.0000 | aux_bbox=0.0000 | aux_ce=0.0000 | mask=2344 | aux_mask=1894 | pos=120 | targets=120 | preds=80 | centerness=[-9.433, 1.887] | train_seen=3500
2026-06-04 13:56:19 | INFO | Epoch 37 | batch 1800/1829 | loss=0.5626 | giou=0.2613 | bbox=0.0256 | ce=0.0072 | aux_giou=0.0000 | aux_bbox=0.0000 | aux_ce=0.0000 | mask=2771 | aux_mask=2095 | pos=53 | targets=53 | preds=81 | centerness=[-10.016, 2.301] | train_seen=3600
2026-06-04 14:16:54 | INFO | Epoch 37 | train_loss=0.674 | val_loss=0.870 | train_mae=23.474 | val_mae=22.058 | val_rmse=56.11 | test_mae=19.376 | test_rmse=100.29 | time=5060.221s
2026-06-04 14:18:40 | INFO | Epoch 38 | batch 50/1829 | loss=1.1455 | giou=0.4304 | bbox=0.0180 | ce=0.0817 | aux_giou=0.0448 | aux_bbox=0.0019 | aux_ce=0.0058 | mask=3606 | aux_mask=2841 | pos=665 | targets=665 | preds=1448 | centerness=[-8.613, 1.563] | train_seen=100
2026-06-04 14:20:26 | INFO | Epoch 38 | batch 100/1829 | loss=0.7352 | giou=0.3324 | bbox=0.0535 | ce=0.0085 | aux_giou=0.0000 | aux_bbox=0.0000 | aux_ce=0.0000 | mask=1987 | aux_mask=1633 | pos=81 | targets=81 | preds=90 | centerness=[-8.721, 1.203] | train_seen=200
2026-06-04 14:22:13 | INFO | Epoch 38 | batch 150/1829 | loss=0.7611 | giou=0.3284 | bbox=0.0206 | ce=0.0072 | aux_giou=0.0332 | aux_bbox=0.0013 | aux_ce=0.0009 | mask=1247 | aux_mask=1525 | pos=54 | targets=54 | preds=40 | centerness=[-11.500, 2.052] | train_seen=300
2026-06-04 14:23:59 | INFO | Epoch 38 | batch 200/1829 | loss=0.8118 | giou=0.3503 | bbox=0.0148 | ce=0.0084 | aux_giou=0.0369 | aux_bbox=0.0021 | aux_ce=0.0018 | mask=2860 | aux_mask=2598 | pos=168 | targets=168 | preds=157 | centerness=[-8.942, 1.939] | train_seen=400
2026-06-04 14:25:45 | INFO | Epoch 38 | batch 250/1829 | loss=0.8012 | giou=0.3555 | bbox=0.0126 | ce=0.0034 | aux_giou=0.0341 | aux_bbox=0.0011 | aux_ce=0.0007 | mask=1464 | aux_mask=1336 | pos=44 | targets=44 | preds=50 | centerness=[-10.962, 2.456] | train_seen=500
2026-06-04 14:27:31 | INFO | Epoch 38 | batch 300/1829 | loss=0.8823 | giou=0.3968 | bbox=0.0362 | ce=0.0262 | aux_giou=0.0000 | aux_bbox=0.0000 | aux_ce=0.0000 | mask=3297 | aux_mask=2796 | pos=1097 | targets=1097 | preds=1048 | centerness=[-15.093, 1.510] | train_seen=600
2026-06-04 14:29:18 | INFO | Epoch 38 | batch 350/1829 | loss=0.7775 | giou=0.3320 | bbox=0.0450 | ce=0.0343 | aux_giou=0.0000 | aux_bbox=0.0000 | aux_ce=0.0000 | mask=1976 | aux_mask=1823 | pos=268 | targets=268 | preds=181 | centerness=[-20.310, 0.725] | train_seen=700
2026-06-04 14:31:04 | INFO | Epoch 38 | batch 400/1829 | loss=0.7879 | giou=0.3414 | bbox=0.0412 | ce=0.0319 | aux_giou=0.0000 | aux_bbox=0.0000 | aux_ce=0.0000 | mask=3106 | aux_mask=2560 | pos=496 | targets=496 | preds=321 | centerness=[-11.354, 1.934] | train_seen=800
2026-06-04 14:32:50 | INFO | Epoch 38 | batch 450/1829 | loss=0.7408 | giou=0.3327 | bbox=0.0458 | ce=0.0148 | aux_giou=0.0000 | aux_bbox=0.0000 | aux_ce=0.0000 | mask=2866 | aux_mask=2379 | pos=114 | targets=114 | preds=111 | centerness=[-14.234, 1.803] | train_seen=900
2026-06-04 14:34:37 | INFO | Epoch 38 | batch 500/1829 | loss=1.0106 | giou=0.4402 | bbox=0.0230 | ce=0.0226 | aux_giou=0.0297 | aux_bbox=0.0013 | aux_ce=0.0006 | mask=2715 | aux_mask=2471 | pos=178 | targets=178 | preds=228 | centerness=[-9.429, 0.973] | train_seen=1000
2026-06-04 14:36:23 | INFO | Epoch 38 | batch 550/1829 | loss=0.9049 | giou=0.4243 | bbox=0.0442 | ce=0.0061 | aux_giou=0.0000 | aux_bbox=0.0000 | aux_ce=0.0000 | mask=2888 | aux_mask=2512 | pos=152 | targets=152 | preds=138 | centerness=[-11.935, 1.401] | train_seen=1100
2026-06-04 14:38:09 | INFO | Epoch 38 | batch 600/1829 | loss=1.0747 | giou=0.4720 | bbox=0.0755 | ce=0.0276 | aux_giou=0.0000 | aux_bbox=0.0000 | aux_ce=0.0000 | mask=2388 | aux_mask=2344 | pos=273 | targets=273 | preds=374 | centerness=[-8.866, 1.089] | train_seen=1200
2026-06-04 14:39:55 | INFO | Epoch 38 | batch 650/1829 | loss=0.5452 | giou=0.2406 | bbox=0.0277 | ce=0.0181 | aux_giou=0.0000 | aux_bbox=0.0000 | aux_ce=0.0000 | mask=2776 | aux_mask=2688 | pos=161 | targets=161 | preds=95 | centerness=[-11.108, 2.024] | train_seen=1300
2026-06-04 14:41:42 | INFO | Epoch 38 | batch 700/1829 | loss=0.6982 | giou=0.3155 | bbox=0.0509 | ce=0.0081 | aux_giou=0.0000 | aux_bbox=0.0000 | aux_ce=0.0000 | mask=2079 | aux_mask=1856 | pos=52 | targets=52 | preds=68 | centerness=[-11.379, 1.319] | train_seen=1400
2026-06-04 14:43:29 | INFO | Epoch 38 | batch 750/1829 | loss=0.6930 | giou=0.3222 | bbox=0.0230 | ce=0.0128 | aux_giou=0.0000 | aux_bbox=0.0000 | aux_ce=0.0000 | mask=2458 | aux_mask=1730 | pos=385 | targets=385 | preds=358 | centerness=[-9.789, 2.078] | train_seen=1500
2026-06-04 14:45:15 | INFO | Epoch 38 | batch 800/1829 | loss=0.5406 | giou=0.2554 | bbox=0.0228 | ce=0.0035 | aux_giou=0.0000 | aux_bbox=0.0000 | aux_ce=0.0000 | mask=1694 | aux_mask=1837 | pos=26 | targets=26 | preds=22 | centerness=[-11.448, 1.894] | train_seen=1600
2026-06-04 14:47:01 | INFO | Epoch 38 | batch 850/1829 | loss=0.4786 | giou=0.2209 | bbox=0.0277 | ce=0.0046 | aux_giou=0.0000 | aux_bbox=0.0000 | aux_ce=0.0000 | mask=1742 | aux_mask=1457 | pos=52 | targets=52 | preds=52 | centerness=[-13.328, 1.703] | train_seen=1700
2026-06-04 14:48:48 | INFO | Epoch 38 | batch 900/1829 | loss=0.5771 | giou=0.2587 | bbox=0.0310 | ce=0.0143 | aux_giou=0.0000 | aux_bbox=0.0000 | aux_ce=0.0000 | mask=2174 | aux_mask=2016 | pos=139 | targets=139 | preds=119 | centerness=[-10.950, 0.945] | train_seen=1800
2026-06-04 14:50:35 | INFO | Epoch 38 | batch 950/1829 | loss=0.9520 | giou=0.4072 | bbox=0.0243 | ce=0.0092 | aux_giou=0.0457 | aux_bbox=0.0019 | aux_ce=0.0008 | mask=2320 | aux_mask=1963 | pos=54 | targets=54 | preds=95 | centerness=[-11.308, 0.541] | train_seen=1900
2026-06-04 14:52:21 | INFO | Epoch 38 | batch 1000/1829 | loss=0.4881 | giou=0.2263 | bbox=0.0279 | ce=0.0038 | aux_giou=0.0000 | aux_bbox=0.0000 | aux_ce=0.0000 | mask=1721 | aux_mask=1852 | pos=16 | targets=16 | preds=17 | centerness=[-13.604, 1.363] | train_seen=2000
2026-06-04 14:54:08 | INFO | Epoch 38 | batch 1050/1829 | loss=0.4490 | giou=0.2125 | bbox=0.0139 | ce=0.0051 | aux_giou=0.0000 | aux_bbox=0.0000 | aux_ce=0.0000 | mask=1335 | aux_mask=1296 | pos=157 | targets=157 | preds=148 | centerness=[-15.314, 2.199] | train_seen=2100
2026-06-04 14:55:54 | INFO | Epoch 38 | batch 1100/1829 | loss=0.9205 | giou=0.3904 | bbox=0.0348 | ce=0.0525 | aux_giou=0.0000 | aux_bbox=0.0000 | aux_ce=0.0000 | mask=1953 | aux_mask=1650 | pos=510 | targets=510 | preds=267 | centerness=[-12.724, 1.915] | train_seen=2200
2026-06-04 14:57:40 | INFO | Epoch 38 | batch 1150/1829 | loss=0.7618 | giou=0.3373 | bbox=0.0449 | ce=0.0211 | aux_giou=0.0000 | aux_bbox=0.0000 | aux_ce=0.0000 | mask=2218 | aux_mask=1803 | pos=198 | targets=198 | preds=198 | centerness=[-11.457, 0.836] | train_seen=2300
2026-06-04 14:59:26 | INFO | Epoch 38 | batch 1200/1829 | loss=0.6049 | giou=0.2801 | bbox=0.0368 | ce=0.0040 | aux_giou=0.0000 | aux_bbox=0.0000 | aux_ce=0.0000 | mask=2136 | aux_mask=2193 | pos=51 | targets=51 | preds=40 | centerness=[-10.797, 1.608] | train_seen=2400
2026-06-04 15:01:13 | INFO | Epoch 38 | batch 1250/1829 | loss=0.6928 | giou=0.3184 | bbox=0.0432 | ce=0.0063 | aux_giou=0.0000 | aux_bbox=0.0000 | aux_ce=0.0000 | mask=1580 | aux_mask=1654 | pos=40 | targets=40 | preds=30 | centerness=[-14.424, 1.673] | train_seen=2500
2026-06-04 15:02:59 | INFO | Epoch 38 | batch 1300/1829 | loss=0.7571 | giou=0.3388 | bbox=0.0496 | ce=0.0149 | aux_giou=0.0000 | aux_bbox=0.0000 | aux_ce=0.0000 | mask=2188 | aux_mask=2068 | pos=52 | targets=52 | preds=49 | centerness=[-14.059, 0.849] | train_seen=2600
2026-06-04 15:04:45 | INFO | Epoch 38 | batch 1350/1829 | loss=0.5503 | giou=0.2588 | bbox=0.0234 | ce=0.0047 | aux_giou=0.0000 | aux_bbox=0.0000 | aux_ce=0.0000 | mask=1717 | aux_mask=1869 | pos=26 | targets=26 | preds=49 | centerness=[-10.733, 1.562] | train_seen=2700
2026-06-04 15:06:31 | INFO | Epoch 38 | batch 1400/1829 | loss=0.7517 | giou=0.3339 | bbox=0.0518 | ce=0.0161 | aux_giou=0.0000 | aux_bbox=0.0000 | aux_ce=0.0000 | mask=2293 | aux_mask=2172 | pos=84 | targets=84 | preds=87 | centerness=[-10.492, 0.699] | train_seen=2800
2026-06-04 15:08:17 | INFO | Epoch 38 | batch 1450/1829 | loss=0.6262 | giou=0.2695 | bbox=0.0635 | ce=0.0118 | aux_giou=0.0000 | aux_bbox=0.0000 | aux_ce=0.0000 | mask=1712 | aux_mask=2092 | pos=33 | targets=33 | preds=21 | centerness=[-14.799, 0.999] | train_seen=2900
2026-06-04 15:10:04 | INFO | Epoch 38 | batch 1500/1829 | loss=0.5349 | giou=0.2483 | bbox=0.0325 | ce=0.0028 | aux_giou=0.0000 | aux_bbox=0.0000 | aux_ce=0.0000 | mask=1462 | aux_mask=1625 | pos=18 | targets=18 | preds=24 | centerness=[-17.495, 1.797] | train_seen=3000
2026-06-04 15:11:50 | INFO | Epoch 38 | batch 1550/1829 | loss=0.5849 | giou=0.2665 | bbox=0.0261 | ce=0.0130 | aux_giou=0.0000 | aux_bbox=0.0000 | aux_ce=0.0000 | mask=2351 | aux_mask=2080 | pos=142 | targets=142 | preds=168 | centerness=[-12.694, 1.278] | train_seen=3100
2026-06-04 15:13:36 | INFO | Epoch 38 | batch 1600/1829 | loss=0.7468 | giou=0.3055 | bbox=0.0455 | ce=0.0136 | aux_giou=0.0284 | aux_bbox=0.0011 | aux_ce=0.0027 | mask=2253 | aux_mask=1861 | pos=202 | targets=202 | preds=245 | centerness=[-14.514, 2.841] | train_seen=3200
2026-06-04 15:15:22 | INFO | Epoch 38 | batch 1650/1829 | loss=0.5003 | giou=0.2296 | bbox=0.0237 | ce=0.0088 | aux_giou=0.0000 | aux_bbox=0.0000 | aux_ce=0.0000 | mask=2162 | aux_mask=2089 | pos=113 | targets=113 | preds=91 | centerness=[-9.555, 1.719] | train_seen=3300
2026-06-04 15:17:09 | INFO | Epoch 38 | batch 1700/1829 | loss=0.8925 | giou=0.3782 | bbox=0.0154 | ce=0.0309 | aux_giou=0.0277 | aux_bbox=0.0010 | aux_ce=0.0012 | mask=2734 | aux_mask=2284 | pos=460 | targets=460 | preds=587 | centerness=[-6.172, 1.807] | train_seen=3400
2026-06-04 15:18:55 | INFO | Epoch 38 | batch 1750/1829 | loss=0.7208 | giou=0.3200 | bbox=0.0572 | ce=0.0118 | aux_giou=0.0000 | aux_bbox=0.0000 | aux_ce=0.0000 | mask=2095 | aux_mask=1800 | pos=53 | targets=53 | preds=53 | centerness=[-15.830, 0.782] | train_seen=3500
2026-06-04 15:20:41 | INFO | Epoch 38 | batch 1800/1829 | loss=0.4830 | giou=0.2007 | bbox=0.0334 | ce=0.0241 | aux_giou=0.0000 | aux_bbox=0.0000 | aux_ce=0.0000 | mask=1658 | aux_mask=1808 | pos=126 | targets=126 | preds=77 | centerness=[-19.309, 1.223] | train_seen=3600
2026-06-04 15:41:17 | INFO | Epoch 38 | train_loss=0.668 | val_loss=0.867 | train_mae=23.075 | val_mae=21.376 | val_rmse=53.83 | test_mae=19.582 | test_rmse=98.62 | time=5060.323s | best_rmse
2026-06-04 15:43:04 | INFO | Epoch 39 | batch 50/1829 | loss=0.7711 | giou=0.3582 | bbox=0.0346 | ce=0.0101 | aux_giou=0.0000 | aux_bbox=0.0000 | aux_ce=0.0000 | mask=2090 | aux_mask=1781 | pos=135 | targets=135 | preds=123 | centerness=[-14.457, 2.507] | train_seen=100
2026-06-04 15:44:50 | INFO | Epoch 39 | batch 100/1829 | loss=0.7613 | giou=0.3616 | bbox=0.0194 | ce=0.0094 | aux_giou=0.0000 | aux_bbox=0.0000 | aux_ce=0.0000 | mask=2042 | aux_mask=1667 | pos=119 | targets=119 | preds=99 | centerness=[-7.497, 1.335] | train_seen=200
2026-06-04 15:46:36 | INFO | Epoch 39 | batch 150/1829 | loss=0.8016 | giou=0.3533 | bbox=0.0796 | ce=0.0077 | aux_giou=0.0000 | aux_bbox=0.0000 | aux_ce=0.0000 | mask=1617 | aux_mask=1775 | pos=25 | targets=25 | preds=30 | centerness=[-15.874, 1.015] | train_seen=300
2026-06-04 15:48:22 | INFO | Epoch 39 | batch 200/1829 | loss=0.5909 | giou=0.2695 | bbox=0.0261 | ce=0.0129 | aux_giou=0.0000 | aux_bbox=0.0000 | aux_ce=0.0000 | mask=2042 | aux_mask=1759 | pos=159 | targets=159 | preds=160 | centerness=[-14.048, 2.133] | train_seen=400
2026-06-04 15:50:09 | INFO | Epoch 39 | batch 250/1829 | loss=0.5992 | giou=0.2720 | bbox=0.0215 | ce=0.0169 | aux_giou=0.0000 | aux_bbox=0.0000 | aux_ce=0.0000 | mask=1311 | aux_mask=1330 | pos=117 | targets=117 | preds=95 | centerness=[-13.553, 1.273] | train_seen=500
2026-06-04 15:51:55 | INFO | Epoch 39 | batch 300/1829 | loss=0.3969 | giou=0.1746 | bbox=0.0271 | ce=0.0103 | aux_giou=0.0000 | aux_bbox=0.0000 | aux_ce=0.0000 | mask=2307 | aux_mask=2211 | pos=80 | targets=80 | preds=72 | centerness=[-14.760, 1.641] | train_seen=600
2026-06-04 15:53:41 | INFO | Epoch 39 | batch 350/1829 | loss=0.4998 | giou=0.2307 | bbox=0.0160 | ce=0.0112 | aux_giou=0.0000 | aux_bbox=0.0000 | aux_ce=0.0000 | mask=1752 | aux_mask=1827 | pos=270 | targets=270 | preds=296 | centerness=[-15.197, 1.521] | train_seen=700
2026-06-04 15:55:27 | INFO | Epoch 39 | batch 400/1829 | loss=0.6046 | giou=0.2660 | bbox=0.0468 | ce=0.0129 | aux_giou=0.0000 | aux_bbox=0.0000 | aux_ce=0.0000 | mask=1590 | aux_mask=1401 | pos=43 | targets=43 | preds=50 | centerness=[-15.995, 0.708] | train_seen=800
2026-06-04 15:57:13 | INFO | Epoch 39 | batch 450/1829 | loss=0.6543 | giou=0.2937 | bbox=0.0363 | ce=0.0154 | aux_giou=0.0000 | aux_bbox=0.0000 | aux_ce=0.0000 | mask=2668 | aux_mask=2072 | pos=281 | targets=281 | preds=256 | centerness=[-11.907, 2.630] | train_seen=900
2026-06-04 15:59:00 | INFO | Epoch 39 | batch 500/1829 | loss=0.5486 | giou=0.2376 | bbox=0.0445 | ce=0.0144 | aux_giou=0.0000 | aux_bbox=0.0000 | aux_ce=0.0000 | mask=2102 | aux_mask=1911 | pos=110 | targets=110 | preds=79 | centerness=[-18.284, 1.853] | train_seen=1000
2026-06-04 16:00:46 | INFO | Epoch 39 | batch 550/1829 | loss=0.7526 | giou=0.3449 | bbox=0.0266 | ce=0.0181 | aux_giou=0.0000 | aux_bbox=0.0000 | aux_ce=0.0000 | mask=2412 | aux_mask=2140 | pos=208 | targets=208 | preds=172 | centerness=[-11.119, 1.343] | train_seen=1100
2026-06-04 16:02:33 | INFO | Epoch 39 | batch 600/1829 | loss=0.4161 | giou=0.1866 | bbox=0.0351 | ce=0.0039 | aux_giou=0.0000 | aux_bbox=0.0000 | aux_ce=0.0000 | mask=2129 | aux_mask=2014 | pos=51 | targets=51 | preds=50 | centerness=[-16.861, 0.731] | train_seen=1200
2026-06-04 16:04:19 | INFO | Epoch 39 | batch 650/1829 | loss=0.6109 | giou=0.2817 | bbox=0.0325 | ce=0.0075 | aux_giou=0.0000 | aux_bbox=0.0000 | aux_ce=0.0000 | mask=2148 | aux_mask=1938 | pos=30 | targets=30 | preds=79 | centerness=[-14.921, 0.812] | train_seen=1300
2026-06-04 16:06:06 | INFO | Epoch 39 | batch 700/1829 | loss=0.4934 | giou=0.2311 | bbox=0.0152 | ce=0.0080 | aux_giou=0.0000 | aux_bbox=0.0000 | aux_ce=0.0000 | mask=1748 | aux_mask=1464 | pos=117 | targets=117 | preds=111 | centerness=[-12.549, 1.995] | train_seen=1400
2026-06-04 16:07:52 | INFO | Epoch 39 | batch 750/1829 | loss=0.5501 | giou=0.2492 | bbox=0.0250 | ce=0.0134 | aux_giou=0.0000 | aux_bbox=0.0000 | aux_ce=0.0000 | mask=1967 | aux_mask=1579 | pos=98 | targets=98 | preds=117 | centerness=[-11.991, 1.657] | train_seen=1500
2026-06-04 16:09:38 | INFO | Epoch 39 | batch 800/1829 | loss=0.6124 | giou=0.2697 | bbox=0.0434 | ce=0.0148 | aux_giou=0.0000 | aux_bbox=0.0000 | aux_ce=0.0000 | mask=2347 | aux_mask=2099 | pos=103 | targets=103 | preds=64 | centerness=[-13.002, 1.873] | train_seen=1600
2026-06-04 16:11:25 | INFO | Epoch 39 | batch 850/1829 | loss=0.7469 | giou=0.3378 | bbox=0.0276 | ce=0.0218 | aux_giou=0.0000 | aux_bbox=0.0000 | aux_ce=0.0000 | mask=1571 | aux_mask=1456 | pos=182 | targets=182 | preds=158 | centerness=[-13.069, 1.582] | train_seen=1700
2026-06-04 16:13:11 | INFO | Epoch 39 | batch 900/1829 | loss=0.3116 | giou=0.1381 | bbox=0.0274 | ce=0.0040 | aux_giou=0.0000 | aux_bbox=0.0000 | aux_ce=0.0000 | mask=1768 | aux_mask=1812 | pos=34 | targets=34 | preds=39 | centerness=[-11.956, 1.572] | train_seen=1800
2026-06-04 16:14:57 | INFO | Epoch 39 | batch 950/1829 | loss=0.5790 | giou=0.2764 | bbox=0.0191 | ce=0.0035 | aux_giou=0.0000 | aux_bbox=0.0000 | aux_ce=0.0000 | mask=2456 | aux_mask=1953 | pos=23 | targets=23 | preds=36 | centerness=[-10.691, 1.975] | train_seen=1900
2026-06-04 16:16:44 | INFO | Epoch 39 | batch 1000/1829 | loss=0.5619 | giou=0.2515 | bbox=0.0320 | ce=0.0134 | aux_giou=0.0000 | aux_bbox=0.0000 | aux_ce=0.0000 | mask=2514 | aux_mask=2136 | pos=132 | targets=132 | preds=96 | centerness=[-12.311, 1.919] | train_seen=2000
2026-06-04 16:18:30 | INFO | Epoch 39 | batch 1050/1829 | loss=0.7196 | giou=0.3162 | bbox=0.0398 | ce=0.0236 | aux_giou=0.0000 | aux_bbox=0.0000 | aux_ce=0.0000 | mask=2801 | aux_mask=2412 | pos=178 | targets=178 | preds=277 | centerness=[-13.861, 1.300] | train_seen=2100
2026-06-04 16:20:16 | INFO | Epoch 39 | batch 1100/1829 | loss=0.6766 | giou=0.2773 | bbox=0.0173 | ce=0.0148 | aux_giou=0.0298 | aux_bbox=0.0013 | aux_ce=0.0071 | mask=1667 | aux_mask=1641 | pos=142 | targets=142 | preds=188 | centerness=[-14.940, 1.132] | train_seen=2200
2026-06-04 16:22:03 | INFO | Epoch 39 | batch 1150/1829 | loss=0.9952 | giou=0.4069 | bbox=0.0216 | ce=0.0342 | aux_giou=0.0406 | aux_bbox=0.0021 | aux_ce=0.0041 | mask=2372 | aux_mask=1782 | pos=309 | targets=309 | preds=208 | centerness=[-9.034, 1.257] | train_seen=2300
2026-06-04 16:23:49 | INFO | Epoch 39 | batch 1200/1829 | loss=0.5639 | giou=0.2608 | bbox=0.0244 | ce=0.0089 | aux_giou=0.0000 | aux_bbox=0.0000 | aux_ce=0.0000 | mask=1471 | aux_mask=1556 | pos=56 | targets=56 | preds=44 | centerness=[-14.337, 1.132] | train_seen=2400
2026-06-04 16:25:35 | INFO | Epoch 39 | batch 1250/1829 | loss=0.8708 | giou=0.3965 | bbox=0.0370 | ce=0.0204 | aux_giou=0.0000 | aux_bbox=0.0000 | aux_ce=0.0000 | mask=2372 | aux_mask=1867 | pos=115 | targets=115 | preds=99 | centerness=[-9.640, 1.376] | train_seen=2500
2026-06-04 16:27:22 | INFO | Epoch 39 | batch 1300/1829 | loss=0.7140 | giou=0.3146 | bbox=0.0534 | ce=0.0157 | aux_giou=0.0000 | aux_bbox=0.0000 | aux_ce=0.0000 | mask=3500 | aux_mask=3249 | pos=212 | targets=212 | preds=209 | centerness=[-7.256, 1.147] | train_seen=2600
2026-06-04 16:29:08 | INFO | Epoch 39 | batch 1350/1829 | loss=0.7769 | giou=0.3558 | bbox=0.0497 | ce=0.0078 | aux_giou=0.0000 | aux_bbox=0.0000 | aux_ce=0.0000 | mask=2190 | aux_mask=2130 | pos=36 | targets=36 | preds=96 | centerness=[-12.357, 1.962] | train_seen=2700
2026-06-04 16:30:54 | INFO | Epoch 39 | batch 1400/1829 | loss=0.8536 | giou=0.3683 | bbox=0.0694 | ce=0.0238 | aux_giou=0.0000 | aux_bbox=0.0000 | aux_ce=0.0000 | mask=2772 | aux_mask=2324 | pos=376 | targets=376 | preds=348 | centerness=[-8.106, 1.715] | train_seen=2800
2026-06-04 16:32:40 | INFO | Epoch 39 | batch 1450/1829 | loss=0.7097 | giou=0.3326 | bbox=0.0183 | ce=0.0131 | aux_giou=0.0000 | aux_bbox=0.0000 | aux_ce=0.0000 | mask=2106 | aux_mask=1489 | pos=181 | targets=181 | preds=154 | centerness=[-13.090, 1.626] | train_seen=2900
2026-06-04 16:34:26 | INFO | Epoch 39 | batch 1500/1829 | loss=0.5122 | giou=0.2362 | bbox=0.0269 | ce=0.0065 | aux_giou=0.0000 | aux_bbox=0.0000 | aux_ce=0.0000 | mask=1687 | aux_mask=1829 | pos=42 | targets=42 | preds=46 | centerness=[-15.656, 1.473] | train_seen=3000
2026-06-04 16:36:13 | INFO | Epoch 39 | batch 1550/1829 | loss=0.7243 | giou=0.3268 | bbox=0.0295 | ce=0.0207 | aux_giou=0.0000 | aux_bbox=0.0000 | aux_ce=0.0000 | mask=2548 | aux_mask=2030 | pos=183 | targets=183 | preds=209 | centerness=[-6.496, 1.163] | train_seen=3100
2026-06-04 16:37:59 | INFO | Epoch 39 | batch 1600/1829 | loss=0.6544 | giou=0.3023 | bbox=0.0304 | ce=0.0097 | aux_giou=0.0000 | aux_bbox=0.0000 | aux_ce=0.0000 | mask=1728 | aux_mask=1454 | pos=97 | targets=97 | preds=96 | centerness=[-14.047, 1.759] | train_seen=3200
2026-06-04 16:39:45 | INFO | Epoch 39 | batch 1650/1829 | loss=0.5579 | giou=0.2627 | bbox=0.0204 | ce=0.0060 | aux_giou=0.0000 | aux_bbox=0.0000 | aux_ce=0.0000 | mask=1327 | aux_mask=1426 | pos=61 | targets=61 | preds=56 | centerness=[-14.033, 1.842] | train_seen=3300
2026-06-04 16:41:32 | INFO | Epoch 39 | batch 1700/1829 | loss=0.7666 | giou=0.3318 | bbox=0.0742 | ce=0.0144 | aux_giou=0.0000 | aux_bbox=0.0000 | aux_ce=0.0000 | mask=1672 | aux_mask=1655 | pos=64 | targets=64 | preds=75 | centerness=[-18.964, 0.739] | train_seen=3400
2026-06-04 16:43:18 | INFO | Epoch 39 | batch 1750/1829 | loss=0.6659 | giou=0.2959 | bbox=0.0579 | ce=0.0081 | aux_giou=0.0000 | aux_bbox=0.0000 | aux_ce=0.0000 | mask=2073 | aux_mask=2121 | pos=41 | targets=41 | preds=53 | centerness=[-13.981, 1.582] | train_seen=3500
2026-06-04 16:45:04 | INFO | Epoch 39 | batch 1800/1829 | loss=0.4781 | giou=0.2106 | bbox=0.0289 | ce=0.0140 | aux_giou=0.0000 | aux_bbox=0.0000 | aux_ce=0.0000 | mask=2151 | aux_mask=2002 | pos=100 | targets=100 | preds=86 | centerness=[-14.960, 1.812] | train_seen=3600
2026-06-04 17:05:38 | INFO | Epoch 39 | train_loss=0.667 | val_loss=0.855 | train_mae=21.935 | val_mae=22.352 | val_rmse=54.22 | test_mae=19.431 | test_rmse=94.37 | time=5058.730s
2026-06-04 17:07:24 | INFO | Epoch 40 | batch 50/1829 | loss=0.5573 | giou=0.2492 | bbox=0.0364 | ce=0.0113 | aux_giou=0.0000 | aux_bbox=0.0000 | aux_ce=0.0000 | mask=2092 | aux_mask=1953 | pos=89 | targets=89 | preds=96 | centerness=[-19.293, 1.503] | train_seen=100
2026-06-04 17:09:11 | INFO | Epoch 40 | batch 100/1829 | loss=0.5275 | giou=0.2388 | bbox=0.0159 | ce=0.0170 | aux_giou=0.0000 | aux_bbox=0.0000 | aux_ce=0.0000 | mask=2150 | aux_mask=1636 | pos=237 | targets=237 | preds=211 | centerness=[-7.646, 1.808] | train_seen=200
2026-06-04 17:10:57 | INFO | Epoch 40 | batch 150/1829 | loss=0.9869 | giou=0.4153 | bbox=0.0175 | ce=0.0280 | aux_giou=0.0400 | aux_bbox=0.0015 | aux_ce=0.0005 | mask=2494 | aux_mask=2083 | pos=547 | targets=547 | preds=483 | centerness=[-8.618, 1.861] | train_seen=300
2026-06-04 17:12:43 | INFO | Epoch 40 | batch 200/1829 | loss=0.5847 | giou=0.2452 | bbox=0.0267 | ce=0.0112 | aux_giou=0.0207 | aux_bbox=0.0007 | aux_ce=0.0016 | mask=2556 | aux_mask=2125 | pos=19 | targets=19 | preds=101 | centerness=[-15.158, 2.479] | train_seen=400
2026-06-04 17:14:29 | INFO | Epoch 40 | batch 250/1829 | loss=0.8632 | giou=0.4036 | bbox=0.0353 | ce=0.0103 | aux_giou=0.0000 | aux_bbox=0.0000 | aux_ce=0.0000 | mask=2068 | aux_mask=1747 | pos=87 | targets=87 | preds=128 | centerness=[-9.966, 1.612] | train_seen=500
2026-06-04 17:16:16 | INFO | Epoch 40 | batch 300/1829 | loss=0.5886 | giou=0.2678 | bbox=0.0336 | ce=0.0097 | aux_giou=0.0000 | aux_bbox=0.0000 | aux_ce=0.0000 | mask=2007 | aux_mask=2021 | pos=48 | targets=48 | preds=122 | centerness=[-17.945, 0.393] | train_seen=600
2026-06-04 17:18:02 | INFO | Epoch 40 | batch 350/1829 | loss=0.5509 | giou=0.2552 | bbox=0.0225 | ce=0.0090 | aux_giou=0.0000 | aux_bbox=0.0000 | aux_ce=0.0000 | mask=1693 | aux_mask=1615 | pos=72 | targets=72 | preds=68 | centerness=[-14.748, 1.345] | train_seen=700
2026-06-04 17:19:48 | INFO | Epoch 40 | batch 400/1829 | loss=0.5591 | giou=0.2526 | bbox=0.0233 | ce=0.0154 | aux_giou=0.0000 | aux_bbox=0.0000 | aux_ce=0.0000 | mask=2331 | aux_mask=1748 | pos=364 | targets=364 | preds=294 | centerness=[-8.093, 2.106] | train_seen=800
2026-06-04 17:21:34 | INFO | Epoch 40 | batch 450/1829 | loss=0.5413 | giou=0.2484 | bbox=0.0280 | ce=0.0083 | aux_giou=0.0000 | aux_bbox=0.0000 | aux_ce=0.0000 | mask=2479 | aux_mask=2041 | pos=160 | targets=160 | preds=146 | centerness=[-11.529, 2.747] | train_seen=900
2026-06-04 17:23:21 | INFO | Epoch 40 | batch 500/1829 | loss=0.7919 | giou=0.3657 | bbox=0.0330 | ce=0.0138 | aux_giou=0.0000 | aux_bbox=0.0000 | aux_ce=0.0000 | mask=2523 | aux_mask=2250 | pos=106 | targets=106 | preds=90 | centerness=[-8.971, 2.109] | train_seen=1000
2026-06-04 17:25:07 | INFO | Epoch 40 | batch 550/1829 | loss=0.4783 | giou=0.2196 | bbox=0.0311 | ce=0.0040 | aux_giou=0.0000 | aux_bbox=0.0000 | aux_ce=0.0000 | mask=1780 | aux_mask=1721 | pos=32 | targets=32 | preds=27 | centerness=[-13.680, 1.516] | train_seen=1100
2026-06-04 17:26:53 | INFO | Epoch 40 | batch 600/1829 | loss=0.8732 | giou=0.3962 | bbox=0.0465 | ce=0.0172 | aux_giou=0.0000 | aux_bbox=0.0000 | aux_ce=0.0000 | mask=2231 | aux_mask=1946 | pos=49 | targets=49 | preds=197 | centerness=[-8.144, 1.125] | train_seen=1200
2026-06-04 17:28:39 | INFO | Epoch 40 | batch 650/1829 | loss=0.4723 | giou=0.2158 | bbox=0.0245 | ce=0.0081 | aux_giou=0.0000 | aux_bbox=0.0000 | aux_ce=0.0000 | mask=2918 | aux_mask=2264 | pos=236 | targets=236 | preds=242 | centerness=[-14.206, 2.014] | train_seen=1300
2026-06-04 17:30:26 | INFO | Epoch 40 | batch 700/1829 | loss=0.5183 | giou=0.2407 | bbox=0.0252 | ce=0.0059 | aux_giou=0.0000 | aux_bbox=0.0000 | aux_ce=0.0000 | mask=1941 | aux_mask=1932 | pos=40 | targets=40 | preds=32 | centerness=[-15.766, 1.728] | train_seen=1400
2026-06-04 17:32:12 | INFO | Epoch 40 | batch 750/1829 | loss=0.6362 | giou=0.2883 | bbox=0.0501 | ce=0.0047 | aux_giou=0.0000 | aux_bbox=0.0000 | aux_ce=0.0000 | mask=1607 | aux_mask=1559 | pos=24 | targets=24 | preds=33 | centerness=[-16.388, 1.187] | train_seen=1500
2026-06-04 17:33:58 | INFO | Epoch 40 | batch 800/1829 | loss=1.0322 | giou=0.4148 | bbox=0.0479 | ce=0.0360 | aux_giou=0.0353 | aux_bbox=0.0041 | aux_ce=0.0041 | mask=1725 | aux_mask=1811 | pos=349 | targets=349 | preds=274 | centerness=[-7.251, 0.876] | train_seen=1600
2026-06-04 17:35:44 | INFO | Epoch 40 | batch 850/1829 | loss=0.6176 | giou=0.2758 | bbox=0.0518 | ce=0.0071 | aux_giou=0.0000 | aux_bbox=0.0000 | aux_ce=0.0000 | mask=1716 | aux_mask=2205 | pos=74 | targets=74 | preds=42 | centerness=[-13.831, 1.074] | train_seen=1700
2026-06-04 17:37:31 | INFO | Epoch 40 | batch 900/1829 | loss=0.7838 | giou=0.3498 | bbox=0.0347 | ce=0.0248 | aux_giou=0.0000 | aux_bbox=0.0000 | aux_ce=0.0000 | mask=2237 | aux_mask=1893 | pos=255 | targets=255 | preds=189 | centerness=[-11.998, 2.339] | train_seen=1800
2026-06-04 17:39:17 | INFO | Epoch 40 | batch 950/1829 | loss=0.6340 | giou=0.3028 | bbox=0.0209 | ce=0.0037 | aux_giou=0.0000 | aux_bbox=0.0000 | aux_ce=0.0000 | mask=1798 | aux_mask=1697 | pos=42 | targets=42 | preds=37 | centerness=[-8.347, 2.106] | train_seen=1900
2026-06-04 17:41:03 | INFO | Epoch 40 | batch 1000/1829 | loss=0.3526 | giou=0.1582 | bbox=0.0235 | ce=0.0064 | aux_giou=0.0000 | aux_bbox=0.0000 | aux_ce=0.0000 | mask=2499 | aux_mask=2049 | pos=82 | targets=82 | preds=79 | centerness=[-16.867, 1.846] | train_seen=2000
2026-06-04 17:42:49 | INFO | Epoch 40 | batch 1050/1829 | loss=0.5908 | giou=0.2797 | bbox=0.0233 | ce=0.0041 | aux_giou=0.0000 | aux_bbox=0.0000 | aux_ce=0.0000 | mask=2749 | aux_mask=2333 | pos=57 | targets=57 | preds=56 | centerness=[-11.659, 1.678] | train_seen=2100
2026-06-04 17:44:35 | INFO | Epoch 40 | batch 1100/1829 | loss=0.5865 | giou=0.2678 | bbox=0.0266 | ce=0.0121 | aux_giou=0.0000 | aux_bbox=0.0000 | aux_ce=0.0000 | mask=2062 | aux_mask=1764 | pos=149 | targets=149 | preds=145 | centerness=[-16.515, 1.413] | train_seen=2200
2026-06-04 17:46:22 | INFO | Epoch 40 | batch 1150/1829 | loss=0.6880 | giou=0.3128 | bbox=0.0473 | ce=0.0076 | aux_giou=0.0000 | aux_bbox=0.0000 | aux_ce=0.0000 | mask=1441 | aux_mask=1399 | pos=37 | targets=37 | preds=39 | centerness=[-13.727, 1.423] | train_seen=2300
2026-06-04 17:48:08 | INFO | Epoch 40 | batch 1200/1829 | loss=0.7890 | giou=0.3706 | bbox=0.0256 | ce=0.0111 | aux_giou=0.0000 | aux_bbox=0.0000 | aux_ce=0.0000 | mask=3200 | aux_mask=2414 | pos=56 | targets=56 | preds=148 | centerness=[-6.275, 0.860] | train_seen=2400
2026-06-04 17:49:54 | INFO | Epoch 40 | batch 1250/1829 | loss=0.9957 | giou=0.4146 | bbox=0.0367 | ce=0.0112 | aux_giou=0.0503 | aux_bbox=0.0026 | aux_ce=0.0021 | mask=2091 | aux_mask=2231 | pos=112 | targets=112 | preds=98 | centerness=[-12.610, 1.293] | train_seen=2500
2026-06-04 17:51:40 | INFO | Epoch 40 | batch 1300/1829 | loss=0.5464 | giou=0.2523 | bbox=0.0296 | ce=0.0061 | aux_giou=0.0000 | aux_bbox=0.0000 | aux_ce=0.0000 | mask=1540 | aux_mask=1812 | pos=25 | targets=25 | preds=37 | centerness=[-10.860, 1.166] | train_seen=2600
2026-06-04 17:53:26 | INFO | Epoch 40 | batch 1350/1829 | loss=0.9407 | giou=0.4009 | bbox=0.0263 | ce=0.0172 | aux_giou=0.0358 | aux_bbox=0.0017 | aux_ce=0.0025 | mask=1943 | aux_mask=1423 | pos=163 | targets=163 | preds=200 | centerness=[-7.578, 2.057] | train_seen=2700
2026-06-04 17:55:12 | INFO | Epoch 40 | batch 1400/1829 | loss=0.7378 | giou=0.3287 | bbox=0.0444 | ce=0.0180 | aux_giou=0.0000 | aux_bbox=0.0000 | aux_ce=0.0000 | mask=2440 | aux_mask=2060 | pos=229 | targets=229 | preds=176 | centerness=[-16.198, 1.858] | train_seen=2800
2026-06-04 17:56:59 | INFO | Epoch 40 | batch 1450/1829 | loss=0.8145 | giou=0.3691 | bbox=0.0464 | ce=0.0149 | aux_giou=0.0000 | aux_bbox=0.0000 | aux_ce=0.0000 | mask=1788 | aux_mask=1699 | pos=46 | targets=46 | preds=118 | centerness=[-14.873, 0.609] | train_seen=2900
2026-06-04 17:58:45 | INFO | Epoch 40 | batch 1500/1829 | loss=0.5778 | giou=0.2260 | bbox=0.0127 | ce=0.0263 | aux_giou=0.0274 | aux_bbox=0.0010 | aux_ce=0.0023 | mask=2493 | aux_mask=2133 | pos=93 | targets=93 | preds=346 | centerness=[-8.043, 2.554] | train_seen=3000
2026-06-04 18:00:31 | INFO | Epoch 40 | batch 1550/1829 | loss=0.5942 | giou=0.2779 | bbox=0.0239 | ce=0.0072 | aux_giou=0.0000 | aux_bbox=0.0000 | aux_ce=0.0000 | mask=2185 | aux_mask=2012 | pos=190 | targets=190 | preds=173 | centerness=[-10.231, 3.054] | train_seen=3100
2026-06-04 18:02:18 | INFO | Epoch 40 | batch 1600/1829 | loss=0.7369 | giou=0.3484 | bbox=0.0218 | ce=0.0091 | aux_giou=0.0000 | aux_bbox=0.0000 | aux_ce=0.0000 | mask=2427 | aux_mask=1855 | pos=209 | targets=209 | preds=217 | centerness=[-11.216, 2.162] | train_seen=3200
2026-06-04 18:04:04 | INFO | Epoch 40 | batch 1650/1829 | loss=0.6508 | giou=0.2873 | bbox=0.0374 | ce=0.0194 | aux_giou=0.0000 | aux_bbox=0.0000 | aux_ce=0.0000 | mask=2374 | aux_mask=2209 | pos=172 | targets=172 | preds=93 | centerness=[-16.105, 0.834] | train_seen=3300
2026-06-04 18:05:50 | INFO | Epoch 40 | batch 1700/1829 | loss=0.6735 | giou=0.3032 | bbox=0.0343 | ce=0.0164 | aux_giou=0.0000 | aux_bbox=0.0000 | aux_ce=0.0000 | mask=2057 | aux_mask=1964 | pos=138 | targets=138 | preds=118 | centerness=[-11.433, 2.649] | train_seen=3400
2026-06-04 18:07:37 | INFO | Epoch 40 | batch 1750/1829 | loss=0.8968 | giou=0.3681 | bbox=0.0245 | ce=0.0275 | aux_giou=0.0345 | aux_bbox=0.0025 | aux_ce=0.0049 | mask=2154 | aux_mask=1809 | pos=402 | targets=402 | preds=257 | centerness=[-12.331, 1.380] | train_seen=3500
2026-06-04 18:09:23 | INFO | Epoch 40 | batch 1800/1829 | loss=0.7679 | giou=0.3639 | bbox=0.0190 | ce=0.0105 | aux_giou=0.0000 | aux_bbox=0.0000 | aux_ce=0.0000 | mask=2673 | aux_mask=2299 | pos=136 | targets=136 | preds=121 | centerness=[-9.677, 1.707] | train_seen=3600
2026-06-04 18:30:09 | INFO | Epoch 40 | train_loss=0.663 | val_loss=0.866 | train_mae=22.625 | val_mae=21.704 | val_rmse=49.93 | test_mae=21.897 | test_rmse=101.86 | time=5067.622s | best_rmse
2026-06-04 18:31:55 | INFO | Epoch 41 | batch 50/1829 | loss=0.9279 | giou=0.3958 | bbox=0.0229 | ce=0.0166 | aux_giou=0.0362 | aux_bbox=0.0014 | aux_ce=0.0033 | mask=3226 | aux_mask=2551 | pos=448 | targets=448 | preds=500 | centerness=[-10.669, 1.574] | train_seen=100
2026-06-04 18:33:43 | INFO | Epoch 41 | batch 100/1829 | loss=0.4724 | giou=0.2140 | bbox=0.0345 | ce=0.0049 | aux_giou=0.0000 | aux_bbox=0.0000 | aux_ce=0.0000 | mask=1739 | aux_mask=1836 | pos=40 | targets=40 | preds=35 | centerness=[-12.749, 1.500] | train_seen=200
2026-06-04 18:35:30 | INFO | Epoch 41 | batch 150/1829 | loss=0.9247 | giou=0.4135 | bbox=0.0217 | ce=0.0111 | aux_giou=0.0260 | aux_bbox=0.0012 | aux_ce=0.0002 | mask=1551 | aux_mask=1897 | pos=79 | targets=79 | preds=65 | centerness=[-11.556, 1.703] | train_seen=300
2026-06-04 18:37:18 | INFO | Epoch 41 | batch 200/1829 | loss=0.5445 | giou=0.2420 | bbox=0.0419 | ce=0.0093 | aux_giou=0.0000 | aux_bbox=0.0000 | aux_ce=0.0000 | mask=1861 | aux_mask=1643 | pos=58 | targets=58 | preds=74 | centerness=[-14.011, 0.753] | train_seen=400
2026-06-04 18:39:06 | INFO | Epoch 41 | batch 250/1829 | loss=0.5697 | giou=0.2621 | bbox=0.0265 | ce=0.0095 | aux_giou=0.0000 | aux_bbox=0.0000 | aux_ce=0.0000 | mask=1930 | aux_mask=1903 | pos=105 | targets=105 | preds=94 | centerness=[-14.898, 1.086] | train_seen=500
2026-06-04 18:40:54 | INFO | Epoch 41 | batch 300/1829 | loss=0.7056 | giou=0.3000 | bbox=0.0182 | ce=0.0169 | aux_giou=0.0251 | aux_bbox=0.0016 | aux_ce=0.0009 | mask=1652 | aux_mask=1778 | pos=162 | targets=162 | preds=134 | centerness=[-8.920, 1.252] | train_seen=600
2026-06-04 18:42:40 | INFO | Epoch 41 | batch 350/1829 | loss=0.7878 | giou=0.3320 | bbox=0.0209 | ce=0.0120 | aux_giou=0.0377 | aux_bbox=0.0014 | aux_ce=0.0010 | mask=2057 | aux_mask=1922 | pos=96 | targets=96 | preds=97 | centerness=[-12.812, 1.898] | train_seen=700
2026-06-04 18:44:27 | INFO | Epoch 41 | batch 400/1829 | loss=0.4560 | giou=0.2146 | bbox=0.0175 | ce=0.0047 | aux_giou=0.0000 | aux_bbox=0.0000 | aux_ce=0.0000 | mask=2192 | aux_mask=1928 | pos=42 | targets=42 | preds=50 | centerness=[-11.177, 1.783] | train_seen=800
2026-06-04 18:46:13 | INFO | Epoch 41 | batch 450/1829 | loss=0.6654 | giou=0.3079 | bbox=0.0229 | ce=0.0133 | aux_giou=0.0000 | aux_bbox=0.0000 | aux_ce=0.0000 | mask=1878 | aux_mask=1598 | pos=92 | targets=92 | preds=137 | centerness=[-15.799, 1.311] | train_seen=900
2026-06-04 18:47:59 | INFO | Epoch 41 | batch 500/1829 | loss=0.4882 | giou=0.2239 | bbox=0.0269 | ce=0.0068 | aux_giou=0.0000 | aux_bbox=0.0000 | aux_ce=0.0000 | mask=1491 | aux_mask=1478 | pos=25 | targets=25 | preds=46 | centerness=[-10.748, 1.266] | train_seen=1000
2026-06-04 18:49:45 | INFO | Epoch 41 | batch 550/1829 | loss=0.4527 | giou=0.1985 | bbox=0.0399 | ce=0.0079 | aux_giou=0.0000 | aux_bbox=0.0000 | aux_ce=0.0000 | mask=2426 | aux_mask=2538 | pos=37 | targets=37 | preds=39 | centerness=[-18.347, 0.442] | train_seen=1100
2026-06-04 18:51:32 | INFO | Epoch 41 | batch 600/1829 | loss=0.6041 | giou=0.2695 | bbox=0.0405 | ce=0.0123 | aux_giou=0.0000 | aux_bbox=0.0000 | aux_ce=0.0000 | mask=1906 | aux_mask=2380 | pos=87 | targets=87 | preds=62 | centerness=[-11.849, 0.718] | train_seen=1200
2026-06-04 18:53:18 | INFO | Epoch 41 | batch 650/1829 | loss=0.3385 | giou=0.1494 | bbox=0.0247 | ce=0.0075 | aux_giou=0.0000 | aux_bbox=0.0000 | aux_ce=0.0000 | mask=1600 | aux_mask=1642 | pos=53 | targets=53 | preds=47 | centerness=[-15.258, 1.939] | train_seen=1300
2026-06-04 18:55:05 | INFO | Epoch 41 | batch 700/1829 | loss=0.3510 | giou=0.1602 | bbox=0.0183 | ce=0.0062 | aux_giou=0.0000 | aux_bbox=0.0000 | aux_ce=0.0000 | mask=2066 | aux_mask=2067 | pos=48 | targets=48 | preds=56 | centerness=[-13.403, 1.026] | train_seen=1400
2026-06-04 18:56:51 | INFO | Epoch 41 | batch 750/1829 | loss=0.5650 | giou=0.2436 | bbox=0.0312 | ce=0.0233 | aux_giou=0.0000 | aux_bbox=0.0000 | aux_ce=0.0000 | mask=1965 | aux_mask=1935 | pos=97 | targets=97 | preds=58 | centerness=[-13.368, 0.418] | train_seen=1500
2026-06-04 18:58:38 | INFO | Epoch 41 | batch 800/1829 | loss=0.5294 | giou=0.2304 | bbox=0.0346 | ce=0.0170 | aux_giou=0.0000 | aux_bbox=0.0000 | aux_ce=0.0000 | mask=1584 | aux_mask=1359 | pos=86 | targets=86 | preds=90 | centerness=[-13.501, 1.406] | train_seen=1600
2026-06-04 19:00:24 | INFO | Epoch 41 | batch 850/1829 | loss=0.5678 | giou=0.2602 | bbox=0.0308 | ce=0.0083 | aux_giou=0.0000 | aux_bbox=0.0000 | aux_ce=0.0000 | mask=2692 | aux_mask=2575 | pos=74 | targets=74 | preds=60 | centerness=[-13.558, 1.143] | train_seen=1700
2026-06-04 19:02:10 | INFO | Epoch 41 | batch 900/1829 | loss=0.5434 | giou=0.2569 | bbox=0.0155 | ce=0.0070 | aux_giou=0.0000 | aux_bbox=0.0000 | aux_ce=0.0000 | mask=2558 | aux_mask=2081 | pos=132 | targets=132 | preds=128 | centerness=[-10.323, 1.748] | train_seen=1800
2026-06-04 19:03:56 | INFO | Epoch 41 | batch 950/1829 | loss=0.5042 | giou=0.2373 | bbox=0.0219 | ce=0.0038 | aux_giou=0.0000 | aux_bbox=0.0000 | aux_ce=0.0000 | mask=2446 | aux_mask=2030 | pos=46 | targets=46 | preds=41 | centerness=[-13.975, 2.053] | train_seen=1900
2026-06-04 19:05:42 | INFO | Epoch 41 | batch 1000/1829 | loss=0.7765 | giou=0.3365 | bbox=0.0493 | ce=0.0271 | aux_giou=0.0000 | aux_bbox=0.0000 | aux_ce=0.0000 | mask=1503 | aux_mask=1751 | pos=122 | targets=122 | preds=90 | centerness=[-10.493, 1.790] | train_seen=2000
2026-06-04 19:07:29 | INFO | Epoch 41 | batch 1050/1829 | loss=0.8602 | giou=0.3884 | bbox=0.0384 | ce=0.0225 | aux_giou=0.0000 | aux_bbox=0.0000 | aux_ce=0.0000 | mask=1988 | aux_mask=1707 | pos=156 | targets=156 | preds=172 | centerness=[-15.478, 0.606] | train_seen=2100
2026-06-04 19:09:15 | INFO | Epoch 41 | batch 1100/1829 | loss=0.9239 | giou=0.3789 | bbox=0.0380 | ce=0.0190 | aux_giou=0.0412 | aux_bbox=0.0016 | aux_ce=0.0031 | mask=2709 | aux_mask=2426 | pos=178 | targets=178 | preds=349 | centerness=[-13.369, 0.511] | train_seen=2200
2026-06-04 19:11:01 | INFO | Epoch 41 | batch 1150/1829 | loss=0.7933 | giou=0.3391 | bbox=0.0311 | ce=0.0062 | aux_giou=0.0342 | aux_bbox=0.0013 | aux_ce=0.0009 | mask=1712 | aux_mask=1883 | pos=68 | targets=68 | preds=69 | centerness=[-14.115, 1.953] | train_seen=2300
2026-06-04 19:12:47 | INFO | Epoch 41 | batch 1200/1829 | loss=0.6326 | giou=0.2870 | bbox=0.0151 | ce=0.0217 | aux_giou=0.0000 | aux_bbox=0.0000 | aux_ce=0.0000 | mask=2037 | aux_mask=1776 | pos=287 | targets=287 | preds=255 | centerness=[-11.299, 1.640] | train_seen=2400
2026-06-04 19:14:34 | INFO | Epoch 41 | batch 1250/1829 | loss=0.9580 | giou=0.4341 | bbox=0.0460 | ce=0.0219 | aux_giou=0.0000 | aux_bbox=0.0000 | aux_ce=0.0000 | mask=2530 | aux_mask=2182 | pos=225 | targets=225 | preds=222 | centerness=[-10.988, 0.936] | train_seen=2500
2026-06-04 19:16:20 | INFO | Epoch 41 | batch 1300/1829 | loss=0.8401 | giou=0.3163 | bbox=0.0205 | ce=0.0421 | aux_giou=0.0433 | aux_bbox=0.0019 | aux_ce=0.0070 | mask=2973 | aux_mask=2465 | pos=891 | targets=891 | preds=611 | centerness=[-14.407, 1.471] | train_seen=2600
2026-06-04 19:18:06 | INFO | Epoch 41 | batch 1350/1829 | loss=0.8045 | giou=0.3564 | bbox=0.0733 | ce=0.0091 | aux_giou=0.0000 | aux_bbox=0.0000 | aux_ce=0.0000 | mask=1198 | aux_mask=1385 | pos=31 | targets=31 | preds=65 | centerness=[-12.418, 1.305] | train_seen=2700
2026-06-04 19:19:52 | INFO | Epoch 41 | batch 1400/1829 | loss=0.5995 | giou=0.2711 | bbox=0.0266 | ce=0.0153 | aux_giou=0.0000 | aux_bbox=0.0000 | aux_ce=0.0000 | mask=1610 | aux_mask=1488 | pos=87 | targets=87 | preds=112 | centerness=[-13.852, 1.072] | train_seen=2800
2026-06-04 19:21:38 | INFO | Epoch 41 | batch 1450/1829 | loss=0.5778 | giou=0.2603 | bbox=0.0417 | ce=0.0078 | aux_giou=0.0000 | aux_bbox=0.0000 | aux_ce=0.0000 | mask=1835 | aux_mask=1909 | pos=49 | targets=49 | preds=51 | centerness=[-17.429, 0.890] | train_seen=2900
2026-06-04 19:23:25 | INFO | Epoch 41 | batch 1500/1829 | loss=0.2761 | giou=0.1280 | bbox=0.0150 | ce=0.0026 | aux_giou=0.0000 | aux_bbox=0.0000 | aux_ce=0.0000 | mask=1946 | aux_mask=2157 | pos=26 | targets=26 | preds=31 | centerness=[-13.666, 0.596] | train_seen=3000
2026-06-04 19:25:11 | INFO | Epoch 41 | batch 1550/1829 | loss=0.4789 | giou=0.2217 | bbox=0.0271 | ce=0.0043 | aux_giou=0.0000 | aux_bbox=0.0000 | aux_ce=0.0000 | mask=1914 | aux_mask=1867 | pos=30 | targets=30 | preds=23 | centerness=[-12.627, 0.785] | train_seen=3100
2026-06-04 19:26:57 | INFO | Epoch 41 | batch 1600/1829 | loss=0.3109 | giou=0.1387 | bbox=0.0243 | ce=0.0046 | aux_giou=0.0000 | aux_bbox=0.0000 | aux_ce=0.0000 | mask=2183 | aux_mask=2108 | pos=41 | targets=41 | preds=45 | centerness=[-14.650, 1.751] | train_seen=3200
2026-06-04 19:28:43 | INFO | Epoch 41 | batch 1650/1829 | loss=0.6644 | giou=0.2703 | bbox=0.0247 | ce=0.0232 | aux_giou=0.0222 | aux_bbox=0.0024 | aux_ce=0.0029 | mask=2355 | aux_mask=2086 | pos=183 | targets=183 | preds=235 | centerness=[-12.408, 2.100] | train_seen=3300
2026-06-04 19:30:29 | INFO | Epoch 41 | batch 1700/1829 | loss=0.7110 | giou=0.3117 | bbox=0.0129 | ce=0.0050 | aux_giou=0.0310 | aux_bbox=0.0020 | aux_ce=0.0003 | mask=1476 | aux_mask=1789 | pos=58 | targets=58 | preds=44 | centerness=[-13.797, 2.447] | train_seen=3400
2026-06-04 19:32:15 | INFO | Epoch 41 | batch 1750/1829 | loss=0.6739 | giou=0.2994 | bbox=0.0449 | ce=0.0150 | aux_giou=0.0000 | aux_bbox=0.0000 | aux_ce=0.0000 | mask=1959 | aux_mask=1928 | pos=65 | targets=65 | preds=71 | centerness=[-13.137, 1.205] | train_seen=3500
2026-06-04 19:34:02 | INFO | Epoch 41 | batch 1800/1829 | loss=0.5353 | giou=0.2551 | bbox=0.0169 | ce=0.0041 | aux_giou=0.0000 | aux_bbox=0.0000 | aux_ce=0.0000 | mask=1648 | aux_mask=1729 | pos=33 | targets=33 | preds=39 | centerness=[-13.452, 1.534] | train_seen=3600
2026-06-04 19:54:37 | INFO | Epoch 41 | train_loss=0.642 | val_loss=0.854 | train_mae=22.402 | val_mae=21.792 | val_rmse=55.30 | test_mae=19.109 | test_rmse=98.05 | time=5065.888s
2026-06-04 19:56:23 | INFO | Epoch 42 | batch 50/1829 | loss=0.7573 | giou=0.3275 | bbox=0.0315 | ce=0.0354 | aux_giou=0.0000 | aux_bbox=0.0000 | aux_ce=0.0000 | mask=3094 | aux_mask=2628 | pos=440 | targets=440 | preds=310 | centerness=[-10.209, 1.891] | train_seen=100
2026-06-04 19:58:10 | INFO | Epoch 42 | batch 100/1829 | loss=0.6779 | giou=0.3034 | bbox=0.0297 | ce=0.0207 | aux_giou=0.0000 | aux_bbox=0.0000 | aux_ce=0.0000 | mask=2443 | aux_mask=2085 | pos=196 | targets=196 | preds=173 | centerness=[-7.825, 2.114] | train_seen=200
2026-06-04 19:59:56 | INFO | Epoch 42 | batch 150/1829 | loss=0.6594 | giou=0.3028 | bbox=0.0343 | ce=0.0097 | aux_giou=0.0000 | aux_bbox=0.0000 | aux_ce=0.0000 | mask=2192 | aux_mask=2056 | pos=129 | targets=129 | preds=99 | centerness=[-16.622, 1.746] | train_seen=300
2026-06-04 20:01:42 | INFO | Epoch 42 | batch 200/1829 | loss=0.5767 | giou=0.2575 | bbox=0.0549 | ce=0.0034 | aux_giou=0.0000 | aux_bbox=0.0000 | aux_ce=0.0000 | mask=2409 | aux_mask=2240 | pos=51 | targets=51 | preds=62 | centerness=[-16.331, 2.042] | train_seen=400
2026-06-04 20:03:29 | INFO | Epoch 42 | batch 250/1829 | loss=0.4746 | giou=0.2170 | bbox=0.0250 | ce=0.0078 | aux_giou=0.0000 | aux_bbox=0.0000 | aux_ce=0.0000 | mask=1775 | aux_mask=1516 | pos=51 | targets=51 | preds=72 | centerness=[-17.234, 1.371] | train_seen=500
2026-06-04 20:05:15 | INFO | Epoch 42 | batch 300/1829 | loss=0.5990 | giou=0.2715 | bbox=0.0340 | ce=0.0110 | aux_giou=0.0000 | aux_bbox=0.0000 | aux_ce=0.0000 | mask=1832 | aux_mask=1574 | pos=38 | targets=38 | preds=52 | centerness=[-15.398, 2.004] | train_seen=600
2026-06-04 20:07:01 | INFO | Epoch 42 | batch 350/1829 | loss=0.2725 | giou=0.1255 | bbox=0.0165 | ce=0.0025 | aux_giou=0.0000 | aux_bbox=0.0000 | aux_ce=0.0000 | mask=1991 | aux_mask=1868 | pos=67 | targets=67 | preds=67 | centerness=[-10.052, 1.847] | train_seen=700
2026-06-04 20:08:47 | INFO | Epoch 42 | batch 400/1829 | loss=0.6031 | giou=0.2760 | bbox=0.0363 | ce=0.0074 | aux_giou=0.0000 | aux_bbox=0.0000 | aux_ce=0.0000 | mask=2125 | aux_mask=1997 | pos=47 | targets=47 | preds=51 | centerness=[-11.979, 1.560] | train_seen=800
2026-06-04 20:10:34 | INFO | Epoch 42 | batch 450/1829 | loss=0.4561 | giou=0.2120 | bbox=0.0182 | ce=0.0069 | aux_giou=0.0000 | aux_bbox=0.0000 | aux_ce=0.0000 | mask=2894 | aux_mask=1879 | pos=315 | targets=315 | preds=329 | centerness=[-9.413, 2.354] | train_seen=900
2026-06-04 20:12:20 | INFO | Epoch 42 | batch 500/1829 | loss=0.5473 | giou=0.2432 | bbox=0.0242 | ce=0.0183 | aux_giou=0.0000 | aux_bbox=0.0000 | aux_ce=0.0000 | mask=2543 | aux_mask=2287 | pos=211 | targets=211 | preds=230 | centerness=[-17.601, 1.272] | train_seen=1000
2026-06-04 20:14:06 | INFO | Epoch 42 | batch 550/1829 | loss=0.7823 | giou=0.3646 | bbox=0.0222 | ce=0.0155 | aux_giou=0.0000 | aux_bbox=0.0000 | aux_ce=0.0000 | mask=2744 | aux_mask=2192 | pos=129 | targets=129 | preds=168 | centerness=[-10.509, 0.842] | train_seen=1100
2026-06-04 20:15:52 | INFO | Epoch 42 | batch 600/1829 | loss=0.5716 | giou=0.2557 | bbox=0.0232 | ce=0.0186 | aux_giou=0.0000 | aux_bbox=0.0000 | aux_ce=0.0000 | mask=2667 | aux_mask=2092 | pos=415 | targets=415 | preds=313 | centerness=[-14.146, 2.239] | train_seen=1200
2026-06-04 20:17:39 | INFO | Epoch 42 | batch 650/1829 | loss=0.5707 | giou=0.2426 | bbox=0.0255 | ce=0.0037 | aux_giou=0.0253 | aux_bbox=0.0011 | aux_ce=0.0005 | mask=1827 | aux_mask=1998 | pos=28 | targets=28 | preds=37 | centerness=[-15.064, 1.503] | train_seen=1300
2026-06-04 20:19:25 | INFO | Epoch 42 | batch 700/1829 | loss=0.7580 | giou=0.3456 | bbox=0.0460 | ce=0.0104 | aux_giou=0.0000 | aux_bbox=0.0000 | aux_ce=0.0000 | mask=2194 | aux_mask=2190 | pos=74 | targets=74 | preds=75 | centerness=[-12.672, 0.962] | train_seen=1400
2026-06-04 20:21:12 | INFO | Epoch 42 | batch 750/1829 | loss=0.8821 | giou=0.4082 | bbox=0.0291 | ce=0.0183 | aux_giou=0.0000 | aux_bbox=0.0000 | aux_ce=0.0000 | mask=1888 | aux_mask=1917 | pos=157 | targets=157 | preds=96 | centerness=[-14.016, 1.733] | train_seen=1500
2026-06-04 20:22:58 | INFO | Epoch 42 | batch 800/1829 | loss=0.6657 | giou=0.3059 | bbox=0.0350 | ce=0.0095 | aux_giou=0.0000 | aux_bbox=0.0000 | aux_ce=0.0000 | mask=2010 | aux_mask=1686 | pos=59 | targets=59 | preds=59 | centerness=[-16.114, 1.503] | train_seen=1600
2026-06-04 20:24:44 | INFO | Epoch 42 | batch 850/1829 | loss=0.5806 | giou=0.2719 | bbox=0.0221 | ce=0.0073 | aux_giou=0.0000 | aux_bbox=0.0000 | aux_ce=0.0000 | mask=2693 | aux_mask=2606 | pos=108 | targets=108 | preds=109 | centerness=[-13.412, 2.787] | train_seen=1700
2026-06-04 20:26:31 | INFO | Epoch 42 | batch 900/1829 | loss=0.5750 | giou=0.2522 | bbox=0.0556 | ce=0.0075 | aux_giou=0.0000 | aux_bbox=0.0000 | aux_ce=0.0000 | mask=1279 | aux_mask=1551 | pos=26 | targets=26 | preds=45 | centerness=[-15.819, 0.135] | train_seen=1800
2026-06-04 20:28:17 | INFO | Epoch 42 | batch 950/1829 | loss=0.6627 | giou=0.2953 | bbox=0.0326 | ce=0.0197 | aux_giou=0.0000 | aux_bbox=0.0000 | aux_ce=0.0000 | mask=1729 | aux_mask=1681 | pos=125 | targets=125 | preds=141 | centerness=[-13.771, 1.370] | train_seen=1900
2026-06-04 20:30:03 | INFO | Epoch 42 | batch 1000/1829 | loss=0.5493 | giou=0.2453 | bbox=0.0345 | ce=0.0121 | aux_giou=0.0000 | aux_bbox=0.0000 | aux_ce=0.0000 | mask=2673 | aux_mask=2449 | pos=89 | targets=89 | preds=118 | centerness=[-14.877, 0.853] | train_seen=2000
2026-06-04 20:31:50 | INFO | Epoch 42 | batch 1050/1829 | loss=0.8372 | giou=0.3361 | bbox=0.0615 | ce=0.0223 | aux_giou=0.0257 | aux_bbox=0.0049 | aux_ce=0.0014 | mask=2195 | aux_mask=2175 | pos=93 | targets=93 | preds=79 | centerness=[-10.998, 0.411] | train_seen=2100
2026-06-04 20:33:36 | INFO | Epoch 42 | batch 1100/1829 | loss=0.4837 | giou=0.2244 | bbox=0.0240 | ce=0.0055 | aux_giou=0.0000 | aux_bbox=0.0000 | aux_ce=0.0000 | mask=1642 | aux_mask=1647 | pos=44 | targets=44 | preds=30 | centerness=[-11.728, 1.738] | train_seen=2200
2026-06-04 20:35:23 | INFO | Epoch 42 | batch 1150/1829 | loss=0.8297 | giou=0.3345 | bbox=0.0240 | ce=0.0269 | aux_giou=0.0356 | aux_bbox=0.0029 | aux_ce=0.0044 | mask=3482 | aux_mask=2374 | pos=546 | targets=546 | preds=569 | centerness=[-12.323, 3.115] | train_seen=2300
2026-06-04 20:37:09 | INFO | Epoch 42 | batch 1200/1829 | loss=0.5890 | giou=0.2691 | bbox=0.0226 | ce=0.0141 | aux_giou=0.0000 | aux_bbox=0.0000 | aux_ce=0.0000 | mask=2614 | aux_mask=2059 | pos=94 | targets=94 | preds=95 | centerness=[-10.703, 1.078] | train_seen=2400
2026-06-04 20:38:55 | INFO | Epoch 42 | batch 1250/1829 | loss=0.3949 | giou=0.1707 | bbox=0.0294 | ce=0.0121 | aux_giou=0.0000 | aux_bbox=0.0000 | aux_ce=0.0000 | mask=1949 | aux_mask=1846 | pos=136 | targets=136 | preds=136 | centerness=[-15.214, 1.361] | train_seen=2500
2026-06-04 20:40:41 | INFO | Epoch 42 | batch 1300/1829 | loss=0.8788 | giou=0.3828 | bbox=0.0169 | ce=0.0113 | aux_giou=0.0351 | aux_bbox=0.0014 | aux_ce=0.0010 | mask=2254 | aux_mask=1870 | pos=134 | targets=134 | preds=203 | centerness=[-8.656, 2.324] | train_seen=2600
2026-06-04 20:42:28 | INFO | Epoch 42 | batch 1350/1829 | loss=0.5115 | giou=0.2364 | bbox=0.0307 | ce=0.0040 | aux_giou=0.0000 | aux_bbox=0.0000 | aux_ce=0.0000 | mask=1442 | aux_mask=1482 | pos=56 | targets=56 | preds=62 | centerness=[-10.079, 1.221] | train_seen=2700
2026-06-04 20:44:14 | INFO | Epoch 42 | batch 1400/1829 | loss=0.5241 | giou=0.2445 | bbox=0.0253 | ce=0.0049 | aux_giou=0.0000 | aux_bbox=0.0000 | aux_ce=0.0000 | mask=1614 | aux_mask=1621 | pos=83 | targets=83 | preds=83 | centerness=[-11.083, 2.573] | train_seen=2800
2026-06-04 20:46:00 | INFO | Epoch 42 | batch 1450/1829 | loss=0.4539 | giou=0.2147 | bbox=0.0195 | ce=0.0025 | aux_giou=0.0000 | aux_bbox=0.0000 | aux_ce=0.0000 | mask=1835 | aux_mask=1769 | pos=47 | targets=47 | preds=53 | centerness=[-14.042, 2.011] | train_seen=2900
2026-06-04 20:47:46 | INFO | Epoch 42 | batch 1500/1829 | loss=0.6100 | giou=0.2661 | bbox=0.0218 | ce=0.0030 | aux_giou=0.0245 | aux_bbox=0.0007 | aux_ce=0.0001 | mask=1799 | aux_mask=2386 | pos=40 | targets=40 | preds=33 | centerness=[-12.924, 2.465] | train_seen=3000
2026-06-04 20:49:33 | INFO | Epoch 42 | batch 1550/1829 | loss=0.5366 | giou=0.2505 | bbox=0.0217 | ce=0.0069 | aux_giou=0.0000 | aux_bbox=0.0000 | aux_ce=0.0000 | mask=2346 | aux_mask=2015 | pos=48 | targets=48 | preds=62 | centerness=[-13.714, 1.923] | train_seen=3100
2026-06-04 20:51:19 | INFO | Epoch 42 | batch 1600/1829 | loss=0.8925 | giou=0.3486 | bbox=0.1020 | ce=0.0095 | aux_giou=0.0325 | aux_bbox=0.0079 | aux_ce=0.0007 | mask=1546 | aux_mask=2053 | pos=41 | targets=41 | preds=53 | centerness=[-11.896, 0.867] | train_seen=3200
2026-06-04 20:53:05 | INFO | Epoch 42 | batch 1650/1829 | loss=0.5547 | giou=0.2525 | bbox=0.0409 | ce=0.0044 | aux_giou=0.0000 | aux_bbox=0.0000 | aux_ce=0.0000 | mask=2729 | aux_mask=3559 | pos=83 | targets=83 | preds=61 | centerness=[-13.318, 2.078] | train_seen=3300
2026-06-04 20:54:51 | INFO | Epoch 42 | batch 1700/1829 | loss=0.6167 | giou=0.2599 | bbox=0.0204 | ce=0.0383 | aux_giou=0.0000 | aux_bbox=0.0000 | aux_ce=0.0000 | mask=1541 | aux_mask=1241 | pos=228 | targets=228 | preds=180 | centerness=[-7.896, 1.648] | train_seen=3400
2026-06-04 20:56:37 | INFO | Epoch 42 | batch 1750/1829 | loss=0.4142 | giou=0.1979 | bbox=0.0127 | ce=0.0028 | aux_giou=0.0000 | aux_bbox=0.0000 | aux_ce=0.0000 | mask=2038 | aux_mask=1714 | pos=94 | targets=94 | preds=101 | centerness=[-11.969, 3.012] | train_seen=3500
2026-06-04 20:58:24 | INFO | Epoch 42 | batch 1800/1829 | loss=0.4489 | giou=0.2076 | bbox=0.0232 | ce=0.0052 | aux_giou=0.0000 | aux_bbox=0.0000 | aux_ce=0.0000 | mask=2585 | aux_mask=2116 | pos=92 | targets=92 | preds=84 | centerness=[-8.155, 1.575] | train_seen=3600
2026-06-04 21:19:04 | INFO | Epoch 42 | train_loss=0.635 | val_loss=0.852 | train_mae=21.210 | val_mae=21.125 | val_rmse=54.49 | test_mae=19.414 | test_rmse=105.95 | time=5065.869s
2026-06-04 21:20:51 | INFO | Epoch 43 | batch 50/1829 | loss=0.6652 | giou=0.2752 | bbox=0.0207 | ce=0.0188 | aux_giou=0.0235 | aux_bbox=0.0021 | aux_ce=0.0037 | mask=2633 | aux_mask=2582 | pos=362 | targets=362 | preds=320 | centerness=[-9.792, 1.295] | train_seen=100
2026-06-04 21:22:38 | INFO | Epoch 43 | batch 100/1829 | loss=0.5877 | giou=0.2600 | bbox=0.0453 | ce=0.0112 | aux_giou=0.0000 | aux_bbox=0.0000 | aux_ce=0.0000 | mask=1536 | aux_mask=1553 | pos=45 | targets=45 | preds=31 | centerness=[-17.143, 0.971] | train_seen=200
2026-06-04 21:24:24 | INFO | Epoch 43 | batch 150/1829 | loss=0.5037 | giou=0.2189 | bbox=0.0382 | ce=0.0138 | aux_giou=0.0000 | aux_bbox=0.0000 | aux_ce=0.0000 | mask=2194 | aux_mask=2234 | pos=364 | targets=364 | preds=351 | centerness=[-15.624, 1.413] | train_seen=300
2026-06-04 21:26:10 | INFO | Epoch 43 | batch 200/1829 | loss=1.0961 | giou=0.4733 | bbox=0.0498 | ce=0.0061 | aux_giou=0.0406 | aux_bbox=0.0048 | aux_ce=0.0007 | mask=1300 | aux_mask=1610 | pos=104 | targets=104 | preds=88 | centerness=[-9.708, 2.405] | train_seen=400
2026-06-04 21:27:58 | INFO | Epoch 43 | batch 250/1829 | loss=0.5081 | giou=0.2260 | bbox=0.0320 | ce=0.0120 | aux_giou=0.0000 | aux_bbox=0.0000 | aux_ce=0.0000 | mask=1800 | aux_mask=1758 | pos=43 | targets=43 | preds=44 | centerness=[-13.515, 0.726] | train_seen=500
2026-06-04 21:29:49 | INFO | Epoch 43 | batch 300/1829 | loss=0.4244 | giou=0.1866 | bbox=0.0318 | ce=0.0097 | aux_giou=0.0000 | aux_bbox=0.0000 | aux_ce=0.0000 | mask=1849 | aux_mask=1714 | pos=43 | targets=43 | preds=35 | centerness=[-13.797, 1.566] | train_seen=600
2026-06-04 21:31:36 | INFO | Epoch 43 | batch 350/1829 | loss=0.3171 | giou=0.1434 | bbox=0.0230 | ce=0.0036 | aux_giou=0.0000 | aux_bbox=0.0000 | aux_ce=0.0000 | mask=1901 | aux_mask=1894 | pos=37 | targets=37 | preds=37 | centerness=[-13.378, 1.934] | train_seen=700
2026-06-04 21:33:22 | INFO | Epoch 43 | batch 400/1829 | loss=0.8692 | giou=0.3529 | bbox=0.0285 | ce=0.0351 | aux_giou=0.0271 | aux_bbox=0.0019 | aux_ce=0.0042 | mask=2612 | aux_mask=2162 | pos=501 | targets=501 | preds=433 | centerness=[-13.088, 1.819] | train_seen=800
2026-06-04 21:35:08 | INFO | Epoch 43 | batch 450/1829 | loss=0.6317 | giou=0.2786 | bbox=0.0541 | ce=0.0102 | aux_giou=0.0000 | aux_bbox=0.0000 | aux_ce=0.0000 | mask=1682 | aux_mask=1543 | pos=76 | targets=76 | preds=54 | centerness=[-17.041, 2.206] | train_seen=900
2026-06-04 21:36:55 | INFO | Epoch 43 | batch 500/1829 | loss=0.4854 | giou=0.2187 | bbox=0.0344 | ce=0.0067 | aux_giou=0.0000 | aux_bbox=0.0000 | aux_ce=0.0000 | mask=2409 | aux_mask=2320 | pos=80 | targets=80 | preds=62 | centerness=[-11.451, 2.837] | train_seen=1000
2026-06-04 21:38:41 | INFO | Epoch 43 | batch 550/1829 | loss=0.3060 | giou=0.1336 | bbox=0.0312 | ce=0.0038 | aux_giou=0.0000 | aux_bbox=0.0000 | aux_ce=0.0000 | mask=1705 | aux_mask=1803 | pos=31 | targets=31 | preds=28 | centerness=[-16.410, 1.527] | train_seen=1100
2026-06-04 21:40:27 | INFO | Epoch 43 | batch 600/1829 | loss=0.9458 | giou=0.4363 | bbox=0.0347 | ce=0.0193 | aux_giou=0.0000 | aux_bbox=0.0000 | aux_ce=0.0000 | mask=2503 | aux_mask=1865 | pos=97 | targets=97 | preds=163 | centerness=[-9.957, 1.057] | train_seen=1200
2026-06-04 21:42:13 | INFO | Epoch 43 | batch 650/1829 | loss=0.4747 | giou=0.2114 | bbox=0.0340 | ce=0.0089 | aux_giou=0.0000 | aux_bbox=0.0000 | aux_ce=0.0000 | mask=2571 | aux_mask=2710 | pos=61 | targets=61 | preds=58 | centerness=[-10.011, 0.806] | train_seen=1300
2026-06-04 21:43:59 | INFO | Epoch 43 | batch 700/1829 | loss=0.5305 | giou=0.2440 | bbox=0.0347 | ce=0.0039 | aux_giou=0.0000 | aux_bbox=0.0000 | aux_ce=0.0000 | mask=2104 | aux_mask=1919 | pos=27 | targets=27 | preds=34 | centerness=[-13.294, 0.888] | train_seen=1400
2026-06-04 21:45:45 | INFO | Epoch 43 | batch 750/1829 | loss=0.5404 | giou=0.2482 | bbox=0.0272 | ce=0.0084 | aux_giou=0.0000 | aux_bbox=0.0000 | aux_ce=0.0000 | mask=1542 | aux_mask=1651 | pos=74 | targets=74 | preds=82 | centerness=[-14.940, 1.788] | train_seen=1500
2026-06-04 21:47:32 | INFO | Epoch 43 | batch 800/1829 | loss=0.5772 | giou=0.2614 | bbox=0.0257 | ce=0.0143 | aux_giou=0.0000 | aux_bbox=0.0000 | aux_ce=0.0000 | mask=2070 | aux_mask=1926 | pos=123 | targets=123 | preds=116 | centerness=[-10.370, 2.063] | train_seen=1600
2026-06-04 21:49:18 | INFO | Epoch 43 | batch 850/1829 | loss=0.5401 | giou=0.2403 | bbox=0.0297 | ce=0.0149 | aux_giou=0.0000 | aux_bbox=0.0000 | aux_ce=0.0000 | mask=1851 | aux_mask=1343 | pos=139 | targets=139 | preds=97 | centerness=[-17.758, 1.834] | train_seen=1700
2026-06-04 21:51:04 | INFO | Epoch 43 | batch 900/1829 | loss=0.6730 | giou=0.3122 | bbox=0.0250 | ce=0.0118 | aux_giou=0.0000 | aux_bbox=0.0000 | aux_ce=0.0000 | mask=2765 | aux_mask=2804 | pos=101 | targets=101 | preds=132 | centerness=[-10.665, 1.239] | train_seen=1800
2026-06-04 21:52:50 | INFO | Epoch 43 | batch 950/1829 | loss=0.5202 | giou=0.2445 | bbox=0.0216 | ce=0.0048 | aux_giou=0.0000 | aux_bbox=0.0000 | aux_ce=0.0000 | mask=1786 | aux_mask=1846 | pos=43 | targets=43 | preds=34 | centerness=[-11.358, 1.030] | train_seen=1900
2026-06-04 21:54:36 | INFO | Epoch 43 | batch 1000/1829 | loss=0.5664 | giou=0.2501 | bbox=0.0299 | ce=0.0182 | aux_giou=0.0000 | aux_bbox=0.0000 | aux_ce=0.0000 | mask=2411 | aux_mask=2042 | pos=188 | targets=188 | preds=187 | centerness=[-8.155, 1.549] | train_seen=2000
2026-06-04 21:56:22 | INFO | Epoch 43 | batch 1050/1829 | loss=0.7713 | giou=0.3420 | bbox=0.0395 | ce=0.0238 | aux_giou=0.0000 | aux_bbox=0.0000 | aux_ce=0.0000 | mask=2941 | aux_mask=2344 | pos=573 | targets=573 | preds=413 | centerness=[-15.640, 2.250] | train_seen=2100
2026-06-04 21:58:08 | INFO | Epoch 43 | batch 1100/1829 | loss=0.7057 | giou=0.3286 | bbox=0.0379 | ce=0.0053 | aux_giou=0.0000 | aux_bbox=0.0000 | aux_ce=0.0000 | mask=1816 | aux_mask=1539 | pos=44 | targets=44 | preds=49 | centerness=[-12.423, 1.129] | train_seen=2200
2026-06-04 21:59:55 | INFO | Epoch 43 | batch 1150/1829 | loss=0.5284 | giou=0.2442 | bbox=0.0257 | ce=0.0072 | aux_giou=0.0000 | aux_bbox=0.0000 | aux_ce=0.0000 | mask=1857 | aux_mask=1452 | pos=163 | targets=163 | preds=164 | centerness=[-12.736, 2.134] | train_seen=2300
2026-06-04 22:01:41 | INFO | Epoch 43 | batch 1200/1829 | loss=0.4281 | giou=0.1880 | bbox=0.0407 | ce=0.0056 | aux_giou=0.0000 | aux_bbox=0.0000 | aux_ce=0.0000 | mask=1963 | aux_mask=1893 | pos=28 | targets=28 | preds=44 | centerness=[-15.553, 1.511] | train_seen=2400
2026-06-04 22:03:27 | INFO | Epoch 43 | batch 1250/1829 | loss=0.5814 | giou=0.2722 | bbox=0.0227 | ce=0.0072 | aux_giou=0.0000 | aux_bbox=0.0000 | aux_ce=0.0000 | mask=2302 | aux_mask=1902 | pos=70 | targets=70 | preds=66 | centerness=[-13.836, 1.553] | train_seen=2500
2026-06-04 22:05:13 | INFO | Epoch 43 | batch 1300/1829 | loss=0.5542 | giou=0.2440 | bbox=0.0562 | ce=0.0050 | aux_giou=0.0000 | aux_bbox=0.0000 | aux_ce=0.0000 | mask=1970 | aux_mask=2052 | pos=22 | targets=22 | preds=44 | centerness=[-15.486, 0.267] | train_seen=2600
2026-06-04 22:07:00 | INFO | Epoch 43 | batch 1350/1829 | loss=0.4875 | giou=0.2193 | bbox=0.0341 | ce=0.0074 | aux_giou=0.0000 | aux_bbox=0.0000 | aux_ce=0.0000 | mask=1221 | aux_mask=1244 | pos=46 | targets=46 | preds=39 | centerness=[-14.869, 2.176] | train_seen=2700
2026-06-04 22:08:46 | INFO | Epoch 43 | batch 1400/1829 | loss=0.4555 | giou=0.2049 | bbox=0.0328 | ce=0.0064 | aux_giou=0.0000 | aux_bbox=0.0000 | aux_ce=0.0000 | mask=1859 | aux_mask=1752 | pos=54 | targets=54 | preds=62 | centerness=[-16.127, 1.966] | train_seen=2800
2026-06-04 22:10:33 | INFO | Epoch 43 | batch 1450/1829 | loss=0.5517 | giou=0.2419 | bbox=0.0484 | ce=0.0098 | aux_giou=0.0000 | aux_bbox=0.0000 | aux_ce=0.0000 | mask=1646 | aux_mask=1762 | pos=44 | targets=44 | preds=33 | centerness=[-16.386, 1.722] | train_seen=2900
2026-06-04 22:12:19 | INFO | Epoch 43 | batch 1500/1829 | loss=0.4746 | giou=0.2169 | bbox=0.0208 | ce=0.0100 | aux_giou=0.0000 | aux_bbox=0.0000 | aux_ce=0.0000 | mask=2535 | aux_mask=2148 | pos=114 | targets=114 | preds=141 | centerness=[-11.949, 2.202] | train_seen=3000
2026-06-04 22:14:05 | INFO | Epoch 43 | batch 1550/1829 | loss=1.0704 | giou=0.4480 | bbox=0.0666 | ce=0.0539 | aux_giou=0.0000 | aux_bbox=0.0000 | aux_ce=0.0000 | mask=3358 | aux_mask=2856 | pos=1173 | targets=1173 | preds=606 | centerness=[-9.618, 1.707] | train_seen=3100
2026-06-04 22:15:51 | INFO | Epoch 43 | batch 1600/1829 | loss=0.4469 | giou=0.2077 | bbox=0.0218 | ce=0.0049 | aux_giou=0.0000 | aux_bbox=0.0000 | aux_ce=0.0000 | mask=2310 | aux_mask=1961 | pos=121 | targets=121 | preds=114 | centerness=[-12.717, 2.110] | train_seen=3200
2026-06-04 22:17:37 | INFO | Epoch 43 | batch 1650/1829 | loss=0.8384 | giou=0.3682 | bbox=0.0400 | ce=0.0310 | aux_giou=0.0000 | aux_bbox=0.0000 | aux_ce=0.0000 | mask=2842 | aux_mask=2282 | pos=204 | targets=204 | preds=144 | centerness=[-11.459, 1.477] | train_seen=3300
2026-06-04 22:19:23 | INFO | Epoch 43 | batch 1700/1829 | loss=0.5066 | giou=0.2372 | bbox=0.0238 | ce=0.0042 | aux_giou=0.0000 | aux_bbox=0.0000 | aux_ce=0.0000 | mask=2042 | aux_mask=1940 | pos=42 | targets=42 | preds=46 | centerness=[-15.021, 1.427] | train_seen=3400
2026-06-04 22:21:10 | INFO | Epoch 43 | batch 1750/1829 | loss=0.5817 | giou=0.2654 | bbox=0.0443 | ce=0.0033 | aux_giou=0.0000 | aux_bbox=0.0000 | aux_ce=0.0000 | mask=1560 | aux_mask=1714 | pos=23 | targets=23 | preds=21 | centerness=[-11.281, 0.587] | train_seen=3500
2026-06-04 22:22:56 | INFO | Epoch 43 | batch 1800/1829 | loss=0.5001 | giou=0.2240 | bbox=0.0278 | ce=0.0121 | aux_giou=0.0000 | aux_bbox=0.0000 | aux_ce=0.0000 | mask=2299 | aux_mask=2051 | pos=75 | targets=75 | preds=82 | centerness=[-13.234, 1.678] | train_seen=3600
2026-06-04 22:43:31 | INFO | Epoch 43 | train_loss=0.637 | val_loss=0.848 | train_mae=22.297 | val_mae=20.871 | val_rmse=50.47 | test_mae=19.261 | test_rmse=100.25 | time=5064.352s | best_mae
2026-06-04 22:45:18 | INFO | Epoch 44 | batch 50/1829 | loss=0.6452 | giou=0.3104 | bbox=0.0181 | ce=0.0031 | aux_giou=0.0000 | aux_bbox=0.0000 | aux_ce=0.0000 | mask=2446 | aux_mask=2147 | pos=36 | targets=36 | preds=30 | centerness=[-11.828, 1.383] | train_seen=100
2026-06-04 22:47:04 | INFO | Epoch 44 | batch 100/1829 | loss=0.3553 | giou=0.1699 | bbox=0.0103 | ce=0.0026 | aux_giou=0.0000 | aux_bbox=0.0000 | aux_ce=0.0000 | mask=2264 | aux_mask=2057 | pos=32 | targets=32 | preds=34 | centerness=[-13.447, 0.885] | train_seen=200
2026-06-04 22:48:50 | INFO | Epoch 44 | batch 150/1829 | loss=0.6076 | giou=0.2777 | bbox=0.0174 | ce=0.0174 | aux_giou=0.0000 | aux_bbox=0.0000 | aux_ce=0.0000 | mask=2741 | aux_mask=2120 | pos=233 | targets=233 | preds=210 | centerness=[-11.817, 1.149] | train_seen=300
2026-06-04 22:50:36 | INFO | Epoch 44 | batch 200/1829 | loss=0.4925 | giou=0.2307 | bbox=0.0168 | ce=0.0072 | aux_giou=0.0000 | aux_bbox=0.0000 | aux_ce=0.0000 | mask=2227 | aux_mask=1502 | pos=134 | targets=134 | preds=132 | centerness=[-8.263, 2.331] | train_seen=400
2026-06-04 22:52:22 | INFO | Epoch 44 | batch 250/1829 | loss=0.4556 | giou=0.2052 | bbox=0.0296 | ce=0.0078 | aux_giou=0.0000 | aux_bbox=0.0000 | aux_ce=0.0000 | mask=2127 | aux_mask=2037 | pos=52 | targets=52 | preds=56 | centerness=[-13.732, 1.411] | train_seen=500
2026-06-04 22:54:09 | INFO | Epoch 44 | batch 300/1829 | loss=0.5986 | giou=0.2712 | bbox=0.0396 | ce=0.0083 | aux_giou=0.0000 | aux_bbox=0.0000 | aux_ce=0.0000 | mask=2038 | aux_mask=2068 | pos=50 | targets=50 | preds=62 | centerness=[-13.773, 0.973] | train_seen=600
2026-06-04 22:55:55 | INFO | Epoch 44 | batch 350/1829 | loss=0.4539 | giou=0.2104 | bbox=0.0180 | ce=0.0076 | aux_giou=0.0000 | aux_bbox=0.0000 | aux_ce=0.0000 | mask=2078 | aux_mask=1915 | pos=127 | targets=127 | preds=118 | centerness=[-13.254, 2.259] | train_seen=700
2026-06-04 22:57:41 | INFO | Epoch 44 | batch 400/1829 | loss=0.7719 | giou=0.3477 | bbox=0.0317 | ce=0.0225 | aux_giou=0.0000 | aux_bbox=0.0000 | aux_ce=0.0000 | mask=2415 | aux_mask=2142 | pos=151 | targets=151 | preds=173 | centerness=[-12.497, 1.778] | train_seen=800
2026-06-04 22:59:27 | INFO | Epoch 44 | batch 450/1829 | loss=1.1130 | giou=0.4612 | bbox=0.0376 | ce=0.0357 | aux_giou=0.0355 | aux_bbox=0.0013 | aux_ce=0.0046 | mask=3235 | aux_mask=2265 | pos=529 | targets=529 | preds=579 | centerness=[-10.662, 2.159] | train_seen=900
2026-06-04 23:01:13 | INFO | Epoch 44 | batch 500/1829 | loss=0.7945 | giou=0.3686 | bbox=0.0374 | ce=0.0100 | aux_giou=0.0000 | aux_bbox=0.0000 | aux_ce=0.0000 | mask=2574 | aux_mask=1983 | pos=70 | targets=70 | preds=89 | centerness=[-11.750, 1.724] | train_seen=1000
2026-06-04 23:02:59 | INFO | Epoch 44 | batch 550/1829 | loss=1.2223 | giou=0.5045 | bbox=0.0256 | ce=0.0339 | aux_giou=0.0543 | aux_bbox=0.0037 | aux_ce=0.0038 | mask=4187 | aux_mask=3004 | pos=316 | targets=316 | preds=852 | centerness=[-7.238, 1.109] | train_seen=1100
2026-06-04 23:04:46 | INFO | Epoch 44 | batch 600/1829 | loss=0.7193 | giou=0.3310 | bbox=0.0401 | ce=0.0086 | aux_giou=0.0000 | aux_bbox=0.0000 | aux_ce=0.0000 | mask=2392 | aux_mask=2292 | pos=88 | targets=88 | preds=87 | centerness=[-14.762, 1.157] | train_seen=1200
2026-06-04 23:06:32 | INFO | Epoch 44 | batch 650/1829 | loss=0.4897 | giou=0.2239 | bbox=0.0331 | ce=0.0044 | aux_giou=0.0000 | aux_bbox=0.0000 | aux_ce=0.0000 | mask=1723 | aux_mask=2119 | pos=30 | targets=30 | preds=22 | centerness=[-17.959, 1.965] | train_seen=1300
2026-06-04 23:08:18 | INFO | Epoch 44 | batch 700/1829 | loss=0.6598 | giou=0.2972 | bbox=0.0291 | ce=0.0181 | aux_giou=0.0000 | aux_bbox=0.0000 | aux_ce=0.0000 | mask=2134 | aux_mask=1696 | pos=156 | targets=156 | preds=154 | centerness=[-12.761, 2.090] | train_seen=1400
2026-06-04 23:10:04 | INFO | Epoch 44 | batch 750/1829 | loss=0.5604 | giou=0.2558 | bbox=0.0312 | ce=0.0089 | aux_giou=0.0000 | aux_bbox=0.0000 | aux_ce=0.0000 | mask=2230 | aux_mask=2133 | pos=60 | targets=60 | preds=63 | centerness=[-11.587, 1.206] | train_seen=1500
2026-06-04 23:11:50 | INFO | Epoch 44 | batch 800/1829 | loss=0.6846 | giou=0.3168 | bbox=0.0247 | ce=0.0131 | aux_giou=0.0000 | aux_bbox=0.0000 | aux_ce=0.0000 | mask=1840 | aux_mask=1374 | pos=196 | targets=196 | preds=192 | centerness=[-9.095, 2.539] | train_seen=1600
2026-06-04 23:13:37 | INFO | Epoch 44 | batch 850/1829 | loss=0.7424 | giou=0.3506 | bbox=0.0217 | ce=0.0098 | aux_giou=0.0000 | aux_bbox=0.0000 | aux_ce=0.0000 | mask=3097 | aux_mask=2497 | pos=90 | targets=90 | preds=96 | centerness=[-10.012, 1.144] | train_seen=1700
2026-06-04 23:15:23 | INFO | Epoch 44 | batch 900/1829 | loss=0.7255 | giou=0.3322 | bbox=0.0438 | ce=0.0086 | aux_giou=0.0000 | aux_bbox=0.0000 | aux_ce=0.0000 | mask=2316 | aux_mask=2317 | pos=74 | targets=74 | preds=78 | centerness=[-15.084, 1.594] | train_seen=1800
2026-06-04 23:17:09 | INFO | Epoch 44 | batch 950/1829 | loss=0.7821 | giou=0.3255 | bbox=0.0196 | ce=0.0153 | aux_giou=0.0362 | aux_bbox=0.0014 | aux_ce=0.0036 | mask=3024 | aux_mask=2731 | pos=751 | targets=751 | preds=605 | centerness=[-11.800, 1.762] | train_seen=1900
2026-06-04 23:18:55 | INFO | Epoch 44 | batch 1000/1829 | loss=0.4697 | giou=0.2168 | bbox=0.0229 | ce=0.0067 | aux_giou=0.0000 | aux_bbox=0.0000 | aux_ce=0.0000 | mask=2664 | aux_mask=2348 | pos=40 | targets=40 | preds=48 | centerness=[-14.027, 1.026] | train_seen=2000
2026-06-04 23:20:42 | INFO | Epoch 44 | batch 1050/1829 | loss=0.8869 | giou=0.3873 | bbox=0.0415 | ce=0.0354 | aux_giou=0.0000 | aux_bbox=0.0000 | aux_ce=0.0000 | mask=2384 | aux_mask=2074 | pos=231 | targets=231 | preds=183 | centerness=[-11.839, 1.605] | train_seen=2100
2026-06-04 23:22:28 | INFO | Epoch 44 | batch 1100/1829 | loss=0.6113 | giou=0.2742 | bbox=0.0232 | ce=0.0198 | aux_giou=0.0000 | aux_bbox=0.0000 | aux_ce=0.0000 | mask=1845 | aux_mask=1634 | pos=143 | targets=143 | preds=107 | centerness=[-12.943, 1.961] | train_seen=2200
2026-06-04 23:24:14 | INFO | Epoch 44 | batch 1150/1829 | loss=0.4379 | giou=0.1875 | bbox=0.0321 | ce=0.0154 | aux_giou=0.0000 | aux_bbox=0.0000 | aux_ce=0.0000 | mask=1462 | aux_mask=1652 | pos=75 | targets=75 | preds=63 | centerness=[-16.216, 0.998] | train_seen=2300
2026-06-04 23:26:00 | INFO | Epoch 44 | batch 1200/1829 | loss=0.7845 | giou=0.3635 | bbox=0.0396 | ce=0.0089 | aux_giou=0.0000 | aux_bbox=0.0000 | aux_ce=0.0000 | mask=2406 | aux_mask=2096 | pos=80 | targets=80 | preds=130 | centerness=[-14.176, 0.989] | train_seen=2400
2026-06-04 23:27:46 | INFO | Epoch 44 | batch 1250/1829 | loss=0.5428 | giou=0.2445 | bbox=0.0330 | ce=0.0104 | aux_giou=0.0000 | aux_bbox=0.0000 | aux_ce=0.0000 | mask=1964 | aux_mask=2000 | pos=105 | targets=105 | preds=80 | centerness=[-16.630, 1.999] | train_seen=2500
2026-06-04 23:29:33 | INFO | Epoch 44 | batch 1300/1829 | loss=0.5335 | giou=0.2468 | bbox=0.0258 | ce=0.0070 | aux_giou=0.0000 | aux_bbox=0.0000 | aux_ce=0.0000 | mask=2351 | aux_mask=2037 | pos=128 | targets=128 | preds=121 | centerness=[-8.196, 2.740] | train_seen=2600
2026-06-04 23:31:19 | INFO | Epoch 44 | batch 1350/1829 | loss=0.6068 | giou=0.2771 | bbox=0.0347 | ce=0.0089 | aux_giou=0.0000 | aux_bbox=0.0000 | aux_ce=0.0000 | mask=2599 | aux_mask=2067 | pos=274 | targets=274 | preds=274 | centerness=[-15.392, 2.260] | train_seen=2700
2026-06-04 23:33:05 | INFO | Epoch 44 | batch 1400/1829 | loss=0.5763 | giou=0.2640 | bbox=0.0278 | ce=0.0102 | aux_giou=0.0000 | aux_bbox=0.0000 | aux_ce=0.0000 | mask=2341 | aux_mask=1994 | pos=86 | targets=86 | preds=95 | centerness=[-10.220, 1.662] | train_seen=2800
2026-06-04 23:34:51 | INFO | Epoch 44 | batch 1450/1829 | loss=0.6556 | giou=0.2873 | bbox=0.0574 | ce=0.0118 | aux_giou=0.0000 | aux_bbox=0.0000 | aux_ce=0.0000 | mask=2287 | aux_mask=2396 | pos=132 | targets=132 | preds=78 | centerness=[-18.265, 1.131] | train_seen=2900
2026-06-04 23:36:37 | INFO | Epoch 44 | batch 1500/1829 | loss=0.6927 | giou=0.2876 | bbox=0.0430 | ce=0.0373 | aux_giou=0.0000 | aux_bbox=0.0000 | aux_ce=0.0000 | mask=2197 | aux_mask=2121 | pos=230 | targets=230 | preds=100 | centerness=[-11.291, 1.434] | train_seen=3000
2026-06-04 23:38:23 | INFO | Epoch 44 | batch 1550/1829 | loss=0.6695 | giou=0.3047 | bbox=0.0324 | ce=0.0138 | aux_giou=0.0000 | aux_bbox=0.0000 | aux_ce=0.0000 | mask=2704 | aux_mask=2312 | pos=232 | targets=232 | preds=238 | centerness=[-11.906, 1.597] | train_seen=3100
2026-06-04 23:40:09 | INFO | Epoch 44 | batch 1600/1829 | loss=0.7963 | giou=0.3580 | bbox=0.0160 | ce=0.0042 | aux_giou=0.0268 | aux_bbox=0.0008 | aux_ce=0.0007 | mask=3330 | aux_mask=2818 | pos=111 | targets=111 | preds=99 | centerness=[-12.567, 1.538] | train_seen=3200
2026-06-04 23:41:56 | INFO | Epoch 44 | batch 1650/1829 | loss=1.2459 | giou=0.4627 | bbox=0.0385 | ce=0.0578 | aux_giou=0.0631 | aux_bbox=0.0092 | aux_ce=0.0155 | mask=3283 | aux_mask=2800 | pos=1948 | targets=1948 | preds=1068 | centerness=[-7.185, 2.188] | train_seen=3300
2026-06-04 23:43:42 | INFO | Epoch 44 | batch 1700/1829 | loss=0.6728 | giou=0.3088 | bbox=0.0302 | ce=0.0125 | aux_giou=0.0000 | aux_bbox=0.0000 | aux_ce=0.0000 | mask=2189 | aux_mask=2004 | pos=132 | targets=132 | preds=83 | centerness=[-8.062, 1.777] | train_seen=3400
2026-06-04 23:45:28 | INFO | Epoch 44 | batch 1750/1829 | loss=0.6577 | giou=0.3010 | bbox=0.0253 | ce=0.0152 | aux_giou=0.0000 | aux_bbox=0.0000 | aux_ce=0.0000 | mask=2082 | aux_mask=1720 | pos=185 | targets=185 | preds=153 | centerness=[-13.849, 1.876] | train_seen=3500
2026-06-04 23:47:14 | INFO | Epoch 44 | batch 1800/1829 | loss=0.6036 | giou=0.2798 | bbox=0.0256 | ce=0.0093 | aux_giou=0.0000 | aux_bbox=0.0000 | aux_ce=0.0000 | mask=2806 | aux_mask=2618 | pos=123 | targets=123 | preds=90 | centerness=[-12.631, 1.714] | train_seen=3600
2026-06-05 00:07:49 | INFO | Epoch 44 | train_loss=0.632 | val_loss=0.845 | train_mae=21.044 | val_mae=21.012 | val_rmse=51.35 | test_mae=19.321 | test_rmse=99.94 | time=5055.456s
2026-06-05 00:09:35 | INFO | Epoch 45 | batch 50/1829 | loss=0.5662 | giou=0.2590 | bbox=0.0280 | ce=0.0100 | aux_giou=0.0000 | aux_bbox=0.0000 | aux_ce=0.0000 | mask=2704 | aux_mask=2169 | pos=118 | targets=118 | preds=105 | centerness=[-12.605, 2.187] | train_seen=100
2026-06-05 00:11:21 | INFO | Epoch 45 | batch 100/1829 | loss=0.4723 | giou=0.2157 | bbox=0.0254 | ce=0.0078 | aux_giou=0.0000 | aux_bbox=0.0000 | aux_ce=0.0000 | mask=2140 | aux_mask=1974 | pos=94 | targets=94 | preds=99 | centerness=[-14.229, 1.023] | train_seen=200
2026-06-05 00:13:08 | INFO | Epoch 45 | batch 150/1829 | loss=0.5590 | giou=0.2491 | bbox=0.0408 | ce=0.0100 | aux_giou=0.0000 | aux_bbox=0.0000 | aux_ce=0.0000 | mask=1981 | aux_mask=2151 | pos=41 | targets=41 | preds=88 | centerness=[-14.475, 0.219] | train_seen=300
2026-06-05 00:14:54 | INFO | Epoch 45 | batch 200/1829 | loss=0.7336 | giou=0.3333 | bbox=0.0277 | ce=0.0197 | aux_giou=0.0000 | aux_bbox=0.0000 | aux_ce=0.0000 | mask=1905 | aux_mask=1615 | pos=206 | targets=206 | preds=179 | centerness=[-12.782, 1.717] | train_seen=400
2026-06-05 00:16:40 | INFO | Epoch 45 | batch 250/1829 | loss=0.5682 | giou=0.2504 | bbox=0.0134 | ce=0.0067 | aux_giou=0.0193 | aux_bbox=0.0006 | aux_ce=0.0007 | mask=2022 | aux_mask=1733 | pos=68 | targets=68 | preds=77 | centerness=[-9.701, 2.304] | train_seen=500
2026-06-05 00:18:26 | INFO | Epoch 45 | batch 300/1829 | loss=0.5173 | giou=0.2271 | bbox=0.0476 | ce=0.0078 | aux_giou=0.0000 | aux_bbox=0.0000 | aux_ce=0.0000 | mask=1830 | aux_mask=1934 | pos=54 | targets=54 | preds=55 | centerness=[-10.038, 1.273] | train_seen=600
2026-06-05 00:20:13 | INFO | Epoch 45 | batch 350/1829 | loss=0.7561 | giou=0.3563 | bbox=0.0264 | ce=0.0085 | aux_giou=0.0000 | aux_bbox=0.0000 | aux_ce=0.0000 | mask=1817 | aux_mask=1414 | pos=73 | targets=73 | preds=60 | centerness=[-9.975, 1.905] | train_seen=700
2026-06-05 00:21:59 | INFO | Epoch 45 | batch 400/1829 | loss=0.6385 | giou=0.2973 | bbox=0.0259 | ce=0.0090 | aux_giou=0.0000 | aux_bbox=0.0000 | aux_ce=0.0000 | mask=1754 | aux_mask=1532 | pos=99 | targets=99 | preds=84 | centerness=[-11.886, 2.237] | train_seen=800
2026-06-05 00:23:45 | INFO | Epoch 45 | batch 450/1829 | loss=0.7433 | giou=0.3400 | bbox=0.0262 | ce=0.0185 | aux_giou=0.0000 | aux_bbox=0.0000 | aux_ce=0.0000 | mask=3020 | aux_mask=2674 | pos=142 | targets=142 | preds=265 | centerness=[-10.657, 1.806] | train_seen=900
2026-06-05 00:25:31 | INFO | Epoch 45 | batch 500/1829 | loss=0.6384 | giou=0.2910 | bbox=0.0256 | ce=0.0154 | aux_giou=0.0000 | aux_bbox=0.0000 | aux_ce=0.0000 | mask=1742 | aux_mask=1879 | pos=91 | targets=91 | preds=63 | centerness=[-13.327, 1.262] | train_seen=1000
2026-06-05 00:27:17 | INFO | Epoch 45 | batch 550/1829 | loss=0.8792 | giou=0.3548 | bbox=0.0449 | ce=0.0225 | aux_giou=0.0345 | aux_bbox=0.0020 | aux_ce=0.0044 | mask=1748 | aux_mask=1817 | pos=302 | targets=302 | preds=294 | centerness=[-9.685, 1.124] | train_seen=1100
2026-06-05 00:29:04 | INFO | Epoch 45 | batch 600/1829 | loss=0.7319 | giou=0.2977 | bbox=0.0385 | ce=0.0160 | aux_giou=0.0313 | aux_bbox=0.0020 | aux_ce=0.0007 | mask=1449 | aux_mask=1759 | pos=66 | targets=66 | preds=39 | centerness=[-14.235, 1.868] | train_seen=1200
2026-06-05 00:30:50 | INFO | Epoch 45 | batch 650/1829 | loss=0.6492 | giou=0.2882 | bbox=0.0372 | ce=0.0178 | aux_giou=0.0000 | aux_bbox=0.0000 | aux_ce=0.0000 | mask=1971 | aux_mask=1890 | pos=109 | targets=109 | preds=98 | centerness=[-15.512, 1.184] | train_seen=1300
2026-06-05 00:32:36 | INFO | Epoch 45 | batch 700/1829 | loss=0.7958 | giou=0.3606 | bbox=0.0514 | ce=0.0116 | aux_giou=0.0000 | aux_bbox=0.0000 | aux_ce=0.0000 | mask=2086 | aux_mask=2023 | pos=96 | targets=96 | preds=109 | centerness=[-12.018, 2.125] | train_seen=1400
2026-06-05 00:34:23 | INFO | Epoch 45 | batch 750/1829 | loss=0.7015 | giou=0.3122 | bbox=0.0558 | ce=0.0106 | aux_giou=0.0000 | aux_bbox=0.0000 | aux_ce=0.0000 | mask=2093 | aux_mask=2047 | pos=56 | targets=56 | preds=81 | centerness=[-14.290, 0.544] | train_seen=1500
2026-06-05 00:36:09 | INFO | Epoch 45 | batch 800/1829 | loss=0.5760 | giou=0.2675 | bbox=0.0334 | ce=0.0038 | aux_giou=0.0000 | aux_bbox=0.0000 | aux_ce=0.0000 | mask=1644 | aux_mask=1636 | pos=42 | targets=42 | preds=37 | centerness=[-15.037, 1.392] | train_seen=1600
2026-06-05 00:37:55 | INFO | Epoch 45 | batch 850/1829 | loss=0.2519 | giou=0.1141 | bbox=0.0180 | ce=0.0029 | aux_giou=0.0000 | aux_bbox=0.0000 | aux_ce=0.0000 | mask=1771 | aux_mask=1777 | pos=31 | targets=31 | preds=35 | centerness=[-16.342, 1.949] | train_seen=1700
2026-06-05 00:39:41 | INFO | Epoch 45 | batch 900/1829 | loss=0.4792 | giou=0.2271 | bbox=0.0174 | ce=0.0038 | aux_giou=0.0000 | aux_bbox=0.0000 | aux_ce=0.0000 | mask=2256 | aux_mask=1811 | pos=139 | targets=139 | preds=139 | centerness=[-9.118, 2.611] | train_seen=1800
2026-06-05 00:41:28 | INFO | Epoch 45 | batch 950/1829 | loss=0.5367 | giou=0.2382 | bbox=0.0394 | ce=0.0104 | aux_giou=0.0000 | aux_bbox=0.0000 | aux_ce=0.0000 | mask=1335 | aux_mask=1470 | pos=41 | targets=41 | preds=34 | centerness=[-16.551, 1.218] | train_seen=1900
2026-06-05 00:43:14 | INFO | Epoch 45 | batch 1000/1829 | loss=0.5259 | giou=0.2319 | bbox=0.0314 | ce=0.0154 | aux_giou=0.0000 | aux_bbox=0.0000 | aux_ce=0.0000 | mask=1927 | aux_mask=1611 | pos=80 | targets=80 | preds=45 | centerness=[-17.564, 1.161] | train_seen=2000
2026-06-05 00:45:00 | INFO | Epoch 45 | batch 1050/1829 | loss=0.5245 | giou=0.2422 | bbox=0.0213 | ce=0.0094 | aux_giou=0.0000 | aux_bbox=0.0000 | aux_ce=0.0000 | mask=1709 | aux_mask=1639 | pos=60 | targets=60 | preds=55 | centerness=[-12.763, 1.899] | train_seen=2100
2026-06-05 00:46:46 | INFO | Epoch 45 | batch 1100/1829 | loss=0.4392 | giou=0.1932 | bbox=0.0405 | ce=0.0062 | aux_giou=0.0000 | aux_bbox=0.0000 | aux_ce=0.0000 | mask=1746 | aux_mask=1882 | pos=29 | targets=29 | preds=36 | centerness=[-19.413, 0.946] | train_seen=2200
2026-06-05 00:48:32 | INFO | Epoch 45 | batch 1150/1829 | loss=0.7688 | giou=0.3307 | bbox=0.0258 | ce=0.0054 | aux_giou=0.0343 | aux_bbox=0.0015 | aux_ce=0.0003 | mask=2419 | aux_mask=2290 | pos=110 | targets=110 | preds=125 | centerness=[-14.484, 1.886] | train_seen=2300
2026-06-05 00:50:19 | INFO | Epoch 45 | batch 1200/1829 | loss=0.5754 | giou=0.2627 | bbox=0.0299 | ce=0.0100 | aux_giou=0.0000 | aux_bbox=0.0000 | aux_ce=0.0000 | mask=1737 | aux_mask=1672 | pos=34 | targets=34 | preds=56 | centerness=[-13.274, 0.955] | train_seen=2400
2026-06-05 00:52:05 | INFO | Epoch 45 | batch 1250/1829 | loss=1.1056 | giou=0.4364 | bbox=0.0335 | ce=0.0483 | aux_giou=0.0449 | aux_bbox=0.0025 | aux_ce=0.0052 | mask=3219 | aux_mask=2501 | pos=404 | targets=404 | preds=247 | centerness=[-7.168, 1.182] | train_seen=2500
2026-06-05 00:53:51 | INFO | Epoch 45 | batch 1300/1829 | loss=0.7164 | giou=0.3047 | bbox=0.0155 | ce=0.0113 | aux_giou=0.0316 | aux_bbox=0.0012 | aux_ce=0.0023 | mask=2207 | aux_mask=1710 | pos=199 | targets=199 | preds=219 | centerness=[-7.952, 1.937] | train_seen=2600
2026-06-05 00:55:38 | INFO | Epoch 45 | batch 1350/1829 | loss=0.6638 | giou=0.2969 | bbox=0.0425 | ce=0.0138 | aux_giou=0.0000 | aux_bbox=0.0000 | aux_ce=0.0000 | mask=1968 | aux_mask=1725 | pos=94 | targets=94 | preds=100 | centerness=[-13.599, 1.605] | train_seen=2700
2026-06-05 00:57:24 | INFO | Epoch 45 | batch 1400/1829 | loss=0.8657 | giou=0.3273 | bbox=0.0234 | ce=0.0441 | aux_giou=0.0428 | aux_bbox=0.0016 | aux_ce=0.0062 | mask=4164 | aux_mask=3700 | pos=1221 | targets=1221 | preds=2134 | centerness=[-11.447, 0.908] | train_seen=2800
2026-06-05 00:59:10 | INFO | Epoch 45 | batch 1450/1829 | loss=0.6401 | giou=0.2969 | bbox=0.0233 | ce=0.0115 | aux_giou=0.0000 | aux_bbox=0.0000 | aux_ce=0.0000 | mask=3081 | aux_mask=2353 | pos=170 | targets=170 | preds=241 | centerness=[-9.432, 3.663] | train_seen=2900
2026-06-05 01:00:57 | INFO | Epoch 45 | batch 1500/1829 | loss=0.6199 | giou=0.2880 | bbox=0.0266 | ce=0.0087 | aux_giou=0.0000 | aux_bbox=0.0000 | aux_ce=0.0000 | mask=2261 | aux_mask=2145 | pos=73 | targets=73 | preds=61 | centerness=[-10.087, 1.131] | train_seen=3000
2026-06-05 01:02:43 | INFO | Epoch 45 | batch 1550/1829 | loss=0.5230 | giou=0.2382 | bbox=0.0276 | ce=0.0095 | aux_giou=0.0000 | aux_bbox=0.0000 | aux_ce=0.0000 | mask=2624 | aux_mask=2359 | pos=136 | targets=136 | preds=140 | centerness=[-15.019, 1.762] | train_seen=3100
2026-06-05 01:04:29 | INFO | Epoch 45 | batch 1600/1829 | loss=0.6489 | giou=0.2927 | bbox=0.0371 | ce=0.0132 | aux_giou=0.0000 | aux_bbox=0.0000 | aux_ce=0.0000 | mask=2374 | aux_mask=2101 | pos=134 | targets=134 | preds=101 | centerness=[-14.311, 1.632] | train_seen=3200
2026-06-05 01:06:15 | INFO | Epoch 45 | batch 1650/1829 | loss=0.8288 | giou=0.3754 | bbox=0.0373 | ce=0.0203 | aux_giou=0.0000 | aux_bbox=0.0000 | aux_ce=0.0000 | mask=2923 | aux_mask=2390 | pos=69 | targets=69 | preds=175 | centerness=[-14.193, 1.677] | train_seen=3300
2026-06-05 01:08:02 | INFO | Epoch 45 | batch 1700/1829 | loss=0.6830 | giou=0.2899 | bbox=0.0859 | ce=0.0087 | aux_giou=0.0000 | aux_bbox=0.0000 | aux_ce=0.0000 | mask=1478 | aux_mask=1634 | pos=34 | targets=34 | preds=52 | centerness=[-17.012, 0.598] | train_seen=3400
2026-06-05 01:09:48 | INFO | Epoch 45 | batch 1750/1829 | loss=0.8932 | giou=0.3720 | bbox=0.0244 | ce=0.0144 | aux_giou=0.0447 | aux_bbox=0.0019 | aux_ce=0.0023 | mask=2573 | aux_mask=2403 | pos=129 | targets=129 | preds=230 | centerness=[-14.246, 1.673] | train_seen=3500
2026-06-05 01:11:34 | INFO | Epoch 45 | batch 1800/1829 | loss=1.0011 | giou=0.4033 | bbox=0.0263 | ce=0.0380 | aux_giou=0.0400 | aux_bbox=0.0018 | aux_ce=0.0052 | mask=3018 | aux_mask=2348 | pos=588 | targets=588 | preds=518 | centerness=[-7.641, 2.032] | train_seen=3600
2026-06-05 01:32:09 | INFO | Epoch 45 | train_loss=0.638 | val_loss=0.850 | train_mae=21.271 | val_mae=21.232 | val_rmse=52.19 | test_mae=19.308 | test_rmse=98.02 | time=5058.155s
2026-06-05 01:33:55 | INFO | Epoch 46 | batch 50/1829 | loss=1.0152 | giou=0.4209 | bbox=0.0246 | ce=0.0217 | aux_giou=0.0481 | aux_bbox=0.0028 | aux_ce=0.0032 | mask=3228 | aux_mask=2495 | pos=269 | targets=269 | preds=399 | centerness=[-9.266, 1.537] | train_seen=100
2026-06-05 01:35:42 | INFO | Epoch 46 | batch 100/1829 | loss=0.5855 | giou=0.2732 | bbox=0.0190 | ce=0.0101 | aux_giou=0.0000 | aux_bbox=0.0000 | aux_ce=0.0000 | mask=2301 | aux_mask=1927 | pos=173 | targets=173 | preds=180 | centerness=[-11.053, 2.407] | train_seen=200
2026-06-05 01:37:28 | INFO | Epoch 46 | batch 150/1829 | loss=0.6673 | giou=0.2719 | bbox=0.0236 | ce=0.0175 | aux_giou=0.0277 | aux_bbox=0.0019 | aux_ce=0.0039 | mask=2832 | aux_mask=2240 | pos=427 | targets=427 | preds=321 | centerness=[-13.294, 1.982] | train_seen=300
2026-06-05 01:39:14 | INFO | Epoch 46 | batch 200/1829 | loss=0.9103 | giou=0.4251 | bbox=0.0345 | ce=0.0127 | aux_giou=0.0000 | aux_bbox=0.0000 | aux_ce=0.0000 | mask=3089 | aux_mask=2823 | pos=120 | targets=120 | preds=111 | centerness=[-12.590, 1.192] | train_seen=400
2026-06-05 01:41:00 | INFO | Epoch 46 | batch 250/1829 | loss=0.3908 | giou=0.1757 | bbox=0.0292 | ce=0.0050 | aux_giou=0.0000 | aux_bbox=0.0000 | aux_ce=0.0000 | mask=1854 | aux_mask=1898 | pos=38 | targets=38 | preds=40 | centerness=[-13.712, 2.063] | train_seen=500
2026-06-05 01:42:46 | INFO | Epoch 46 | batch 300/1829 | loss=0.7520 | giou=0.3254 | bbox=0.0245 | ce=0.0027 | aux_giou=0.0349 | aux_bbox=0.0012 | aux_ce=0.0001 | mask=1499 | aux_mask=1830 | pos=22 | targets=22 | preds=25 | centerness=[-13.736, 2.126] | train_seen=600
2026-06-05 01:44:33 | INFO | Epoch 46 | batch 350/1829 | loss=0.5758 | giou=0.2764 | bbox=0.0140 | ce=0.0045 | aux_giou=0.0000 | aux_bbox=0.0000 | aux_ce=0.0000 | mask=1919 | aux_mask=1582 | pos=152 | targets=152 | preds=144 | centerness=[-10.254, 1.781] | train_seen=700
2026-06-05 01:46:19 | INFO | Epoch 46 | batch 400/1829 | loss=0.6189 | giou=0.2856 | bbox=0.0321 | ce=0.0079 | aux_giou=0.0000 | aux_bbox=0.0000 | aux_ce=0.0000 | mask=2062 | aux_mask=2090 | pos=31 | targets=31 | preds=73 | centerness=[-14.497, 1.249] | train_seen=800
2026-06-05 01:48:05 | INFO | Epoch 46 | batch 450/1829 | loss=0.4402 | giou=0.2005 | bbox=0.0263 | ce=0.0065 | aux_giou=0.0000 | aux_bbox=0.0000 | aux_ce=0.0000 | mask=1691 | aux_mask=1643 | pos=54 | targets=54 | preds=37 | centerness=[-14.982, 1.421] | train_seen=900
2026-06-05 01:49:51 | INFO | Epoch 46 | batch 500/1829 | loss=0.4816 | giou=0.2297 | bbox=0.0173 | ce=0.0024 | aux_giou=0.0000 | aux_bbox=0.0000 | aux_ce=0.0000 | mask=1533 | aux_mask=1505 | pos=36 | targets=36 | preds=39 | centerness=[-10.083, 1.270] | train_seen=1000
2026-06-05 01:51:38 | INFO | Epoch 46 | batch 550/1829 | loss=1.0597 | giou=0.4241 | bbox=0.0313 | ce=0.0292 | aux_giou=0.0520 | aux_bbox=0.0028 | aux_ce=0.0075 | mask=3242 | aux_mask=3194 | pos=831 | targets=831 | preds=1412 | centerness=[-13.257, 0.918] | train_seen=1100
2026-06-05 01:53:24 | INFO | Epoch 46 | batch 600/1829 | loss=0.6957 | giou=0.2791 | bbox=0.0358 | ce=0.0212 | aux_giou=0.0268 | aux_bbox=0.0022 | aux_ce=0.0017 | mask=2291 | aux_mask=2112 | pos=160 | targets=160 | preds=184 | centerness=[-17.420, 1.275] | train_seen=1200
2026-06-05 01:55:10 | INFO | Epoch 46 | batch 650/1829 | loss=0.5991 | giou=0.2787 | bbox=0.0261 | ce=0.0078 | aux_giou=0.0000 | aux_bbox=0.0000 | aux_ce=0.0000 | mask=1949 | aux_mask=1990 | pos=55 | targets=55 | preds=49 | centerness=[-10.619, 1.321] | train_seen=1300
2026-06-05 01:56:56 | INFO | Epoch 46 | batch 700/1829 | loss=0.5409 | giou=0.2441 | bbox=0.0244 | ce=0.0141 | aux_giou=0.0000 | aux_bbox=0.0000 | aux_ce=0.0000 | mask=2886 | aux_mask=2375 | pos=378 | targets=378 | preds=311 | centerness=[-15.195, 2.192] | train_seen=1400
2026-06-05 01:58:42 | INFO | Epoch 46 | batch 750/1829 | loss=0.7391 | giou=0.3190 | bbox=0.0256 | ce=0.0068 | aux_giou=0.0292 | aux_bbox=0.0017 | aux_ce=0.0009 | mask=2698 | aux_mask=2067 | pos=86 | targets=86 | preds=71 | centerness=[-13.329, 1.668] | train_seen=1500
2026-06-05 02:00:28 | INFO | Epoch 46 | batch 800/1829 | loss=0.5835 | giou=0.2550 | bbox=0.0371 | ce=0.0182 | aux_giou=0.0000 | aux_bbox=0.0000 | aux_ce=0.0000 | mask=2366 | aux_mask=2137 | pos=155 | targets=155 | preds=132 | centerness=[-16.714, 1.022] | train_seen=1600
2026-06-05 02:02:15 | INFO | Epoch 46 | batch 850/1829 | loss=0.5164 | giou=0.2331 | bbox=0.0255 | ce=0.0124 | aux_giou=0.0000 | aux_bbox=0.0000 | aux_ce=0.0000 | mask=2800 | aux_mask=2209 | pos=252 | targets=252 | preds=164 | centerness=[-12.928, 2.049] | train_seen=1700
2026-06-05 02:04:01 | INFO | Epoch 46 | batch 900/1829 | loss=0.8842 | giou=0.3690 | bbox=0.0218 | ce=0.0216 | aux_giou=0.0368 | aux_bbox=0.0013 | aux_ce=0.0032 | mask=3426 | aux_mask=2849 | pos=241 | targets=241 | preds=951 | centerness=[-14.660, 1.122] | train_seen=1800
2026-06-05 02:05:47 | INFO | Epoch 46 | batch 950/1829 | loss=0.5911 | giou=0.2620 | bbox=0.0336 | ce=0.0168 | aux_giou=0.0000 | aux_bbox=0.0000 | aux_ce=0.0000 | mask=2268 | aux_mask=2077 | pos=132 | targets=132 | preds=96 | centerness=[-15.060, 2.011] | train_seen=1900
2026-06-05 02:07:33 | INFO | Epoch 46 | batch 1000/1829 | loss=0.6519 | giou=0.3012 | bbox=0.0329 | ce=0.0083 | aux_giou=0.0000 | aux_bbox=0.0000 | aux_ce=0.0000 | mask=2405 | aux_mask=2129 | pos=61 | targets=61 | preds=66 | centerness=[-14.190, 1.904] | train_seen=2000
2026-06-05 02:09:19 | INFO | Epoch 46 | batch 1050/1829 | loss=1.0858 | giou=0.4360 | bbox=0.0243 | ce=0.0438 | aux_giou=0.0434 | aux_bbox=0.0023 | aux_ce=0.0064 | mask=3745 | aux_mask=2973 | pos=1164 | targets=1164 | preds=804 | centerness=[-8.189, 1.666] | train_seen=2100
2026-06-05 02:11:06 | INFO | Epoch 46 | batch 1100/1829 | loss=0.5949 | giou=0.2804 | bbox=0.0204 | ce=0.0068 | aux_giou=0.0000 | aux_bbox=0.0000 | aux_ce=0.0000 | mask=3262 | aux_mask=2789 | pos=159 | targets=159 | preds=168 | centerness=[-9.658, 3.324] | train_seen=2200
2026-06-05 02:12:52 | INFO | Epoch 46 | batch 1150/1829 | loss=0.5983 | giou=0.2596 | bbox=0.0630 | ce=0.0081 | aux_giou=0.0000 | aux_bbox=0.0000 | aux_ce=0.0000 | mask=1875 | aux_mask=2000 | pos=23 | targets=23 | preds=41 | centerness=[-13.147, 0.031] | train_seen=2300
2026-06-05 02:14:38 | INFO | Epoch 46 | batch 1200/1829 | loss=0.8033 | giou=0.3746 | bbox=0.0314 | ce=0.0114 | aux_giou=0.0000 | aux_bbox=0.0000 | aux_ce=0.0000 | mask=2528 | aux_mask=2112 | pos=154 | targets=154 | preds=152 | centerness=[-9.462, 1.648] | train_seen=2400
2026-06-05 02:16:24 | INFO | Epoch 46 | batch 1250/1829 | loss=0.4247 | giou=0.1835 | bbox=0.0400 | ce=0.0089 | aux_giou=0.0000 | aux_bbox=0.0000 | aux_ce=0.0000 | mask=1910 | aux_mask=1917 | pos=53 | targets=53 | preds=45 | centerness=[-15.710, 1.491] | train_seen=2500
2026-06-05 02:18:10 | INFO | Epoch 46 | batch 1300/1829 | loss=0.7518 | giou=0.3540 | bbox=0.0277 | ce=0.0080 | aux_giou=0.0000 | aux_bbox=0.0000 | aux_ce=0.0000 | mask=2995 | aux_mask=2404 | pos=41 | targets=41 | preds=120 | centerness=[-10.066, 0.507] | train_seen=2600
2026-06-05 02:19:57 | INFO | Epoch 46 | batch 1350/1829 | loss=0.8211 | giou=0.3588 | bbox=0.0652 | ce=0.0191 | aux_giou=0.0000 | aux_bbox=0.0000 | aux_ce=0.0000 | mask=1897 | aux_mask=2074 | pos=113 | targets=113 | preds=59 | centerness=[-14.194, 1.470] | train_seen=2700
2026-06-05 02:21:43 | INFO | Epoch 46 | batch 1400/1829 | loss=0.6655 | giou=0.2955 | bbox=0.0425 | ce=0.0160 | aux_giou=0.0000 | aux_bbox=0.0000 | aux_ce=0.0000 | mask=2288 | aux_mask=2190 | pos=179 | targets=179 | preds=158 | centerness=[-14.327, 1.220] | train_seen=2800
2026-06-05 02:23:29 | INFO | Epoch 46 | batch 1450/1829 | loss=0.6049 | giou=0.2809 | bbox=0.0204 | ce=0.0113 | aux_giou=0.0000 | aux_bbox=0.0000 | aux_ce=0.0000 | mask=3238 | aux_mask=2832 | pos=118 | targets=118 | preds=143 | centerness=[-9.881, 2.191] | train_seen=2900
2026-06-05 02:25:15 | INFO | Epoch 46 | batch 1500/1829 | loss=0.6022 | giou=0.2750 | bbox=0.0338 | ce=0.0092 | aux_giou=0.0000 | aux_bbox=0.0000 | aux_ce=0.0000 | mask=1486 | aux_mask=1691 | pos=34 | targets=34 | preds=28 | centerness=[-17.288, 0.648] | train_seen=3000
2026-06-05 02:27:02 | INFO | Epoch 46 | batch 1550/1829 | loss=0.7379 | giou=0.3355 | bbox=0.0316 | ce=0.0177 | aux_giou=0.0000 | aux_bbox=0.0000 | aux_ce=0.0000 | mask=2562 | aux_mask=2321 | pos=169 | targets=169 | preds=236 | centerness=[-13.795, 1.599] | train_seen=3100
2026-06-05 02:28:48 | INFO | Epoch 46 | batch 1600/1829 | loss=0.8048 | giou=0.3624 | bbox=0.0140 | ce=0.0079 | aux_giou=0.0245 | aux_bbox=0.0007 | aux_ce=0.0002 | mask=1721 | aux_mask=1866 | pos=104 | targets=104 | preds=93 | centerness=[-10.207, 3.008] | train_seen=3200
2026-06-05 02:30:35 | INFO | Epoch 46 | batch 1650/1829 | loss=0.4527 | giou=0.1977 | bbox=0.0323 | ce=0.0125 | aux_giou=0.0000 | aux_bbox=0.0000 | aux_ce=0.0000 | mask=2035 | aux_mask=1846 | pos=47 | targets=47 | preds=42 | centerness=[-14.286, 1.209] | train_seen=3300
2026-06-05 02:32:21 | INFO | Epoch 46 | batch 1700/1829 | loss=0.5289 | giou=0.2310 | bbox=0.0580 | ce=0.0044 | aux_giou=0.0000 | aux_bbox=0.0000 | aux_ce=0.0000 | mask=1661 | aux_mask=2173 | pos=18 | targets=18 | preds=20 | centerness=[-15.989, 0.528] | train_seen=3400
2026-06-05 02:34:07 | INFO | Epoch 46 | batch 1750/1829 | loss=0.6440 | giou=0.2869 | bbox=0.0211 | ce=0.0246 | aux_giou=0.0000 | aux_bbox=0.0000 | aux_ce=0.0000 | mask=1972 | aux_mask=1870 | pos=170 | targets=170 | preds=182 | centerness=[-9.882, 0.997] | train_seen=3500
2026-06-05 02:35:53 | INFO | Epoch 46 | batch 1800/1829 | loss=0.7521 | giou=0.3039 | bbox=0.0448 | ce=0.0214 | aux_giou=0.0249 | aux_bbox=0.0021 | aux_ce=0.0023 | mask=2580 | aux_mask=2344 | pos=93 | targets=93 | preds=239 | centerness=[-12.551, 0.471] | train_seen=3600
2026-06-05 02:56:28 | INFO | Epoch 46 | train_loss=0.639 | val_loss=0.853 | train_mae=20.832 | val_mae=20.907 | val_rmse=53.88 | test_mae=19.016 | test_rmse=105.33 | time=5057.233s
2026-06-05 02:58:14 | INFO | Epoch 47 | batch 50/1829 | loss=0.9876 | giou=0.3993 | bbox=0.0303 | ce=0.0111 | aux_giou=0.0630 | aux_bbox=0.0054 | aux_ce=0.0025 | mask=2239 | aux_mask=1903 | pos=128 | targets=128 | preds=135 | centerness=[-9.700, 1.059] | train_seen=100
2026-06-05 03:00:00 | INFO | Epoch 47 | batch 100/1829 | loss=0.5557 | giou=0.2514 | bbox=0.0374 | ce=0.0077 | aux_giou=0.0000 | aux_bbox=0.0000 | aux_ce=0.0000 | mask=2050 | aux_mask=1671 | pos=47 | targets=47 | preds=51 | centerness=[-16.662, 1.939] | train_seen=200
2026-06-05 03:01:47 | INFO | Epoch 47 | batch 150/1829 | loss=0.7759 | giou=0.3276 | bbox=0.0343 | ce=0.0432 | aux_giou=0.0000 | aux_bbox=0.0000 | aux_ce=0.0000 | mask=2188 | aux_mask=2149 | pos=446 | targets=446 | preds=259 | centerness=[-12.807, 1.606] | train_seen=300
2026-06-05 03:03:33 | INFO | Epoch 47 | batch 200/1829 | loss=0.8011 | giou=0.3509 | bbox=0.0167 | ce=0.0166 | aux_giou=0.0239 | aux_bbox=0.0011 | aux_ce=0.0003 | mask=2386 | aux_mask=2057 | pos=140 | targets=140 | preds=116 | centerness=[-10.279, 1.239] | train_seen=400
2026-06-05 03:05:19 | INFO | Epoch 47 | batch 250/1829 | loss=0.7344 | giou=0.3191 | bbox=0.0632 | ce=0.0165 | aux_giou=0.0000 | aux_bbox=0.0000 | aux_ce=0.0000 | mask=1721 | aux_mask=2108 | pos=68 | targets=68 | preds=71 | centerness=[-13.755, 0.316] | train_seen=500
2026-06-05 03:07:05 | INFO | Epoch 47 | batch 300/1829 | loss=0.5049 | giou=0.2368 | bbox=0.0211 | ce=0.0051 | aux_giou=0.0000 | aux_bbox=0.0000 | aux_ce=0.0000 | mask=1807 | aux_mask=1754 | pos=130 | targets=130 | preds=128 | centerness=[-10.928, 2.561] | train_seen=600
2026-06-05 03:08:51 | INFO | Epoch 47 | batch 350/1829 | loss=0.4083 | giou=0.1838 | bbox=0.0217 | ce=0.0095 | aux_giou=0.0000 | aux_bbox=0.0000 | aux_ce=0.0000 | mask=2153 | aux_mask=2161 | pos=68 | targets=68 | preds=90 | centerness=[-13.352, 1.637] | train_seen=700
2026-06-05 03:10:37 | INFO | Epoch 47 | batch 400/1829 | loss=0.5731 | giou=0.2658 | bbox=0.0209 | ce=0.0103 | aux_giou=0.0000 | aux_bbox=0.0000 | aux_ce=0.0000 | mask=2574 | aux_mask=1874 | pos=208 | targets=208 | preds=182 | centerness=[-8.998, 3.212] | train_seen=800
2026-06-05 03:12:23 | INFO | Epoch 47 | batch 450/1829 | loss=0.7287 | giou=0.3280 | bbox=0.0419 | ce=0.0155 | aux_giou=0.0000 | aux_bbox=0.0000 | aux_ce=0.0000 | mask=2198 | aux_mask=1656 | pos=140 | targets=140 | preds=88 | centerness=[-11.354, 2.776] | train_seen=900
2026-06-05 03:14:09 | INFO | Epoch 47 | batch 500/1829 | loss=0.5694 | giou=0.2542 | bbox=0.0121 | ce=0.0016 | aux_giou=0.0224 | aux_bbox=0.0008 | aux_ce=0.0002 | mask=1918 | aux_mask=1756 | pos=27 | targets=27 | preds=29 | centerness=[-9.389, 2.163] | train_seen=1000
2026-06-05 03:15:56 | INFO | Epoch 47 | batch 550/1829 | loss=0.4090 | giou=0.1858 | bbox=0.0213 | ce=0.0081 | aux_giou=0.0000 | aux_bbox=0.0000 | aux_ce=0.0000 | mask=2555 | aux_mask=2290 | pos=104 | targets=104 | preds=92 | centerness=[-13.301, 1.027] | train_seen=1100
2026-06-05 03:17:42 | INFO | Epoch 47 | batch 600/1829 | loss=0.9206 | giou=0.4229 | bbox=0.0337 | ce=0.0206 | aux_giou=0.0000 | aux_bbox=0.0000 | aux_ce=0.0000 | mask=2197 | aux_mask=1801 | pos=144 | targets=144 | preds=219 | centerness=[-10.279, 0.497] | train_seen=1200
2026-06-05 03:19:28 | INFO | Epoch 47 | batch 650/1829 | loss=0.4613 | giou=0.2096 | bbox=0.0305 | ce=0.0058 | aux_giou=0.0000 | aux_bbox=0.0000 | aux_ce=0.0000 | mask=2041 | aux_mask=2036 | pos=37 | targets=37 | preds=36 | centerness=[-15.737, 1.229] | train_seen=1300
2026-06-05 03:21:14 | INFO | Epoch 47 | batch 700/1829 | loss=0.7048 | giou=0.3303 | bbox=0.0264 | ce=0.0090 | aux_giou=0.0000 | aux_bbox=0.0000 | aux_ce=0.0000 | mask=2143 | aux_mask=1874 | pos=77 | targets=77 | preds=68 | centerness=[-15.701, 1.736] | train_seen=1400
2026-06-05 03:23:00 | INFO | Epoch 47 | batch 750/1829 | loss=0.4227 | giou=0.1879 | bbox=0.0201 | ce=0.0134 | aux_giou=0.0000 | aux_bbox=0.0000 | aux_ce=0.0000 | mask=2774 | aux_mask=2373 | pos=266 | targets=266 | preds=254 | centerness=[-15.151, 1.425] | train_seen=1500
2026-06-05 03:24:46 | INFO | Epoch 47 | batch 800/1829 | loss=0.7224 | giou=0.3137 | bbox=0.0364 | ce=0.0293 | aux_giou=0.0000 | aux_bbox=0.0000 | aux_ce=0.0000 | mask=2182 | aux_mask=2148 | pos=186 | targets=186 | preds=95 | centerness=[-12.858, 1.069] | train_seen=1600
2026-06-05 03:26:33 | INFO | Epoch 47 | batch 850/1829 | loss=0.2096 | giou=0.0916 | bbox=0.0222 | ce=0.0021 | aux_giou=0.0000 | aux_bbox=0.0000 | aux_ce=0.0000 | mask=3611 | aux_mask=3445 | pos=33 | targets=33 | preds=30 | centerness=[-15.409, 1.329] | train_seen=1700
2026-06-05 03:28:19 | INFO | Epoch 47 | batch 900/1829 | loss=0.4966 | giou=0.2245 | bbox=0.0276 | ce=0.0100 | aux_giou=0.0000 | aux_bbox=0.0000 | aux_ce=0.0000 | mask=1935 | aux_mask=1815 | pos=45 | targets=45 | preds=57 | centerness=[-14.802, 0.829] | train_seen=1800
2026-06-05 03:30:05 | INFO | Epoch 47 | batch 950/1829 | loss=0.7270 | giou=0.3082 | bbox=0.0266 | ce=0.0084 | aux_giou=0.0316 | aux_bbox=0.0011 | aux_ce=0.0014 | mask=2036 | aux_mask=2286 | pos=46 | targets=46 | preds=122 | centerness=[-8.283, 1.272] | train_seen=1900
2026-06-05 03:31:51 | INFO | Epoch 47 | batch 1000/1829 | loss=0.6418 | giou=0.2902 | bbox=0.0400 | ce=0.0107 | aux_giou=0.0000 | aux_bbox=0.0000 | aux_ce=0.0000 | mask=2435 | aux_mask=2199 | pos=137 | targets=137 | preds=151 | centerness=[-13.467, 2.287] | train_seen=2000
2026-06-05 03:33:38 | INFO | Epoch 47 | batch 1050/1829 | loss=0.7550 | giou=0.3335 | bbox=0.0430 | ce=0.0225 | aux_giou=0.0000 | aux_bbox=0.0000 | aux_ce=0.0000 | mask=1932 | aux_mask=1885 | pos=159 | targets=159 | preds=78 | centerness=[-8.391, 1.473] | train_seen=2100
2026-06-05 03:35:24 | INFO | Epoch 47 | batch 1100/1829 | loss=0.6516 | giou=0.2933 | bbox=0.0260 | ce=0.0195 | aux_giou=0.0000 | aux_bbox=0.0000 | aux_ce=0.0000 | mask=3286 | aux_mask=2872 | pos=1438 | targets=1438 | preds=1354 | centerness=[-12.637, 2.178] | train_seen=2200
2026-06-05 03:37:10 | INFO | Epoch 47 | batch 1150/1829 | loss=0.3912 | giou=0.1711 | bbox=0.0272 | ce=0.0109 | aux_giou=0.0000 | aux_bbox=0.0000 | aux_ce=0.0000 | mask=1553 | aux_mask=1669 | pos=46 | targets=46 | preds=31 | centerness=[-18.832, 1.327] | train_seen=2300
2026-06-05 03:38:56 | INFO | Epoch 47 | batch 1200/1829 | loss=0.2576 | giou=0.1197 | bbox=0.0131 | ce=0.0026 | aux_giou=0.0000 | aux_bbox=0.0000 | aux_ce=0.0000 | mask=1873 | aux_mask=2075 | pos=34 | targets=34 | preds=35 | centerness=[-12.659, 1.482] | train_seen=2400
2026-06-05 03:40:43 | INFO | Epoch 47 | batch 1250/1829 | loss=0.6357 | giou=0.2885 | bbox=0.0437 | ce=0.0075 | aux_giou=0.0000 | aux_bbox=0.0000 | aux_ce=0.0000 | mask=1709 | aux_mask=1744 | pos=46 | targets=46 | preds=52 | centerness=[-15.526, 1.044] | train_seen=2500
2026-06-05 03:42:29 | INFO | Epoch 47 | batch 1300/1829 | loss=0.5514 | giou=0.2455 | bbox=0.0353 | ce=0.0126 | aux_giou=0.0000 | aux_bbox=0.0000 | aux_ce=0.0000 | mask=2272 | aux_mask=2070 | pos=80 | targets=80 | preds=71 | centerness=[-14.064, 1.041] | train_seen=2600
2026-06-05 03:44:15 | INFO | Epoch 47 | batch 1350/1829 | loss=0.7140 | giou=0.3393 | bbox=0.0194 | ce=0.0080 | aux_giou=0.0000 | aux_bbox=0.0000 | aux_ce=0.0000 | mask=1731 | aux_mask=1757 | pos=98 | targets=98 | preds=90 | centerness=[-12.245, 1.371] | train_seen=2700
2026-06-05 03:46:01 | INFO | Epoch 47 | batch 1400/1829 | loss=0.8037 | giou=0.3550 | bbox=0.0736 | ce=0.0100 | aux_giou=0.0000 | aux_bbox=0.0000 | aux_ce=0.0000 | mask=1470 | aux_mask=1562 | pos=41 | targets=41 | preds=25 | centerness=[-10.963, 2.088] | train_seen=2800
2026-06-05 03:47:48 | INFO | Epoch 47 | batch 1450/1829 | loss=0.5572 | giou=0.2484 | bbox=0.0401 | ce=0.0101 | aux_giou=0.0000 | aux_bbox=0.0000 | aux_ce=0.0000 | mask=2326 | aux_mask=2420 | pos=54 | targets=54 | preds=54 | centerness=[-15.382, 0.943] | train_seen=2900
2026-06-05 03:49:34 | INFO | Epoch 47 | batch 1500/1829 | loss=0.9515 | giou=0.3726 | bbox=0.0220 | ce=0.0221 | aux_giou=0.0630 | aux_bbox=0.0041 | aux_ce=0.0050 | mask=3020 | aux_mask=2403 | pos=312 | targets=312 | preds=333 | centerness=[-8.986, 1.206] | train_seen=3000
2026-06-05 03:51:20 | INFO | Epoch 47 | batch 1550/1829 | loss=0.4882 | giou=0.2309 | bbox=0.0216 | ce=0.0024 | aux_giou=0.0000 | aux_bbox=0.0000 | aux_ce=0.0000 | mask=2344 | aux_mask=2013 | pos=24 | targets=24 | preds=27 | centerness=[-12.997, 2.585] | train_seen=3100
2026-06-05 03:53:06 | INFO | Epoch 47 | batch 1600/1829 | loss=0.8006 | giou=0.3580 | bbox=0.0160 | ce=0.0111 | aux_giou=0.0226 | aux_bbox=0.0006 | aux_ce=0.0003 | mask=2092 | aux_mask=1827 | pos=152 | targets=152 | preds=171 | centerness=[-8.752, 2.727] | train_seen=3200
2026-06-05 03:54:53 | INFO | Epoch 47 | batch 1650/1829 | loss=0.8861 | giou=0.3803 | bbox=0.0240 | ce=0.0507 | aux_giou=0.0000 | aux_bbox=0.0000 | aux_ce=0.0000 | mask=3176 | aux_mask=2556 | pos=765 | targets=765 | preds=545 | centerness=[-13.505, 2.406] | train_seen=3300
2026-06-05 03:56:39 | INFO | Epoch 47 | batch 1700/1829 | loss=0.8076 | giou=0.3402 | bbox=0.0324 | ce=0.0201 | aux_giou=0.0257 | aux_bbox=0.0010 | aux_ce=0.0011 | mask=2487 | aux_mask=2284 | pos=218 | targets=218 | preds=147 | centerness=[-11.872, 2.034] | train_seen=3400
2026-06-05 03:58:25 | INFO | Epoch 47 | batch 1750/1829 | loss=0.4863 | giou=0.2209 | bbox=0.0201 | ce=0.0122 | aux_giou=0.0000 | aux_bbox=0.0000 | aux_ce=0.0000 | mask=2597 | aux_mask=1946 | pos=173 | targets=173 | preds=149 | centerness=[-11.559, 1.718] | train_seen=3500
2026-06-05 04:00:11 | INFO | Epoch 47 | batch 1800/1829 | loss=0.5492 | giou=0.2507 | bbox=0.0319 | ce=0.0080 | aux_giou=0.0000 | aux_bbox=0.0000 | aux_ce=0.0000 | mask=2397 | aux_mask=2316 | pos=108 | targets=108 | preds=87 | centerness=[-12.927, 1.716] | train_seen=3600
2026-06-05 04:20:49 | INFO | Epoch 47 | train_loss=0.636 | val_loss=0.844 | train_mae=20.591 | val_mae=20.703 | val_rmse=49.56 | test_mae=19.030 | test_rmse=96.71 | time=5057.156s | best_rmse
2026-06-05 04:22:35 | INFO | Epoch 48 | batch 50/1829 | loss=0.5966 | giou=0.2768 | bbox=0.0243 | ce=0.0093 | aux_giou=0.0000 | aux_bbox=0.0000 | aux_ce=0.0000 | mask=2015 | aux_mask=1710 | pos=148 | targets=148 | preds=165 | centerness=[-11.302, 2.090] | train_seen=100
2026-06-05 04:24:22 | INFO | Epoch 48 | batch 100/1829 | loss=0.9070 | giou=0.4081 | bbox=0.0292 | ce=0.0308 | aux_giou=0.0000 | aux_bbox=0.0000 | aux_ce=0.0000 | mask=2764 | aux_mask=2187 | pos=463 | targets=463 | preds=278 | centerness=[-10.170, 1.884] | train_seen=200
2026-06-05 04:26:08 | INFO | Epoch 48 | batch 150/1829 | loss=0.5118 | giou=0.2302 | bbox=0.0306 | ce=0.0103 | aux_giou=0.0000 | aux_bbox=0.0000 | aux_ce=0.0000 | mask=1699 | aux_mask=1768 | pos=37 | targets=37 | preds=77 | centerness=[-15.082, 1.145] | train_seen=300
2026-06-05 04:27:54 | INFO | Epoch 48 | batch 200/1829 | loss=0.6061 | giou=0.2667 | bbox=0.0471 | ce=0.0128 | aux_giou=0.0000 | aux_bbox=0.0000 | aux_ce=0.0000 | mask=1700 | aux_mask=1372 | pos=44 | targets=44 | preds=70 | centerness=[-12.853, 0.702] | train_seen=400
2026-06-05 04:29:40 | INFO | Epoch 48 | batch 250/1829 | loss=0.5504 | giou=0.2457 | bbox=0.0338 | ce=0.0126 | aux_giou=0.0000 | aux_bbox=0.0000 | aux_ce=0.0000 | mask=2701 | aux_mask=2223 | pos=132 | targets=132 | preds=123 | centerness=[-13.081, 2.647] | train_seen=500
2026-06-05 04:31:27 | INFO | Epoch 48 | batch 300/1829 | loss=0.7326 | giou=0.3311 | bbox=0.0404 | ce=0.0150 | aux_giou=0.0000 | aux_bbox=0.0000 | aux_ce=0.0000 | mask=1742 | aux_mask=1763 | pos=100 | targets=100 | preds=84 | centerness=[-12.236, 1.606] | train_seen=600
2026-06-05 04:33:13 | INFO | Epoch 48 | batch 350/1829 | loss=0.7974 | giou=0.3527 | bbox=0.0160 | ce=0.0080 | aux_giou=0.0278 | aux_bbox=0.0009 | aux_ce=0.0018 | mask=1756 | aux_mask=1809 | pos=27 | targets=27 | preds=78 | centerness=[-10.916, 0.998] | train_seen=700
2026-06-05 04:34:59 | INFO | Epoch 48 | batch 400/1829 | loss=0.5504 | giou=0.2614 | bbox=0.0194 | ce=0.0041 | aux_giou=0.0000 | aux_bbox=0.0000 | aux_ce=0.0000 | mask=1803 | aux_mask=1719 | pos=38 | targets=38 | preds=31 | centerness=[-16.411, 1.595] | train_seen=800
2026-06-05 04:36:46 | INFO | Epoch 48 | batch 450/1829 | loss=0.2875 | giou=0.1348 | bbox=0.0132 | ce=0.0023 | aux_giou=0.0000 | aux_bbox=0.0000 | aux_ce=0.0000 | mask=1581 | aux_mask=1666 | pos=38 | targets=38 | preds=51 | centerness=[-16.054, 2.376] | train_seen=900
2026-06-05 04:38:32 | INFO | Epoch 48 | batch 500/1829 | loss=0.3708 | giou=0.1700 | bbox=0.0164 | ce=0.0072 | aux_giou=0.0000 | aux_bbox=0.0000 | aux_ce=0.0000 | mask=3432 | aux_mask=2840 | pos=319 | targets=319 | preds=361 | centerness=[-16.951, 3.018] | train_seen=1000
2026-06-05 04:40:18 | INFO | Epoch 48 | batch 550/1829 | loss=0.5214 | giou=0.2205 | bbox=0.0569 | ce=0.0117 | aux_giou=0.0000 | aux_bbox=0.0000 | aux_ce=0.0000 | mask=2095 | aux_mask=2072 | pos=43 | targets=43 | preds=27 | centerness=[-18.961, 0.696] | train_seen=1100
2026-06-05 04:42:04 | INFO | Epoch 48 | batch 600/1829 | loss=0.4809 | giou=0.2130 | bbox=0.0456 | ce=0.0047 | aux_giou=0.0000 | aux_bbox=0.0000 | aux_ce=0.0000 | mask=2349 | aux_mask=2339 | pos=35 | targets=35 | preds=35 | centerness=[-13.175, 0.974] | train_seen=1200
2026-06-05 04:43:50 | INFO | Epoch 48 | batch 650/1829 | loss=0.4442 | giou=0.2114 | bbox=0.0150 | ce=0.0032 | aux_giou=0.0000 | aux_bbox=0.0000 | aux_ce=0.0000 | mask=1557 | aux_mask=1611 | pos=74 | targets=74 | preds=71 | centerness=[-13.142, 2.287] | train_seen=1300
2026-06-05 04:45:37 | INFO | Epoch 48 | batch 700/1829 | loss=0.5111 | giou=0.2380 | bbox=0.0181 | ce=0.0085 | aux_giou=0.0000 | aux_bbox=0.0000 | aux_ce=0.0000 | mask=2666 | aux_mask=1738 | pos=131 | targets=131 | preds=171 | centerness=[-9.865, 2.112] | train_seen=1400
2026-06-05 04:47:23 | INFO | Epoch 48 | batch 750/1829 | loss=0.3524 | giou=0.1558 | bbox=0.0333 | ce=0.0038 | aux_giou=0.0000 | aux_bbox=0.0000 | aux_ce=0.0000 | mask=2248 | aux_mask=2326 | pos=43 | targets=43 | preds=39 | centerness=[-17.579, 2.513] | train_seen=1500
2026-06-05 04:49:09 | INFO | Epoch 48 | batch 800/1829 | loss=0.6735 | giou=0.3082 | bbox=0.0287 | ce=0.0142 | aux_giou=0.0000 | aux_bbox=0.0000 | aux_ce=0.0000 | mask=1889 | aux_mask=1790 | pos=182 | targets=182 | preds=159 | centerness=[-12.350, 2.523] | train_seen=1600
2026-06-05 04:50:55 | INFO | Epoch 48 | batch 850/1829 | loss=0.5169 | giou=0.2264 | bbox=0.0529 | ce=0.0056 | aux_giou=0.0000 | aux_bbox=0.0000 | aux_ce=0.0000 | mask=1767 | aux_mask=1944 | pos=32 | targets=32 | preds=28 | centerness=[-17.377, 0.908] | train_seen=1700
2026-06-05 04:52:41 | INFO | Epoch 48 | batch 900/1829 | loss=0.7196 | giou=0.3255 | bbox=0.0216 | ce=0.0236 | aux_giou=0.0000 | aux_bbox=0.0000 | aux_ce=0.0000 | mask=3768 | aux_mask=2496 | pos=1460 | targets=1460 | preds=1323 | centerness=[-9.198, 1.562] | train_seen=1800
2026-06-05 04:54:28 | INFO | Epoch 48 | batch 950/1829 | loss=0.4737 | giou=0.2082 | bbox=0.0423 | ce=0.0075 | aux_giou=0.0000 | aux_bbox=0.0000 | aux_ce=0.0000 | mask=2085 | aux_mask=2152 | pos=37 | targets=37 | preds=38 | centerness=[-15.839, 0.558] | train_seen=1900
2026-06-05 04:56:14 | INFO | Epoch 48 | batch 1000/1829 | loss=0.3913 | giou=0.1774 | bbox=0.0232 | ce=0.0066 | aux_giou=0.0000 | aux_bbox=0.0000 | aux_ce=0.0000 | mask=1917 | aux_mask=1827 | pos=90 | targets=90 | preds=94 | centerness=[-12.758, 2.498] | train_seen=2000
2026-06-05 04:58:00 | INFO | Epoch 48 | batch 1050/1829 | loss=0.6715 | giou=0.2985 | bbox=0.0444 | ce=0.0151 | aux_giou=0.0000 | aux_bbox=0.0000 | aux_ce=0.0000 | mask=2502 | aux_mask=2210 | pos=96 | targets=96 | preds=99 | centerness=[-14.607, 1.587] | train_seen=2100
2026-06-05 04:59:46 | INFO | Epoch 48 | batch 1100/1829 | loss=0.5827 | giou=0.2593 | bbox=0.0294 | ce=0.0174 | aux_giou=0.0000 | aux_bbox=0.0000 | aux_ce=0.0000 | mask=1534 | aux_mask=1528 | pos=120 | targets=120 | preds=92 | centerness=[-13.303, 1.466] | train_seen=2200
2026-06-05 05:01:32 | INFO | Epoch 48 | batch 1150/1829 | loss=0.6088 | giou=0.2871 | bbox=0.0212 | ce=0.0067 | aux_giou=0.0000 | aux_bbox=0.0000 | aux_ce=0.0000 | mask=1806 | aux_mask=1727 | pos=79 | targets=79 | preds=84 | centerness=[-13.063, 1.771] | train_seen=2300
2026-06-05 05:03:19 | INFO | Epoch 48 | batch 1200/1829 | loss=0.6292 | giou=0.2979 | bbox=0.0208 | ce=0.0063 | aux_giou=0.0000 | aux_bbox=0.0000 | aux_ce=0.0000 | mask=2151 | aux_mask=2153 | pos=86 | targets=86 | preds=86 | centerness=[-11.432, 1.733] | train_seen=2400
2026-06-05 05:05:05 | INFO | Epoch 48 | batch 1250/1829 | loss=0.7181 | giou=0.3039 | bbox=0.0142 | ce=0.0144 | aux_giou=0.0306 | aux_bbox=0.0013 | aux_ce=0.0023 | mask=1716 | aux_mask=1435 | pos=285 | targets=285 | preds=235 | centerness=[-12.374, 2.138] | train_seen=2500
2026-06-05 05:06:51 | INFO | Epoch 48 | batch 1300/1829 | loss=0.6178 | giou=0.2816 | bbox=0.0154 | ce=0.0197 | aux_giou=0.0000 | aux_bbox=0.0000 | aux_ce=0.0000 | mask=3357 | aux_mask=2677 | pos=320 | targets=320 | preds=393 | centerness=[-6.794, 2.417] | train_seen=2600
2026-06-05 05:08:37 | INFO | Epoch 48 | batch 1350/1829 | loss=0.7755 | giou=0.3574 | bbox=0.0357 | ce=0.0125 | aux_giou=0.0000 | aux_bbox=0.0000 | aux_ce=0.0000 | mask=2311 | aux_mask=1910 | pos=91 | targets=91 | preds=107 | centerness=[-14.452, 0.976] | train_seen=2700
2026-06-05 05:10:23 | INFO | Epoch 48 | batch 1400/1829 | loss=0.6536 | giou=0.2923 | bbox=0.0434 | ce=0.0128 | aux_giou=0.0000 | aux_bbox=0.0000 | aux_ce=0.0000 | mask=2041 | aux_mask=2172 | pos=71 | targets=71 | preds=47 | centerness=[-15.459, 1.635] | train_seen=2800
2026-06-05 05:12:10 | INFO | Epoch 48 | batch 1450/1829 | loss=0.7748 | giou=0.3517 | bbox=0.0208 | ce=0.0253 | aux_giou=0.0000 | aux_bbox=0.0000 | aux_ce=0.0000 | mask=2416 | aux_mask=2099 | pos=228 | targets=228 | preds=154 | centerness=[-10.955, 2.302] | train_seen=2900
2026-06-05 05:13:56 | INFO | Epoch 48 | batch 1500/1829 | loss=0.3499 | giou=0.1549 | bbox=0.0339 | ce=0.0031 | aux_giou=0.0000 | aux_bbox=0.0000 | aux_ce=0.0000 | mask=2081 | aux_mask=2327 | pos=34 | targets=34 | preds=32 | centerness=[-17.320, 1.008] | train_seen=3000
2026-06-05 05:15:43 | INFO | Epoch 48 | batch 1550/1829 | loss=0.8237 | giou=0.3554 | bbox=0.0221 | ce=0.0161 | aux_giou=0.0281 | aux_bbox=0.0014 | aux_ce=0.0006 | mask=2459 | aux_mask=2006 | pos=156 | targets=156 | preds=164 | centerness=[-7.962, 1.448] | train_seen=3100
2026-06-05 05:17:29 | INFO | Epoch 48 | batch 1600/1829 | loss=0.5724 | giou=0.2549 | bbox=0.0212 | ce=0.0207 | aux_giou=0.0000 | aux_bbox=0.0000 | aux_ce=0.0000 | mask=3129 | aux_mask=2457 | pos=290 | targets=290 | preds=295 | centerness=[-6.234, 2.458] | train_seen=3200
2026-06-05 05:19:15 | INFO | Epoch 48 | batch 1650/1829 | loss=0.6487 | giou=0.2851 | bbox=0.0195 | ce=0.0295 | aux_giou=0.0000 | aux_bbox=0.0000 | aux_ce=0.0000 | mask=1994 | aux_mask=1860 | pos=230 | targets=230 | preds=122 | centerness=[-13.779, 1.232] | train_seen=3300
2026-06-05 05:21:01 | INFO | Epoch 48 | batch 1700/1829 | loss=0.7137 | giou=0.3051 | bbox=0.0214 | ce=0.0108 | aux_giou=0.0289 | aux_bbox=0.0013 | aux_ce=0.0006 | mask=2128 | aux_mask=1873 | pos=116 | targets=116 | preds=107 | centerness=[-13.924, 2.517] | train_seen=3400
2026-06-05 05:22:48 | INFO | Epoch 48 | batch 1750/1829 | loss=0.5192 | giou=0.2366 | bbox=0.0233 | ce=0.0114 | aux_giou=0.0000 | aux_bbox=0.0000 | aux_ce=0.0000 | mask=1923 | aux_mask=1964 | pos=118 | targets=118 | preds=91 | centerness=[-13.260, 1.995] | train_seen=3500
2026-06-05 05:24:34 | INFO | Epoch 48 | batch 1800/1829 | loss=0.5005 | giou=0.2429 | bbox=0.0115 | ce=0.0016 | aux_giou=0.0000 | aux_bbox=0.0000 | aux_ce=0.0000 | mask=2057 | aux_mask=2254 | pos=29 | targets=29 | preds=32 | centerness=[-11.862, 2.283] | train_seen=3600
2026-06-05 05:45:08 | INFO | Epoch 48 | train_loss=0.632 | val_loss=0.841 | train_mae=20.842 | val_mae=21.033 | val_rmse=52.71 | test_mae=18.843 | test_rmse=99.17 | time=5057.278s
2026-06-05 05:46:54 | INFO | Epoch 49 | batch 50/1829 | loss=0.2973 | giou=0.1322 | bbox=0.0274 | ce=0.0027 | aux_giou=0.0000 | aux_bbox=0.0000 | aux_ce=0.0000 | mask=2082 | aux_mask=2170 | pos=24 | targets=24 | preds=26 | centerness=[-18.349, 1.903] | train_seen=100
2026-06-05 05:48:40 | INFO | Epoch 49 | batch 100/1829 | loss=0.6317 | giou=0.2828 | bbox=0.0320 | ce=0.0171 | aux_giou=0.0000 | aux_bbox=0.0000 | aux_ce=0.0000 | mask=3087 | aux_mask=2222 | pos=544 | targets=544 | preds=498 | centerness=[-13.005, 1.580] | train_seen=200
2026-06-05 05:50:27 | INFO | Epoch 49 | batch 150/1829 | loss=0.6348 | giou=0.2730 | bbox=0.0360 | ce=0.0263 | aux_giou=0.0000 | aux_bbox=0.0000 | aux_ce=0.0000 | mask=2303 | aux_mask=2243 | pos=187 | targets=187 | preds=74 | centerness=[-13.581, 1.790] | train_seen=300
2026-06-05 05:52:13 | INFO | Epoch 49 | batch 200/1829 | loss=0.9645 | giou=0.4181 | bbox=0.0440 | ce=0.0422 | aux_giou=0.0000 | aux_bbox=0.0000 | aux_ce=0.0000 | mask=2578 | aux_mask=2511 | pos=395 | targets=395 | preds=456 | centerness=[-13.383, 1.706] | train_seen=400
2026-06-05 05:54:00 | INFO | Epoch 49 | batch 250/1829 | loss=0.5933 | giou=0.2554 | bbox=0.0406 | ce=0.0210 | aux_giou=0.0000 | aux_bbox=0.0000 | aux_ce=0.0000 | mask=2010 | aux_mask=2030 | pos=128 | targets=128 | preds=112 | centerness=[-19.067, 0.551] | train_seen=500
2026-06-05 05:55:46 | INFO | Epoch 49 | batch 300/1829 | loss=0.5928 | giou=0.2747 | bbox=0.0320 | ce=0.0057 | aux_giou=0.0000 | aux_bbox=0.0000 | aux_ce=0.0000 | mask=2530 | aux_mask=2501 | pos=24 | targets=24 | preds=45 | centerness=[-13.883, 1.245] | train_seen=600
2026-06-05 05:57:32 | INFO | Epoch 49 | batch 350/1829 | loss=0.5719 | giou=0.2679 | bbox=0.0205 | ce=0.0078 | aux_giou=0.0000 | aux_bbox=0.0000 | aux_ce=0.0000 | mask=1749 | aux_mask=1636 | pos=104 | targets=104 | preds=91 | centerness=[-10.860, 2.592] | train_seen=700
2026-06-05 05:59:18 | INFO | Epoch 49 | batch 400/1829 | loss=1.0196 | giou=0.3972 | bbox=0.2021 | ce=0.0116 | aux_giou=0.0000 | aux_bbox=0.0000 | aux_ce=0.0000 | mask=1474 | aux_mask=1800 | pos=61 | targets=61 | preds=68 | centerness=[-11.954, 1.200] | train_seen=800
2026-06-05 06:01:04 | INFO | Epoch 49 | batch 450/1829 | loss=0.4617 | giou=0.2085 | bbox=0.0287 | ce=0.0080 | aux_giou=0.0000 | aux_bbox=0.0000 | aux_ce=0.0000 | mask=2469 | aux_mask=2077 | pos=57 | targets=57 | preds=43 | centerness=[-15.967, 1.708] | train_seen=900
2026-06-05 06:02:50 | INFO | Epoch 49 | batch 500/1829 | loss=0.6107 | giou=0.2834 | bbox=0.0211 | ce=0.0114 | aux_giou=0.0000 | aux_bbox=0.0000 | aux_ce=0.0000 | mask=2797 | aux_mask=2020 | pos=213 | targets=213 | preds=284 | centerness=[-10.934, 1.932] | train_seen=1000
2026-06-05 06:04:36 | INFO | Epoch 49 | batch 550/1829 | loss=0.4708 | giou=0.2078 | bbox=0.0269 | ce=0.0141 | aux_giou=0.0000 | aux_bbox=0.0000 | aux_ce=0.0000 | mask=2581 | aux_mask=2426 | pos=108 | targets=108 | preds=67 | centerness=[-8.865, 1.727] | train_seen=1100
2026-06-05 06:06:22 | INFO | Epoch 49 | batch 600/1829 | loss=0.8939 | giou=0.3638 | bbox=0.0327 | ce=0.0242 | aux_giou=0.0392 | aux_bbox=0.0026 | aux_ce=0.0021 | mask=1449 | aux_mask=1603 | pos=188 | targets=188 | preds=145 | centerness=[-15.362, 2.033] | train_seen=1200
2026-06-05 06:08:08 | INFO | Epoch 49 | batch 650/1829 | loss=0.5966 | giou=0.2740 | bbox=0.0291 | ce=0.0097 | aux_giou=0.0000 | aux_bbox=0.0000 | aux_ce=0.0000 | mask=2148 | aux_mask=2067 | pos=102 | targets=102 | preds=86 | centerness=[-18.157, 1.205] | train_seen=1300
2026-06-05 06:09:55 | INFO | Epoch 49 | batch 700/1829 | loss=0.6172 | giou=0.2706 | bbox=0.0144 | ce=0.0099 | aux_giou=0.0201 | aux_bbox=0.0006 | aux_ce=0.0004 | mask=1800 | aux_mask=1622 | pos=59 | targets=59 | preds=63 | centerness=[-11.439, 2.353] | train_seen=1400
2026-06-05 06:11:41 | INFO | Epoch 49 | batch 750/1829 | loss=0.7412 | giou=0.3339 | bbox=0.0531 | ce=0.0102 | aux_giou=0.0000 | aux_bbox=0.0000 | aux_ce=0.0000 | mask=2328 | aux_mask=2355 | pos=71 | targets=71 | preds=71 | centerness=[-13.658, 1.060] | train_seen=1500
2026-06-05 06:13:27 | INFO | Epoch 49 | batch 800/1829 | loss=0.6828 | giou=0.2992 | bbox=0.0420 | ce=0.0212 | aux_giou=0.0000 | aux_bbox=0.0000 | aux_ce=0.0000 | mask=2288 | aux_mask=2181 | pos=118 | targets=118 | preds=94 | centerness=[-10.550, 0.739] | train_seen=1600
2026-06-05 06:15:13 | INFO | Epoch 49 | batch 850/1829 | loss=0.3767 | giou=0.1632 | bbox=0.0159 | ce=0.0171 | aux_giou=0.0000 | aux_bbox=0.0000 | aux_ce=0.0000 | mask=2096 | aux_mask=1859 | pos=141 | targets=141 | preds=125 | centerness=[-7.466, 2.475] | train_seen=1700
2026-06-05 06:16:59 | INFO | Epoch 49 | batch 900/1829 | loss=0.6418 | giou=0.2957 | bbox=0.0296 | ce=0.0104 | aux_giou=0.0000 | aux_bbox=0.0000 | aux_ce=0.0000 | mask=2313 | aux_mask=1868 | pos=88 | targets=88 | preds=101 | centerness=[-13.545, 0.950] | train_seen=1800
2026-06-05 06:18:46 | INFO | Epoch 49 | batch 950/1829 | loss=0.8360 | giou=0.3652 | bbox=0.0387 | ce=0.0335 | aux_giou=0.0000 | aux_bbox=0.0000 | aux_ce=0.0000 | mask=2520 | aux_mask=2193 | pos=318 | targets=318 | preds=514 | centerness=[-14.200, 1.255] | train_seen=1900
2026-06-05 06:20:32 | INFO | Epoch 49 | batch 1000/1829 | loss=0.7448 | giou=0.3287 | bbox=0.0761 | ce=0.0056 | aux_giou=0.0000 | aux_bbox=0.0000 | aux_ce=0.0000 | mask=1745 | aux_mask=1889 | pos=24 | targets=24 | preds=30 | centerness=[-18.809, 0.350] | train_seen=2000
2026-06-05 06:22:18 | INFO | Epoch 49 | batch 1050/1829 | loss=0.5610 | giou=0.2575 | bbox=0.0246 | ce=0.0107 | aux_giou=0.0000 | aux_bbox=0.0000 | aux_ce=0.0000 | mask=2231 | aux_mask=2149 | pos=123 | targets=123 | preds=128 | centerness=[-11.771, 1.475] | train_seen=2100
2026-06-05 06:24:04 | INFO | Epoch 49 | batch 1100/1829 | loss=0.4747 | giou=0.2240 | bbox=0.0207 | ce=0.0030 | aux_giou=0.0000 | aux_bbox=0.0000 | aux_ce=0.0000 | mask=2375 | aux_mask=2037 | pos=30 | targets=30 | preds=36 | centerness=[-8.966, 1.788] | train_seen=2200
2026-06-05 06:25:51 | INFO | Epoch 49 | batch 1150/1829 | loss=0.5117 | giou=0.2402 | bbox=0.0226 | ce=0.0044 | aux_giou=0.0000 | aux_bbox=0.0000 | aux_ce=0.0000 | mask=1940 | aux_mask=1775 | pos=48 | targets=48 | preds=48 | centerness=[-13.041, 2.337] | train_seen=2300
2026-06-05 06:27:37 | INFO | Epoch 49 | batch 1200/1829 | loss=1.0950 | giou=0.4633 | bbox=0.0258 | ce=0.0191 | aux_giou=0.0476 | aux_bbox=0.0030 | aux_ce=0.0031 | mask=2849 | aux_mask=2436 | pos=118 | targets=118 | preds=210 | centerness=[-10.851, 1.243] | train_seen=2400
2026-06-05 06:29:23 | INFO | Epoch 49 | batch 1250/1829 | loss=0.7002 | giou=0.3152 | bbox=0.0524 | ce=0.0087 | aux_giou=0.0000 | aux_bbox=0.0000 | aux_ce=0.0000 | mask=2440 | aux_mask=2205 | pos=84 | targets=84 | preds=70 | centerness=[-12.819, 1.235] | train_seen=2500
2026-06-05 06:31:09 | INFO | Epoch 49 | batch 1300/1829 | loss=0.8153 | giou=0.3315 | bbox=0.0193 | ce=0.0240 | aux_giou=0.0350 | aux_bbox=0.0013 | aux_ce=0.0070 | mask=2413 | aux_mask=2250 | pos=508 | targets=508 | preds=543 | centerness=[-7.346, 1.142] | train_seen=2600
2026-06-05 06:32:56 | INFO | Epoch 49 | batch 1350/1829 | loss=0.5940 | giou=0.2625 | bbox=0.0536 | ce=0.0078 | aux_giou=0.0000 | aux_bbox=0.0000 | aux_ce=0.0000 | mask=2001 | aux_mask=1705 | pos=62 | targets=62 | preds=73 | centerness=[-17.514, 0.899] | train_seen=2700
2026-06-05 06:34:42 | INFO | Epoch 49 | batch 1400/1829 | loss=0.6752 | giou=0.3078 | bbox=0.0511 | ce=0.0043 | aux_giou=0.0000 | aux_bbox=0.0000 | aux_ce=0.0000 | mask=2357 | aux_mask=2273 | pos=39 | targets=39 | preds=50 | centerness=[-12.574, 1.384] | train_seen=2800
2026-06-05 06:36:28 | INFO | Epoch 49 | batch 1450/1829 | loss=0.6215 | giou=0.2648 | bbox=0.0403 | ce=0.0258 | aux_giou=0.0000 | aux_bbox=0.0000 | aux_ce=0.0000 | mask=2357 | aux_mask=2295 | pos=177 | targets=177 | preds=68 | centerness=[-14.302, 1.308] | train_seen=2900
2026-06-05 06:38:15 | INFO | Epoch 49 | batch 1500/1829 | loss=0.7043 | giou=0.3165 | bbox=0.0320 | ce=0.0196 | aux_giou=0.0000 | aux_bbox=0.0000 | aux_ce=0.0000 | mask=1917 | aux_mask=1558 | pos=190 | targets=190 | preds=145 | centerness=[-12.931, 2.333] | train_seen=3000
2026-06-05 06:40:01 | INFO | Epoch 49 | batch 1550/1829 | loss=0.7525 | giou=0.3504 | bbox=0.0202 | ce=0.0158 | aux_giou=0.0000 | aux_bbox=0.0000 | aux_ce=0.0000 | mask=2515 | aux_mask=2146 | pos=174 | targets=174 | preds=212 | centerness=[-8.781, 2.030] | train_seen=3100
2026-06-05 06:41:47 | INFO | Epoch 49 | batch 1600/1829 | loss=0.6676 | giou=0.3162 | bbox=0.0227 | ce=0.0062 | aux_giou=0.0000 | aux_bbox=0.0000 | aux_ce=0.0000 | mask=1524 | aux_mask=1808 | pos=60 | targets=60 | preds=44 | centerness=[-15.016, 1.748] | train_seen=3200
2026-06-05 06:43:33 | INFO | Epoch 49 | batch 1650/1829 | loss=0.5733 | giou=0.2531 | bbox=0.0467 | ce=0.0102 | aux_giou=0.0000 | aux_bbox=0.0000 | aux_ce=0.0000 | mask=2234 | aux_mask=2177 | pos=51 | targets=51 | preds=52 | centerness=[-15.662, 0.901] | train_seen=3300
2026-06-05 06:45:19 | INFO | Epoch 49 | batch 1700/1829 | loss=0.8361 | giou=0.3864 | bbox=0.0372 | ce=0.0131 | aux_giou=0.0000 | aux_bbox=0.0000 | aux_ce=0.0000 | mask=2380 | aux_mask=2080 | pos=163 | targets=163 | preds=119 | centerness=[-11.091, 1.075] | train_seen=3400
2026-06-05 06:47:05 | INFO | Epoch 49 | batch 1750/1829 | loss=0.5046 | giou=0.2342 | bbox=0.0194 | ce=0.0084 | aux_giou=0.0000 | aux_bbox=0.0000 | aux_ce=0.0000 | mask=1932 | aux_mask=1648 | pos=103 | targets=103 | preds=80 | centerness=[-12.300, 2.340] | train_seen=3500
2026-06-05 06:48:52 | INFO | Epoch 49 | batch 1800/1829 | loss=0.7944 | giou=0.3431 | bbox=0.0309 | ce=0.0082 | aux_giou=0.0295 | aux_bbox=0.0012 | aux_ce=0.0004 | mask=2038 | aux_mask=2356 | pos=98 | targets=98 | preds=70 | centerness=[-13.680, 2.187] | train_seen=3600
2026-06-05 07:09:26 | INFO | Epoch 49 | train_loss=0.631 | val_loss=0.837 | train_mae=21.025 | val_mae=20.999 | val_rmse=52.06 | test_mae=19.052 | test_rmse=100.82 | time=5056.496s
2026-06-05 07:11:13 | INFO | Epoch 50 | batch 50/1829 | loss=0.7432 | giou=0.3304 | bbox=0.0606 | ce=0.0108 | aux_giou=0.0000 | aux_bbox=0.0000 | aux_ce=0.0000 | mask=1641 | aux_mask=1812 | pos=82 | targets=82 | preds=53 | centerness=[-16.475, 1.286] | train_seen=100
2026-06-05 07:12:59 | INFO | Epoch 50 | batch 100/1829 | loss=0.7721 | giou=0.3588 | bbox=0.0281 | ce=0.0132 | aux_giou=0.0000 | aux_bbox=0.0000 | aux_ce=0.0000 | mask=1863 | aux_mask=1755 | pos=110 | targets=110 | preds=88 | centerness=[-14.062, 1.565] | train_seen=200
2026-06-05 07:14:45 | INFO | Epoch 50 | batch 150/1829 | loss=0.6699 | giou=0.3025 | bbox=0.0522 | ce=0.0063 | aux_giou=0.0000 | aux_bbox=0.0000 | aux_ce=0.0000 | mask=1667 | aux_mask=1636 | pos=26 | targets=26 | preds=26 | centerness=[-14.070, 1.904] | train_seen=300
2026-06-05 07:16:32 | INFO | Epoch 50 | batch 200/1829 | loss=0.7250 | giou=0.3411 | bbox=0.0266 | ce=0.0081 | aux_giou=0.0000 | aux_bbox=0.0000 | aux_ce=0.0000 | mask=1222 | aux_mask=1401 | pos=50 | targets=50 | preds=37 | centerness=[-11.560, 1.398] | train_seen=400
2026-06-05 07:18:18 | INFO | Epoch 50 | batch 250/1829 | loss=0.4957 | giou=0.2257 | bbox=0.0301 | ce=0.0071 | aux_giou=0.0000 | aux_bbox=0.0000 | aux_ce=0.0000 | mask=2076 | aux_mask=2160 | pos=57 | targets=57 | preds=41 | centerness=[-16.917, 1.699] | train_seen=500
2026-06-05 07:20:04 | INFO | Epoch 50 | batch 300/1829 | loss=0.5607 | giou=0.2531 | bbox=0.0184 | ce=0.0181 | aux_giou=0.0000 | aux_bbox=0.0000 | aux_ce=0.0000 | mask=2762 | aux_mask=2173 | pos=87 | targets=87 | preds=311 | centerness=[-12.299, 1.607] | train_seen=600
2026-06-05 07:21:50 | INFO | Epoch 50 | batch 350/1829 | loss=0.7597 | giou=0.3106 | bbox=0.0114 | ce=0.0259 | aux_giou=0.0311 | aux_bbox=0.0011 | aux_ce=0.0060 | mask=2286 | aux_mask=1934 | pos=536 | targets=536 | preds=485 | centerness=[-8.005, 3.112] | train_seen=700
2026-06-05 07:23:36 | INFO | Epoch 50 | batch 400/1829 | loss=0.4838 | giou=0.2219 | bbox=0.0287 | ce=0.0057 | aux_giou=0.0000 | aux_bbox=0.0000 | aux_ce=0.0000 | mask=2437 | aux_mask=2404 | pos=45 | targets=45 | preds=57 | centerness=[-14.207, 0.948] | train_seen=800
2026-06-05 07:25:22 | INFO | Epoch 50 | batch 450/1829 | loss=0.7862 | giou=0.3596 | bbox=0.0507 | ce=0.0082 | aux_giou=0.0000 | aux_bbox=0.0000 | aux_ce=0.0000 | mask=2894 | aux_mask=2197 | pos=164 | targets=164 | preds=147 | centerness=[-19.122, 2.727] | train_seen=900
2026-06-05 07:27:09 | INFO | Epoch 50 | batch 500/1829 | loss=0.5806 | giou=0.2596 | bbox=0.0374 | ce=0.0120 | aux_giou=0.0000 | aux_bbox=0.0000 | aux_ce=0.0000 | mask=1706 | aux_mask=1559 | pos=62 | targets=62 | preds=37 | centerness=[-13.392, 2.622] | train_seen=1000
2026-06-05 07:28:55 | INFO | Epoch 50 | batch 550/1829 | loss=0.5885 | giou=0.2693 | bbox=0.0399 | ce=0.0050 | aux_giou=0.0000 | aux_bbox=0.0000 | aux_ce=0.0000 | mask=2144 | aux_mask=1817 | pos=60 | targets=60 | preds=54 | centerness=[-15.662, 2.397] | train_seen=1100
2026-06-05 07:30:41 | INFO | Epoch 50 | batch 600/1829 | loss=0.9921 | giou=0.4323 | bbox=0.0242 | ce=0.0080 | aux_giou=0.0411 | aux_bbox=0.0027 | aux_ce=0.0011 | mask=2669 | aux_mask=2065 | pos=22 | targets=22 | preds=121 | centerness=[-10.859, 2.336] | train_seen=1200
2026-06-05 07:32:27 | INFO | Epoch 50 | batch 650/1829 | loss=0.7792 | giou=0.3512 | bbox=0.0254 | ce=0.0257 | aux_giou=0.0000 | aux_bbox=0.0000 | aux_ce=0.0000 | mask=2815 | aux_mask=2296 | pos=292 | targets=292 | preds=270 | centerness=[-14.565, 2.259] | train_seen=1300
2026-06-05 07:34:13 | INFO | Epoch 50 | batch 700/1829 | loss=0.9668 | giou=0.4369 | bbox=0.0269 | ce=0.0331 | aux_giou=0.0000 | aux_bbox=0.0000 | aux_ce=0.0000 | mask=2845 | aux_mask=2420 | pos=600 | targets=600 | preds=396 | centerness=[-6.536, 2.208] | train_seen=1400
2026-06-05 07:35:59 | INFO | Epoch 50 | batch 750/1829 | loss=0.7367 | giou=0.3205 | bbox=0.0480 | ce=0.0238 | aux_giou=0.0000 | aux_bbox=0.0000 | aux_ce=0.0000 | mask=2286 | aux_mask=2158 | pos=106 | targets=106 | preds=41 | centerness=[-13.980, 0.620] | train_seen=1500
2026-06-05 07:37:46 | INFO | Epoch 50 | batch 800/1829 | loss=0.4046 | giou=0.1877 | bbox=0.0209 | ce=0.0041 | aux_giou=0.0000 | aux_bbox=0.0000 | aux_ce=0.0000 | mask=1787 | aux_mask=1919 | pos=25 | targets=25 | preds=27 | centerness=[-15.467, 1.457] | train_seen=1600
2026-06-05 07:39:32 | INFO | Epoch 50 | batch 850/1829 | loss=0.6665 | giou=0.3015 | bbox=0.0494 | ce=0.0071 | aux_giou=0.0000 | aux_bbox=0.0000 | aux_ce=0.0000 | mask=2003 | aux_mask=1945 | pos=77 | targets=77 | preds=69 | centerness=[-11.684, 2.235] | train_seen=1700
2026-06-05 07:41:18 | INFO | Epoch 50 | batch 900/1829 | loss=0.8603 | giou=0.3610 | bbox=0.0409 | ce=0.0098 | aux_giou=0.0371 | aux_bbox=0.0012 | aux_ce=0.0011 | mask=2201 | aux_mask=2661 | pos=70 | targets=70 | preds=114 | centerness=[-15.331, 0.770] | train_seen=1800
2026-06-05 07:43:05 | INFO | Epoch 50 | batch 950/1829 | loss=0.8309 | giou=0.3337 | bbox=0.0658 | ce=0.0127 | aux_giou=0.0320 | aux_bbox=0.0071 | aux_ce=0.0006 | mask=2012 | aux_mask=2119 | pos=133 | targets=133 | preds=133 | centerness=[-9.928, 1.350] | train_seen=1900
2026-06-05 07:44:51 | INFO | Epoch 50 | batch 1000/1829 | loss=0.5248 | giou=0.2474 | bbox=0.0237 | ce=0.0031 | aux_giou=0.0000 | aux_bbox=0.0000 | aux_ce=0.0000 | mask=1686 | aux_mask=1713 | pos=24 | targets=24 | preds=25 | centerness=[-15.050, 2.028] | train_seen=2000
2026-06-05 07:46:37 | INFO | Epoch 50 | batch 1050/1829 | loss=0.7392 | giou=0.3109 | bbox=0.0285 | ce=0.0095 | aux_giou=0.0308 | aux_bbox=0.0035 | aux_ce=0.0024 | mask=1818 | aux_mask=1903 | pos=134 | targets=134 | preds=90 | centerness=[-8.444, 2.377] | train_seen=2100
2026-06-05 07:48:23 | INFO | Epoch 50 | batch 1100/1829 | loss=0.9957 | giou=0.4205 | bbox=0.0211 | ce=0.0166 | aux_giou=0.0458 | aux_bbox=0.0032 | aux_ce=0.0028 | mask=3070 | aux_mask=2470 | pos=241 | targets=241 | preds=264 | centerness=[-8.491, 2.330] | train_seen=2200
2026-06-05 07:50:10 | INFO | Epoch 50 | batch 1150/1829 | loss=0.5535 | giou=0.2641 | bbox=0.0154 | ce=0.0050 | aux_giou=0.0000 | aux_bbox=0.0000 | aux_ce=0.0000 | mask=1704 | aux_mask=1727 | pos=128 | targets=128 | preds=118 | centerness=[-13.960, 2.175] | train_seen=2300
2026-06-05 07:51:56 | INFO | Epoch 50 | batch 1200/1829 | loss=0.6815 | giou=0.3086 | bbox=0.0382 | ce=0.0130 | aux_giou=0.0000 | aux_bbox=0.0000 | aux_ce=0.0000 | mask=2442 | aux_mask=2047 | pos=113 | targets=113 | preds=72 | centerness=[-13.601, 1.368] | train_seen=2400
2026-06-05 07:53:42 | INFO | Epoch 50 | batch 1250/1829 | loss=0.5752 | giou=0.2662 | bbox=0.0173 | ce=0.0127 | aux_giou=0.0000 | aux_bbox=0.0000 | aux_ce=0.0000 | mask=2861 | aux_mask=2271 | pos=451 | targets=451 | preds=488 | centerness=[-11.760, 2.310] | train_seen=2500
2026-06-05 07:55:29 | INFO | Epoch 50 | batch 1300/1829 | loss=0.4240 | giou=0.1777 | bbox=0.0530 | ce=0.0078 | aux_giou=0.0000 | aux_bbox=0.0000 | aux_ce=0.0000 | mask=1868 | aux_mask=2210 | pos=37 | targets=37 | preds=32 | centerness=[-16.284, 1.569] | train_seen=2600
2026-06-05 07:57:15 | INFO | Epoch 50 | batch 1350/1829 | loss=0.3999 | giou=0.1751 | bbox=0.0304 | ce=0.0096 | aux_giou=0.0000 | aux_bbox=0.0000 | aux_ce=0.0000 | mask=1514 | aux_mask=1410 | pos=71 | targets=71 | preds=49 | centerness=[-19.066, 1.541] | train_seen=2700
2026-06-05 07:59:02 | INFO | Epoch 50 | batch 1400/1829 | loss=0.7924 | giou=0.3632 | bbox=0.0402 | ce=0.0129 | aux_giou=0.0000 | aux_bbox=0.0000 | aux_ce=0.0000 | mask=2139 | aux_mask=1896 | pos=63 | targets=63 | preds=97 | centerness=[-14.727, 1.510] | train_seen=2800
2026-06-05 08:00:48 | INFO | Epoch 50 | batch 1450/1829 | loss=0.4986 | giou=0.2179 | bbox=0.0512 | ce=0.0057 | aux_giou=0.0000 | aux_bbox=0.0000 | aux_ce=0.0000 | mask=2355 | aux_mask=2816 | pos=70 | targets=70 | preds=32 | centerness=[-16.891, 1.835] | train_seen=2900
2026-06-05 08:02:34 | INFO | Epoch 50 | batch 1500/1829 | loss=0.6576 | giou=0.2978 | bbox=0.0399 | ce=0.0110 | aux_giou=0.0000 | aux_bbox=0.0000 | aux_ce=0.0000 | mask=2949 | aux_mask=2107 | pos=246 | targets=246 | preds=211 | centerness=[-14.468, 2.350] | train_seen=3000
2026-06-05 08:04:20 | INFO | Epoch 50 | batch 1550/1829 | loss=0.3864 | giou=0.1795 | bbox=0.0156 | ce=0.0059 | aux_giou=0.0000 | aux_bbox=0.0000 | aux_ce=0.0000 | mask=1967 | aux_mask=1700 | pos=77 | targets=77 | preds=97 | centerness=[-14.073, 2.196] | train_seen=3100
2026-06-05 08:06:07 | INFO | Epoch 50 | batch 1600/1829 | loss=0.4545 | giou=0.2077 | bbox=0.0190 | ce=0.0100 | aux_giou=0.0000 | aux_bbox=0.0000 | aux_ce=0.0000 | mask=1729 | aux_mask=1649 | pos=87 | targets=87 | preds=84 | centerness=[-14.509, 2.016] | train_seen=3200
2026-06-05 08:07:53 | INFO | Epoch 50 | batch 1650/1829 | loss=0.7090 | giou=0.3080 | bbox=0.0244 | ce=0.0343 | aux_giou=0.0000 | aux_bbox=0.0000 | aux_ce=0.0000 | mask=2802 | aux_mask=2317 | pos=560 | targets=560 | preds=385 | centerness=[-7.580, 2.363] | train_seen=3300
2026-06-05 08:09:39 | INFO | Epoch 50 | batch 1700/1829 | loss=0.4835 | giou=0.2192 | bbox=0.0329 | ce=0.0061 | aux_giou=0.0000 | aux_bbox=0.0000 | aux_ce=0.0000 | mask=1961 | aux_mask=2204 | pos=21 | targets=21 | preds=41 | centerness=[-14.225, 0.433] | train_seen=3400
2026-06-05 08:11:25 | INFO | Epoch 50 | batch 1750/1829 | loss=0.4307 | giou=0.1966 | bbox=0.0310 | ce=0.0032 | aux_giou=0.0000 | aux_bbox=0.0000 | aux_ce=0.0000 | mask=1399 | aux_mask=1648 | pos=24 | targets=24 | preds=28 | centerness=[-12.890, 1.042] | train_seen=3500
2026-06-05 08:13:12 | INFO | Epoch 50 | batch 1800/1829 | loss=0.6349 | giou=0.2881 | bbox=0.0308 | ce=0.0140 | aux_giou=0.0000 | aux_bbox=0.0000 | aux_ce=0.0000 | mask=2639 | aux_mask=1962 | pos=197 | targets=197 | preds=160 | centerness=[-13.027, 2.405] | train_seen=3600
2026-06-05 08:33:47 | INFO | Epoch 50 | train_loss=0.626 | val_loss=0.835 | train_mae=19.919 | val_mae=21.309 | val_rmse=50.92 | test_mae=19.118 | test_rmse=98.02 | time=5058.309s
2026-06-05 08:35:33 | INFO | Epoch 51 | batch 50/1829 | loss=0.5448 | giou=0.2431 | bbox=0.0342 | ce=0.0122 | aux_giou=0.0000 | aux_bbox=0.0000 | aux_ce=0.0000 | mask=2216 | aux_mask=2060 | pos=60 | targets=60 | preds=74 | centerness=[-16.972, 1.734] | train_seen=100
2026-06-05 08:37:19 | INFO | Epoch 51 | batch 100/1829 | loss=0.6228 | giou=0.2747 | bbox=0.0141 | ce=0.0041 | aux_giou=0.0244 | aux_bbox=0.0010 | aux_ce=0.0006 | mask=2828 | aux_mask=2170 | pos=142 | targets=142 | preds=137 | centerness=[-8.853, 2.471] | train_seen=200
2026-06-05 08:39:05 | INFO | Epoch 51 | batch 150/1829 | loss=0.3471 | giou=0.1500 | bbox=0.0277 | ce=0.0097 | aux_giou=0.0000 | aux_bbox=0.0000 | aux_ce=0.0000 | mask=1667 | aux_mask=1842 | pos=39 | targets=39 | preds=28 | centerness=[-17.730, 0.978] | train_seen=300
2026-06-05 08:40:52 | INFO | Epoch 51 | batch 200/1829 | loss=0.5476 | giou=0.2477 | bbox=0.0290 | ce=0.0116 | aux_giou=0.0000 | aux_bbox=0.0000 | aux_ce=0.0000 | mask=2007 | aux_mask=2100 | pos=108 | targets=108 | preds=89 | centerness=[-12.612, 1.510] | train_seen=400
2026-06-05 08:42:38 | INFO | Epoch 51 | batch 250/1829 | loss=0.8899 | giou=0.3911 | bbox=0.0472 | ce=0.0303 | aux_giou=0.0000 | aux_bbox=0.0000 | aux_ce=0.0000 | mask=2670 | aux_mask=2458 | pos=340 | targets=340 | preds=339 | centerness=[-7.681, 1.090] | train_seen=500
2026-06-05 08:44:24 | INFO | Epoch 51 | batch 300/1829 | loss=0.8217 | giou=0.3220 | bbox=0.0141 | ce=0.0265 | aux_giou=0.0491 | aux_bbox=0.0027 | aux_ce=0.0048 | mask=2835 | aux_mask=2309 | pos=380 | targets=380 | preds=389 | centerness=[-9.997, 2.303] | train_seen=600
2026-06-05 08:46:10 | INFO | Epoch 51 | batch 350/1829 | loss=0.5140 | giou=0.2436 | bbox=0.0194 | ce=0.0037 | aux_giou=0.0000 | aux_bbox=0.0000 | aux_ce=0.0000 | mask=1949 | aux_mask=2105 | pos=57 | targets=57 | preds=57 | centerness=[-15.341, 1.842] | train_seen=700
2026-06-05 08:47:57 | INFO | Epoch 51 | batch 400/1829 | loss=0.3252 | giou=0.1550 | bbox=0.0124 | ce=0.0014 | aux_giou=0.0000 | aux_bbox=0.0000 | aux_ce=0.0000 | mask=1835 | aux_mask=1930 | pos=31 | targets=31 | preds=29 | centerness=[-13.281, 1.321] | train_seen=800
2026-06-05 08:49:43 | INFO | Epoch 51 | batch 450/1829 | loss=0.4433 | giou=0.2008 | bbox=0.0293 | ce=0.0062 | aux_giou=0.0000 | aux_bbox=0.0000 | aux_ce=0.0000 | mask=2391 | aux_mask=2003 | pos=66 | targets=66 | preds=65 | centerness=[-16.938, 1.497] | train_seen=900
2026-06-05 08:51:29 | INFO | Epoch 51 | batch 500/1829 | loss=0.5744 | giou=0.2664 | bbox=0.0223 | ce=0.0097 | aux_giou=0.0000 | aux_bbox=0.0000 | aux_ce=0.0000 | mask=2157 | aux_mask=1889 | pos=132 | targets=132 | preds=119 | centerness=[-12.056, 1.724] | train_seen=1000
2026-06-05 08:53:15 | INFO | Epoch 51 | batch 550/1829 | loss=0.5580 | giou=0.2644 | bbox=0.0178 | ce=0.0057 | aux_giou=0.0000 | aux_bbox=0.0000 | aux_ce=0.0000 | mask=2308 | aux_mask=2267 | pos=85 | targets=85 | preds=85 | centerness=[-8.905, 2.035] | train_seen=1100
2026-06-05 08:55:01 | INFO | Epoch 51 | batch 600/1829 | loss=0.4130 | giou=0.1873 | bbox=0.0273 | ce=0.0056 | aux_giou=0.0000 | aux_bbox=0.0000 | aux_ce=0.0000 | mask=2608 | aux_mask=2468 | pos=47 | targets=47 | preds=59 | centerness=[-14.118, 1.039] | train_seen=1200
2026-06-05 08:56:48 | INFO | Epoch 51 | batch 650/1829 | loss=0.6195 | giou=0.2815 | bbox=0.0402 | ce=0.0082 | aux_giou=0.0000 | aux_bbox=0.0000 | aux_ce=0.0000 | mask=1946 | aux_mask=2142 | pos=39 | targets=39 | preds=44 | centerness=[-17.573, 0.597] | train_seen=1300
2026-06-05 08:58:34 | INFO | Epoch 51 | batch 700/1829 | loss=0.6254 | giou=0.2898 | bbox=0.0193 | ce=0.0132 | aux_giou=0.0000 | aux_bbox=0.0000 | aux_ce=0.0000 | mask=1807 | aux_mask=1501 | pos=126 | targets=126 | preds=124 | centerness=[-15.196, 2.029] | train_seen=1400
2026-06-05 09:00:21 | INFO | Epoch 51 | batch 750/1829 | loss=0.5474 | giou=0.2462 | bbox=0.0352 | ce=0.0099 | aux_giou=0.0000 | aux_bbox=0.0000 | aux_ce=0.0000 | mask=2227 | aux_mask=2303 | pos=59 | targets=59 | preds=47 | centerness=[-15.033, 1.651] | train_seen=1500
2026-06-05 09:02:07 | INFO | Epoch 51 | batch 800/1829 | loss=0.4964 | giou=0.2271 | bbox=0.0295 | ce=0.0063 | aux_giou=0.0000 | aux_bbox=0.0000 | aux_ce=0.0000 | mask=1864 | aux_mask=1812 | pos=61 | targets=61 | preds=33 | centerness=[-11.374, 0.606] | train_seen=1600
2026-06-05 09:03:53 | INFO | Epoch 51 | batch 850/1829 | loss=0.8044 | giou=0.3685 | bbox=0.0229 | ce=0.0222 | aux_giou=0.0000 | aux_bbox=0.0000 | aux_ce=0.0000 | mask=3170 | aux_mask=2356 | pos=198 | targets=198 | preds=205 | centerness=[-10.471, 2.005] | train_seen=1700
2026-06-05 09:05:39 | INFO | Epoch 51 | batch 900/1829 | loss=0.5783 | giou=0.2666 | bbox=0.0302 | ce=0.0074 | aux_giou=0.0000 | aux_bbox=0.0000 | aux_ce=0.0000 | mask=2688 | aux_mask=2329 | pos=40 | targets=40 | preds=60 | centerness=[-13.395, 1.416] | train_seen=1800
2026-06-05 09:07:26 | INFO | Epoch 51 | batch 950/1829 | loss=0.4232 | giou=0.1873 | bbox=0.0392 | ce=0.0047 | aux_giou=0.0000 | aux_bbox=0.0000 | aux_ce=0.0000 | mask=2522 | aux_mask=2807 | pos=40 | targets=40 | preds=36 | centerness=[-15.965, 0.748] | train_seen=1900
2026-06-05 09:09:12 | INFO | Epoch 51 | batch 1000/1829 | loss=0.6690 | giou=0.2881 | bbox=0.0201 | ce=0.0074 | aux_giou=0.0281 | aux_bbox=0.0011 | aux_ce=0.0003 | mask=1854 | aux_mask=2176 | pos=64 | targets=64 | preds=64 | centerness=[-11.431, 2.058] | train_seen=2000
2026-06-05 09:10:58 | INFO | Epoch 51 | batch 1050/1829 | loss=0.8162 | giou=0.3382 | bbox=0.0528 | ce=0.0129 | aux_giou=0.0287 | aux_bbox=0.0017 | aux_ce=0.0010 | mask=1569 | aux_mask=1669 | pos=41 | targets=41 | preds=67 | centerness=[-19.277, 0.691] | train_seen=2100
2026-06-05 09:12:44 | INFO | Epoch 51 | batch 1100/1829 | loss=0.5788 | giou=0.2626 | bbox=0.0238 | ce=0.0149 | aux_giou=0.0000 | aux_bbox=0.0000 | aux_ce=0.0000 | mask=2410 | aux_mask=2197 | pos=242 | targets=242 | preds=233 | centerness=[-14.529, 1.773] | train_seen=2200
2026-06-05 09:14:30 | INFO | Epoch 51 | batch 1150/1829 | loss=0.7426 | giou=0.3297 | bbox=0.0422 | ce=0.0206 | aux_giou=0.0000 | aux_bbox=0.0000 | aux_ce=0.0000 | mask=2712 | aux_mask=2362 | pos=238 | targets=238 | preds=223 | centerness=[-9.859, 1.187] | train_seen=2300
2026-06-05 09:16:17 | INFO | Epoch 51 | batch 1200/1829 | loss=0.7848 | giou=0.3551 | bbox=0.0236 | ce=0.0255 | aux_giou=0.0000 | aux_bbox=0.0000 | aux_ce=0.0000 | mask=2517 | aux_mask=1955 | pos=393 | targets=393 | preds=257 | centerness=[-11.408, 2.789] | train_seen=2400
2026-06-05 09:18:03 | INFO | Epoch 51 | batch 1250/1829 | loss=0.6315 | giou=0.2881 | bbox=0.0312 | ce=0.0121 | aux_giou=0.0000 | aux_bbox=0.0000 | aux_ce=0.0000 | mask=3041 | aux_mask=2627 | pos=64 | targets=64 | preds=244 | centerness=[-12.722, 0.301] | train_seen=2500
2026-06-05 09:19:50 | INFO | Epoch 51 | batch 1300/1829 | loss=0.2843 | giou=0.1265 | bbox=0.0264 | ce=0.0025 | aux_giou=0.0000 | aux_bbox=0.0000 | aux_ce=0.0000 | mask=1952 | aux_mask=1937 | pos=21 | targets=21 | preds=25 | centerness=[-16.545, 2.008] | train_seen=2600
2026-06-05 09:21:36 | INFO | Epoch 51 | batch 1350/1829 | loss=0.7444 | giou=0.3504 | bbox=0.0245 | ce=0.0095 | aux_giou=0.0000 | aux_bbox=0.0000 | aux_ce=0.0000 | mask=2762 | aux_mask=2355 | pos=235 | targets=235 | preds=231 | centerness=[-12.751, 1.505] | train_seen=2700
2026-06-05 09:23:22 | INFO | Epoch 51 | batch 1400/1829 | loss=0.5636 | giou=0.2428 | bbox=0.0567 | ce=0.0107 | aux_giou=0.0000 | aux_bbox=0.0000 | aux_ce=0.0000 | mask=1421 | aux_mask=1488 | pos=38 | targets=38 | preds=27 | centerness=[-17.845, 0.783] | train_seen=2800
2026-06-05 09:25:09 | INFO | Epoch 51 | batch 1450/1829 | loss=0.4603 | giou=0.2080 | bbox=0.0183 | ce=0.0130 | aux_giou=0.0000 | aux_bbox=0.0000 | aux_ce=0.0000 | mask=1979 | aux_mask=1927 | pos=70 | targets=70 | preds=61 | centerness=[-12.938, 2.136] | train_seen=2900
2026-06-05 09:26:55 | INFO | Epoch 51 | batch 1500/1829 | loss=0.6232 | giou=0.2667 | bbox=0.0228 | ce=0.0046 | aux_giou=0.0279 | aux_bbox=0.0012 | aux_ce=0.0004 | mask=2197 | aux_mask=1906 | pos=95 | targets=95 | preds=87 | centerness=[-12.193, 2.938] | train_seen=3000
2026-06-05 09:28:41 | INFO | Epoch 51 | batch 1550/1829 | loss=0.4761 | giou=0.2170 | bbox=0.0235 | ce=0.0093 | aux_giou=0.0000 | aux_bbox=0.0000 | aux_ce=0.0000 | mask=2162 | aux_mask=2030 | pos=61 | targets=61 | preds=90 | centerness=[-14.511, 0.956] | train_seen=3100
2026-06-05 09:30:28 | INFO | Epoch 51 | batch 1600/1829 | loss=0.6232 | giou=0.2848 | bbox=0.0421 | ce=0.0058 | aux_giou=0.0000 | aux_bbox=0.0000 | aux_ce=0.0000 | mask=1530 | aux_mask=1278 | pos=37 | targets=37 | preds=25 | centerness=[-13.515, 2.044] | train_seen=3200
2026-06-05 09:32:14 | INFO | Epoch 51 | batch 1650/1829 | loss=0.4153 | giou=0.1880 | bbox=0.0320 | ce=0.0036 | aux_giou=0.0000 | aux_bbox=0.0000 | aux_ce=0.0000 | mask=1815 | aux_mask=1833 | pos=30 | targets=30 | preds=24 | centerness=[-15.093, 1.471] | train_seen=3300
2026-06-05 09:34:00 | INFO | Epoch 51 | batch 1700/1829 | loss=0.5659 | giou=0.2564 | bbox=0.0268 | ce=0.0132 | aux_giou=0.0000 | aux_bbox=0.0000 | aux_ce=0.0000 | mask=2809 | aux_mask=2187 | pos=175 | targets=175 | preds=137 | centerness=[-16.562, 2.362] | train_seen=3400
2026-06-05 09:35:47 | INFO | Epoch 51 | batch 1750/1829 | loss=0.4779 | giou=0.2236 | bbox=0.0206 | ce=0.0050 | aux_giou=0.0000 | aux_bbox=0.0000 | aux_ce=0.0000 | mask=1636 | aux_mask=1727 | pos=47 | targets=47 | preds=49 | centerness=[-16.083, 1.223] | train_seen=3500
2026-06-05 09:37:33 | INFO | Epoch 51 | batch 1800/1829 | loss=0.4019 | giou=0.1749 | bbox=0.0422 | ce=0.0050 | aux_giou=0.0000 | aux_bbox=0.0000 | aux_ce=0.0000 | mask=2119 | aux_mask=2151 | pos=22 | targets=22 | preds=38 | centerness=[-17.018, 0.581] | train_seen=3600
2026-06-05 09:58:08 | INFO | Epoch 51 | train_loss=0.624 | val_loss=0.834 | train_mae=20.803 | val_mae=21.287 | val_rmse=51.69 | test_mae=19.164 | test_rmse=101.58 | time=5059.908s
2026-06-05 09:59:55 | INFO | Epoch 52 | batch 50/1829 | loss=0.7196 | giou=0.3213 | bbox=0.0306 | ce=0.0232 | aux_giou=0.0000 | aux_bbox=0.0000 | aux_ce=0.0000 | mask=3164 | aux_mask=2432 | pos=204 | targets=204 | preds=160 | centerness=[-11.078, 2.145] | train_seen=100
2026-06-05 10:01:41 | INFO | Epoch 52 | batch 100/1829 | loss=0.4329 | giou=0.1995 | bbox=0.0176 | ce=0.0081 | aux_giou=0.0000 | aux_bbox=0.0000 | aux_ce=0.0000 | mask=2591 | aux_mask=2322 | pos=120 | targets=120 | preds=157 | centerness=[-6.857, 1.553] | train_seen=200
2026-06-05 10:03:27 | INFO | Epoch 52 | batch 150/1829 | loss=0.5297 | giou=0.2590 | bbox=0.0105 | ce=0.0006 | aux_giou=0.0000 | aux_bbox=0.0000 | aux_ce=0.0000 | mask=1862 | aux_mask=1830 | pos=34 | targets=34 | preds=34 | centerness=[-10.975, 1.947] | train_seen=300
2026-06-05 10:05:13 | INFO | Epoch 52 | batch 200/1829 | loss=0.6403 | giou=0.2792 | bbox=0.0710 | ce=0.0054 | aux_giou=0.0000 | aux_bbox=0.0000 | aux_ce=0.0000 | mask=2369 | aux_mask=2295 | pos=31 | targets=31 | preds=27 | centerness=[-16.107, 1.202] | train_seen=400
2026-06-05 10:07:00 | INFO | Epoch 52 | batch 250/1829 | loss=0.7405 | giou=0.3399 | bbox=0.0398 | ce=0.0105 | aux_giou=0.0000 | aux_bbox=0.0000 | aux_ce=0.0000 | mask=1990 | aux_mask=1994 | pos=32 | targets=32 | preds=85 | centerness=[-11.637, 0.768] | train_seen=500
2026-06-05 10:08:46 | INFO | Epoch 52 | batch 300/1829 | loss=0.8445 | giou=0.3956 | bbox=0.0332 | ce=0.0101 | aux_giou=0.0000 | aux_bbox=0.0000 | aux_ce=0.0000 | mask=2486 | aux_mask=2371 | pos=127 | targets=127 | preds=125 | centerness=[-14.459, 1.588] | train_seen=600
2026-06-05 10:10:32 | INFO | Epoch 52 | batch 350/1829 | loss=0.5335 | giou=0.2350 | bbox=0.0353 | ce=0.0141 | aux_giou=0.0000 | aux_bbox=0.0000 | aux_ce=0.0000 | mask=2315 | aux_mask=2203 | pos=76 | targets=76 | preds=90 | centerness=[-12.159, 0.667] | train_seen=700
2026-06-05 10:12:18 | INFO | Epoch 52 | batch 400/1829 | loss=0.6302 | giou=0.2836 | bbox=0.0311 | ce=0.0159 | aux_giou=0.0000 | aux_bbox=0.0000 | aux_ce=0.0000 | mask=3409 | aux_mask=2774 | pos=252 | targets=252 | preds=190 | centerness=[-12.569, 2.570] | train_seen=800
2026-06-05 10:14:05 | INFO | Epoch 52 | batch 450/1829 | loss=0.6756 | giou=0.3137 | bbox=0.0226 | ce=0.0128 | aux_giou=0.0000 | aux_bbox=0.0000 | aux_ce=0.0000 | mask=3133 | aux_mask=2804 | pos=109 | targets=109 | preds=166 | centerness=[-11.628, 1.299] | train_seen=900
2026-06-05 10:15:52 | INFO | Epoch 52 | batch 500/1829 | loss=0.5237 | giou=0.2451 | bbox=0.0226 | ce=0.0055 | aux_giou=0.0000 | aux_bbox=0.0000 | aux_ce=0.0000 | mask=1968 | aux_mask=1715 | pos=35 | targets=35 | preds=38 | centerness=[-10.078, 3.014] | train_seen=1000
2026-06-05 10:17:38 | INFO | Epoch 52 | batch 550/1829 | loss=0.4013 | giou=0.1821 | bbox=0.0289 | ce=0.0041 | aux_giou=0.0000 | aux_bbox=0.0000 | aux_ce=0.0000 | mask=2368 | aux_mask=2309 | pos=60 | targets=60 | preds=59 | centerness=[-15.538, 2.446] | train_seen=1100
2026-06-05 10:19:24 | INFO | Epoch 52 | batch 600/1829 | loss=0.3694 | giou=0.1656 | bbox=0.0253 | ce=0.0065 | aux_giou=0.0000 | aux_bbox=0.0000 | aux_ce=0.0000 | mask=1469 | aux_mask=1656 | pos=31 | targets=31 | preds=34 | centerness=[-12.161, 0.971] | train_seen=1200
2026-06-05 10:21:10 | INFO | Epoch 52 | batch 650/1829 | loss=0.5154 | giou=0.2381 | bbox=0.0165 | ce=0.0114 | aux_giou=0.0000 | aux_bbox=0.0000 | aux_ce=0.0000 | mask=1959 | aux_mask=1594 | pos=217 | targets=217 | preds=220 | centerness=[-11.795, 2.699] | train_seen=1300
2026-06-05 10:22:57 | INFO | Epoch 52 | batch 700/1829 | loss=0.4299 | giou=0.1994 | bbox=0.0220 | ce=0.0046 | aux_giou=0.0000 | aux_bbox=0.0000 | aux_ce=0.0000 | mask=1907 | aux_mask=1876 | pos=54 | targets=54 | preds=40 | centerness=[-12.223, 1.887] | train_seen=1400
2026-06-05 10:24:43 | INFO | Epoch 52 | batch 750/1829 | loss=0.4925 | giou=0.2265 | bbox=0.0226 | ce=0.0084 | aux_giou=0.0000 | aux_bbox=0.0000 | aux_ce=0.0000 | mask=2097 | aux_mask=2073 | pos=130 | targets=130 | preds=131 | centerness=[-11.933, 1.774] | train_seen=1500
2026-06-05 10:26:30 | INFO | Epoch 52 | batch 800/1829 | loss=0.6286 | giou=0.2742 | bbox=0.0554 | ce=0.0123 | aux_giou=0.0000 | aux_bbox=0.0000 | aux_ce=0.0000 | mask=1825 | aux_mask=1829 | pos=47 | targets=47 | preds=33 | centerness=[-14.723, 0.449] | train_seen=1600
2026-06-05 10:28:16 | INFO | Epoch 52 | batch 850/1829 | loss=0.6835 | giou=0.3082 | bbox=0.0484 | ce=0.0093 | aux_giou=0.0000 | aux_bbox=0.0000 | aux_ce=0.0000 | mask=2535 | aux_mask=2486 | pos=62 | targets=62 | preds=97 | centerness=[-10.861, 0.856] | train_seen=1700
2026-06-05 10:30:02 | INFO | Epoch 52 | batch 900/1829 | loss=0.5421 | giou=0.2443 | bbox=0.0209 | ce=0.0163 | aux_giou=0.0000 | aux_bbox=0.0000 | aux_ce=0.0000 | mask=1854 | aux_mask=1738 | pos=136 | targets=136 | preds=97 | centerness=[-14.059, 2.344] | train_seen=1800
2026-06-05 10:31:49 | INFO | Epoch 52 | batch 950/1829 | loss=1.0106 | giou=0.4127 | bbox=0.0194 | ce=0.0056 | aux_giou=0.0745 | aux_bbox=0.0039 | aux_ce=0.0008 | mask=1974 | aux_mask=2016 | pos=30 | targets=30 | preds=75 | centerness=[-12.967, 1.542] | train_seen=1900
2026-06-05 10:33:35 | INFO | Epoch 52 | batch 1000/1829 | loss=0.6254 | giou=0.2766 | bbox=0.0228 | ce=0.0247 | aux_giou=0.0000 | aux_bbox=0.0000 | aux_ce=0.0000 | mask=2305 | aux_mask=1815 | pos=272 | targets=272 | preds=274 | centerness=[-12.583, 1.906] | train_seen=2000
2026-06-05 10:35:21 | INFO | Epoch 52 | batch 1050/1829 | loss=1.2024 | giou=0.4960 | bbox=0.0355 | ce=0.0333 | aux_giou=0.0491 | aux_bbox=0.0031 | aux_ce=0.0035 | mask=3455 | aux_mask=3095 | pos=616 | targets=616 | preds=557 | centerness=[-7.944, 0.699] | train_seen=2100
2026-06-05 10:37:08 | INFO | Epoch 52 | batch 1100/1829 | loss=0.6966 | giou=0.3025 | bbox=0.0327 | ce=0.0023 | aux_giou=0.0263 | aux_bbox=0.0008 | aux_ce=0.0005 | mask=2319 | aux_mask=2399 | pos=71 | targets=71 | preds=71 | centerness=[-10.321, 1.960] | train_seen=2200
2026-06-05 10:38:54 | INFO | Epoch 52 | batch 1150/1829 | loss=0.5421 | giou=0.2462 | bbox=0.0358 | ce=0.0069 | aux_giou=0.0000 | aux_bbox=0.0000 | aux_ce=0.0000 | mask=2098 | aux_mask=2139 | pos=47 | targets=47 | preds=41 | centerness=[-12.874, 1.474] | train_seen=2300
2026-06-05 10:40:40 | INFO | Epoch 52 | batch 1200/1829 | loss=0.4950 | giou=0.2260 | bbox=0.0316 | ce=0.0057 | aux_giou=0.0000 | aux_bbox=0.0000 | aux_ce=0.0000 | mask=2514 | aux_mask=2266 | pos=63 | targets=63 | preds=68 | centerness=[-14.059, 1.685] | train_seen=2400
2026-06-05 10:42:27 | INFO | Epoch 52 | batch 1250/1829 | loss=0.9398 | giou=0.4003 | bbox=0.0274 | ce=0.0205 | aux_giou=0.0336 | aux_bbox=0.0011 | aux_ce=0.0013 | mask=2453 | aux_mask=2336 | pos=210 | targets=210 | preds=195 | centerness=[-15.520, 2.808] | train_seen=2500
2026-06-05 10:44:13 | INFO | Epoch 52 | batch 1300/1829 | loss=0.6817 | giou=0.3118 | bbox=0.0292 | ce=0.0144 | aux_giou=0.0000 | aux_bbox=0.0000 | aux_ce=0.0000 | mask=2631 | aux_mask=2102 | pos=229 | targets=229 | preds=219 | centerness=[-13.768, 1.800] | train_seen=2600
2026-06-05 10:45:59 | INFO | Epoch 52 | batch 1350/1829 | loss=0.5481 | giou=0.2615 | bbox=0.0172 | ce=0.0040 | aux_giou=0.0000 | aux_bbox=0.0000 | aux_ce=0.0000 | mask=3233 | aux_mask=2660 | pos=126 | targets=126 | preds=143 | centerness=[-11.603, 1.797] | train_seen=2700
2026-06-05 10:47:45 | INFO | Epoch 52 | batch 1400/1829 | loss=0.9517 | giou=0.3810 | bbox=0.0264 | ce=0.0291 | aux_giou=0.0459 | aux_bbox=0.0026 | aux_ce=0.0054 | mask=3692 | aux_mask=3143 | pos=421 | targets=421 | preds=658 | centerness=[-11.575, 1.336] | train_seen=2800
2026-06-05 10:49:32 | INFO | Epoch 52 | batch 1450/1829 | loss=0.8097 | giou=0.3626 | bbox=0.0553 | ce=0.0146 | aux_giou=0.0000 | aux_bbox=0.0000 | aux_ce=0.0000 | mask=3378 | aux_mask=2927 | pos=81 | targets=81 | preds=223 | centerness=[-16.451, 1.737] | train_seen=2900
2026-06-05 10:51:18 | INFO | Epoch 52 | batch 1500/1829 | loss=0.5822 | giou=0.2669 | bbox=0.0389 | ce=0.0048 | aux_giou=0.0000 | aux_bbox=0.0000 | aux_ce=0.0000 | mask=2040 | aux_mask=1932 | pos=43 | targets=43 | preds=49 | centerness=[-13.928, 1.262] | train_seen=3000
2026-06-05 10:53:04 | INFO | Epoch 52 | batch 1550/1829 | loss=0.6155 | giou=0.2729 | bbox=0.0406 | ce=0.0145 | aux_giou=0.0000 | aux_bbox=0.0000 | aux_ce=0.0000 | mask=2180 | aux_mask=1970 | pos=99 | targets=99 | preds=97 | centerness=[-13.888, 1.377] | train_seen=3100
2026-06-05 10:54:50 | INFO | Epoch 52 | batch 1600/1829 | loss=0.5356 | giou=0.2382 | bbox=0.0459 | ce=0.0067 | aux_giou=0.0000 | aux_bbox=0.0000 | aux_ce=0.0000 | mask=1638 | aux_mask=1680 | pos=34 | targets=34 | preds=36 | centerness=[-14.300, 1.448] | train_seen=3200
2026-06-05 10:56:37 | INFO | Epoch 52 | batch 1650/1829 | loss=0.5427 | giou=0.2448 | bbox=0.0213 | ce=0.0159 | aux_giou=0.0000 | aux_bbox=0.0000 | aux_ce=0.0000 | mask=1131 | aux_mask=1443 | pos=63 | targets=63 | preds=49 | centerness=[-14.251, 1.437] | train_seen=3300
2026-06-05 10:58:23 | INFO | Epoch 52 | batch 1700/1829 | loss=0.5648 | giou=0.2598 | bbox=0.0328 | ce=0.0063 | aux_giou=0.0000 | aux_bbox=0.0000 | aux_ce=0.0000 | mask=2454 | aux_mask=2233 | pos=68 | targets=68 | preds=66 | centerness=[-14.054, 2.377] | train_seen=3400
2026-06-05 11:00:09 | INFO | Epoch 52 | batch 1750/1829 | loss=0.3980 | giou=0.1839 | bbox=0.0186 | ce=0.0058 | aux_giou=0.0000 | aux_bbox=0.0000 | aux_ce=0.0000 | mask=1332 | aux_mask=1726 | pos=41 | targets=41 | preds=33 | centerness=[-12.993, 1.369] | train_seen=3500
2026-06-05 11:01:56 | INFO | Epoch 52 | batch 1800/1829 | loss=0.4328 | giou=0.2009 | bbox=0.0191 | ce=0.0059 | aux_giou=0.0000 | aux_bbox=0.0000 | aux_ce=0.0000 | mask=1954 | aux_mask=1865 | pos=95 | targets=95 | preds=92 | centerness=[-12.218, 1.654] | train_seen=3600
2026-06-05 11:22:35 | INFO | Epoch 52 | train_loss=0.622 | val_loss=0.843 | train_mae=20.753 | val_mae=20.788 | val_rmse=53.97 | test_mae=18.704 | test_rmse=101.83 | time=5064.533s
2026-06-05 11:24:21 | INFO | Epoch 53 | batch 50/1829 | loss=0.6689 | giou=0.2979 | bbox=0.0653 | ce=0.0039 | aux_giou=0.0000 | aux_bbox=0.0000 | aux_ce=0.0000 | mask=1998 | aux_mask=2096 | pos=28 | targets=28 | preds=38 | centerness=[-12.645, 0.801] | train_seen=100
2026-06-05 11:26:10 | INFO | Epoch 53 | batch 100/1829 | loss=1.0531 | giou=0.4621 | bbox=0.0236 | ce=0.0125 | aux_giou=0.0356 | aux_bbox=0.0018 | aux_ce=0.0036 | mask=4656 | aux_mask=3412 | pos=1188 | targets=1188 | preds=1136 | centerness=[-7.500, 2.409] | train_seen=200
2026-06-05 11:28:00 | INFO | Epoch 53 | batch 150/1829 | loss=0.7627 | giou=0.3375 | bbox=0.0315 | ce=0.0281 | aux_giou=0.0000 | aux_bbox=0.0000 | aux_ce=0.0000 | mask=2781 | aux_mask=2488 | pos=424 | targets=424 | preds=299 | centerness=[-14.627, 1.131] | train_seen=300
2026-06-05 11:29:48 | INFO | Epoch 53 | batch 200/1829 | loss=0.4387 | giou=0.1964 | bbox=0.0314 | ce=0.0073 | aux_giou=0.0000 | aux_bbox=0.0000 | aux_ce=0.0000 | mask=1627 | aux_mask=1563 | pos=45 | targets=45 | preds=57 | centerness=[-20.774, 1.659] | train_seen=400
2026-06-05 11:31:37 | INFO | Epoch 53 | batch 250/1829 | loss=0.5351 | giou=0.2431 | bbox=0.0224 | ce=0.0132 | aux_giou=0.0000 | aux_bbox=0.0000 | aux_ce=0.0000 | mask=1858 | aux_mask=1677 | pos=137 | targets=137 | preds=115 | centerness=[-13.534, 1.972] | train_seen=500
2026-06-05 11:33:24 | INFO | Epoch 53 | batch 300/1829 | loss=0.4436 | giou=0.2023 | bbox=0.0197 | ce=0.0097 | aux_giou=0.0000 | aux_bbox=0.0000 | aux_ce=0.0000 | mask=2282 | aux_mask=2249 | pos=67 | targets=67 | preds=76 | centerness=[-11.686, 2.383] | train_seen=600
2026-06-05 11:35:11 | INFO | Epoch 53 | batch 350/1829 | loss=0.6214 | giou=0.2811 | bbox=0.0443 | ce=0.0075 | aux_giou=0.0000 | aux_bbox=0.0000 | aux_ce=0.0000 | mask=1711 | aux_mask=1859 | pos=46 | targets=46 | preds=46 | centerness=[-17.159, 0.938] | train_seen=700
2026-06-05 11:36:58 | INFO | Epoch 53 | batch 400/1829 | loss=0.7024 | giou=0.3284 | bbox=0.0156 | ce=0.0151 | aux_giou=0.0000 | aux_bbox=0.0000 | aux_ce=0.0000 | mask=1581 | aux_mask=1699 | pos=93 | targets=93 | preds=68 | centerness=[-12.167, 0.813] | train_seen=800
2026-06-05 11:38:44 | INFO | Epoch 53 | batch 450/1829 | loss=0.5545 | giou=0.2324 | bbox=0.0170 | ce=0.0364 | aux_giou=0.0000 | aux_bbox=0.0000 | aux_ce=0.0000 | mask=2452 | aux_mask=2043 | pos=498 | targets=498 | preds=354 | centerness=[-15.887, 2.053] | train_seen=900
2026-06-05 11:40:30 | INFO | Epoch 53 | batch 500/1829 | loss=0.3229 | giou=0.1475 | bbox=0.0244 | ce=0.0017 | aux_giou=0.0000 | aux_bbox=0.0000 | aux_ce=0.0000 | mask=1862 | aux_mask=2256 | pos=20 | targets=20 | preds=20 | centerness=[-11.389, 2.397] | train_seen=1000
2026-06-05 11:42:16 | INFO | Epoch 53 | batch 550/1829 | loss=0.6780 | giou=0.3161 | bbox=0.0294 | ce=0.0082 | aux_giou=0.0000 | aux_bbox=0.0000 | aux_ce=0.0000 | mask=1765 | aux_mask=1703 | pos=32 | targets=32 | preds=36 | centerness=[-13.921, 0.821] | train_seen=1100
2026-06-05 11:44:03 | INFO | Epoch 53 | batch 600/1829 | loss=0.9603 | giou=0.4087 | bbox=0.0396 | ce=0.0147 | aux_giou=0.0338 | aux_bbox=0.0021 | aux_ce=0.0021 | mask=2239 | aux_mask=1989 | pos=44 | targets=44 | preds=194 | centerness=[-14.584, 0.621] | train_seen=1200
2026-06-05 11:45:49 | INFO | Epoch 53 | batch 650/1829 | loss=0.2345 | giou=0.1059 | bbox=0.0159 | ce=0.0034 | aux_giou=0.0000 | aux_bbox=0.0000 | aux_ce=0.0000 | mask=1890 | aux_mask=1767 | pos=79 | targets=79 | preds=75 | centerness=[-14.996, 2.516] | train_seen=1300
2026-06-05 11:47:35 | INFO | Epoch 53 | batch 700/1829 | loss=0.4156 | giou=0.1842 | bbox=0.0270 | ce=0.0101 | aux_giou=0.0000 | aux_bbox=0.0000 | aux_ce=0.0000 | mask=2029 | aux_mask=1828 | pos=66 | targets=66 | preds=36 | centerness=[-11.863, 2.289] | train_seen=1400
2026-06-05 11:49:22 | INFO | Epoch 53 | batch 750/1829 | loss=0.6218 | giou=0.2897 | bbox=0.0253 | ce=0.0086 | aux_giou=0.0000 | aux_bbox=0.0000 | aux_ce=0.0000 | mask=2776 | aux_mask=2788 | pos=193 | targets=193 | preds=149 | centerness=[-12.557, 2.109] | train_seen=1500
2026-06-05 11:51:08 | INFO | Epoch 53 | batch 800/1829 | loss=0.6077 | giou=0.2752 | bbox=0.0258 | ce=0.0158 | aux_giou=0.0000 | aux_bbox=0.0000 | aux_ce=0.0000 | mask=2204 | aux_mask=1896 | pos=123 | targets=123 | preds=135 | centerness=[-12.171, 2.303] | train_seen=1600
2026-06-05 11:52:54 | INFO | Epoch 53 | batch 850/1829 | loss=0.5396 | giou=0.2310 | bbox=0.0177 | ce=0.0021 | aux_giou=0.0272 | aux_bbox=0.0009 | aux_ce=0.0002 | mask=1573 | aux_mask=2008 | pos=31 | targets=31 | preds=29 | centerness=[-13.801, 2.212] | train_seen=1700
2026-06-05 11:54:41 | INFO | Epoch 53 | batch 900/1829 | loss=0.4771 | giou=0.1991 | bbox=0.0506 | ce=0.0142 | aux_giou=0.0000 | aux_bbox=0.0000 | aux_ce=0.0000 | mask=1841 | aux_mask=1774 | pos=63 | targets=63 | preds=47 | centerness=[-18.389, 1.417] | train_seen=1800
2026-06-05 11:56:27 | INFO | Epoch 53 | batch 950/1829 | loss=0.6632 | giou=0.3042 | bbox=0.0403 | ce=0.0072 | aux_giou=0.0000 | aux_bbox=0.0000 | aux_ce=0.0000 | mask=2020 | aux_mask=2163 | pos=34 | targets=34 | preds=22 | centerness=[-13.912, 1.068] | train_seen=1900
2026-06-05 11:58:14 | INFO | Epoch 53 | batch 1000/1829 | loss=0.7283 | giou=0.3104 | bbox=0.0278 | ce=0.0088 | aux_giou=0.0290 | aux_bbox=0.0009 | aux_ce=0.0016 | mask=3755 | aux_mask=3286 | pos=76 | targets=76 | preds=110 | centerness=[-17.946, 2.484] | train_seen=2000
2026-06-05 12:00:00 | INFO | Epoch 53 | batch 1050/1829 | loss=0.4583 | giou=0.2040 | bbox=0.0411 | ce=0.0046 | aux_giou=0.0000 | aux_bbox=0.0000 | aux_ce=0.0000 | mask=2061 | aux_mask=2094 | pos=31 | targets=31 | preds=35 | centerness=[-16.783, 1.945] | train_seen=2100
2026-06-05 12:01:46 | INFO | Epoch 53 | batch 1100/1829 | loss=0.7895 | giou=0.3555 | bbox=0.0558 | ce=0.0114 | aux_giou=0.0000 | aux_bbox=0.0000 | aux_ce=0.0000 | mask=1898 | aux_mask=2127 | pos=45 | targets=45 | preds=48 | centerness=[-14.557, 1.190] | train_seen=2200
2026-06-05 12:03:33 | INFO | Epoch 53 | batch 1150/1829 | loss=0.6019 | giou=0.2761 | bbox=0.0275 | ce=0.0110 | aux_giou=0.0000 | aux_bbox=0.0000 | aux_ce=0.0000 | mask=3183 | aux_mask=2470 | pos=54 | targets=54 | preds=133 | centerness=[-14.528, 3.066] | train_seen=2300
2026-06-05 12:05:19 | INFO | Epoch 53 | batch 1200/1829 | loss=0.7078 | giou=0.3294 | bbox=0.0359 | ce=0.0065 | aux_giou=0.0000 | aux_bbox=0.0000 | aux_ce=0.0000 | mask=1925 | aux_mask=1817 | pos=26 | targets=26 | preds=58 | centerness=[-11.580, 1.762] | train_seen=2400
2026-06-05 12:07:05 | INFO | Epoch 53 | batch 1250/1829 | loss=0.5987 | giou=0.2812 | bbox=0.0207 | ce=0.0078 | aux_giou=0.0000 | aux_bbox=0.0000 | aux_ce=0.0000 | mask=2639 | aux_mask=2102 | pos=132 | targets=132 | preds=215 | centerness=[-7.239, 3.037] | train_seen=2500
2026-06-05 12:08:52 | INFO | Epoch 53 | batch 1300/1829 | loss=0.6739 | giou=0.2774 | bbox=0.0927 | ce=0.0132 | aux_giou=0.0000 | aux_bbox=0.0000 | aux_ce=0.0000 | mask=2009 | aux_mask=2004 | pos=42 | targets=42 | preds=66 | centerness=[-12.863, 0.349] | train_seen=2600
2026-06-05 12:10:38 | INFO | Epoch 53 | batch 1350/1829 | loss=0.6646 | giou=0.3007 | bbox=0.0283 | ce=0.0174 | aux_giou=0.0000 | aux_bbox=0.0000 | aux_ce=0.0000 | mask=2654 | aux_mask=2534 | pos=119 | targets=119 | preds=100 | centerness=[-16.309, 2.090] | train_seen=2700
2026-06-05 12:12:24 | INFO | Epoch 53 | batch 1400/1829 | loss=0.6622 | giou=0.3029 | bbox=0.0318 | ce=0.0123 | aux_giou=0.0000 | aux_bbox=0.0000 | aux_ce=0.0000 | mask=2279 | aux_mask=2063 | pos=58 | targets=58 | preds=108 | centerness=[-11.344, 0.921] | train_seen=2800
2026-06-05 12:14:11 | INFO | Epoch 53 | batch 1450/1829 | loss=0.6011 | giou=0.2694 | bbox=0.0382 | ce=0.0121 | aux_giou=0.0000 | aux_bbox=0.0000 | aux_ce=0.0000 | mask=2289 | aux_mask=2033 | pos=72 | targets=72 | preds=113 | centerness=[-14.751, 0.810] | train_seen=2900
2026-06-05 12:15:57 | INFO | Epoch 53 | batch 1500/1829 | loss=0.5958 | giou=0.2677 | bbox=0.0321 | ce=0.0141 | aux_giou=0.0000 | aux_bbox=0.0000 | aux_ce=0.0000 | mask=1862 | aux_mask=1726 | pos=88 | targets=88 | preds=65 | centerness=[-13.359, 1.600] | train_seen=3000
2026-06-05 12:17:43 | INFO | Epoch 53 | batch 1550/1829 | loss=0.5191 | giou=0.2479 | bbox=0.0201 | ce=0.0016 | aux_giou=0.0000 | aux_bbox=0.0000 | aux_ce=0.0000 | mask=2447 | aux_mask=2379 | pos=119 | targets=119 | preds=118 | centerness=[-13.644, 2.312] | train_seen=3100
2026-06-05 12:19:30 | INFO | Epoch 53 | batch 1600/1829 | loss=0.5792 | giou=0.2580 | bbox=0.0516 | ce=0.0058 | aux_giou=0.0000 | aux_bbox=0.0000 | aux_ce=0.0000 | mask=1583 | aux_mask=1703 | pos=23 | targets=23 | preds=20 | centerness=[-16.120, 0.771] | train_seen=3200
2026-06-05 12:21:16 | INFO | Epoch 53 | batch 1650/1829 | loss=0.5253 | giou=0.2398 | bbox=0.0314 | ce=0.0072 | aux_giou=0.0000 | aux_bbox=0.0000 | aux_ce=0.0000 | mask=2156 | aux_mask=1998 | pos=55 | targets=55 | preds=52 | centerness=[-11.890, 0.994] | train_seen=3300
2026-06-05 12:23:03 | INFO | Epoch 53 | batch 1700/1829 | loss=0.6103 | giou=0.2823 | bbox=0.0187 | ce=0.0136 | aux_giou=0.0000 | aux_bbox=0.0000 | aux_ce=0.0000 | mask=2537 | aux_mask=1955 | pos=165 | targets=165 | preds=149 | centerness=[-12.266, 2.665] | train_seen=3400
2026-06-05 12:24:49 | INFO | Epoch 53 | batch 1750/1829 | loss=0.5201 | giou=0.2441 | bbox=0.0173 | ce=0.0073 | aux_giou=0.0000 | aux_bbox=0.0000 | aux_ce=0.0000 | mask=2972 | aux_mask=2555 | pos=104 | targets=104 | preds=121 | centerness=[-13.121, 1.759] | train_seen=3500
2026-06-05 12:26:35 | INFO | Epoch 53 | batch 1800/1829 | loss=0.5101 | giou=0.2297 | bbox=0.0374 | ce=0.0066 | aux_giou=0.0000 | aux_bbox=0.0000 | aux_ce=0.0000 | mask=2287 | aux_mask=1997 | pos=57 | targets=57 | preds=50 | centerness=[-12.945, 2.004] | train_seen=3600
2026-06-05 12:47:13 | INFO | Epoch 53 | train_loss=0.627 | val_loss=0.837 | train_mae=21.054 | val_mae=21.392 | val_rmse=54.91 | test_mae=18.898 | test_rmse=100.53 | time=5076.596s
2026-06-05 12:49:00 | INFO | Epoch 54 | batch 50/1829 | loss=0.6628 | giou=0.2986 | bbox=0.0416 | ce=0.0120 | aux_giou=0.0000 | aux_bbox=0.0000 | aux_ce=0.0000 | mask=2273 | aux_mask=2069 | pos=127 | targets=127 | preds=122 | centerness=[-11.473, 2.448] | train_seen=100
2026-06-05 12:50:47 | INFO | Epoch 54 | batch 100/1829 | loss=0.4673 | giou=0.2024 | bbox=0.0479 | ce=0.0073 | aux_giou=0.0000 | aux_bbox=0.0000 | aux_ce=0.0000 | mask=2363 | aux_mask=2521 | pos=32 | targets=32 | preds=38 | centerness=[-15.119, 1.249] | train_seen=200
2026-06-05 12:52:33 | INFO | Epoch 54 | batch 150/1829 | loss=0.7768 | giou=0.3669 | bbox=0.0140 | ce=0.0145 | aux_giou=0.0000 | aux_bbox=0.0000 | aux_ce=0.0000 | mask=3430 | aux_mask=2869 | pos=465 | targets=465 | preds=441 | centerness=[-10.421, 1.925] | train_seen=300
2026-06-05 12:54:19 | INFO | Epoch 54 | batch 200/1829 | loss=0.4064 | giou=0.1940 | bbox=0.0137 | ce=0.0024 | aux_giou=0.0000 | aux_bbox=0.0000 | aux_ce=0.0000 | mask=1082 | aux_mask=1502 | pos=24 | targets=24 | preds=25 | centerness=[-11.775, 1.849] | train_seen=400
2026-06-05 12:56:06 | INFO | Epoch 54 | batch 250/1829 | loss=0.5251 | giou=0.2398 | bbox=0.0292 | ce=0.0082 | aux_giou=0.0000 | aux_bbox=0.0000 | aux_ce=0.0000 | mask=1570 | aux_mask=1904 | pos=48 | targets=48 | preds=46 | centerness=[-14.135, 1.524] | train_seen=500
2026-06-05 12:57:52 | INFO | Epoch 54 | batch 300/1829 | loss=0.6674 | giou=0.2931 | bbox=0.0668 | ce=0.0072 | aux_giou=0.0000 | aux_bbox=0.0000 | aux_ce=0.0000 | mask=1807 | aux_mask=1973 | pos=51 | targets=51 | preds=57 | centerness=[-13.623, 1.142] | train_seen=600
2026-06-05 12:59:38 | INFO | Epoch 54 | batch 350/1829 | loss=0.5425 | giou=0.2313 | bbox=0.0228 | ce=0.0059 | aux_giou=0.0221 | aux_bbox=0.0008 | aux_ce=0.0002 | mask=1429 | aux_mask=1643 | pos=57 | targets=57 | preds=51 | centerness=[-13.872, 2.083] | train_seen=700
2026-06-05 13:01:25 | INFO | Epoch 54 | batch 400/1829 | loss=0.9176 | giou=0.3919 | bbox=0.0248 | ce=0.0053 | aux_giou=0.0459 | aux_bbox=0.0057 | aux_ce=0.0005 | mask=1878 | aux_mask=2142 | pos=87 | targets=87 | preds=74 | centerness=[-13.128, 2.480] | train_seen=800
2026-06-05 13:03:11 | INFO | Epoch 54 | batch 450/1829 | loss=0.5616 | giou=0.2580 | bbox=0.0232 | ce=0.0112 | aux_giou=0.0000 | aux_bbox=0.0000 | aux_ce=0.0000 | mask=2263 | aux_mask=2186 | pos=118 | targets=118 | preds=114 | centerness=[-11.729, 1.486] | train_seen=900
2026-06-05 13:04:57 | INFO | Epoch 54 | batch 500/1829 | loss=0.4215 | giou=0.1967 | bbox=0.0182 | ce=0.0050 | aux_giou=0.0000 | aux_bbox=0.0000 | aux_ce=0.0000 | mask=2190 | aux_mask=2168 | pos=78 | targets=78 | preds=63 | centerness=[-11.430, 1.896] | train_seen=1000
2026-06-05 13:06:44 | INFO | Epoch 54 | batch 550/1829 | loss=0.6027 | giou=0.2857 | bbox=0.0161 | ce=0.0076 | aux_giou=0.0000 | aux_bbox=0.0000 | aux_ce=0.0000 | mask=3404 | aux_mask=2175 | pos=328 | targets=328 | preds=322 | centerness=[-13.105, 2.428] | train_seen=1100
2026-06-05 13:08:30 | INFO | Epoch 54 | batch 600/1829 | loss=0.4908 | giou=0.2184 | bbox=0.0401 | ce=0.0070 | aux_giou=0.0000 | aux_bbox=0.0000 | aux_ce=0.0000 | mask=2077 | aux_mask=2071 | pos=57 | targets=57 | preds=50 | centerness=[-14.977, 1.845] | train_seen=1200
2026-06-05 13:10:17 | INFO | Epoch 54 | batch 650/1829 | loss=0.6513 | giou=0.2837 | bbox=0.0519 | ce=0.0160 | aux_giou=0.0000 | aux_bbox=0.0000 | aux_ce=0.0000 | mask=2533 | aux_mask=2574 | pos=60 | targets=60 | preds=82 | centerness=[-15.259, 0.760] | train_seen=1300
2026-06-05 13:12:03 | INFO | Epoch 54 | batch 700/1829 | loss=0.6508 | giou=0.2681 | bbox=0.0948 | ce=0.0099 | aux_giou=0.0000 | aux_bbox=0.0000 | aux_ce=0.0000 | mask=1593 | aux_mask=1625 | pos=73 | targets=73 | preds=58 | centerness=[-13.088, 2.176] | train_seen=1400
2026-06-05 13:13:50 | INFO | Epoch 54 | batch 750/1829 | loss=0.4968 | giou=0.2274 | bbox=0.0164 | ce=0.0128 | aux_giou=0.0000 | aux_bbox=0.0000 | aux_ce=0.0000 | mask=1869 | aux_mask=1895 | pos=203 | targets=203 | preds=190 | centerness=[-12.329, 2.224] | train_seen=1500
2026-06-05 13:15:36 | INFO | Epoch 54 | batch 800/1829 | loss=0.7471 | giou=0.3333 | bbox=0.0495 | ce=0.0155 | aux_giou=0.0000 | aux_bbox=0.0000 | aux_ce=0.0000 | mask=2106 | aux_mask=1721 | pos=179 | targets=179 | preds=145 | centerness=[-14.382, 1.673] | train_seen=1600
2026-06-05 13:17:23 | INFO | Epoch 54 | batch 850/1829 | loss=0.6310 | giou=0.2957 | bbox=0.0278 | ce=0.0059 | aux_giou=0.0000 | aux_bbox=0.0000 | aux_ce=0.0000 | mask=2699 | aux_mask=2539 | pos=16 | targets=16 | preds=152 | centerness=[-13.656, 0.491] | train_seen=1700
2026-06-05 13:19:09 | INFO | Epoch 54 | batch 900/1829 | loss=0.3802 | giou=0.1793 | bbox=0.0156 | ce=0.0030 | aux_giou=0.0000 | aux_bbox=0.0000 | aux_ce=0.0000 | mask=2089 | aux_mask=1666 | pos=39 | targets=39 | preds=48 | centerness=[-14.231, 1.827] | train_seen=1800
2026-06-05 13:20:55 | INFO | Epoch 54 | batch 950/1829 | loss=0.7587 | giou=0.3375 | bbox=0.0260 | ce=0.0289 | aux_giou=0.0000 | aux_bbox=0.0000 | aux_ce=0.0000 | mask=2190 | aux_mask=2095 | pos=515 | targets=515 | preds=346 | centerness=[-13.695, 2.577] | train_seen=1900
2026-06-05 13:22:42 | INFO | Epoch 54 | batch 1000/1829 | loss=0.5691 | giou=0.2705 | bbox=0.0215 | ce=0.0033 | aux_giou=0.0000 | aux_bbox=0.0000 | aux_ce=0.0000 | mask=1855 | aux_mask=1480 | pos=25 | targets=25 | preds=44 | centerness=[-13.556, 0.943] | train_seen=2000
2026-06-05 13:24:28 | INFO | Epoch 54 | batch 1050/1829 | loss=0.7579 | giou=0.3426 | bbox=0.0538 | ce=0.0094 | aux_giou=0.0000 | aux_bbox=0.0000 | aux_ce=0.0000 | mask=1622 | aux_mask=1841 | pos=30 | targets=30 | preds=41 | centerness=[-13.897, 0.733] | train_seen=2100
2026-06-05 13:26:15 | INFO | Epoch 54 | batch 1100/1829 | loss=0.8800 | giou=0.4195 | bbox=0.0208 | ce=0.0101 | aux_giou=0.0000 | aux_bbox=0.0000 | aux_ce=0.0000 | mask=2352 | aux_mask=2421 | pos=156 | targets=156 | preds=127 | centerness=[-12.797, 1.686] | train_seen=2200
2026-06-05 13:28:01 | INFO | Epoch 54 | batch 1150/1829 | loss=0.7179 | giou=0.3147 | bbox=0.0374 | ce=0.0256 | aux_giou=0.0000 | aux_bbox=0.0000 | aux_ce=0.0000 | mask=2435 | aux_mask=2416 | pos=153 | targets=153 | preds=106 | centerness=[-13.037, 2.765] | train_seen=2300
2026-06-05 13:29:47 | INFO | Epoch 54 | batch 1200/1829 | loss=0.6896 | giou=0.2992 | bbox=0.0399 | ce=0.0257 | aux_giou=0.0000 | aux_bbox=0.0000 | aux_ce=0.0000 | mask=2143 | aux_mask=2063 | pos=146 | targets=146 | preds=91 | centerness=[-13.550, 0.692] | train_seen=2400
2026-06-05 13:31:34 | INFO | Epoch 54 | batch 1250/1829 | loss=0.4068 | giou=0.1822 | bbox=0.0306 | ce=0.0059 | aux_giou=0.0000 | aux_bbox=0.0000 | aux_ce=0.0000 | mask=1408 | aux_mask=1391 | pos=41 | targets=41 | preds=43 | centerness=[-14.431, 1.815] | train_seen=2500
2026-06-05 13:33:20 | INFO | Epoch 54 | batch 1300/1829 | loss=0.5256 | giou=0.2409 | bbox=0.0248 | ce=0.0095 | aux_giou=0.0000 | aux_bbox=0.0000 | aux_ce=0.0000 | mask=1337 | aux_mask=1541 | pos=91 | targets=91 | preds=79 | centerness=[-12.026, 1.973] | train_seen=2600
2026-06-05 13:35:07 | INFO | Epoch 54 | batch 1350/1829 | loss=0.6100 | giou=0.2772 | bbox=0.0359 | ce=0.0098 | aux_giou=0.0000 | aux_bbox=0.0000 | aux_ce=0.0000 | mask=2166 | aux_mask=2289 | pos=46 | targets=46 | preds=44 | centerness=[-15.080, 0.865] | train_seen=2700
2026-06-05 13:36:53 | INFO | Epoch 54 | batch 1400/1829 | loss=0.6656 | giou=0.3015 | bbox=0.0461 | ce=0.0082 | aux_giou=0.0000 | aux_bbox=0.0000 | aux_ce=0.0000 | mask=2148 | aux_mask=1941 | pos=63 | targets=63 | preds=54 | centerness=[-12.706, 1.283] | train_seen=2800
2026-06-05 13:38:39 | INFO | Epoch 54 | batch 1450/1829 | loss=0.8750 | giou=0.3743 | bbox=0.0215 | ce=0.0108 | aux_giou=0.0397 | aux_bbox=0.0031 | aux_ce=0.0004 | mask=2446 | aux_mask=2046 | pos=80 | targets=80 | preds=142 | centerness=[-11.956, 1.861] | train_seen=2900
2026-06-05 13:40:26 | INFO | Epoch 54 | batch 1500/1829 | loss=0.5384 | giou=0.2474 | bbox=0.0280 | ce=0.0078 | aux_giou=0.0000 | aux_bbox=0.0000 | aux_ce=0.0000 | mask=2743 | aux_mask=2528 | pos=62 | targets=62 | preds=49 | centerness=[-14.680, 1.007] | train_seen=3000
2026-06-05 13:42:12 | INFO | Epoch 54 | batch 1550/1829 | loss=0.7268 | giou=0.3357 | bbox=0.0429 | ce=0.0063 | aux_giou=0.0000 | aux_bbox=0.0000 | aux_ce=0.0000 | mask=2463 | aux_mask=2409 | pos=47 | targets=47 | preds=35 | centerness=[-11.710, 1.715] | train_seen=3100
2026-06-05 13:43:58 | INFO | Epoch 54 | batch 1600/1829 | loss=0.7128 | giou=0.3336 | bbox=0.0154 | ce=0.0151 | aux_giou=0.0000 | aux_bbox=0.0000 | aux_ce=0.0000 | mask=2879 | aux_mask=2620 | pos=173 | targets=173 | preds=281 | centerness=[-13.145, 2.509] | train_seen=3200
2026-06-05 13:45:45 | INFO | Epoch 54 | batch 1650/1829 | loss=0.3917 | giou=0.1844 | bbox=0.0155 | ce=0.0037 | aux_giou=0.0000 | aux_bbox=0.0000 | aux_ce=0.0000 | mask=2499 | aux_mask=2277 | pos=72 | targets=72 | preds=71 | centerness=[-14.201, 1.681] | train_seen=3300
2026-06-05 13:47:31 | INFO | Epoch 54 | batch 1700/1829 | loss=0.6159 | giou=0.2898 | bbox=0.0204 | ce=0.0080 | aux_giou=0.0000 | aux_bbox=0.0000 | aux_ce=0.0000 | mask=2616 | aux_mask=2178 | pos=102 | targets=102 | preds=88 | centerness=[-9.337, 2.499] | train_seen=3400
2026-06-05 13:49:17 | INFO | Epoch 54 | batch 1750/1829 | loss=0.3931 | giou=0.1708 | bbox=0.0328 | ce=0.0094 | aux_giou=0.0000 | aux_bbox=0.0000 | aux_ce=0.0000 | mask=1520 | aux_mask=1732 | pos=34 | targets=34 | preds=23 | centerness=[-17.509, 0.328] | train_seen=3500
2026-06-05 13:51:04 | INFO | Epoch 54 | batch 1800/1829 | loss=0.7669 | giou=0.3449 | bbox=0.0353 | ce=0.0209 | aux_giou=0.0000 | aux_bbox=0.0000 | aux_ce=0.0000 | mask=3323 | aux_mask=2802 | pos=461 | targets=461 | preds=485 | centerness=[-13.305, 1.900] | train_seen=3600
2026-06-05 14:11:41 | INFO | Epoch 54 | train_loss=0.626 | val_loss=0.835 | train_mae=19.911 | val_mae=21.229 | val_rmse=51.60 | test_mae=18.761 | test_rmse=96.88 | time=5065.802s
2026-06-05 14:13:28 | INFO | Epoch 55 | batch 50/1829 | loss=0.3726 | giou=0.1714 | bbox=0.0231 | ce=0.0033 | aux_giou=0.0000 | aux_bbox=0.0000 | aux_ce=0.0000 | mask=1696 | aux_mask=1771 | pos=22 | targets=22 | preds=34 | centerness=[-13.592, 1.239] | train_seen=100
2026-06-05 14:15:14 | INFO | Epoch 55 | batch 100/1829 | loss=0.5642 | giou=0.2680 | bbox=0.0197 | ce=0.0042 | aux_giou=0.0000 | aux_bbox=0.0000 | aux_ce=0.0000 | mask=2511 | aux_mask=2289 | pos=128 | targets=128 | preds=141 | centerness=[-14.071, 2.369] | train_seen=200
2026-06-05 14:17:00 | INFO | Epoch 55 | batch 150/1829 | loss=0.5398 | giou=0.2434 | bbox=0.0259 | ce=0.0135 | aux_giou=0.0000 | aux_bbox=0.0000 | aux_ce=0.0000 | mask=3580 | aux_mask=3380 | pos=260 | targets=260 | preds=197 | centerness=[-11.013, 2.185] | train_seen=300
2026-06-05 14:18:47 | INFO | Epoch 55 | batch 200/1829 | loss=0.5995 | giou=0.2732 | bbox=0.0400 | ce=0.0065 | aux_giou=0.0000 | aux_bbox=0.0000 | aux_ce=0.0000 | mask=2231 | aux_mask=2386 | pos=50 | targets=50 | preds=42 | centerness=[-17.811, 1.125] | train_seen=400
2026-06-05 14:20:33 | INFO | Epoch 55 | batch 250/1829 | loss=0.8967 | giou=0.3592 | bbox=0.0384 | ce=0.0280 | aux_giou=0.0368 | aux_bbox=0.0023 | aux_ce=0.0040 | mask=3317 | aux_mask=2690 | pos=541 | targets=541 | preds=440 | centerness=[-15.887, 1.067] | train_seen=500
2026-06-05 14:22:19 | INFO | Epoch 55 | batch 300/1829 | loss=0.5091 | giou=0.2252 | bbox=0.0276 | ce=0.0156 | aux_giou=0.0000 | aux_bbox=0.0000 | aux_ce=0.0000 | mask=1747 | aux_mask=1657 | pos=142 | targets=142 | preds=82 | centerness=[-12.006, 2.065] | train_seen=600
2026-06-05 14:24:06 | INFO | Epoch 55 | batch 350/1829 | loss=0.4402 | giou=0.2049 | bbox=0.0207 | ce=0.0048 | aux_giou=0.0000 | aux_bbox=0.0000 | aux_ce=0.0000 | mask=1986 | aux_mask=2194 | pos=56 | targets=56 | preds=54 | centerness=[-15.192, 2.428] | train_seen=700
2026-06-05 14:25:52 | INFO | Epoch 55 | batch 400/1829 | loss=0.4293 | giou=0.2025 | bbox=0.0153 | ce=0.0045 | aux_giou=0.0000 | aux_bbox=0.0000 | aux_ce=0.0000 | mask=1871 | aux_mask=1723 | pos=92 | targets=92 | preds=88 | centerness=[-18.085, 1.887] | train_seen=800
2026-06-05 14:27:39 | INFO | Epoch 55 | batch 450/1829 | loss=0.6186 | giou=0.2841 | bbox=0.0213 | ce=0.0145 | aux_giou=0.0000 | aux_bbox=0.0000 | aux_ce=0.0000 | mask=2120 | aux_mask=1726 | pos=146 | targets=146 | preds=105 | centerness=[-12.079, 2.333] | train_seen=900
2026-06-05 14:29:25 | INFO | Epoch 55 | batch 500/1829 | loss=0.6124 | giou=0.2804 | bbox=0.0115 | ce=0.0026 | aux_giou=0.0169 | aux_bbox=0.0006 | aux_ce=0.0002 | mask=1243 | aux_mask=1465 | pos=35 | targets=35 | preds=34 | centerness=[-12.720, 2.047] | train_seen=1000
2026-06-05 14:31:12 | INFO | Epoch 55 | batch 550/1829 | loss=0.6377 | giou=0.2684 | bbox=0.0486 | ce=0.0078 | aux_giou=0.0179 | aux_bbox=0.0006 | aux_ce=0.0002 | mask=1547 | aux_mask=1793 | pos=45 | targets=45 | preds=33 | centerness=[-15.733, 1.977] | train_seen=1100
2026-06-05 14:32:58 | INFO | Epoch 55 | batch 600/1829 | loss=0.6100 | giou=0.2661 | bbox=0.0390 | ce=0.0194 | aux_giou=0.0000 | aux_bbox=0.0000 | aux_ce=0.0000 | mask=1688 | aux_mask=1480 | pos=79 | targets=79 | preds=62 | centerness=[-16.629, 1.219] | train_seen=1200
2026-06-05 14:34:44 | INFO | Epoch 55 | batch 650/1829 | loss=0.5672 | giou=0.2619 | bbox=0.0281 | ce=0.0077 | aux_giou=0.0000 | aux_bbox=0.0000 | aux_ce=0.0000 | mask=1992 | aux_mask=1533 | pos=92 | targets=92 | preds=90 | centerness=[-14.352, 1.981] | train_seen=1300
2026-06-05 14:36:31 | INFO | Epoch 55 | batch 700/1829 | loss=0.5311 | giou=0.2309 | bbox=0.0464 | ce=0.0114 | aux_giou=0.0000 | aux_bbox=0.0000 | aux_ce=0.0000 | mask=2353 | aux_mask=2201 | pos=103 | targets=103 | preds=71 | centerness=[-12.299, 2.107] | train_seen=1400
2026-06-05 14:38:17 | INFO | Epoch 55 | batch 750/1829 | loss=0.8644 | giou=0.3603 | bbox=0.0276 | ce=0.0190 | aux_giou=0.0359 | aux_bbox=0.0012 | aux_ce=0.0026 | mask=3164 | aux_mask=2894 | pos=178 | targets=178 | preds=514 | centerness=[-13.216, 0.807] | train_seen=1500
2026-06-05 14:40:03 | INFO | Epoch 55 | batch 800/1829 | loss=0.8378 | giou=0.3425 | bbox=0.0213 | ce=0.0269 | aux_giou=0.0317 | aux_bbox=0.0015 | aux_ce=0.0064 | mask=3007 | aux_mask=2169 | pos=496 | targets=496 | preds=605 | centerness=[-12.164, 1.868] | train_seen=1600
2026-06-05 14:41:50 | INFO | Epoch 55 | batch 850/1829 | loss=0.6114 | giou=0.2830 | bbox=0.0231 | ce=0.0112 | aux_giou=0.0000 | aux_bbox=0.0000 | aux_ce=0.0000 | mask=2267 | aux_mask=2001 | pos=187 | targets=187 | preds=168 | centerness=[-12.346, 0.929] | train_seen=1700
2026-06-05 14:43:36 | INFO | Epoch 55 | batch 900/1829 | loss=0.6262 | giou=0.2889 | bbox=0.0207 | ce=0.0139 | aux_giou=0.0000 | aux_bbox=0.0000 | aux_ce=0.0000 | mask=2995 | aux_mask=2378 | pos=152 | targets=152 | preds=228 | centerness=[-14.860, 1.701] | train_seen=1800
2026-06-05 14:45:22 | INFO | Epoch 55 | batch 950/1829 | loss=0.4663 | giou=0.2160 | bbox=0.0257 | ce=0.0043 | aux_giou=0.0000 | aux_bbox=0.0000 | aux_ce=0.0000 | mask=1820 | aux_mask=1901 | pos=31 | targets=31 | preds=37 | centerness=[-13.266, 1.080] | train_seen=1900
2026-06-05 14:47:09 | INFO | Epoch 55 | batch 1000/1829 | loss=0.9498 | giou=0.4293 | bbox=0.0190 | ce=0.0068 | aux_giou=0.0279 | aux_bbox=0.0015 | aux_ce=0.0007 | mask=1799 | aux_mask=1832 | pos=158 | targets=158 | preds=147 | centerness=[-12.792, 2.628] | train_seen=2000
2026-06-05 14:48:55 | INFO | Epoch 55 | batch 1050/1829 | loss=0.8235 | giou=0.3886 | bbox=0.0314 | ce=0.0074 | aux_giou=0.0000 | aux_bbox=0.0000 | aux_ce=0.0000 | mask=3520 | aux_mask=2632 | pos=284 | targets=284 | preds=304 | centerness=[-14.095, 2.280] | train_seen=2100
2026-06-05 14:50:41 | INFO | Epoch 55 | batch 1100/1829 | loss=0.6391 | giou=0.2786 | bbox=0.0646 | ce=0.0086 | aux_giou=0.0000 | aux_bbox=0.0000 | aux_ce=0.0000 | mask=1724 | aux_mask=2112 | pos=46 | targets=46 | preds=37 | centerness=[-14.609, 0.810] | train_seen=2200
2026-06-05 14:52:28 | INFO | Epoch 55 | batch 1150/1829 | loss=0.6175 | giou=0.2602 | bbox=0.0709 | ce=0.0131 | aux_giou=0.0000 | aux_bbox=0.0000 | aux_ce=0.0000 | mask=1828 | aux_mask=1910 | pos=45 | targets=45 | preds=41 | centerness=[-18.087, 0.839] | train_seen=2300
2026-06-05 14:54:14 | INFO | Epoch 55 | batch 1200/1829 | loss=0.7079 | giou=0.3227 | bbox=0.0242 | ce=0.0191 | aux_giou=0.0000 | aux_bbox=0.0000 | aux_ce=0.0000 | mask=3437 | aux_mask=2870 | pos=404 | targets=404 | preds=297 | centerness=[-7.794, 2.537] | train_seen=2400
2026-06-05 14:56:00 | INFO | Epoch 55 | batch 1250/1829 | loss=0.6830 | giou=0.3128 | bbox=0.0234 | ce=0.0169 | aux_giou=0.0000 | aux_bbox=0.0000 | aux_ce=0.0000 | mask=3111 | aux_mask=2641 | pos=220 | targets=220 | preds=239 | centerness=[-7.893, 2.738] | train_seen=2500
2026-06-05 14:57:47 | INFO | Epoch 55 | batch 1300/1829 | loss=0.9233 | giou=0.3759 | bbox=0.0557 | ce=0.0194 | aux_giou=0.0352 | aux_bbox=0.0018 | aux_ce=0.0024 | mask=3022 | aux_mask=2808 | pos=173 | targets=173 | preds=465 | centerness=[-12.631, 0.426] | train_seen=2600
2026-06-05 14:59:33 | INFO | Epoch 55 | batch 1350/1829 | loss=0.5169 | giou=0.2252 | bbox=0.0519 | ce=0.0072 | aux_giou=0.0000 | aux_bbox=0.0000 | aux_ce=0.0000 | mask=1912 | aux_mask=2241 | pos=33 | targets=33 | preds=34 | centerness=[-13.933, 0.701] | train_seen=2700
2026-06-05 15:01:19 | INFO | Epoch 55 | batch 1400/1829 | loss=0.5753 | giou=0.2574 | bbox=0.0421 | ce=0.0091 | aux_giou=0.0000 | aux_bbox=0.0000 | aux_ce=0.0000 | mask=2502 | aux_mask=2548 | pos=59 | targets=59 | preds=90 | centerness=[-13.343, 2.301] | train_seen=2800
2026-06-05 15:03:06 | INFO | Epoch 55 | batch 1450/1829 | loss=0.4138 | giou=0.1750 | bbox=0.0239 | ce=0.0199 | aux_giou=0.0000 | aux_bbox=0.0000 | aux_ce=0.0000 | mask=2131 | aux_mask=1777 | pos=161 | targets=161 | preds=93 | centerness=[-15.196, 1.992] | train_seen=2900
2026-06-05 15:04:52 | INFO | Epoch 55 | batch 1500/1829 | loss=0.3782 | giou=0.1764 | bbox=0.0216 | ce=0.0019 | aux_giou=0.0000 | aux_bbox=0.0000 | aux_ce=0.0000 | mask=1879 | aux_mask=1760 | pos=25 | targets=25 | preds=26 | centerness=[-14.329, 0.938] | train_seen=3000
2026-06-05 15:06:39 | INFO | Epoch 55 | batch 1550/1829 | loss=0.8459 | giou=0.3572 | bbox=0.0371 | ce=0.0143 | aux_giou=0.0312 | aux_bbox=0.0014 | aux_ce=0.0010 | mask=2317 | aux_mask=2109 | pos=64 | targets=64 | preds=94 | centerness=[-12.324, 1.855] | train_seen=3100
2026-06-05 15:08:25 | INFO | Epoch 55 | batch 1600/1829 | loss=0.9803 | giou=0.4127 | bbox=0.0196 | ce=0.0234 | aux_giou=0.0422 | aux_bbox=0.0016 | aux_ce=0.0011 | mask=2760 | aux_mask=2542 | pos=336 | targets=336 | preds=331 | centerness=[-9.203, 1.741] | train_seen=3200
2026-06-05 15:10:11 | INFO | Epoch 55 | batch 1650/1829 | loss=0.4381 | giou=0.1977 | bbox=0.0301 | ce=0.0063 | aux_giou=0.0000 | aux_bbox=0.0000 | aux_ce=0.0000 | mask=1900 | aux_mask=1794 | pos=39 | targets=39 | preds=34 | centerness=[-13.306, 1.893] | train_seen=3300
2026-06-05 15:11:58 | INFO | Epoch 55 | batch 1700/1829 | loss=0.7704 | giou=0.3444 | bbox=0.0307 | ce=0.0255 | aux_giou=0.0000 | aux_bbox=0.0000 | aux_ce=0.0000 | mask=2047 | aux_mask=1617 | pos=513 | targets=513 | preds=365 | centerness=[-12.575, 3.156] | train_seen=3400
2026-06-05 15:13:44 | INFO | Epoch 55 | batch 1750/1829 | loss=0.5748 | giou=0.2445 | bbox=0.0226 | ce=0.0045 | aux_giou=0.0262 | aux_bbox=0.0012 | aux_ce=0.0003 | mask=2800 | aux_mask=2961 | pos=51 | targets=51 | preds=46 | centerness=[-18.668, 2.167] | train_seen=3500
2026-06-05 15:15:31 | INFO | Epoch 55 | batch 1800/1829 | loss=0.6199 | giou=0.2808 | bbox=0.0250 | ce=0.0167 | aux_giou=0.0000 | aux_bbox=0.0000 | aux_ce=0.0000 | mask=3384 | aux_mask=2924 | pos=268 | targets=268 | preds=182 | centerness=[-9.953, 1.783] | train_seen=3600
2026-06-05 15:36:08 | INFO | Epoch 55 | train_loss=0.623 | val_loss=0.831 | train_mae=21.571 | val_mae=21.161 | val_rmse=50.43 | test_mae=19.034 | test_rmse=98.46 | time=5065.482s
2026-06-05 15:37:55 | INFO | Epoch 56 | batch 50/1829 | loss=0.6927 | giou=0.3203 | bbox=0.0271 | ce=0.0126 | aux_giou=0.0000 | aux_bbox=0.0000 | aux_ce=0.0000 | mask=2068 | aux_mask=1851 | pos=74 | targets=74 | preds=82 | centerness=[-14.870, 0.615] | train_seen=100
2026-06-05 15:39:41 | INFO | Epoch 56 | batch 100/1829 | loss=0.4681 | giou=0.2153 | bbox=0.0285 | ce=0.0045 | aux_giou=0.0000 | aux_bbox=0.0000 | aux_ce=0.0000 | mask=1756 | aux_mask=1832 | pos=26 | targets=26 | preds=37 | centerness=[-13.726, 1.410] | train_seen=200
2026-06-05 15:41:28 | INFO | Epoch 56 | batch 150/1829 | loss=0.7946 | giou=0.3464 | bbox=0.0183 | ce=0.0082 | aux_giou=0.0319 | aux_bbox=0.0021 | aux_ce=0.0005 | mask=1794 | aux_mask=1686 | pos=127 | targets=127 | preds=109 | centerness=[-11.034, 1.893] | train_seen=300
2026-06-05 15:43:14 | INFO | Epoch 56 | batch 200/1829 | loss=0.4387 | giou=0.1996 | bbox=0.0256 | ce=0.0069 | aux_giou=0.0000 | aux_bbox=0.0000 | aux_ce=0.0000 | mask=1986 | aux_mask=1838 | pos=79 | targets=79 | preds=78 | centerness=[-13.175, 2.339] | train_seen=400
2026-06-05 15:45:00 | INFO | Epoch 56 | batch 250/1829 | loss=0.5553 | giou=0.2521 | bbox=0.0369 | ce=0.0071 | aux_giou=0.0000 | aux_bbox=0.0000 | aux_ce=0.0000 | mask=1958 | aux_mask=2098 | pos=51 | targets=51 | preds=34 | centerness=[-18.036, 1.312] | train_seen=500
2026-06-05 15:46:47 | INFO | Epoch 56 | batch 300/1829 | loss=0.6069 | giou=0.2726 | bbox=0.0244 | ce=0.0187 | aux_giou=0.0000 | aux_bbox=0.0000 | aux_ce=0.0000 | mask=2142 | aux_mask=1622 | pos=93 | targets=93 | preds=91 | centerness=[-16.211, 1.792] | train_seen=600
2026-06-05 15:48:33 | INFO | Epoch 56 | batch 350/1829 | loss=0.5217 | giou=0.2380 | bbox=0.0335 | ce=0.0061 | aux_giou=0.0000 | aux_bbox=0.0000 | aux_ce=0.0000 | mask=2094 | aux_mask=2133 | pos=53 | targets=53 | preds=43 | centerness=[-15.637, 0.861] | train_seen=700
2026-06-05 15:50:19 | INFO | Epoch 56 | batch 400/1829 | loss=0.6749 | giou=0.2999 | bbox=0.0323 | ce=0.0214 | aux_giou=0.0000 | aux_bbox=0.0000 | aux_ce=0.0000 | mask=2778 | aux_mask=2245 | pos=224 | targets=224 | preds=188 | centerness=[-15.350, 1.185] | train_seen=800
2026-06-05 15:52:06 | INFO | Epoch 56 | batch 450/1829 | loss=0.7495 | giou=0.3197 | bbox=0.0165 | ce=0.0152 | aux_giou=0.0305 | aux_bbox=0.0011 | aux_ce=0.0005 | mask=2121 | aux_mask=1884 | pos=169 | targets=169 | preds=228 | centerness=[-10.830, 2.369] | train_seen=900
2026-06-05 15:53:52 | INFO | Epoch 56 | batch 500/1829 | loss=0.9045 | giou=0.3969 | bbox=0.0358 | ce=0.0050 | aux_giou=0.0312 | aux_bbox=0.0010 | aux_ce=0.0008 | mask=2006 | aux_mask=2127 | pos=30 | targets=30 | preds=47 | centerness=[-12.637, 0.879] | train_seen=1000
2026-06-05 15:55:39 | INFO | Epoch 56 | batch 550/1829 | loss=0.7230 | giou=0.3262 | bbox=0.0322 | ce=0.0192 | aux_giou=0.0000 | aux_bbox=0.0000 | aux_ce=0.0000 | mask=2175 | aux_mask=1905 | pos=82 | targets=82 | preds=119 | centerness=[-12.315, 0.887] | train_seen=1100
2026-06-05 15:57:26 | INFO | Epoch 56 | batch 600/1829 | loss=0.7180 | giou=0.3460 | bbox=0.0179 | ce=0.0041 | aux_giou=0.0000 | aux_bbox=0.0000 | aux_ce=0.0000 | mask=2898 | aux_mask=2781 | pos=91 | targets=91 | preds=102 | centerness=[-11.333, 1.580] | train_seen=1200
2026-06-05 15:59:12 | INFO | Epoch 56 | batch 650/1829 | loss=0.4772 | giou=0.2112 | bbox=0.0403 | ce=0.0073 | aux_giou=0.0000 | aux_bbox=0.0000 | aux_ce=0.0000 | mask=2077 | aux_mask=2243 | pos=41 | targets=41 | preds=34 | centerness=[-18.501, 1.166] | train_seen=1300
2026-06-05 16:00:59 | INFO | Epoch 56 | batch 700/1829 | loss=0.9871 | giou=0.4025 | bbox=0.0152 | ce=0.0150 | aux_giou=0.0634 | aux_bbox=0.0035 | aux_ce=0.0034 | mask=2687 | aux_mask=2252 | pos=231 | targets=231 | preds=133 | centerness=[-12.352, 2.650] | train_seen=1400
2026-06-05 16:02:45 | INFO | Epoch 56 | batch 750/1829 | loss=0.5932 | giou=0.2572 | bbox=0.0570 | ce=0.0109 | aux_giou=0.0000 | aux_bbox=0.0000 | aux_ce=0.0000 | mask=2156 | aux_mask=2268 | pos=55 | targets=55 | preds=47 | centerness=[-15.708, 0.972] | train_seen=1500
2026-06-05 16:04:31 | INFO | Epoch 56 | batch 800/1829 | loss=0.6616 | giou=0.2765 | bbox=0.0798 | ce=0.0144 | aux_giou=0.0000 | aux_bbox=0.0000 | aux_ce=0.0000 | mask=2331 | aux_mask=2685 | pos=58 | targets=58 | preds=59 | centerness=[-15.677, 0.088] | train_seen=1600
2026-06-05 16:06:18 | INFO | Epoch 56 | batch 850/1829 | loss=0.6856 | giou=0.3136 | bbox=0.0422 | ce=0.0081 | aux_giou=0.0000 | aux_bbox=0.0000 | aux_ce=0.0000 | mask=2069 | aux_mask=2182 | pos=50 | targets=50 | preds=44 | centerness=[-18.809, 2.206] | train_seen=1700
2026-06-05 16:08:05 | INFO | Epoch 56 | batch 900/1829 | loss=0.5079 | giou=0.2235 | bbox=0.0361 | ce=0.0125 | aux_giou=0.0000 | aux_bbox=0.0000 | aux_ce=0.0000 | mask=2722 | aux_mask=2460 | pos=151 | targets=151 | preds=120 | centerness=[-17.286, 0.723] | train_seen=1800
2026-06-05 16:09:51 | INFO | Epoch 56 | batch 950/1829 | loss=0.4988 | giou=0.2165 | bbox=0.0442 | ce=0.0108 | aux_giou=0.0000 | aux_bbox=0.0000 | aux_ce=0.0000 | mask=2047 | aux_mask=2102 | pos=44 | targets=44 | preds=44 | centerness=[-17.419, 0.916] | train_seen=1900
2026-06-05 16:11:37 | INFO | Epoch 56 | batch 1000/1829 | loss=0.4602 | giou=0.2027 | bbox=0.0452 | ce=0.0048 | aux_giou=0.0000 | aux_bbox=0.0000 | aux_ce=0.0000 | mask=2409 | aux_mask=2375 | pos=42 | targets=42 | preds=46 | centerness=[-17.348, 1.594] | train_seen=2000
2026-06-05 16:13:24 | INFO | Epoch 56 | batch 1050/1829 | loss=0.5573 | giou=0.2558 | bbox=0.0250 | ce=0.0104 | aux_giou=0.0000 | aux_bbox=0.0000 | aux_ce=0.0000 | mask=2407 | aux_mask=2135 | pos=118 | targets=118 | preds=113 | centerness=[-13.906, 2.281] | train_seen=2100
2026-06-05 16:15:10 | INFO | Epoch 56 | batch 1100/1829 | loss=0.8859 | giou=0.3680 | bbox=0.0680 | ce=0.0095 | aux_giou=0.0300 | aux_bbox=0.0011 | aux_ce=0.0008 | mask=2327 | aux_mask=2469 | pos=102 | targets=102 | preds=123 | centerness=[-11.215, 3.113] | train_seen=2200
2026-06-05 16:16:56 | INFO | Epoch 56 | batch 1150/1829 | loss=0.4076 | giou=0.1766 | bbox=0.0399 | ce=0.0073 | aux_giou=0.0000 | aux_bbox=0.0000 | aux_ce=0.0000 | mask=2097 | aux_mask=2218 | pos=22 | targets=22 | preds=32 | centerness=[-17.286, 0.220] | train_seen=2300
2026-06-05 16:18:42 | INFO | Epoch 56 | batch 1200/1829 | loss=0.4959 | giou=0.2256 | bbox=0.0221 | ce=0.0112 | aux_giou=0.0000 | aux_bbox=0.0000 | aux_ce=0.0000 | mask=2519 | aux_mask=2247 | pos=52 | targets=52 | preds=127 | centerness=[-14.216, 0.199] | train_seen=2400
2026-06-05 16:20:29 | INFO | Epoch 56 | batch 1250/1829 | loss=0.5659 | giou=0.2568 | bbox=0.0360 | ce=0.0082 | aux_giou=0.0000 | aux_bbox=0.0000 | aux_ce=0.0000 | mask=2043 | aux_mask=2013 | pos=112 | targets=112 | preds=109 | centerness=[-16.126, 1.687] | train_seen=2500
2026-06-05 16:22:15 | INFO | Epoch 56 | batch 1300/1829 | loss=0.8218 | giou=0.3376 | bbox=0.0335 | ce=0.0179 | aux_giou=0.0344 | aux_bbox=0.0021 | aux_ce=0.0032 | mask=2494 | aux_mask=2370 | pos=212 | targets=212 | preds=292 | centerness=[-19.438, 1.608] | train_seen=2600
2026-06-05 16:24:01 | INFO | Epoch 56 | batch 1350/1829 | loss=0.7025 | giou=0.3338 | bbox=0.0212 | ce=0.0069 | aux_giou=0.0000 | aux_bbox=0.0000 | aux_ce=0.0000 | mask=2594 | aux_mask=2285 | pos=43 | targets=43 | preds=138 | centerness=[-12.617, 2.061] | train_seen=2700
2026-06-05 16:25:48 | INFO | Epoch 56 | batch 1400/1829 | loss=0.5897 | giou=0.2785 | bbox=0.0226 | ce=0.0050 | aux_giou=0.0000 | aux_bbox=0.0000 | aux_ce=0.0000 | mask=1506 | aux_mask=1719 | pos=28 | targets=28 | preds=32 | centerness=[-13.251, 2.078] | train_seen=2800
2026-06-05 16:27:34 | INFO | Epoch 56 | batch 1450/1829 | loss=0.4969 | giou=0.2271 | bbox=0.0311 | ce=0.0057 | aux_giou=0.0000 | aux_bbox=0.0000 | aux_ce=0.0000 | mask=2266 | aux_mask=2235 | pos=29 | targets=29 | preds=36 | centerness=[-10.001, 0.834] | train_seen=2900
2026-06-05 16:29:20 | INFO | Epoch 56 | batch 1500/1829 | loss=0.9023 | giou=0.3975 | bbox=0.0742 | ce=0.0165 | aux_giou=0.0000 | aux_bbox=0.0000 | aux_ce=0.0000 | mask=2159 | aux_mask=2143 | pos=128 | targets=128 | preds=92 | centerness=[-12.624, 0.772] | train_seen=3000
2026-06-05 16:31:06 | INFO | Epoch 56 | batch 1550/1829 | loss=0.7066 | giou=0.3306 | bbox=0.0369 | ce=0.0043 | aux_giou=0.0000 | aux_bbox=0.0000 | aux_ce=0.0000 | mask=1883 | aux_mask=2148 | pos=39 | targets=39 | preds=38 | centerness=[-16.163, 1.668] | train_seen=3100
2026-06-05 16:32:53 | INFO | Epoch 56 | batch 1600/1829 | loss=0.5278 | giou=0.2379 | bbox=0.0285 | ce=0.0118 | aux_giou=0.0000 | aux_bbox=0.0000 | aux_ce=0.0000 | mask=2020 | aux_mask=1640 | pos=81 | targets=81 | preds=48 | centerness=[-14.912, 2.008] | train_seen=3200
2026-06-05 16:34:39 | INFO | Epoch 56 | batch 1650/1829 | loss=0.5811 | giou=0.2780 | bbox=0.0152 | ce=0.0049 | aux_giou=0.0000 | aux_bbox=0.0000 | aux_ce=0.0000 | mask=2524 | aux_mask=2222 | pos=121 | targets=121 | preds=174 | centerness=[-9.689, 2.244] | train_seen=3300
2026-06-05 16:36:25 | INFO | Epoch 56 | batch 1700/1829 | loss=0.7058 | giou=0.3269 | bbox=0.0383 | ce=0.0069 | aux_giou=0.0000 | aux_bbox=0.0000 | aux_ce=0.0000 | mask=2407 | aux_mask=2115 | pos=86 | targets=86 | preds=79 | centerness=[-10.471, 1.299] | train_seen=3400
2026-06-05 16:38:11 | INFO | Epoch 56 | batch 1750/1829 | loss=0.6227 | giou=0.2909 | bbox=0.0235 | ce=0.0087 | aux_giou=0.0000 | aux_bbox=0.0000 | aux_ce=0.0000 | mask=1788 | aux_mask=1498 | pos=182 | targets=182 | preds=183 | centerness=[-10.083, 2.434] | train_seen=3500
2026-06-05 16:39:57 | INFO | Epoch 56 | batch 1800/1829 | loss=0.4380 | giou=0.1984 | bbox=0.0227 | ce=0.0092 | aux_giou=0.0000 | aux_bbox=0.0000 | aux_ce=0.0000 | mask=1866 | aux_mask=1850 | pos=149 | targets=149 | preds=126 | centerness=[-14.617, 2.498] | train_seen=3600
2026-06-05 17:00:32 | INFO | Epoch 56 | train_loss=0.618 | val_loss=0.834 | train_mae=20.113 | val_mae=20.830 | val_rmse=51.06 | test_mae=18.753 | test_rmse=98.33 | time=5062.164s
2026-06-05 17:02:19 | INFO | Epoch 57 | batch 50/1829 | loss=0.4958 | giou=0.2239 | bbox=0.0367 | ce=0.0056 | aux_giou=0.0000 | aux_bbox=0.0000 | aux_ce=0.0000 | mask=1974 | aux_mask=2006 | pos=29 | targets=29 | preds=38 | centerness=[-19.563, 0.772] | train_seen=100
2026-06-05 17:04:05 | INFO | Epoch 57 | batch 100/1829 | loss=0.8319 | giou=0.3751 | bbox=0.0272 | ce=0.0273 | aux_giou=0.0000 | aux_bbox=0.0000 | aux_ce=0.0000 | mask=2747 | aux_mask=2283 | pos=184 | targets=184 | preds=194 | centerness=[-7.464, 0.747] | train_seen=200
2026-06-05 17:05:51 | INFO | Epoch 57 | batch 150/1829 | loss=0.9562 | giou=0.4181 | bbox=0.0883 | ce=0.0159 | aux_giou=0.0000 | aux_bbox=0.0000 | aux_ce=0.0000 | mask=1693 | aux_mask=1753 | pos=59 | targets=59 | preds=43 | centerness=[-8.981, 0.826] | train_seen=300
2026-06-05 17:07:37 | INFO | Epoch 57 | batch 200/1829 | loss=0.6383 | giou=0.2734 | bbox=0.0146 | ce=0.0095 | aux_giou=0.0271 | aux_bbox=0.0011 | aux_ce=0.0012 | mask=1937 | aux_mask=1700 | pos=162 | targets=162 | preds=148 | centerness=[-10.686, 2.234] | train_seen=400
2026-06-05 17:09:24 | INFO | Epoch 57 | batch 250/1829 | loss=0.3628 | giou=0.1650 | bbox=0.0248 | ce=0.0040 | aux_giou=0.0000 | aux_bbox=0.0000 | aux_ce=0.0000 | mask=1883 | aux_mask=1963 | pos=131 | targets=131 | preds=132 | centerness=[-13.150, 2.262] | train_seen=500
2026-06-05 17:11:10 | INFO | Epoch 57 | batch 300/1829 | loss=0.7160 | giou=0.3169 | bbox=0.0377 | ce=0.0222 | aux_giou=0.0000 | aux_bbox=0.0000 | aux_ce=0.0000 | mask=2453 | aux_mask=2091 | pos=168 | targets=168 | preds=135 | centerness=[-15.051, 1.663] | train_seen=600
2026-06-05 17:12:56 | INFO | Epoch 57 | batch 350/1829 | loss=0.6101 | giou=0.2850 | bbox=0.0180 | ce=0.0111 | aux_giou=0.0000 | aux_bbox=0.0000 | aux_ce=0.0000 | mask=1775 | aux_mask=1635 | pos=132 | targets=132 | preds=113 | centerness=[-12.048, 1.829] | train_seen=700
2026-06-05 17:14:43 | INFO | Epoch 57 | batch 400/1829 | loss=0.4594 | giou=0.2111 | bbox=0.0328 | ce=0.0022 | aux_giou=0.0000 | aux_bbox=0.0000 | aux_ce=0.0000 | mask=2087 | aux_mask=2155 | pos=39 | targets=39 | preds=41 | centerness=[-16.875, 1.457] | train_seen=800
2026-06-05 17:16:29 | INFO | Epoch 57 | batch 450/1829 | loss=0.5529 | giou=0.2501 | bbox=0.0345 | ce=0.0091 | aux_giou=0.0000 | aux_bbox=0.0000 | aux_ce=0.0000 | mask=2329 | aux_mask=2176 | pos=88 | targets=88 | preds=109 | centerness=[-8.515, 1.998] | train_seen=900
2026-06-05 17:18:15 | INFO | Epoch 57 | batch 500/1829 | loss=0.4673 | giou=0.2102 | bbox=0.0170 | ce=0.0150 | aux_giou=0.0000 | aux_bbox=0.0000 | aux_ce=0.0000 | mask=2158 | aux_mask=2196 | pos=444 | targets=444 | preds=435 | centerness=[-13.856, 1.509] | train_seen=1000
2026-06-05 17:20:02 | INFO | Epoch 57 | batch 550/1829 | loss=0.3763 | giou=0.1759 | bbox=0.0178 | ce=0.0034 | aux_giou=0.0000 | aux_bbox=0.0000 | aux_ce=0.0000 | mask=2295 | aux_mask=2033 | pos=35 | targets=35 | preds=49 | centerness=[-14.293, 1.950] | train_seen=1100
2026-06-05 17:21:48 | INFO | Epoch 57 | batch 600/1829 | loss=0.6932 | giou=0.3141 | bbox=0.0294 | ce=0.0178 | aux_giou=0.0000 | aux_bbox=0.0000 | aux_ce=0.0000 | mask=2199 | aux_mask=1614 | pos=223 | targets=223 | preds=146 | centerness=[-14.234, 2.422] | train_seen=1200
2026-06-05 17:23:34 | INFO | Epoch 57 | batch 650/1829 | loss=0.6991 | giou=0.3171 | bbox=0.0329 | ce=0.0160 | aux_giou=0.0000 | aux_bbox=0.0000 | aux_ce=0.0000 | mask=1849 | aux_mask=1681 | pos=124 | targets=124 | preds=94 | centerness=[-13.472, 1.471] | train_seen=1300
2026-06-05 17:25:21 | INFO | Epoch 57 | batch 700/1829 | loss=0.5440 | giou=0.2499 | bbox=0.0341 | ce=0.0050 | aux_giou=0.0000 | aux_bbox=0.0000 | aux_ce=0.0000 | mask=2700 | aux_mask=2716 | pos=60 | targets=60 | preds=56 | centerness=[-21.395, 1.769] | train_seen=1400
2026-06-05 17:27:07 | INFO | Epoch 57 | batch 750/1829 | loss=0.3933 | giou=0.1818 | bbox=0.0211 | ce=0.0043 | aux_giou=0.0000 | aux_bbox=0.0000 | aux_ce=0.0000 | mask=1563 | aux_mask=1683 | pos=32 | targets=32 | preds=34 | centerness=[-14.431, 1.360] | train_seen=1500
2026-06-05 17:28:53 | INFO | Epoch 57 | batch 800/1829 | loss=0.4572 | giou=0.1990 | bbox=0.0494 | ce=0.0049 | aux_giou=0.0000 | aux_bbox=0.0000 | aux_ce=0.0000 | mask=1916 | aux_mask=2257 | pos=19 | targets=19 | preds=19 | centerness=[-17.818, 1.010] | train_seen=1600
2026-06-05 17:30:39 | INFO | Epoch 57 | batch 850/1829 | loss=0.5313 | giou=0.2385 | bbox=0.0433 | ce=0.0055 | aux_giou=0.0000 | aux_bbox=0.0000 | aux_ce=0.0000 | mask=2164 | aux_mask=2294 | pos=24 | targets=24 | preds=17 | centerness=[-13.271, 0.553] | train_seen=1700
2026-06-05 17:32:25 | INFO | Epoch 57 | batch 900/1829 | loss=0.8419 | giou=0.3634 | bbox=0.0398 | ce=0.0078 | aux_giou=0.0291 | aux_bbox=0.0014 | aux_ce=0.0001 | mask=1739 | aux_mask=2008 | pos=44 | targets=44 | preds=39 | centerness=[-16.361, 0.837] | train_seen=1800
2026-06-05 17:34:12 | INFO | Epoch 57 | batch 950/1829 | loss=0.7199 | giou=0.3087 | bbox=0.0274 | ce=0.0067 | aux_giou=0.0289 | aux_bbox=0.0016 | aux_ce=0.0012 | mask=2456 | aux_mask=2363 | pos=62 | targets=62 | preds=78 | centerness=[-14.978, 1.797] | train_seen=1900
2026-06-05 17:35:58 | INFO | Epoch 57 | batch 1000/1829 | loss=0.6150 | giou=0.2929 | bbox=0.0146 | ce=0.0073 | aux_giou=0.0000 | aux_bbox=0.0000 | aux_ce=0.0000 | mask=2275 | aux_mask=2017 | pos=101 | targets=101 | preds=104 | centerness=[-10.646, 1.602] | train_seen=2000
2026-06-05 17:37:45 | INFO | Epoch 57 | batch 1050/1829 | loss=0.4722 | giou=0.2202 | bbox=0.0145 | ce=0.0087 | aux_giou=0.0000 | aux_bbox=0.0000 | aux_ce=0.0000 | mask=3089 | aux_mask=2664 | pos=136 | targets=136 | preds=172 | centerness=[-10.568, 2.104] | train_seen=2100
2026-06-05 17:39:31 | INFO | Epoch 57 | batch 1100/1829 | loss=0.5153 | giou=0.2301 | bbox=0.0356 | ce=0.0098 | aux_giou=0.0000 | aux_bbox=0.0000 | aux_ce=0.0000 | mask=1680 | aux_mask=1690 | pos=54 | targets=54 | preds=47 | centerness=[-13.557, 1.074] | train_seen=2200
2026-06-05 17:41:17 | INFO | Epoch 57 | batch 1150/1829 | loss=0.6982 | giou=0.3170 | bbox=0.0313 | ce=0.0164 | aux_giou=0.0000 | aux_bbox=0.0000 | aux_ce=0.0000 | mask=2024 | aux_mask=1840 | pos=98 | targets=98 | preds=164 | centerness=[-14.196, 1.901] | train_seen=2300
2026-06-05 17:43:03 | INFO | Epoch 57 | batch 1200/1829 | loss=0.4726 | giou=0.2086 | bbox=0.0438 | ce=0.0058 | aux_giou=0.0000 | aux_bbox=0.0000 | aux_ce=0.0000 | mask=2184 | aux_mask=2319 | pos=19 | targets=19 | preds=62 | centerness=[-14.573, 0.131] | train_seen=2400
2026-06-05 17:44:52 | INFO | Epoch 57 | batch 1250/1829 | loss=0.4391 | giou=0.1977 | bbox=0.0301 | ce=0.0068 | aux_giou=0.0000 | aux_bbox=0.0000 | aux_ce=0.0000 | mask=1611 | aux_mask=1471 | pos=62 | targets=62 | preds=71 | centerness=[-17.529, 1.580] | train_seen=2500
2026-06-05 17:46:42 | INFO | Epoch 57 | batch 1300/1829 | loss=0.3560 | giou=0.1613 | bbox=0.0252 | ce=0.0041 | aux_giou=0.0000 | aux_bbox=0.0000 | aux_ce=0.0000 | mask=2103 | aux_mask=2160 | pos=38 | targets=38 | preds=37 | centerness=[-14.777, 1.551] | train_seen=2600
2026-06-05 17:48:31 | INFO | Epoch 57 | batch 1350/1829 | loss=0.2980 | giou=0.1365 | bbox=0.0148 | ce=0.0051 | aux_giou=0.0000 | aux_bbox=0.0000 | aux_ce=0.0000 | mask=2137 | aux_mask=1833 | pos=144 | targets=144 | preds=147 | centerness=[-12.900, 2.242] | train_seen=2700
2026-06-05 17:50:18 | INFO | Epoch 57 | batch 1400/1829 | loss=0.9564 | giou=0.3965 | bbox=0.0211 | ce=0.0303 | aux_giou=0.0366 | aux_bbox=0.0012 | aux_ce=0.0036 | mask=3645 | aux_mask=3290 | pos=575 | targets=575 | preds=455 | centerness=[-13.659, 1.887] | train_seen=2800
2026-06-05 17:52:04 | INFO | Epoch 57 | batch 1450/1829 | loss=0.5200 | giou=0.2370 | bbox=0.0179 | ce=0.0141 | aux_giou=0.0000 | aux_bbox=0.0000 | aux_ce=0.0000 | mask=1833 | aux_mask=1438 | pos=262 | targets=262 | preds=245 | centerness=[-13.658, 1.912] | train_seen=2900
2026-06-05 17:53:51 | INFO | Epoch 57 | batch 1500/1829 | loss=0.7666 | giou=0.3442 | bbox=0.0143 | ce=0.0058 | aux_giou=0.0255 | aux_bbox=0.0009 | aux_ce=0.0001 | mask=2464 | aux_mask=2516 | pos=83 | targets=83 | preds=117 | centerness=[-13.289, 2.160] | train_seen=3000
2026-06-05 17:55:37 | INFO | Epoch 57 | batch 1550/1829 | loss=0.6439 | giou=0.2895 | bbox=0.0387 | ce=0.0131 | aux_giou=0.0000 | aux_bbox=0.0000 | aux_ce=0.0000 | mask=2129 | aux_mask=2285 | pos=77 | targets=77 | preds=58 | centerness=[-17.489, 1.217] | train_seen=3100
2026-06-05 17:57:23 | INFO | Epoch 57 | batch 1600/1829 | loss=0.6474 | giou=0.2995 | bbox=0.0388 | ce=0.0047 | aux_giou=0.0000 | aux_bbox=0.0000 | aux_ce=0.0000 | mask=2422 | aux_mask=2378 | pos=38 | targets=38 | preds=34 | centerness=[-13.754, 1.117] | train_seen=3200
2026-06-05 17:59:09 | INFO | Epoch 57 | batch 1650/1829 | loss=0.6791 | giou=0.3116 | bbox=0.0294 | ce=0.0132 | aux_giou=0.0000 | aux_bbox=0.0000 | aux_ce=0.0000 | mask=2455 | aux_mask=1885 | pos=318 | targets=318 | preds=310 | centerness=[-16.191, 2.427] | train_seen=3300
2026-06-05 18:00:56 | INFO | Epoch 57 | batch 1700/1829 | loss=0.5949 | giou=0.2815 | bbox=0.0211 | ce=0.0054 | aux_giou=0.0000 | aux_bbox=0.0000 | aux_ce=0.0000 | mask=3301 | aux_mask=2258 | pos=304 | targets=304 | preds=306 | centerness=[-7.624, 2.626] | train_seen=3400
2026-06-05 18:02:42 | INFO | Epoch 57 | batch 1750/1829 | loss=0.4496 | giou=0.2031 | bbox=0.0244 | ce=0.0095 | aux_giou=0.0000 | aux_bbox=0.0000 | aux_ce=0.0000 | mask=2069 | aux_mask=1896 | pos=34 | targets=34 | preds=48 | centerness=[-12.615, 2.320] | train_seen=3500
2026-06-05 18:04:28 | INFO | Epoch 57 | batch 1800/1829 | loss=0.5966 | giou=0.2523 | bbox=0.0385 | ce=0.0059 | aux_giou=0.0203 | aux_bbox=0.0007 | aux_ce=0.0001 | mask=1351 | aux_mask=1686 | pos=45 | targets=45 | preds=32 | centerness=[-16.008, 2.041] | train_seen=3600
2026-06-05 18:25:04 | INFO | Epoch 57 | train_loss=0.621 | val_loss=0.829 | train_mae=20.759 | val_mae=20.848 | val_rmse=51.02 | test_mae=18.719 | test_rmse=97.44 | time=5069.826s
2026-06-05 18:26:51 | INFO | Epoch 58 | batch 50/1829 | loss=0.4811 | giou=0.2110 | bbox=0.0432 | ce=0.0080 | aux_giou=0.0000 | aux_bbox=0.0000 | aux_ce=0.0000 | mask=1861 | aux_mask=2041 | pos=38 | targets=38 | preds=41 | centerness=[-17.315, 0.782] | train_seen=100
2026-06-05 18:28:38 | INFO | Epoch 58 | batch 100/1829 | loss=0.5910 | giou=0.2712 | bbox=0.0315 | ce=0.0086 | aux_giou=0.0000 | aux_bbox=0.0000 | aux_ce=0.0000 | mask=2351 | aux_mask=2098 | pos=73 | targets=73 | preds=70 | centerness=[-14.504, 1.284] | train_seen=200
2026-06-05 18:30:25 | INFO | Epoch 58 | batch 150/1829 | loss=0.4872 | giou=0.2233 | bbox=0.0239 | ce=0.0084 | aux_giou=0.0000 | aux_bbox=0.0000 | aux_ce=0.0000 | mask=2567 | aux_mask=2198 | pos=68 | targets=68 | preds=58 | centerness=[-13.065, 1.070] | train_seen=300
2026-06-05 18:32:12 | INFO | Epoch 58 | batch 200/1829 | loss=0.6818 | giou=0.2972 | bbox=0.0183 | ce=0.0074 | aux_giou=0.0264 | aux_bbox=0.0009 | aux_ce=0.0004 | mask=2235 | aux_mask=2470 | pos=153 | targets=153 | preds=115 | centerness=[-11.233, 1.855] | train_seen=400
2026-06-05 18:33:58 | INFO | Epoch 58 | batch 250/1829 | loss=0.8720 | giou=0.3831 | bbox=0.0362 | ce=0.0062 | aux_giou=0.0277 | aux_bbox=0.0009 | aux_ce=0.0006 | mask=1740 | aux_mask=2103 | pos=51 | targets=51 | preds=54 | centerness=[-13.193, 2.198] | train_seen=500
2026-06-05 18:35:45 | INFO | Epoch 58 | batch 300/1829 | loss=0.5717 | giou=0.2634 | bbox=0.0234 | ce=0.0107 | aux_giou=0.0000 | aux_bbox=0.0000 | aux_ce=0.0000 | mask=1993 | aux_mask=1895 | pos=141 | targets=141 | preds=118 | centerness=[-14.138, 2.061] | train_seen=600
2026-06-05 18:37:33 | INFO | Epoch 58 | batch 350/1829 | loss=0.4468 | giou=0.1892 | bbox=0.0320 | ce=0.0182 | aux_giou=0.0000 | aux_bbox=0.0000 | aux_ce=0.0000 | mask=2956 | aux_mask=2285 | pos=75 | targets=75 | preds=239 | centerness=[-17.896, 1.815] | train_seen=700
2026-06-05 18:39:23 | INFO | Epoch 58 | batch 400/1829 | loss=1.0507 | giou=0.4559 | bbox=0.0948 | ce=0.0220 | aux_giou=0.0000 | aux_bbox=0.0000 | aux_ce=0.0000 | mask=2295 | aux_mask=2074 | pos=158 | targets=158 | preds=141 | centerness=[-13.019, 1.546] | train_seen=800
