2026-05-23 17:10:04 | INFO | Args: {'model_name': 'DGECO2FSCD', 'model_name_resumed': 'DGECO2FSCD', 'data_path': '/mnt/disk1/DINO-SAM-GECO2_3/data/FSC147_384_V2', 'dataset': 'fsc147', 'image_size': 1024, 'batch_size': 2, 'eval_batch_size': 2, 'val_batch_size': 2, 'test_batch_size': 2, 'num_workers': 8, 'max_train_batches': None, 'max_val_batches': None, 'max_test_batches': None, 'log_dir': '/mnt/disk1/DINO-SAM-GECO2_3/logs', 'run_name': None, 'log_interval': 50, 'model_path': '/mnt/disk1/DINO-SAM-GECO2_3/checkpoints', 'gpu': 0, 'max_grad_norm': 0.1, 'score_threshold': 0.05, 'score_ratio': 0.25, 'pre_nms_topk': 4096, 'max_detections': 4096, 'nms_iou': 0.5, 'dinov3_model_size': 'base', 'training': True, 'dinov3_pretrained_weights': '/mnt/disk1/DINO-SAM-GECO2_3/src/models/backbones/checkpoint/dinov3_vitb16_pretrain_lvd1689m-73cec8be.pth', 'backbone': 'DINOV3', 'reduction': 16, 'kernel_dim': 1, 'num_objects': 3, 'epochs': 200, 'resume_training': False, 'lr': 5e-05, 'backbone_lr': 5e-06, 'lr_drop': 10, 'weight_decay': 0.0001, 'tiling_p': 0.5, 'zero_shot': False, 'bbox_loss_coef': 1.0, 'giou_loss_coef': 2.0, 'ce_loss_coef': 1.0, 'aux_loss_coef': 0.5, 'cost_class': 2.0, 'cost_bbox': 1.0, 'cost_giou': 2.0, 'focal_alpha': 0.25, 'model_name_resume_from': 'base_3_shot_softmax1'}
2026-05-23 17:10:04 | INFO | Running pure single-GPU training on device: cuda:0
2026-05-23 17:10:04 | INFO | Logs will be saved to: /mnt/disk1/DINO-SAM-GECO2_3/logs/DGECO2FSCD_20260523_171004
2026-05-23 17:10:05 | INFO | Trainable parameter groups: non_backbone=54677258, dinov3_adapter=2561296, frozen_dinov3=85648128
2026-05-23 17:10:05 | INFO | AMP mixed precision enabled: False
2026-05-23 17:10:06 | INFO | Dataloader batch sizes: train=2, val=2, test=2
2026-05-23 17:11:52 | INFO | Epoch 1 | batch 50/1829 | loss=2.1005 | giou=0.8589 | bbox=0.3145 | ce=0.0682 | aux_giou=0.0000 | aux_bbox=0.0000 | aux_ce=0.0000 | mask=754 | aux_mask=973 | pos=200 | targets=200 | preds=59 | centerness=[-2.711, 0.242] | train_seen=100
2026-05-23 17:13:39 | INFO | Epoch 1 | batch 100/1829 | loss=2.3173 | giou=0.8561 | bbox=0.3642 | ce=0.0871 | aux_giou=0.0259 | aux_bbox=0.0112 | aux_ce=0.0908 | mask=2134 | aux_mask=1627 | pos=1889 | targets=1096 | preds=300 | centerness=[-3.095, -0.265] | train_seen=200
2026-05-23 17:15:25 | INFO | Epoch 1 | batch 150/1829 | loss=1.6015 | giou=0.6975 | bbox=0.1715 | ce=0.0350 | aux_giou=0.0000 | aux_bbox=0.0000 | aux_ce=0.0000 | mask=739 | aux_mask=339 | pos=45 | targets=45 | preds=230 | centerness=[-2.050, -0.099] | train_seen=300
2026-05-23 17:17:12 | INFO | Epoch 1 | batch 200/1829 | loss=1.0700 | giou=0.4447 | bbox=0.0975 | ce=0.0831 | aux_giou=0.0000 | aux_bbox=0.0000 | aux_ce=0.0000 | mask=1036 | aux_mask=614 | pos=438 | targets=438 | preds=237 | centerness=[-1.807, -0.127] | train_seen=400
2026-05-23 17:18:58 | INFO | Epoch 1 | batch 250/1829 | loss=1.9638 | giou=0.8569 | bbox=0.1963 | ce=0.0537 | aux_giou=0.0000 | aux_bbox=0.0000 | aux_ce=0.0000 | mask=1127 | aux_mask=701 | pos=174 | targets=174 | preds=312 | centerness=[-2.440, -0.279] | train_seen=500
2026-05-23 17:20:44 | INFO | Epoch 1 | batch 300/1829 | loss=2.4673 | giou=0.9426 | bbox=0.2548 | ce=0.0622 | aux_giou=0.0513 | aux_bbox=0.0198 | aux_ce=0.1428 | mask=812 | aux_mask=624 | pos=436 | targets=436 | preds=545 | centerness=[-1.945, -0.086] | train_seen=600
2026-05-23 17:22:31 | INFO | Epoch 1 | batch 350/1829 | loss=1.9181 | giou=0.8422 | bbox=0.2021 | ce=0.0317 | aux_giou=0.0000 | aux_bbox=0.0000 | aux_ce=0.0000 | mask=1739 | aux_mask=1057 | pos=144 | targets=144 | preds=611 | centerness=[-1.861, -0.535] | train_seen=700
2026-05-23 17:24:18 | INFO | Epoch 1 | batch 400/1829 | loss=1.6804 | giou=0.7172 | bbox=0.1895 | ce=0.0566 | aux_giou=0.0000 | aux_bbox=0.0000 | aux_ce=0.0000 | mask=713 | aux_mask=735 | pos=457 | targets=457 | preds=177 | centerness=[-1.938, -0.038] | train_seen=800
2026-05-23 17:26:04 | INFO | Epoch 1 | batch 450/1829 | loss=1.4936 | giou=0.6905 | bbox=0.0789 | ce=0.0338 | aux_giou=0.0000 | aux_bbox=0.0000 | aux_ce=0.0000 | mask=1388 | aux_mask=920 | pos=152 | targets=152 | preds=780 | centerness=[-1.851, -0.646] | train_seen=900
2026-05-23 17:27:50 | INFO | Epoch 1 | batch 500/1829 | loss=1.7855 | giou=0.7967 | bbox=0.1413 | ce=0.0508 | aux_giou=0.0000 | aux_bbox=0.0000 | aux_ce=0.0000 | mask=586 | aux_mask=288 | pos=120 | targets=120 | preds=367 | centerness=[-1.771, -0.564] | train_seen=1000
2026-05-23 17:29:37 | INFO | Epoch 1 | batch 550/1829 | loss=2.3036 | giou=0.8685 | bbox=0.1112 | ce=0.0968 | aux_giou=0.1414 | aux_bbox=0.0390 | aux_ce=0.0369 | mask=1553 | aux_mask=1462 | pos=860 | targets=860 | preds=944 | centerness=[-1.613, -0.646] | train_seen=1100
2026-05-23 17:31:23 | INFO | Epoch 1 | batch 600/1829 | loss=1.9166 | giou=0.7611 | bbox=0.1711 | ce=0.0790 | aux_giou=0.0556 | aux_bbox=0.0035 | aux_ce=0.0296 | mask=847 | aux_mask=947 | pos=388 | targets=388 | preds=451 | centerness=[-1.697, -0.133] | train_seen=1200
2026-05-23 17:33:09 | INFO | Epoch 1 | batch 650/1829 | loss=1.4606 | giou=0.5914 | bbox=0.1023 | ce=0.0457 | aux_giou=0.0561 | aux_bbox=0.0110 | aux_ce=0.0065 | mask=732 | aux_mask=775 | pos=140 | targets=140 | preds=418 | centerness=[-2.772, -0.808] | train_seen=1300
2026-05-23 17:34:55 | INFO | Epoch 1 | batch 700/1829 | loss=1.2293 | giou=0.5522 | bbox=0.0775 | ce=0.0474 | aux_giou=0.0000 | aux_bbox=0.0000 | aux_ce=0.0000 | mask=645 | aux_mask=793 | pos=96 | targets=96 | preds=327 | centerness=[-1.934, -0.798] | train_seen=1400
2026-05-23 17:36:41 | INFO | Epoch 1 | batch 750/1829 | loss=1.0792 | giou=0.4813 | bbox=0.0801 | ce=0.0365 | aux_giou=0.0000 | aux_bbox=0.0000 | aux_ce=0.0000 | mask=642 | aux_mask=537 | pos=68 | targets=68 | preds=241 | centerness=[-2.836, -0.939] | train_seen=1500
2026-05-23 17:38:28 | INFO | Epoch 1 | batch 800/1829 | loss=1.2868 | giou=0.6033 | bbox=0.0678 | ce=0.0124 | aux_giou=0.0000 | aux_bbox=0.0000 | aux_ce=0.0000 | mask=1471 | aux_mask=1097 | pos=44 | targets=44 | preds=580 | centerness=[-2.873, -0.846] | train_seen=1600
2026-05-23 17:40:14 | INFO | Epoch 1 | batch 850/1829 | loss=1.4972 | giou=0.6771 | bbox=0.0871 | ce=0.0560 | aux_giou=0.0000 | aux_bbox=0.0000 | aux_ce=0.0000 | mask=691 | aux_mask=950 | pos=203 | targets=203 | preds=391 | centerness=[-2.489, -0.513] | train_seen=1700
2026-05-23 17:42:00 | INFO | Epoch 1 | batch 900/1829 | loss=1.8231 | giou=0.8209 | bbox=0.0954 | ce=0.0859 | aux_giou=0.0000 | aux_bbox=0.0000 | aux_ce=0.0000 | mask=782 | aux_mask=1146 | pos=312 | targets=312 | preds=504 | centerness=[-1.672, 0.109] | train_seen=1800
2026-05-23 17:43:47 | INFO | Epoch 1 | batch 950/1829 | loss=1.5809 | giou=0.7202 | bbox=0.0920 | ce=0.0484 | aux_giou=0.0000 | aux_bbox=0.0000 | aux_ce=0.0000 | mask=831 | aux_mask=1078 | pos=228 | targets=228 | preds=481 | centerness=[-2.028, -0.264] | train_seen=1900
2026-05-23 17:45:33 | INFO | Epoch 1 | batch 1000/1829 | loss=1.0218 | giou=0.4699 | bbox=0.0555 | ce=0.0266 | aux_giou=0.0000 | aux_bbox=0.0000 | aux_ce=0.0000 | mask=943 | aux_mask=1528 | pos=63 | targets=63 | preds=453 | centerness=[-2.460, -0.805] | train_seen=2000
2026-05-23 17:47:19 | INFO | Epoch 1 | batch 1050/1829 | loss=1.1011 | giou=0.4700 | bbox=0.1476 | ce=0.0136 | aux_giou=0.0000 | aux_bbox=0.0000 | aux_ce=0.0000 | mask=1200 | aux_mask=1026 | pos=32 | targets=32 | preds=216 | centerness=[-2.306, -0.596] | train_seen=2100
2026-05-23 17:49:05 | INFO | Epoch 1 | batch 1100/1829 | loss=1.2837 | giou=0.5717 | bbox=0.0781 | ce=0.0622 | aux_giou=0.0000 | aux_bbox=0.0000 | aux_ce=0.0000 | mask=513 | aux_mask=626 | pos=160 | targets=160 | preds=366 | centerness=[-2.150, -0.625] | train_seen=2200
2026-05-23 17:50:52 | INFO | Epoch 1 | batch 1150/1829 | loss=1.8346 | giou=0.7039 | bbox=0.1789 | ce=0.0872 | aux_giou=0.0713 | aux_bbox=0.0104 | aux_ce=0.0076 | mask=1071 | aux_mask=1568 | pos=442 | targets=442 | preds=350 | centerness=[-4.181, -0.628] | train_seen=2300
2026-05-23 17:52:38 | INFO | Epoch 1 | batch 1200/1829 | loss=1.1660 | giou=0.5401 | bbox=0.0552 | ce=0.0306 | aux_giou=0.0000 | aux_bbox=0.0000 | aux_ce=0.0000 | mask=1038 | aux_mask=1556 | pos=61 | targets=61 | preds=685 | centerness=[-2.153, -0.637] | train_seen=2400
2026-05-23 17:54:24 | INFO | Epoch 1 | batch 1250/1829 | loss=1.5703 | giou=0.7038 | bbox=0.1326 | ce=0.0301 | aux_giou=0.0000 | aux_bbox=0.0000 | aux_ce=0.0000 | mask=693 | aux_mask=951 | pos=63 | targets=63 | preds=417 | centerness=[-2.986, -0.727] | train_seen=2500
2026-05-23 17:56:10 | INFO | Epoch 1 | batch 1300/1829 | loss=1.8460 | giou=0.7691 | bbox=0.0998 | ce=0.0568 | aux_giou=0.0680 | aux_bbox=0.0098 | aux_ce=0.0053 | mask=677 | aux_mask=959 | pos=129 | targets=129 | preds=409 | centerness=[-2.472, -0.950] | train_seen=2600
2026-05-23 17:57:56 | INFO | Epoch 1 | batch 1350/1829 | loss=1.2230 | giou=0.5647 | bbox=0.0333 | ce=0.0604 | aux_giou=0.0000 | aux_bbox=0.0000 | aux_ce=0.0000 | mask=750 | aux_mask=845 | pos=268 | targets=268 | preds=660 | centerness=[-1.989, -0.186] | train_seen=2700
2026-05-23 17:59:42 | INFO | Epoch 1 | batch 1400/1829 | loss=1.4222 | giou=0.6218 | bbox=0.1497 | ce=0.0288 | aux_giou=0.0000 | aux_bbox=0.0000 | aux_ce=0.0000 | mask=784 | aux_mask=888 | pos=72 | targets=72 | preds=465 | centerness=[-2.374, -0.886] | train_seen=2800
2026-05-23 18:01:28 | INFO | Epoch 1 | batch 1450/1829 | loss=1.3738 | giou=0.6283 | bbox=0.0749 | ce=0.0422 | aux_giou=0.0000 | aux_bbox=0.0000 | aux_ce=0.0000 | mask=828 | aux_mask=1053 | pos=206 | targets=206 | preds=590 | centerness=[-3.067, -0.586] | train_seen=2900
2026-05-23 18:03:14 | INFO | Epoch 1 | batch 1500/1829 | loss=1.6865 | giou=0.7968 | bbox=0.0571 | ce=0.0358 | aux_giou=0.0000 | aux_bbox=0.0000 | aux_ce=0.0000 | mask=641 | aux_mask=691 | pos=82 | targets=82 | preds=592 | centerness=[-2.280, -0.537] | train_seen=3000
2026-05-23 18:05:01 | INFO | Epoch 1 | batch 1550/1829 | loss=1.2262 | giou=0.5513 | bbox=0.0757 | ce=0.0477 | aux_giou=0.0000 | aux_bbox=0.0000 | aux_ce=0.0000 | mask=739 | aux_mask=817 | pos=168 | targets=168 | preds=525 | centerness=[-2.343, -0.617] | train_seen=3100
2026-05-23 18:06:47 | INFO | Epoch 1 | batch 1600/1829 | loss=1.6345 | giou=0.7049 | bbox=0.0517 | ce=0.0459 | aux_giou=0.0577 | aux_bbox=0.0083 | aux_ce=0.0035 | mask=1114 | aux_mask=1183 | pos=268 | targets=268 | preds=902 | centerness=[-2.179, -0.407] | train_seen=3200
2026-05-23 18:08:33 | INFO | Epoch 1 | batch 1650/1829 | loss=1.3039 | giou=0.5917 | bbox=0.0717 | ce=0.0488 | aux_giou=0.0000 | aux_bbox=0.0000 | aux_ce=0.0000 | mask=712 | aux_mask=784 | pos=188 | targets=188 | preds=436 | centerness=[-2.322, -0.257] | train_seen=3300
2026-05-23 18:10:19 | INFO | Epoch 1 | batch 1700/1829 | loss=1.6354 | giou=0.6210 | bbox=0.0559 | ce=0.0652 | aux_giou=0.1271 | aux_bbox=0.0090 | aux_ce=0.0091 | mask=954 | aux_mask=1065 | pos=576 | targets=576 | preds=769 | centerness=[-1.841, 0.293] | train_seen=3400
2026-05-23 18:12:05 | INFO | Epoch 1 | batch 1750/1829 | loss=1.0342 | giou=0.4677 | bbox=0.0492 | ce=0.0497 | aux_giou=0.0000 | aux_bbox=0.0000 | aux_ce=0.0000 | mask=627 | aux_mask=561 | pos=141 | targets=141 | preds=420 | centerness=[-2.455, -0.363] | train_seen=3500
2026-05-23 18:13:52 | INFO | Epoch 1 | batch 1800/1829 | loss=0.9764 | giou=0.4338 | bbox=0.0732 | ce=0.0356 | aux_giou=0.0000 | aux_bbox=0.0000 | aux_ce=0.0000 | mask=741 | aux_mask=713 | pos=92 | targets=92 | preds=487 | centerness=[-2.543, -0.603] | train_seen=3600
2026-05-23 18:34:26 | INFO | Epoch 1 | train_loss=1.553 | val_loss=1.411 | train_mae=141.543 | val_mae=135.953 | val_rmse=158.59 | test_mae=134.178 | test_rmse=182.56 | time=5058.582s | best_rmse
2026-05-23 18:36:13 | INFO | Epoch 2 | batch 50/1829 | loss=1.4427 | giou=0.6632 | bbox=0.0751 | ce=0.0411 | aux_giou=0.0000 | aux_bbox=0.0000 | aux_ce=0.0000 | mask=706 | aux_mask=794 | pos=112 | targets=112 | preds=393 | centerness=[-2.361, -0.496] | train_seen=100
2026-05-23 18:37:59 | INFO | Epoch 2 | batch 100/1829 | loss=1.0828 | giou=0.4213 | bbox=0.0323 | ce=0.0555 | aux_giou=0.0720 | aux_bbox=0.0029 | aux_ce=0.0055 | mask=1057 | aux_mask=1046 | pos=112 | targets=112 | preds=680 | centerness=[-1.917, 0.557] | train_seen=200
2026-05-23 18:39:46 | INFO | Epoch 2 | batch 150/1829 | loss=1.2535 | giou=0.5704 | bbox=0.0610 | ce=0.0517 | aux_giou=0.0000 | aux_bbox=0.0000 | aux_ce=0.0000 | mask=1227 | aux_mask=1313 | pos=284 | targets=284 | preds=914 | centerness=[-2.074, -0.696] | train_seen=300
2026-05-23 18:41:32 | INFO | Epoch 2 | batch 200/1829 | loss=1.5177 | giou=0.5605 | bbox=0.2235 | ce=0.0154 | aux_giou=0.0685 | aux_bbox=0.0192 | aux_ce=0.0016 | mask=1958 | aux_mask=845 | pos=85 | targets=85 | preds=627 | centerness=[-2.710, -0.762] | train_seen=400
2026-05-23 18:43:18 | INFO | Epoch 2 | batch 250/1829 | loss=1.5893 | giou=0.6261 | bbox=0.1384 | ce=0.0505 | aux_giou=0.0649 | aux_bbox=0.0157 | aux_ce=0.0027 | mask=1505 | aux_mask=1390 | pos=292 | targets=292 | preds=665 | centerness=[-2.515, -0.693] | train_seen=500
2026-05-23 18:45:04 | INFO | Epoch 2 | batch 300/1829 | loss=1.3231 | giou=0.5940 | bbox=0.0831 | ce=0.0520 | aux_giou=0.0000 | aux_bbox=0.0000 | aux_ce=0.0000 | mask=982 | aux_mask=993 | pos=308 | targets=308 | preds=593 | centerness=[-2.205, -0.375] | train_seen=600
2026-05-23 18:46:50 | INFO | Epoch 2 | batch 350/1829 | loss=1.0527 | giou=0.4710 | bbox=0.0605 | ce=0.0502 | aux_giou=0.0000 | aux_bbox=0.0000 | aux_ce=0.0000 | mask=612 | aux_mask=595 | pos=155 | targets=155 | preds=446 | centerness=[-2.314, -0.468] | train_seen=700
2026-05-23 18:48:36 | INFO | Epoch 2 | batch 400/1829 | loss=1.2861 | giou=0.5808 | bbox=0.0633 | ce=0.0613 | aux_giou=0.0000 | aux_bbox=0.0000 | aux_ce=0.0000 | mask=988 | aux_mask=1158 | pos=312 | targets=312 | preds=707 | centerness=[-1.887, -0.448] | train_seen=800
2026-05-23 18:50:22 | INFO | Epoch 2 | batch 450/1829 | loss=1.1447 | giou=0.5030 | bbox=0.0972 | ce=0.0415 | aux_giou=0.0000 | aux_bbox=0.0000 | aux_ce=0.0000 | mask=544 | aux_mask=614 | pos=70 | targets=70 | preds=306 | centerness=[-2.482, -1.138] | train_seen=900
2026-05-23 18:52:08 | INFO | Epoch 2 | batch 500/1829 | loss=1.0791 | giou=0.4851 | bbox=0.0336 | ce=0.0753 | aux_giou=0.0000 | aux_bbox=0.0000 | aux_ce=0.0000 | mask=1453 | aux_mask=2260 | pos=1184 | targets=1184 | preds=892 | centerness=[-1.928, -0.088] | train_seen=1000
2026-05-23 18:53:54 | INFO | Epoch 2 | batch 550/1829 | loss=1.2062 | giou=0.5555 | bbox=0.0595 | ce=0.0357 | aux_giou=0.0000 | aux_bbox=0.0000 | aux_ce=0.0000 | mask=543 | aux_mask=795 | pos=94 | targets=94 | preds=334 | centerness=[-2.824, -0.471] | train_seen=1100
2026-05-23 18:55:40 | INFO | Epoch 2 | batch 600/1829 | loss=1.1342 | giou=0.4818 | bbox=0.0319 | ce=0.0549 | aux_giou=0.0389 | aux_bbox=0.0035 | aux_ce=0.0025 | mask=580 | aux_mask=657 | pos=72 | targets=72 | preds=418 | centerness=[-2.169, 0.147] | train_seen=1200
2026-05-23 18:57:26 | INFO | Epoch 2 | batch 650/1829 | loss=1.2505 | giou=0.5497 | bbox=0.1023 | ce=0.0489 | aux_giou=0.0000 | aux_bbox=0.0000 | aux_ce=0.0000 | mask=520 | aux_mask=682 | pos=138 | targets=138 | preds=255 | centerness=[-2.872, -0.715] | train_seen=1300
2026-05-23 18:59:12 | INFO | Epoch 2 | batch 700/1829 | loss=1.5808 | giou=0.6871 | bbox=0.1597 | ce=0.0469 | aux_giou=0.0000 | aux_bbox=0.0000 | aux_ce=0.0000 | mask=940 | aux_mask=1042 | pos=160 | targets=160 | preds=327 | centerness=[-2.297, -0.363] | train_seen=1400
2026-05-23 19:00:59 | INFO | Epoch 2 | batch 750/1829 | loss=1.0693 | giou=0.4814 | bbox=0.0593 | ce=0.0472 | aux_giou=0.0000 | aux_bbox=0.0000 | aux_ce=0.0000 | mask=674 | aux_mask=771 | pos=213 | targets=213 | preds=386 | centerness=[-2.653, 0.364] | train_seen=1500
2026-05-23 19:02:45 | INFO | Epoch 2 | batch 800/1829 | loss=1.5421 | giou=0.6615 | bbox=0.0605 | ce=0.0453 | aux_giou=0.0508 | aux_bbox=0.0060 | aux_ce=0.0057 | mask=786 | aux_mask=838 | pos=185 | targets=185 | preds=657 | centerness=[-3.244, 0.028] | train_seen=1600
2026-05-23 19:04:31 | INFO | Epoch 2 | batch 850/1829 | loss=1.6498 | giou=0.7065 | bbox=0.0804 | ce=0.0314 | aux_giou=0.0578 | aux_bbox=0.0077 | aux_ce=0.0016 | mask=683 | aux_mask=1022 | pos=71 | targets=71 | preds=490 | centerness=[-3.696, -0.476] | train_seen=1700
2026-05-23 19:06:17 | INFO | Epoch 2 | batch 900/1829 | loss=1.1454 | giou=0.5309 | bbox=0.0284 | ce=0.0551 | aux_giou=0.0000 | aux_bbox=0.0000 | aux_ce=0.0000 | mask=998 | aux_mask=1407 | pos=541 | targets=541 | preds=771 | centerness=[-2.654, 0.059] | train_seen=1800
2026-05-23 19:08:03 | INFO | Epoch 2 | batch 950/1829 | loss=1.5554 | giou=0.6578 | bbox=0.1712 | ce=0.0685 | aux_giou=0.0000 | aux_bbox=0.0000 | aux_ce=0.0000 | mask=624 | aux_mask=962 | pos=39 | targets=39 | preds=268 | centerness=[-22.475, -0.664] | train_seen=1900
2026-05-23 19:09:49 | INFO | Epoch 2 | batch 1000/1829 | loss=1.4060 | giou=0.6048 | bbox=0.1221 | ce=0.0743 | aux_giou=0.0000 | aux_bbox=0.0000 | aux_ce=0.0000 | mask=739 | aux_mask=954 | pos=296 | targets=296 | preds=424 | centerness=[-3.023, -0.827] | train_seen=2000
2026-05-23 19:11:35 | INFO | Epoch 2 | batch 1050/1829 | loss=1.4063 | giou=0.6193 | bbox=0.0857 | ce=0.0819 | aux_giou=0.0000 | aux_bbox=0.0000 | aux_ce=0.0000 | mask=815 | aux_mask=1209 | pos=498 | targets=498 | preds=612 | centerness=[-2.829, -0.385] | train_seen=2100
2026-05-23 19:13:21 | INFO | Epoch 2 | batch 1100/1829 | loss=1.1452 | giou=0.4988 | bbox=0.0293 | ce=0.0441 | aux_giou=0.0361 | aux_bbox=0.0009 | aux_ce=0.0012 | mask=992 | aux_mask=1138 | pos=135 | targets=135 | preds=770 | centerness=[-3.135, -0.569] | train_seen=2200
2026-05-23 19:15:07 | INFO | Epoch 2 | batch 1150/1829 | loss=0.9879 | giou=0.4361 | bbox=0.0831 | ce=0.0326 | aux_giou=0.0000 | aux_bbox=0.0000 | aux_ce=0.0000 | mask=825 | aux_mask=873 | pos=112 | targets=112 | preds=344 | centerness=[-2.897, -0.744] | train_seen=2300
2026-05-23 19:16:54 | INFO | Epoch 2 | batch 1200/1829 | loss=1.2990 | giou=0.5710 | bbox=0.0787 | ce=0.0782 | aux_giou=0.0000 | aux_bbox=0.0000 | aux_ce=0.0000 | mask=771 | aux_mask=1034 | pos=292 | targets=292 | preds=474 | centerness=[-1.939, 0.044] | train_seen=2400
2026-05-23 19:18:40 | INFO | Epoch 2 | batch 1250/1829 | loss=0.9991 | giou=0.4296 | bbox=0.1210 | ce=0.0189 | aux_giou=0.0000 | aux_bbox=0.0000 | aux_ce=0.0000 | mask=782 | aux_mask=1010 | pos=29 | targets=29 | preds=230 | centerness=[-3.044, -1.064] | train_seen=2500
2026-05-23 19:20:26 | INFO | Epoch 2 | batch 1300/1829 | loss=1.3069 | giou=0.5965 | bbox=0.0689 | ce=0.0449 | aux_giou=0.0000 | aux_bbox=0.0000 | aux_ce=0.0000 | mask=1293 | aux_mask=1181 | pos=182 | targets=182 | preds=746 | centerness=[-2.797, 0.099] | train_seen=2600
2026-05-23 19:22:12 | INFO | Epoch 2 | batch 1350/1829 | loss=0.9765 | giou=0.4463 | bbox=0.0609 | ce=0.0230 | aux_giou=0.0000 | aux_bbox=0.0000 | aux_ce=0.0000 | mask=591 | aux_mask=953 | pos=36 | targets=36 | preds=352 | centerness=[-3.395, -1.069] | train_seen=2700
2026-05-23 19:23:58 | INFO | Epoch 2 | batch 1400/1829 | loss=1.2380 | giou=0.5588 | bbox=0.0630 | ce=0.0573 | aux_giou=0.0000 | aux_bbox=0.0000 | aux_ce=0.0000 | mask=1305 | aux_mask=1235 | pos=372 | targets=372 | preds=877 | centerness=[-2.231, -0.254] | train_seen=2800
2026-05-23 19:25:45 | INFO | Epoch 2 | batch 1450/1829 | loss=1.7443 | giou=0.7485 | bbox=0.0648 | ce=0.0461 | aux_giou=0.0566 | aux_bbox=0.0146 | aux_ce=0.0086 | mask=936 | aux_mask=928 | pos=211 | targets=211 | preds=611 | centerness=[-2.707, -0.281] | train_seen=2900
2026-05-23 19:27:31 | INFO | Epoch 2 | batch 1500/1829 | loss=1.0923 | giou=0.4866 | bbox=0.0626 | ce=0.0566 | aux_giou=0.0000 | aux_bbox=0.0000 | aux_ce=0.0000 | mask=733 | aux_mask=749 | pos=384 | targets=384 | preds=579 | centerness=[-3.147, -0.135] | train_seen=3000
2026-05-23 19:29:17 | INFO | Epoch 2 | batch 1550/1829 | loss=0.8968 | giou=0.4045 | bbox=0.0560 | ce=0.0317 | aux_giou=0.0000 | aux_bbox=0.0000 | aux_ce=0.0000 | mask=947 | aux_mask=1038 | pos=124 | targets=124 | preds=472 | centerness=[-2.268, -0.345] | train_seen=3100
2026-05-23 19:31:03 | INFO | Epoch 2 | batch 1600/1829 | loss=1.4609 | giou=0.6849 | bbox=0.0420 | ce=0.0490 | aux_giou=0.0000 | aux_bbox=0.0000 | aux_ce=0.0000 | mask=964 | aux_mask=1212 | pos=208 | targets=208 | preds=889 | centerness=[-2.269, -0.487] | train_seen=3200
2026-05-23 19:32:49 | INFO | Epoch 2 | batch 1650/1829 | loss=1.6094 | giou=0.7111 | bbox=0.1174 | ce=0.0698 | aux_giou=0.0000 | aux_bbox=0.0000 | aux_ce=0.0000 | mask=837 | aux_mask=876 | pos=468 | targets=468 | preds=594 | centerness=[-2.110, 0.096] | train_seen=3300
2026-05-23 19:34:35 | INFO | Epoch 2 | batch 1700/1829 | loss=1.2087 | giou=0.5539 | bbox=0.0537 | ce=0.0472 | aux_giou=0.0000 | aux_bbox=0.0000 | aux_ce=0.0000 | mask=732 | aux_mask=869 | pos=150 | targets=150 | preds=575 | centerness=[-2.533, -0.721] | train_seen=3400
2026-05-23 19:36:21 | INFO | Epoch 2 | batch 1750/1829 | loss=1.4318 | giou=0.6459 | bbox=0.0865 | ce=0.0534 | aux_giou=0.0000 | aux_bbox=0.0000 | aux_ce=0.0000 | mask=588 | aux_mask=683 | pos=197 | targets=197 | preds=401 | centerness=[-2.952, -0.264] | train_seen=3500
2026-05-23 19:38:07 | INFO | Epoch 2 | batch 1800/1829 | loss=1.5027 | giou=0.6098 | bbox=0.0642 | ce=0.0731 | aux_giou=0.0657 | aux_bbox=0.0083 | aux_ce=0.0060 | mask=733 | aux_mask=905 | pos=180 | targets=180 | preds=547 | centerness=[-2.102, 0.216] | train_seen=3600
2026-05-23 19:58:41 | INFO | Epoch 2 | train_loss=1.298 | val_loss=1.273 | train_mae=174.580 | val_mae=156.044 | val_rmse=175.88 | test_mae=151.637 | test_rmse=196.13 | time=5052.503s
2026-05-23 20:00:27 | INFO | Epoch 3 | batch 50/1829 | loss=1.1551 | giou=0.5205 | bbox=0.0652 | ce=0.0488 | aux_giou=0.0000 | aux_bbox=0.0000 | aux_ce=0.0000 | mask=1188 | aux_mask=1320 | pos=208 | targets=208 | preds=865 | centerness=[-2.422, -1.015] | train_seen=100
2026-05-23 20:02:13 | INFO | Epoch 3 | batch 100/1829 | loss=1.2579 | giou=0.5776 | bbox=0.0476 | ce=0.0552 | aux_giou=0.0000 | aux_bbox=0.0000 | aux_ce=0.0000 | mask=1328 | aux_mask=1298 | pos=226 | targets=226 | preds=1124 | centerness=[-2.399, -0.311] | train_seen=200
2026-05-23 20:03:59 | INFO | Epoch 3 | batch 150/1829 | loss=1.1156 | giou=0.5111 | bbox=0.0653 | ce=0.0281 | aux_giou=0.0000 | aux_bbox=0.0000 | aux_ce=0.0000 | mask=724 | aux_mask=798 | pos=48 | targets=48 | preds=449 | centerness=[-3.143, -0.537] | train_seen=300
2026-05-23 20:05:45 | INFO | Epoch 3 | batch 200/1829 | loss=1.5926 | giou=0.7086 | bbox=0.1245 | ce=0.0509 | aux_giou=0.0000 | aux_bbox=0.0000 | aux_ce=0.0000 | mask=1251 | aux_mask=1297 | pos=632 | targets=632 | preds=900 | centerness=[-2.065, 0.034] | train_seen=400
2026-05-23 20:07:31 | INFO | Epoch 3 | batch 250/1829 | loss=1.2758 | giou=0.5600 | bbox=0.0640 | ce=0.0918 | aux_giou=0.0000 | aux_bbox=0.0000 | aux_ce=0.0000 | mask=1251 | aux_mask=1423 | pos=609 | targets=609 | preds=980 | centerness=[-3.359, -0.887] | train_seen=500
2026-05-23 20:09:18 | INFO | Epoch 3 | batch 300/1829 | loss=1.0041 | giou=0.4574 | bbox=0.0648 | ce=0.0245 | aux_giou=0.0000 | aux_bbox=0.0000 | aux_ce=0.0000 | mask=1174 | aux_mask=1066 | pos=89 | targets=89 | preds=520 | centerness=[-3.434, -0.584] | train_seen=600
2026-05-23 20:11:04 | INFO | Epoch 3 | batch 350/1829 | loss=1.3964 | giou=0.6353 | bbox=0.0866 | ce=0.0391 | aux_giou=0.0000 | aux_bbox=0.0000 | aux_ce=0.0000 | mask=969 | aux_mask=1125 | pos=136 | targets=136 | preds=515 | centerness=[-2.709, -0.480] | train_seen=700
2026-05-23 20:12:50 | INFO | Epoch 3 | batch 400/1829 | loss=0.9311 | giou=0.4184 | bbox=0.0531 | ce=0.0411 | aux_giou=0.0000 | aux_bbox=0.0000 | aux_ce=0.0000 | mask=796 | aux_mask=718 | pos=110 | targets=110 | preds=544 | centerness=[-3.276, -0.373] | train_seen=800
2026-05-23 20:14:36 | INFO | Epoch 3 | batch 450/1829 | loss=1.1540 | giou=0.5401 | bbox=0.0401 | ce=0.0337 | aux_giou=0.0000 | aux_bbox=0.0000 | aux_ce=0.0000 | mask=675 | aux_mask=745 | pos=76 | targets=76 | preds=563 | centerness=[-3.467, -0.313] | train_seen=900
2026-05-23 20:16:22 | INFO | Epoch 3 | batch 500/1829 | loss=0.9070 | giou=0.4067 | bbox=0.0766 | ce=0.0171 | aux_giou=0.0000 | aux_bbox=0.0000 | aux_ce=0.0000 | mask=1332 | aux_mask=1919 | pos=64 | targets=64 | preds=275 | centerness=[-3.479, -0.930] | train_seen=1000
2026-05-23 20:18:08 | INFO | Epoch 3 | batch 550/1829 | loss=0.7374 | giou=0.3414 | bbox=0.0320 | ce=0.0225 | aux_giou=0.0000 | aux_bbox=0.0000 | aux_ce=0.0000 | mask=1107 | aux_mask=1006 | pos=63 | targets=63 | preds=719 | centerness=[-3.346, -0.848] | train_seen=1100
2026-05-23 20:19:54 | INFO | Epoch 3 | batch 600/1829 | loss=1.0037 | giou=0.4568 | bbox=0.0512 | ce=0.0389 | aux_giou=0.0000 | aux_bbox=0.0000 | aux_ce=0.0000 | mask=1135 | aux_mask=1134 | pos=208 | targets=208 | preds=769 | centerness=[-2.705, -0.448] | train_seen=1200
2026-05-23 20:21:41 | INFO | Epoch 3 | batch 650/1829 | loss=1.1852 | giou=0.5347 | bbox=0.0647 | ce=0.0512 | aux_giou=0.0000 | aux_bbox=0.0000 | aux_ce=0.0000 | mask=1839 | aux_mask=1895 | pos=558 | targets=558 | preds=1067 | centerness=[-2.109, -0.559] | train_seen=1300
2026-05-23 20:23:27 | INFO | Epoch 3 | batch 700/1829 | loss=1.3314 | giou=0.5874 | bbox=0.1242 | ce=0.0323 | aux_giou=0.0000 | aux_bbox=0.0000 | aux_ce=0.0000 | mask=1196 | aux_mask=1373 | pos=128 | targets=128 | preds=745 | centerness=[-2.569, -0.777] | train_seen=1400
2026-05-23 20:25:13 | INFO | Epoch 3 | batch 750/1829 | loss=1.2301 | giou=0.5587 | bbox=0.0510 | ce=0.0618 | aux_giou=0.0000 | aux_bbox=0.0000 | aux_ce=0.0000 | mask=1339 | aux_mask=1132 | pos=492 | targets=492 | preds=1029 | centerness=[-3.059, -0.366] | train_seen=1500
2026-05-23 20:26:59 | INFO | Epoch 3 | batch 800/1829 | loss=1.6404 | giou=0.6626 | bbox=0.1744 | ce=0.0215 | aux_giou=0.0539 | aux_bbox=0.0099 | aux_ce=0.0016 | mask=1530 | aux_mask=1829 | pos=90 | targets=90 | preds=351 | centerness=[-3.751, -0.487] | train_seen=1600
2026-05-23 20:28:45 | INFO | Epoch 3 | batch 850/1829 | loss=1.4552 | giou=0.5908 | bbox=0.0674 | ce=0.0499 | aux_giou=0.0680 | aux_bbox=0.0148 | aux_ce=0.0054 | mask=963 | aux_mask=939 | pos=156 | targets=156 | preds=528 | centerness=[-2.572, -0.268] | train_seen=1700
2026-05-23 20:30:31 | INFO | Epoch 3 | batch 900/1829 | loss=1.5585 | giou=0.6416 | bbox=0.0678 | ce=0.0537 | aux_giou=0.0705 | aux_bbox=0.0081 | aux_ce=0.0045 | mask=648 | aux_mask=771 | pos=86 | targets=86 | preds=442 | centerness=[-4.342, 0.042] | train_seen=1800
2026-05-23 20:32:17 | INFO | Epoch 3 | batch 950/1829 | loss=1.2409 | giou=0.5686 | bbox=0.0726 | ce=0.0312 | aux_giou=0.0000 | aux_bbox=0.0000 | aux_ce=0.0000 | mask=849 | aux_mask=767 | pos=128 | targets=128 | preds=432 | centerness=[-3.828, -0.450] | train_seen=1900
2026-05-23 20:34:04 | INFO | Epoch 3 | batch 1000/1829 | loss=1.0580 | giou=0.4919 | bbox=0.0504 | ce=0.0238 | aux_giou=0.0000 | aux_bbox=0.0000 | aux_ce=0.0000 | mask=1324 | aux_mask=1185 | pos=110 | targets=110 | preds=813 | centerness=[-3.548, -0.139] | train_seen=2000
2026-05-23 20:35:50 | INFO | Epoch 3 | batch 1050/1829 | loss=0.9405 | giou=0.4322 | bbox=0.0522 | ce=0.0239 | aux_giou=0.0000 | aux_bbox=0.0000 | aux_ce=0.0000 | mask=606 | aux_mask=682 | pos=87 | targets=87 | preds=234 | centerness=[-4.240, 0.438] | train_seen=2100
2026-05-23 20:37:36 | INFO | Epoch 3 | batch 1100/1829 | loss=0.9277 | giou=0.3682 | bbox=0.0277 | ce=0.0495 | aux_giou=0.0526 | aux_bbox=0.0036 | aux_ce=0.0054 | mask=1104 | aux_mask=1125 | pos=545 | targets=545 | preds=867 | centerness=[-2.612, 0.522] | train_seen=2200
2026-05-23 20:39:22 | INFO | Epoch 3 | batch 1150/1829 | loss=0.8592 | giou=0.3903 | bbox=0.0403 | ce=0.0382 | aux_giou=0.0000 | aux_bbox=0.0000 | aux_ce=0.0000 | mask=1608 | aux_mask=1812 | pos=324 | targets=324 | preds=1049 | centerness=[-3.279, -0.753] | train_seen=2300
2026-05-23 20:41:08 | INFO | Epoch 3 | batch 1200/1829 | loss=1.1408 | giou=0.5231 | bbox=0.0393 | ce=0.0555 | aux_giou=0.0000 | aux_bbox=0.0000 | aux_ce=0.0000 | mask=1024 | aux_mask=1132 | pos=318 | targets=318 | preds=884 | centerness=[-4.214, -0.355] | train_seen=2400
2026-05-23 20:42:54 | INFO | Epoch 3 | batch 1250/1829 | loss=1.3174 | giou=0.5617 | bbox=0.0456 | ce=0.0488 | aux_giou=0.0454 | aux_bbox=0.0028 | aux_ce=0.0059 | mask=1164 | aux_mask=1118 | pos=363 | targets=363 | preds=977 | centerness=[-2.399, -0.120] | train_seen=2500
2026-05-23 20:44:40 | INFO | Epoch 3 | batch 1300/1829 | loss=0.8619 | giou=0.4041 | bbox=0.0351 | ce=0.0185 | aux_giou=0.0000 | aux_bbox=0.0000 | aux_ce=0.0000 | mask=1142 | aux_mask=1184 | pos=65 | targets=65 | preds=745 | centerness=[-2.434, -0.522] | train_seen=2600
2026-05-23 20:46:26 | INFO | Epoch 3 | batch 1350/1829 | loss=1.1619 | giou=0.4911 | bbox=0.0383 | ce=0.0276 | aux_giou=0.0548 | aux_bbox=0.0023 | aux_ce=0.0021 | mask=793 | aux_mask=720 | pos=87 | targets=87 | preds=555 | centerness=[-3.022, -0.020] | train_seen=2700
2026-05-23 20:48:12 | INFO | Epoch 3 | batch 1400/1829 | loss=1.0579 | giou=0.4758 | bbox=0.0587 | ce=0.0478 | aux_giou=0.0000 | aux_bbox=0.0000 | aux_ce=0.0000 | mask=1455 | aux_mask=1343 | pos=428 | targets=428 | preds=907 | centerness=[-3.224, 0.244] | train_seen=2800
2026-05-23 20:49:58 | INFO | Epoch 3 | batch 1450/1829 | loss=0.8584 | giou=0.3878 | bbox=0.0499 | ce=0.0329 | aux_giou=0.0000 | aux_bbox=0.0000 | aux_ce=0.0000 | mask=856 | aux_mask=955 | pos=111 | targets=111 | preds=442 | centerness=[-3.101, 0.523] | train_seen=2900
2026-05-23 20:51:44 | INFO | Epoch 3 | batch 1500/1829 | loss=0.8800 | giou=0.4069 | bbox=0.0375 | ce=0.0286 | aux_giou=0.0000 | aux_bbox=0.0000 | aux_ce=0.0000 | mask=1014 | aux_mask=1031 | pos=104 | targets=104 | preds=700 | centerness=[-2.829, -0.610] | train_seen=3000
2026-05-23 20:53:31 | INFO | Epoch 3 | batch 1550/1829 | loss=1.2456 | giou=0.5700 | bbox=0.0701 | ce=0.0355 | aux_giou=0.0000 | aux_bbox=0.0000 | aux_ce=0.0000 | mask=787 | aux_mask=997 | pos=116 | targets=116 | preds=467 | centerness=[-3.791, -0.271] | train_seen=3100
2026-05-23 20:55:17 | INFO | Epoch 3 | batch 1600/1829 | loss=1.1037 | giou=0.4804 | bbox=0.0632 | ce=0.0797 | aux_giou=0.0000 | aux_bbox=0.0000 | aux_ce=0.0000 | mask=1277 | aux_mask=1380 | pos=673 | targets=673 | preds=857 | centerness=[-4.462, -0.426] | train_seen=3200
2026-05-23 20:57:03 | INFO | Epoch 3 | batch 1650/1829 | loss=0.9249 | giou=0.4304 | bbox=0.0426 | ce=0.0215 | aux_giou=0.0000 | aux_bbox=0.0000 | aux_ce=0.0000 | mask=888 | aux_mask=925 | pos=79 | targets=79 | preds=519 | centerness=[-2.722, -0.174] | train_seen=3300
2026-05-23 20:58:49 | INFO | Epoch 3 | batch 1700/1829 | loss=0.7619 | giou=0.3418 | bbox=0.0546 | ce=0.0237 | aux_giou=0.0000 | aux_bbox=0.0000 | aux_ce=0.0000 | mask=796 | aux_mask=979 | pos=48 | targets=48 | preds=409 | centerness=[-2.843, 0.083] | train_seen=3400
2026-05-23 21:00:35 | INFO | Epoch 3 | batch 1750/1829 | loss=1.6150 | giou=0.6262 | bbox=0.1241 | ce=0.0794 | aux_giou=0.0661 | aux_bbox=0.0181 | aux_ce=0.0088 | mask=1523 | aux_mask=1557 | pos=984 | targets=984 | preds=1169 | centerness=[-3.177, -0.717] | train_seen=3500
2026-05-23 21:02:22 | INFO | Epoch 3 | batch 1800/1829 | loss=1.3375 | giou=0.6149 | bbox=0.0339 | ce=0.0738 | aux_giou=0.0000 | aux_bbox=0.0000 | aux_ce=0.0000 | mask=1329 | aux_mask=1488 | pos=580 | targets=580 | preds=1262 | centerness=[-2.499, -0.369] | train_seen=3600
2026-05-23 21:22:55 | INFO | Epoch 3 | train_loss=1.159 | val_loss=1.158 | train_mae=248.850 | val_mae=243.240 | val_rmse=264.98 | test_mae=232.614 | test_rmse=272.05 | time=5052.718s
2026-05-23 21:24:42 | INFO | Epoch 4 | batch 50/1829 | loss=1.1944 | giou=0.5543 | bbox=0.0436 | ce=0.0422 | aux_giou=0.0000 | aux_bbox=0.0000 | aux_ce=0.0000 | mask=1293 | aux_mask=1392 | pos=285 | targets=285 | preds=1031 | centerness=[-2.465, -0.115] | train_seen=100
2026-05-23 21:26:28 | INFO | Epoch 4 | batch 100/1829 | loss=1.4949 | giou=0.6845 | bbox=0.0768 | ce=0.0491 | aux_giou=0.0000 | aux_bbox=0.0000 | aux_ce=0.0000 | mask=826 | aux_mask=916 | pos=108 | targets=108 | preds=690 | centerness=[-2.659, -0.223] | train_seen=200
2026-05-23 21:28:14 | INFO | Epoch 4 | batch 150/1829 | loss=1.0449 | giou=0.4615 | bbox=0.0709 | ce=0.0511 | aux_giou=0.0000 | aux_bbox=0.0000 | aux_ce=0.0000 | mask=1105 | aux_mask=1142 | pos=244 | targets=244 | preds=671 | centerness=[-2.912, -0.029] | train_seen=300
2026-05-23 21:30:00 | INFO | Epoch 4 | batch 200/1829 | loss=1.0561 | giou=0.4888 | bbox=0.0380 | ce=0.0404 | aux_giou=0.0000 | aux_bbox=0.0000 | aux_ce=0.0000 | mask=1260 | aux_mask=1200 | pos=398 | targets=398 | preds=993 | centerness=[-2.313, 0.761] | train_seen=400
2026-05-23 21:31:46 | INFO | Epoch 4 | batch 250/1829 | loss=1.0587 | giou=0.4873 | bbox=0.0427 | ce=0.0414 | aux_giou=0.0000 | aux_bbox=0.0000 | aux_ce=0.0000 | mask=936 | aux_mask=1108 | pos=136 | targets=136 | preds=655 | centerness=[-2.830, 0.849] | train_seen=500
2026-05-23 21:33:33 | INFO | Epoch 4 | batch 300/1829 | loss=1.1117 | giou=0.5116 | bbox=0.0374 | ce=0.0512 | aux_giou=0.0000 | aux_bbox=0.0000 | aux_ce=0.0000 | mask=1195 | aux_mask=1282 | pos=404 | targets=404 | preds=930 | centerness=[-2.365, 0.021] | train_seen=600
2026-05-23 21:35:19 | INFO | Epoch 4 | batch 350/1829 | loss=1.0295 | giou=0.4465 | bbox=0.1129 | ce=0.0235 | aux_giou=0.0000 | aux_bbox=0.0000 | aux_ce=0.0000 | mask=875 | aux_mask=1139 | pos=63 | targets=63 | preds=221 | centerness=[-3.793, -0.791] | train_seen=700
2026-05-23 21:37:05 | INFO | Epoch 4 | batch 400/1829 | loss=1.2595 | giou=0.5900 | bbox=0.0588 | ce=0.0207 | aux_giou=0.0000 | aux_bbox=0.0000 | aux_ce=0.0000 | mask=1225 | aux_mask=1375 | pos=53 | targets=53 | preds=860 | centerness=[-3.096, -0.524] | train_seen=800
2026-05-23 21:38:51 | INFO | Epoch 4 | batch 450/1829 | loss=0.8662 | giou=0.3680 | bbox=0.1057 | ce=0.0246 | aux_giou=0.0000 | aux_bbox=0.0000 | aux_ce=0.0000 | mask=1200 | aux_mask=1705 | pos=71 | targets=71 | preds=307 | centerness=[-3.786, -0.453] | train_seen=900
2026-05-23 21:40:38 | INFO | Epoch 4 | batch 500/1829 | loss=0.7781 | giou=0.3457 | bbox=0.0642 | ce=0.0225 | aux_giou=0.0000 | aux_bbox=0.0000 | aux_ce=0.0000 | mask=1093 | aux_mask=1301 | pos=67 | targets=67 | preds=358 | centerness=[-5.099, -0.966] | train_seen=1000
2026-05-23 21:42:24 | INFO | Epoch 4 | batch 550/1829 | loss=1.0943 | giou=0.4659 | bbox=0.0409 | ce=0.0291 | aux_giou=0.0442 | aux_bbox=0.0028 | aux_ce=0.0012 | mask=1148 | aux_mask=1155 | pos=133 | targets=133 | preds=614 | centerness=[-2.920, -0.107] | train_seen=1100
2026-05-23 21:44:10 | INFO | Epoch 4 | batch 600/1829 | loss=1.0206 | giou=0.4597 | bbox=0.0662 | ce=0.0351 | aux_giou=0.0000 | aux_bbox=0.0000 | aux_ce=0.0000 | mask=1443 | aux_mask=1511 | pos=110 | targets=110 | preds=620 | centerness=[-3.050, -0.402] | train_seen=1200
2026-05-23 21:45:56 | INFO | Epoch 4 | batch 650/1829 | loss=0.9224 | giou=0.4184 | bbox=0.0395 | ce=0.0461 | aux_giou=0.0000 | aux_bbox=0.0000 | aux_ce=0.0000 | mask=1014 | aux_mask=1040 | pos=260 | targets=260 | preds=698 | centerness=[-3.341, 0.522] | train_seen=1300
2026-05-23 21:47:42 | INFO | Epoch 4 | batch 700/1829 | loss=0.9127 | giou=0.4103 | bbox=0.0758 | ce=0.0163 | aux_giou=0.0000 | aux_bbox=0.0000 | aux_ce=0.0000 | mask=925 | aux_mask=1019 | pos=47 | targets=47 | preds=453 | centerness=[-4.879, -0.824] | train_seen=1400
2026-05-23 21:49:28 | INFO | Epoch 4 | batch 750/1829 | loss=1.0015 | giou=0.4514 | bbox=0.0589 | ce=0.0399 | aux_giou=0.0000 | aux_bbox=0.0000 | aux_ce=0.0000 | mask=1539 | aux_mask=1676 | pos=252 | targets=252 | preds=846 | centerness=[-6.103, -0.446] | train_seen=1500
2026-05-23 21:51:15 | INFO | Epoch 4 | batch 800/1829 | loss=0.9213 | giou=0.4156 | bbox=0.0453 | ce=0.0448 | aux_giou=0.0000 | aux_bbox=0.0000 | aux_ce=0.0000 | mask=991 | aux_mask=1132 | pos=173 | targets=173 | preds=607 | centerness=[-2.651, 0.014] | train_seen=1600
2026-05-23 21:53:01 | INFO | Epoch 4 | batch 850/1829 | loss=1.1985 | giou=0.5289 | bbox=0.0654 | ce=0.0753 | aux_giou=0.0000 | aux_bbox=0.0000 | aux_ce=0.0000 | mask=1429 | aux_mask=1410 | pos=505 | targets=505 | preds=779 | centerness=[-3.096, -0.572] | train_seen=1700
2026-05-23 21:54:48 | INFO | Epoch 4 | batch 900/1829 | loss=0.8322 | giou=0.3721 | bbox=0.0479 | ce=0.0402 | aux_giou=0.0000 | aux_bbox=0.0000 | aux_ce=0.0000 | mask=1026 | aux_mask=1021 | pos=204 | targets=204 | preds=636 | centerness=[-2.668, 0.033] | train_seen=1800
2026-05-23 21:56:34 | INFO | Epoch 4 | batch 950/1829 | loss=0.9876 | giou=0.4477 | bbox=0.0684 | ce=0.0237 | aux_giou=0.0000 | aux_bbox=0.0000 | aux_ce=0.0000 | mask=817 | aux_mask=881 | pos=62 | targets=62 | preds=414 | centerness=[-3.645, -0.546] | train_seen=1900
2026-05-23 21:58:20 | INFO | Epoch 4 | batch 1000/1829 | loss=2.0120 | giou=0.7933 | bbox=0.1787 | ce=0.0535 | aux_giou=0.0825 | aux_bbox=0.0188 | aux_ce=0.0094 | mask=987 | aux_mask=861 | pos=423 | targets=423 | preds=571 | centerness=[-3.738, 0.653] | train_seen=2000
2026-05-23 22:00:07 | INFO | Epoch 4 | batch 1050/1829 | loss=1.0072 | giou=0.4586 | bbox=0.0637 | ce=0.0263 | aux_giou=0.0000 | aux_bbox=0.0000 | aux_ce=0.0000 | mask=937 | aux_mask=969 | pos=60 | targets=60 | preds=511 | centerness=[-2.942, 0.090] | train_seen=2100
2026-05-23 22:01:53 | INFO | Epoch 4 | batch 1100/1829 | loss=1.0453 | giou=0.4865 | bbox=0.0500 | ce=0.0224 | aux_giou=0.0000 | aux_bbox=0.0000 | aux_ce=0.0000 | mask=626 | aux_mask=649 | pos=39 | targets=39 | preds=450 | centerness=[-3.656, -0.620] | train_seen=2200
2026-05-23 22:03:39 | INFO | Epoch 4 | batch 1150/1829 | loss=1.3951 | giou=0.6256 | bbox=0.0855 | ce=0.0584 | aux_giou=0.0000 | aux_bbox=0.0000 | aux_ce=0.0000 | mask=933 | aux_mask=1152 | pos=456 | targets=456 | preds=723 | centerness=[-2.642, 0.398] | train_seen=2300
2026-05-23 22:05:25 | INFO | Epoch 4 | batch 1200/1829 | loss=1.2290 | giou=0.5245 | bbox=0.0550 | ce=0.0316 | aux_giou=0.0417 | aux_bbox=0.0029 | aux_ce=0.0071 | mask=1167 | aux_mask=1003 | pos=93 | targets=93 | preds=751 | centerness=[-3.242, 0.012] | train_seen=2400
2026-05-23 22:07:11 | INFO | Epoch 4 | batch 1250/1829 | loss=1.0966 | giou=0.4977 | bbox=0.0665 | ce=0.0347 | aux_giou=0.0000 | aux_bbox=0.0000 | aux_ce=0.0000 | mask=826 | aux_mask=981 | pos=96 | targets=96 | preds=411 | centerness=[-3.230, -0.509] | train_seen=2500
2026-05-23 22:08:57 | INFO | Epoch 4 | batch 1300/1829 | loss=1.2581 | giou=0.5377 | bbox=0.0530 | ce=0.0354 | aux_giou=0.0445 | aux_bbox=0.0028 | aux_ce=0.0025 | mask=1196 | aux_mask=1269 | pos=157 | targets=157 | preds=813 | centerness=[-3.085, -0.496] | train_seen=2600
2026-05-23 22:10:44 | INFO | Epoch 4 | batch 1350/1829 | loss=0.6046 | giou=0.2736 | bbox=0.0342 | ce=0.0233 | aux_giou=0.0000 | aux_bbox=0.0000 | aux_ce=0.0000 | mask=1119 | aux_mask=1156 | pos=112 | targets=112 | preds=589 | centerness=[-4.816, -0.573] | train_seen=2700
2026-05-23 22:12:30 | INFO | Epoch 4 | batch 1400/1829 | loss=1.1925 | giou=0.4982 | bbox=0.0466 | ce=0.0243 | aux_giou=0.0591 | aux_bbox=0.0047 | aux_ce=0.0024 | mask=1240 | aux_mask=1285 | pos=104 | targets=104 | preds=777 | centerness=[-3.558, -0.746] | train_seen=2800
2026-05-23 22:14:16 | INFO | Epoch 4 | batch 1450/1829 | loss=0.9716 | giou=0.4267 | bbox=0.0965 | ce=0.0217 | aux_giou=0.0000 | aux_bbox=0.0000 | aux_ce=0.0000 | mask=1221 | aux_mask=1332 | pos=80 | targets=80 | preds=566 | centerness=[-2.646, -0.085] | train_seen=2900
2026-05-23 22:16:02 | INFO | Epoch 4 | batch 1500/1829 | loss=1.0863 | giou=0.5007 | bbox=0.0411 | ce=0.0438 | aux_giou=0.0000 | aux_bbox=0.0000 | aux_ce=0.0000 | mask=1138 | aux_mask=1386 | pos=192 | targets=192 | preds=931 | centerness=[-2.513, -0.339] | train_seen=3000
2026-05-23 22:17:48 | INFO | Epoch 4 | batch 1550/1829 | loss=1.3346 | giou=0.5996 | bbox=0.0528 | ce=0.0827 | aux_giou=0.0000 | aux_bbox=0.0000 | aux_ce=0.0000 | mask=1296 | aux_mask=1658 | pos=884 | targets=884 | preds=1102 | centerness=[-2.555, 0.171] | train_seen=3100
2026-05-23 22:19:34 | INFO | Epoch 4 | batch 1600/1829 | loss=1.0772 | giou=0.4937 | bbox=0.0792 | ce=0.0105 | aux_giou=0.0000 | aux_bbox=0.0000 | aux_ce=0.0000 | mask=788 | aux_mask=821 | pos=21 | targets=21 | preds=349 | centerness=[-4.953, -0.808] | train_seen=3200
2026-05-23 22:21:21 | INFO | Epoch 4 | batch 1650/1829 | loss=0.7274 | giou=0.3306 | bbox=0.0432 | ce=0.0231 | aux_giou=0.0000 | aux_bbox=0.0000 | aux_ce=0.0000 | mask=1480 | aux_mask=1445 | pos=104 | targets=104 | preds=595 | centerness=[-2.946, -0.311] | train_seen=3300
2026-05-23 22:23:07 | INFO | Epoch 4 | batch 1700/1829 | loss=1.0710 | giou=0.4895 | bbox=0.0715 | ce=0.0204 | aux_giou=0.0000 | aux_bbox=0.0000 | aux_ce=0.0000 | mask=741 | aux_mask=896 | pos=22 | targets=22 | preds=436 | centerness=[-4.123, -0.065] | train_seen=3400
2026-05-23 22:24:53 | INFO | Epoch 4 | batch 1750/1829 | loss=1.0492 | giou=0.4733 | bbox=0.0586 | ce=0.0439 | aux_giou=0.0000 | aux_bbox=0.0000 | aux_ce=0.0000 | mask=1175 | aux_mask=1323 | pos=452 | targets=452 | preds=890 | centerness=[-5.335, 0.009] | train_seen=3500
2026-05-23 22:26:39 | INFO | Epoch 4 | batch 1800/1829 | loss=1.0218 | giou=0.4660 | bbox=0.0373 | ce=0.0524 | aux_giou=0.0000 | aux_bbox=0.0000 | aux_ce=0.0000 | mask=1007 | aux_mask=1013 | pos=150 | targets=150 | preds=779 | centerness=[-3.713, 0.466] | train_seen=3600
2026-05-23 22:47:14 | INFO | Epoch 4 | train_loss=1.117 | val_loss=1.162 | train_mae=257.934 | val_mae=209.823 | val_rmse=231.87 | test_mae=206.073 | test_rmse=246.35 | time=5056.604s
2026-05-23 22:49:00 | INFO | Epoch 5 | batch 50/1829 | loss=1.8317 | giou=0.7228 | bbox=0.0609 | ce=0.1076 | aux_giou=0.1000 | aux_bbox=0.0071 | aux_ce=0.0105 | mask=2719 | aux_mask=1836 | pos=2543 | targets=1648 | preds=1532 | centerness=[-2.909, 0.107] | train_seen=100
2026-05-23 22:50:46 | INFO | Epoch 5 | batch 100/1829 | loss=1.0272 | giou=0.4226 | bbox=0.0565 | ce=0.0279 | aux_giou=0.0456 | aux_bbox=0.0041 | aux_ce=0.0024 | mask=1306 | aux_mask=1348 | pos=112 | targets=112 | preds=638 | centerness=[-4.198, -0.490] | train_seen=200
2026-05-23 22:52:33 | INFO | Epoch 5 | batch 150/1829 | loss=0.9458 | giou=0.4325 | bbox=0.0303 | ce=0.0504 | aux_giou=0.0000 | aux_bbox=0.0000 | aux_ce=0.0000 | mask=798 | aux_mask=914 | pos=267 | targets=267 | preds=639 | centerness=[-3.858, 0.487] | train_seen=300
2026-05-23 22:54:19 | INFO | Epoch 5 | batch 200/1829 | loss=1.0256 | giou=0.4756 | bbox=0.0530 | ce=0.0213 | aux_giou=0.0000 | aux_bbox=0.0000 | aux_ce=0.0000 | mask=979 | aux_mask=1067 | pos=76 | targets=76 | preds=685 | centerness=[-5.045, 0.388] | train_seen=400
2026-05-23 22:56:05 | INFO | Epoch 5 | batch 250/1829 | loss=1.3664 | giou=0.6238 | bbox=0.0552 | ce=0.0636 | aux_giou=0.0000 | aux_bbox=0.0000 | aux_ce=0.0000 | mask=1200 | aux_mask=1129 | pos=348 | targets=348 | preds=1016 | centerness=[-3.267, -0.241] | train_seen=500
2026-05-23 22:57:51 | INFO | Epoch 5 | batch 300/1829 | loss=1.1956 | giou=0.4834 | bbox=0.0549 | ce=0.0549 | aux_giou=0.0529 | aux_bbox=0.0070 | aux_ce=0.0061 | mask=1014 | aux_mask=1057 | pos=392 | targets=392 | preds=683 | centerness=[-2.947, -0.193] | train_seen=600
2026-05-23 22:59:38 | INFO | Epoch 5 | batch 350/1829 | loss=1.1884 | giou=0.4900 | bbox=0.1053 | ce=0.0226 | aux_giou=0.0371 | aux_bbox=0.0039 | aux_ce=0.0025 | mask=802 | aux_mask=827 | pos=64 | targets=64 | preds=348 | centerness=[-5.201, -0.475] | train_seen=700
2026-05-23 23:01:24 | INFO | Epoch 5 | batch 400/1829 | loss=0.9536 | giou=0.4287 | bbox=0.0713 | ce=0.0249 | aux_giou=0.0000 | aux_bbox=0.0000 | aux_ce=0.0000 | mask=920 | aux_mask=922 | pos=56 | targets=56 | preds=418 | centerness=[-3.744, -0.102] | train_seen=800
2026-05-23 23:03:10 | INFO | Epoch 5 | batch 450/1829 | loss=1.1944 | giou=0.5573 | bbox=0.0527 | ce=0.0270 | aux_giou=0.0000 | aux_bbox=0.0000 | aux_ce=0.0000 | mask=833 | aux_mask=878 | pos=56 | targets=56 | preds=636 | centerness=[-5.449, 0.242] | train_seen=900
2026-05-23 23:04:57 | INFO | Epoch 5 | batch 500/1829 | loss=1.4113 | giou=0.5918 | bbox=0.0469 | ce=0.0600 | aux_giou=0.0555 | aux_bbox=0.0051 | aux_ce=0.0047 | mask=1106 | aux_mask=1077 | pos=478 | targets=478 | preds=936 | centerness=[-4.232, 1.010] | train_seen=1000
2026-05-23 23:06:43 | INFO | Epoch 5 | batch 550/1829 | loss=0.9989 | giou=0.4565 | bbox=0.0486 | ce=0.0373 | aux_giou=0.0000 | aux_bbox=0.0000 | aux_ce=0.0000 | mask=953 | aux_mask=959 | pos=182 | targets=182 | preds=576 | centerness=[-5.729, 0.930] | train_seen=1100
2026-05-23 23:08:29 | INFO | Epoch 5 | batch 600/1829 | loss=1.0838 | giou=0.4946 | bbox=0.0473 | ce=0.0473 | aux_giou=0.0000 | aux_bbox=0.0000 | aux_ce=0.0000 | mask=1114 | aux_mask=1081 | pos=304 | targets=304 | preds=854 | centerness=[-4.476, 0.013] | train_seen=1200
2026-05-23 23:10:15 | INFO | Epoch 5 | batch 650/1829 | loss=1.2002 | giou=0.4085 | bbox=0.0703 | ce=0.0485 | aux_giou=0.1138 | aux_bbox=0.0279 | aux_ce=0.0087 | mask=1512 | aux_mask=1564 | pos=224 | targets=224 | preds=799 | centerness=[-3.744, -0.908] | train_seen=1300
2026-05-23 23:12:02 | INFO | Epoch 5 | batch 700/1829 | loss=0.9422 | giou=0.4272 | bbox=0.0672 | ce=0.0206 | aux_giou=0.0000 | aux_bbox=0.0000 | aux_ce=0.0000 | mask=818 | aux_mask=950 | pos=35 | targets=35 | preds=450 | centerness=[-8.065, -0.456] | train_seen=1400
2026-05-23 23:13:48 | INFO | Epoch 5 | batch 750/1829 | loss=1.0836 | giou=0.4989 | bbox=0.0458 | ce=0.0399 | aux_giou=0.0000 | aux_bbox=0.0000 | aux_ce=0.0000 | mask=878 | aux_mask=821 | pos=132 | targets=132 | preds=663 | centerness=[-4.038, -0.231] | train_seen=1500
2026-05-23 23:15:35 | INFO | Epoch 5 | batch 800/1829 | loss=1.2765 | giou=0.5851 | bbox=0.0524 | ce=0.0538 | aux_giou=0.0000 | aux_bbox=0.0000 | aux_ce=0.0000 | mask=1052 | aux_mask=1039 | pos=224 | targets=224 | preds=855 | centerness=[-4.204, 0.070] | train_seen=1600
2026-05-23 23:17:21 | INFO | Epoch 5 | batch 850/1829 | loss=0.8983 | giou=0.4173 | bbox=0.0461 | ce=0.0177 | aux_giou=0.0000 | aux_bbox=0.0000 | aux_ce=0.0000 | mask=1084 | aux_mask=1184 | pos=46 | targets=46 | preds=659 | centerness=[-5.300, -0.586] | train_seen=1700
2026-05-23 23:19:07 | INFO | Epoch 5 | batch 900/1829 | loss=0.5922 | giou=0.2622 | bbox=0.0512 | ce=0.0164 | aux_giou=0.0000 | aux_bbox=0.0000 | aux_ce=0.0000 | mask=1388 | aux_mask=1215 | pos=60 | targets=60 | preds=270 | centerness=[-4.650, -0.992] | train_seen=1800
2026-05-23 23:20:53 | INFO | Epoch 5 | batch 950/1829 | loss=1.3165 | giou=0.5907 | bbox=0.0928 | ce=0.0424 | aux_giou=0.0000 | aux_bbox=0.0000 | aux_ce=0.0000 | mask=1329 | aux_mask=1375 | pos=232 | targets=232 | preds=766 | centerness=[-4.565, -0.457] | train_seen=1900
2026-05-23 23:22:39 | INFO | Epoch 5 | batch 1000/1829 | loss=1.1172 | giou=0.5226 | bbox=0.0571 | ce=0.0151 | aux_giou=0.0000 | aux_bbox=0.0000 | aux_ce=0.0000 | mask=963 | aux_mask=1194 | pos=27 | targets=27 | preds=582 | centerness=[-5.396, -0.168] | train_seen=2000
2026-05-23 23:24:26 | INFO | Epoch 5 | batch 1050/1829 | loss=1.5107 | giou=0.5598 | bbox=0.0434 | ce=0.2296 | aux_giou=0.0466 | aux_bbox=0.0068 | aux_ce=0.0182 | mask=1910 | aux_mask=1878 | pos=1595 | targets=1595 | preds=1436 | centerness=[-4.160, -0.022] | train_seen=2100
2026-05-23 23:26:12 | INFO | Epoch 5 | batch 1100/1829 | loss=0.9708 | giou=0.4382 | bbox=0.0640 | ce=0.0305 | aux_giou=0.0000 | aux_bbox=0.0000 | aux_ce=0.0000 | mask=1296 | aux_mask=1405 | pos=150 | targets=150 | preds=521 | centerness=[-5.820, -0.628] | train_seen=2200
2026-05-23 23:27:59 | INFO | Epoch 5 | batch 1150/1829 | loss=2.0664 | giou=0.8301 | bbox=0.0953 | ce=0.0589 | aux_giou=0.1143 | aux_bbox=0.0174 | aux_ce=0.0062 | mask=924 | aux_mask=1091 | pos=483 | targets=483 | preds=837 | centerness=[-4.284, 0.497] | train_seen=2300
2026-05-23 23:29:45 | INFO | Epoch 5 | batch 1200/1829 | loss=1.4539 | giou=0.6795 | bbox=0.0450 | ce=0.0499 | aux_giou=0.0000 | aux_bbox=0.0000 | aux_ce=0.0000 | mask=1522 | aux_mask=1434 | pos=343 | targets=343 | preds=1370 | centerness=[-4.212, 0.104] | train_seen=2400
2026-05-23 23:31:31 | INFO | Epoch 5 | batch 1250/1829 | loss=1.2386 | giou=0.5254 | bbox=0.0524 | ce=0.0414 | aux_giou=0.0435 | aux_bbox=0.0045 | aux_ce=0.0025 | mask=2563 | aux_mask=2424 | pos=2298 | targets=1350 | preds=1122 | centerness=[-3.162, 0.598] | train_seen=2500
2026-05-23 23:33:17 | INFO | Epoch 5 | batch 1300/1829 | loss=1.3609 | giou=0.5680 | bbox=0.0793 | ce=0.0496 | aux_giou=0.0438 | aux_bbox=0.0038 | aux_ce=0.0046 | mask=1658 | aux_mask=1620 | pos=384 | targets=384 | preds=927 | centerness=[-4.230, -0.119] | train_seen=2600
2026-05-23 23:35:04 | INFO | Epoch 5 | batch 1350/1829 | loss=1.1449 | giou=0.5141 | bbox=0.0626 | ce=0.0542 | aux_giou=0.0000 | aux_bbox=0.0000 | aux_ce=0.0000 | mask=1548 | aux_mask=1538 | pos=521 | targets=521 | preds=1089 | centerness=[-4.503, -0.069] | train_seen=2700
2026-05-23 23:36:50 | INFO | Epoch 5 | batch 1400/1829 | loss=0.7390 | giou=0.3001 | bbox=0.0341 | ce=0.0145 | aux_giou=0.0436 | aux_bbox=0.0016 | aux_ce=0.0014 | mask=831 | aux_mask=1077 | pos=49 | targets=49 | preds=458 | centerness=[-5.119, -0.043] | train_seen=2800
2026-05-23 23:38:36 | INFO | Epoch 5 | batch 1450/1829 | loss=1.3727 | giou=0.5794 | bbox=0.0524 | ce=0.0435 | aux_giou=0.0550 | aux_bbox=0.0055 | aux_ce=0.0024 | mask=914 | aux_mask=1026 | pos=349 | targets=349 | preds=759 | centerness=[-3.384, 0.791] | train_seen=2900
2026-05-23 23:40:23 | INFO | Epoch 5 | batch 1500/1829 | loss=1.2575 | giou=0.5788 | bbox=0.0388 | ce=0.0612 | aux_giou=0.0000 | aux_bbox=0.0000 | aux_ce=0.0000 | mask=1300 | aux_mask=1273 | pos=266 | targets=266 | preds=1165 | centerness=[-3.026, 0.489] | train_seen=3000
2026-05-23 23:42:09 | INFO | Epoch 5 | batch 1550/1829 | loss=1.3298 | giou=0.5932 | bbox=0.0560 | ce=0.0873 | aux_giou=0.0000 | aux_bbox=0.0000 | aux_ce=0.0000 | mask=1212 | aux_mask=1375 | pos=620 | targets=620 | preds=911 | centerness=[-2.749, 0.489] | train_seen=3100
2026-05-23 23:43:55 | INFO | Epoch 5 | batch 1600/1829 | loss=1.9057 | giou=0.7330 | bbox=0.0512 | ce=0.0646 | aux_giou=0.1418 | aux_bbox=0.0294 | aux_ce=0.0107 | mask=1174 | aux_mask=1346 | pos=500 | targets=500 | preds=1134 | centerness=[-3.656, 0.972] | train_seen=3200
2026-05-23 23:45:41 | INFO | Epoch 5 | batch 1650/1829 | loss=1.5155 | giou=0.6346 | bbox=0.0470 | ce=0.0801 | aux_giou=0.0544 | aux_bbox=0.0045 | aux_ce=0.0058 | mask=1580 | aux_mask=1441 | pos=625 | targets=625 | preds=1223 | centerness=[-3.507, 0.045] | train_seen=3300
2026-05-23 23:47:28 | INFO | Epoch 5 | batch 1700/1829 | loss=1.6673 | giou=0.6719 | bbox=0.0460 | ce=0.0493 | aux_giou=0.1072 | aux_bbox=0.0110 | aux_ce=0.0029 | mask=914 | aux_mask=1157 | pos=58 | targets=58 | preds=859 | centerness=[-4.212, 0.353] | train_seen=3400
2026-05-23 23:49:14 | INFO | Epoch 5 | batch 1750/1829 | loss=1.1325 | giou=0.5123 | bbox=0.0561 | ce=0.0519 | aux_giou=0.0000 | aux_bbox=0.0000 | aux_ce=0.0000 | mask=747 | aux_mask=909 | pos=225 | targets=225 | preds=656 | centerness=[-6.680, -0.014] | train_seen=3500
2026-05-23 23:51:00 | INFO | Epoch 5 | batch 1800/1829 | loss=1.2256 | giou=0.5565 | bbox=0.0595 | ce=0.0532 | aux_giou=0.0000 | aux_bbox=0.0000 | aux_ce=0.0000 | mask=951 | aux_mask=1090 | pos=210 | targets=210 | preds=718 | centerness=[-4.398, 0.761] | train_seen=3600
2026-05-24 00:11:35 | INFO | Epoch 5 | train_loss=1.112 | val_loss=1.197 | train_mae=261.513 | val_mae=187.991 | val_rmse=219.67 | test_mae=184.601 | test_rmse=234.07 | time=5059.542s
2026-05-24 00:13:22 | INFO | Epoch 6 | batch 50/1829 | loss=1.7929 | giou=0.7488 | bbox=0.0814 | ce=0.0617 | aux_giou=0.0708 | aux_bbox=0.0090 | aux_ce=0.0016 | mask=977 | aux_mask=916 | pos=536 | targets=536 | preds=817 | centerness=[-4.293, 1.448] | train_seen=100
2026-05-24 00:15:08 | INFO | Epoch 6 | batch 100/1829 | loss=0.7599 | giou=0.3484 | bbox=0.0412 | ce=0.0218 | aux_giou=0.0000 | aux_bbox=0.0000 | aux_ce=0.0000 | mask=960 | aux_mask=864 | pos=129 | targets=129 | preds=576 | centerness=[-5.839, 0.594] | train_seen=200
2026-05-24 00:16:55 | INFO | Epoch 6 | batch 150/1829 | loss=1.0268 | giou=0.4796 | bbox=0.0356 | ce=0.0320 | aux_giou=0.0000 | aux_bbox=0.0000 | aux_ce=0.0000 | mask=1763 | aux_mask=1605 | pos=220 | targets=220 | preds=1357 | centerness=[-4.067, -0.070] | train_seen=300
2026-05-24 00:18:41 | INFO | Epoch 6 | batch 200/1829 | loss=1.0215 | giou=0.4562 | bbox=0.0558 | ce=0.0534 | aux_giou=0.0000 | aux_bbox=0.0000 | aux_ce=0.0000 | mask=1019 | aux_mask=1078 | pos=155 | targets=155 | preds=524 | centerness=[-5.561, -1.109] | train_seen=400
2026-05-24 00:20:27 | INFO | Epoch 6 | batch 250/1829 | loss=1.4212 | giou=0.6324 | bbox=0.1315 | ce=0.0249 | aux_giou=0.0000 | aux_bbox=0.0000 | aux_ce=0.0000 | mask=1644 | aux_mask=1342 | pos=137 | targets=137 | preds=825 | centerness=[-5.050, -0.422] | train_seen=500
2026-05-24 00:22:14 | INFO | Epoch 6 | batch 300/1829 | loss=1.4221 | giou=0.6587 | bbox=0.0820 | ce=0.0227 | aux_giou=0.0000 | aux_bbox=0.0000 | aux_ce=0.0000 | mask=1324 | aux_mask=1223 | pos=156 | targets=156 | preds=1031 | centerness=[-3.848, 1.500] | train_seen=600
2026-05-24 00:24:00 | INFO | Epoch 6 | batch 350/1829 | loss=1.5410 | giou=0.6201 | bbox=0.0582 | ce=0.1156 | aux_giou=0.0502 | aux_bbox=0.0091 | aux_ce=0.0175 | mask=2413 | aux_mask=2484 | pos=1977 | targets=1131 | preds=1191 | centerness=[-3.815, 0.196] | train_seen=700
2026-05-24 00:25:46 | INFO | Epoch 6 | batch 400/1829 | loss=1.0557 | giou=0.4855 | bbox=0.0420 | ce=0.0427 | aux_giou=0.0000 | aux_bbox=0.0000 | aux_ce=0.0000 | mask=1737 | aux_mask=1438 | pos=396 | targets=396 | preds=1288 | centerness=[-3.355, 0.035] | train_seen=800
2026-05-24 00:27:33 | INFO | Epoch 6 | batch 450/1829 | loss=0.9838 | giou=0.4583 | bbox=0.0426 | ce=0.0246 | aux_giou=0.0000 | aux_bbox=0.0000 | aux_ce=0.0000 | mask=1106 | aux_mask=1057 | pos=135 | targets=135 | preds=483 | centerness=[-4.632, 0.362] | train_seen=900
2026-05-24 00:29:20 | INFO | Epoch 6 | batch 500/1829 | loss=0.8171 | giou=0.3816 | bbox=0.0306 | ce=0.0231 | aux_giou=0.0000 | aux_bbox=0.0000 | aux_ce=0.0000 | mask=999 | aux_mask=904 | pos=56 | targets=56 | preds=626 | centerness=[-3.559, -0.202] | train_seen=1000
2026-05-24 00:31:06 | INFO | Epoch 6 | batch 550/1829 | loss=1.0639 | giou=0.4846 | bbox=0.0426 | ce=0.0522 | aux_giou=0.0000 | aux_bbox=0.0000 | aux_ce=0.0000 | mask=1140 | aux_mask=902 | pos=316 | targets=316 | preds=676 | centerness=[-3.926, 0.085] | train_seen=1100
2026-05-24 00:32:52 | INFO | Epoch 6 | batch 600/1829 | loss=0.9101 | giou=0.4180 | bbox=0.0435 | ce=0.0305 | aux_giou=0.0000 | aux_bbox=0.0000 | aux_ce=0.0000 | mask=1338 | aux_mask=1093 | pos=163 | targets=163 | preds=897 | centerness=[-4.250, -0.105] | train_seen=1200
2026-05-24 00:34:38 | INFO | Epoch 6 | batch 650/1829 | loss=0.7730 | giou=0.3596 | bbox=0.0296 | ce=0.0241 | aux_giou=0.0000 | aux_bbox=0.0000 | aux_ce=0.0000 | mask=884 | aux_mask=639 | pos=92 | targets=92 | preds=656 | centerness=[-5.615, 0.336] | train_seen=1300
2026-05-24 00:36:25 | INFO | Epoch 6 | batch 700/1829 | loss=0.9703 | giou=0.4487 | bbox=0.0355 | ce=0.0373 | aux_giou=0.0000 | aux_bbox=0.0000 | aux_ce=0.0000 | mask=866 | aux_mask=860 | pos=87 | targets=87 | preds=710 | centerness=[-5.853, 0.495] | train_seen=1400
2026-05-24 00:38:11 | INFO | Epoch 6 | batch 750/1829 | loss=1.2210 | giou=0.5586 | bbox=0.0559 | ce=0.0478 | aux_giou=0.0000 | aux_bbox=0.0000 | aux_ce=0.0000 | mask=1379 | aux_mask=1254 | pos=276 | targets=276 | preds=1095 | centerness=[-3.243, -0.381] | train_seen=1500
2026-05-24 00:39:58 | INFO | Epoch 6 | batch 800/1829 | loss=1.2138 | giou=0.5613 | bbox=0.0666 | ce=0.0247 | aux_giou=0.0000 | aux_bbox=0.0000 | aux_ce=0.0000 | mask=872 | aux_mask=852 | pos=55 | targets=55 | preds=681 | centerness=[-3.997, -0.343] | train_seen=1600
2026-05-24 00:41:44 | INFO | Epoch 6 | batch 850/1829 | loss=0.9374 | giou=0.4225 | bbox=0.0540 | ce=0.0383 | aux_giou=0.0000 | aux_bbox=0.0000 | aux_ce=0.0000 | mask=1127 | aux_mask=932 | pos=315 | targets=315 | preds=723 | centerness=[-3.542, 0.481] | train_seen=1700
2026-05-24 00:43:30 | INFO | Epoch 6 | batch 900/1829 | loss=1.0747 | giou=0.4468 | bbox=0.0425 | ce=0.0362 | aux_giou=0.0482 | aux_bbox=0.0025 | aux_ce=0.0034 | mask=1103 | aux_mask=1008 | pos=208 | targets=208 | preds=691 | centerness=[-3.927, -0.032] | train_seen=1800
2026-05-24 00:45:17 | INFO | Epoch 6 | batch 950/1829 | loss=1.2227 | giou=0.5445 | bbox=0.1056 | ce=0.0282 | aux_giou=0.0000 | aux_bbox=0.0000 | aux_ce=0.0000 | mask=969 | aux_mask=931 | pos=104 | targets=104 | preds=574 | centerness=[-6.333, -0.133] | train_seen=1900
2026-05-24 00:47:03 | INFO | Epoch 6 | batch 1000/1829 | loss=1.0422 | giou=0.4921 | bbox=0.0431 | ce=0.0148 | aux_giou=0.0000 | aux_bbox=0.0000 | aux_ce=0.0000 | mask=1178 | aux_mask=1002 | pos=89 | targets=89 | preds=1022 | centerness=[-5.159, 0.288] | train_seen=2000
2026-05-24 00:48:50 | INFO | Epoch 6 | batch 1050/1829 | loss=0.8211 | giou=0.3661 | bbox=0.0678 | ce=0.0210 | aux_giou=0.0000 | aux_bbox=0.0000 | aux_ce=0.0000 | mask=408 | aux_mask=416 | pos=28 | targets=28 | preds=197 | centerness=[-5.215, -0.468] | train_seen=2100
2026-05-24 00:50:36 | INFO | Epoch 6 | batch 1100/1829 | loss=1.1583 | giou=0.5296 | bbox=0.0493 | ce=0.0497 | aux_giou=0.0000 | aux_bbox=0.0000 | aux_ce=0.0000 | mask=1560 | aux_mask=1722 | pos=610 | targets=610 | preds=1124 | centerness=[-5.221, 0.012] | train_seen=2200
2026-05-24 00:52:22 | INFO | Epoch 6 | batch 1150/1829 | loss=0.8856 | giou=0.3518 | bbox=0.0397 | ce=0.0234 | aux_giou=0.0540 | aux_bbox=0.0089 | aux_ce=0.0021 | mask=1032 | aux_mask=1011 | pos=64 | targets=64 | preds=500 | centerness=[-3.351, -0.335] | train_seen=2300
2026-05-24 00:54:09 | INFO | Epoch 6 | batch 1200/1829 | loss=1.3067 | giou=0.5516 | bbox=0.0560 | ce=0.0265 | aux_giou=0.0580 | aux_bbox=0.0038 | aux_ce=0.0013 | mask=1142 | aux_mask=1277 | pos=86 | targets=86 | preds=679 | centerness=[-4.034, 0.267] | train_seen=2400
2026-05-24 00:55:55 | INFO | Epoch 6 | batch 1250/1829 | loss=0.9768 | giou=0.4544 | bbox=0.0430 | ce=0.0250 | aux_giou=0.0000 | aux_bbox=0.0000 | aux_ce=0.0000 | mask=1258 | aux_mask=1097 | pos=64 | targets=64 | preds=812 | centerness=[-4.435, -0.381] | train_seen=2500
2026-05-24 00:57:42 | INFO | Epoch 6 | batch 1300/1829 | loss=1.3119 | giou=0.5512 | bbox=0.0417 | ce=0.0673 | aux_giou=0.0457 | aux_bbox=0.0045 | aux_ce=0.0047 | mask=2180 | aux_mask=1622 | pos=612 | targets=612 | preds=1615 | centerness=[-4.236, -0.169] | train_seen=2600
2026-05-24 00:59:28 | INFO | Epoch 6 | batch 1350/1829 | loss=1.1886 | giou=0.5070 | bbox=0.0364 | ce=0.0469 | aux_giou=0.0416 | aux_bbox=0.0039 | aux_ce=0.0043 | mask=1231 | aux_mask=900 | pos=188 | targets=188 | preds=1049 | centerness=[-4.326, 0.258] | train_seen=2700
2026-05-24 01:01:14 | INFO | Epoch 6 | batch 1400/1829 | loss=2.0930 | giou=0.8636 | bbox=0.0725 | ce=0.0429 | aux_giou=0.1142 | aux_bbox=0.0135 | aux_ce=0.0085 | mask=1464 | aux_mask=1488 | pos=509 | targets=509 | preds=1399 | centerness=[-3.266, 0.734] | train_seen=2800
2026-05-24 01:03:01 | INFO | Epoch 6 | batch 1450/1829 | loss=0.8753 | giou=0.3989 | bbox=0.0499 | ce=0.0276 | aux_giou=0.0000 | aux_bbox=0.0000 | aux_ce=0.0000 | mask=1882 | aux_mask=1243 | pos=156 | targets=156 | preds=790 | centerness=[-3.808, -0.376] | train_seen=2900
2026-05-24 01:04:47 | INFO | Epoch 6 | batch 1500/1829 | loss=1.1009 | giou=0.4578 | bbox=0.0387 | ce=0.0410 | aux_giou=0.0485 | aux_bbox=0.0044 | aux_ce=0.0040 | mask=1080 | aux_mask=900 | pos=232 | targets=232 | preds=837 | centerness=[-5.805, 0.306] | train_seen=3000
2026-05-24 01:06:33 | INFO | Epoch 6 | batch 1550/1829 | loss=0.6589 | giou=0.3048 | bbox=0.0346 | ce=0.0146 | aux_giou=0.0000 | aux_bbox=0.0000 | aux_ce=0.0000 | mask=1331 | aux_mask=1336 | pos=56 | targets=56 | preds=490 | centerness=[-5.587, -0.033] | train_seen=3100
2026-05-24 01:08:20 | INFO | Epoch 6 | batch 1600/1829 | loss=0.8965 | giou=0.4039 | bbox=0.0484 | ce=0.0403 | aux_giou=0.0000 | aux_bbox=0.0000 | aux_ce=0.0000 | mask=1203 | aux_mask=1086 | pos=212 | targets=212 | preds=640 | centerness=[-4.868, -0.510] | train_seen=3200
2026-05-24 01:10:06 | INFO | Epoch 6 | batch 1650/1829 | loss=1.0685 | giou=0.4718 | bbox=0.0995 | ce=0.0254 | aux_giou=0.0000 | aux_bbox=0.0000 | aux_ce=0.0000 | mask=1291 | aux_mask=2031 | pos=95 | targets=95 | preds=458 | centerness=[-3.483, -0.919] | train_seen=3300
2026-05-24 01:11:53 | INFO | Epoch 6 | batch 1700/1829 | loss=0.8371 | giou=0.3717 | bbox=0.0665 | ce=0.0271 | aux_giou=0.0000 | aux_bbox=0.0000 | aux_ce=0.0000 | mask=960 | aux_mask=991 | pos=83 | targets=83 | preds=389 | centerness=[-5.664, -0.353] | train_seen=3400
2026-05-24 01:13:39 | INFO | Epoch 6 | batch 1750/1829 | loss=0.9185 | giou=0.4220 | bbox=0.0486 | ce=0.0259 | aux_giou=0.0000 | aux_bbox=0.0000 | aux_ce=0.0000 | mask=946 | aux_mask=851 | pos=78 | targets=78 | preds=581 | centerness=[-6.201, -0.181] | train_seen=3500
2026-05-24 01:15:26 | INFO | Epoch 6 | batch 1800/1829 | loss=1.8924 | giou=0.7478 | bbox=0.0776 | ce=0.0392 | aux_giou=0.1283 | aux_bbox=0.0153 | aux_ce=0.0082 | mask=1909 | aux_mask=1548 | pos=752 | targets=752 | preds=1693 | centerness=[-4.406, 0.184] | train_seen=3600
2026-05-24 01:36:02 | INFO | Epoch 6 | train_loss=1.099 | val_loss=1.315 | train_mae=276.326 | val_mae=206.383 | val_rmse=237.38 | test_mae=200.789 | test_rmse=250.07 | time=5065.499s
2026-05-24 01:37:50 | INFO | Epoch 7 | batch 50/1829 | loss=0.8783 | giou=0.3959 | bbox=0.0611 | ce=0.0255 | aux_giou=0.0000 | aux_bbox=0.0000 | aux_ce=0.0000 | mask=1350 | aux_mask=1217 | pos=102 | targets=102 | preds=444 | centerness=[-5.455, -0.696] | train_seen=100
2026-05-24 01:39:36 | INFO | Epoch 7 | batch 100/1829 | loss=1.1206 | giou=0.4466 | bbox=0.0903 | ce=0.0345 | aux_giou=0.0434 | aux_bbox=0.0136 | aux_ce=0.0024 | mask=1300 | aux_mask=1871 | pos=135 | targets=135 | preds=750 | centerness=[-6.656, -0.118] | train_seen=200
2026-05-24 01:41:22 | INFO | Epoch 7 | batch 150/1829 | loss=0.9857 | giou=0.4375 | bbox=0.0557 | ce=0.0550 | aux_giou=0.0000 | aux_bbox=0.0000 | aux_ce=0.0000 | mask=1579 | aux_mask=1352 | pos=560 | targets=560 | preds=1017 | centerness=[-3.517, -0.034] | train_seen=300
2026-05-24 01:43:09 | INFO | Epoch 7 | batch 200/1829 | loss=0.8419 | giou=0.3877 | bbox=0.0340 | ce=0.0325 | aux_giou=0.0000 | aux_bbox=0.0000 | aux_ce=0.0000 | mask=1174 | aux_mask=1320 | pos=143 | targets=143 | preds=914 | centerness=[-5.473, -0.852] | train_seen=400
2026-05-24 01:44:55 | INFO | Epoch 7 | batch 250/1829 | loss=1.0321 | giou=0.4728 | bbox=0.0548 | ce=0.0317 | aux_giou=0.0000 | aux_bbox=0.0000 | aux_ce=0.0000 | mask=1551 | aux_mask=1561 | pos=208 | targets=208 | preds=1097 | centerness=[-4.626, 0.078] | train_seen=500
2026-05-24 01:46:41 | INFO | Epoch 7 | batch 300/1829 | loss=0.7561 | giou=0.3386 | bbox=0.0551 | ce=0.0238 | aux_giou=0.0000 | aux_bbox=0.0000 | aux_ce=0.0000 | mask=921 | aux_mask=1096 | pos=100 | targets=100 | preds=448 | centerness=[-5.926, -0.365] | train_seen=600
2026-05-24 01:48:28 | INFO | Epoch 7 | batch 350/1829 | loss=0.8704 | giou=0.3971 | bbox=0.0637 | ce=0.0124 | aux_giou=0.0000 | aux_bbox=0.0000 | aux_ce=0.0000 | mask=933 | aux_mask=1032 | pos=36 | targets=36 | preds=302 | centerness=[-4.973, -0.445] | train_seen=700
2026-05-24 01:50:14 | INFO | Epoch 7 | batch 400/1829 | loss=0.8710 | giou=0.4060 | bbox=0.0241 | ce=0.0349 | aux_giou=0.0000 | aux_bbox=0.0000 | aux_ce=0.0000 | mask=1582 | aux_mask=1540 | pos=204 | targets=204 | preds=1384 | centerness=[-4.193, -0.070] | train_seen=800
2026-05-24 01:52:01 | INFO | Epoch 7 | batch 450/1829 | loss=1.0169 | giou=0.4734 | bbox=0.0397 | ce=0.0305 | aux_giou=0.0000 | aux_bbox=0.0000 | aux_ce=0.0000 | mask=1209 | aux_mask=1257 | pos=131 | targets=131 | preds=896 | centerness=[-4.399, 0.274] | train_seen=900
2026-05-24 01:53:47 | INFO | Epoch 7 | batch 500/1829 | loss=1.0707 | giou=0.4960 | bbox=0.0452 | ce=0.0335 | aux_giou=0.0000 | aux_bbox=0.0000 | aux_ce=0.0000 | mask=1143 | aux_mask=805 | pos=176 | targets=176 | preds=965 | centerness=[-3.163, 0.214] | train_seen=1000
2026-05-24 01:55:33 | INFO | Epoch 7 | batch 550/1829 | loss=1.2345 | giou=0.5670 | bbox=0.0448 | ce=0.0557 | aux_giou=0.0000 | aux_bbox=0.0000 | aux_ce=0.0000 | mask=1617 | aux_mask=1388 | pos=505 | targets=505 | preds=1199 | centerness=[-3.979, 0.124] | train_seen=1100
2026-05-24 01:57:20 | INFO | Epoch 7 | batch 600/1829 | loss=1.0555 | giou=0.4958 | bbox=0.0425 | ce=0.0214 | aux_giou=0.0000 | aux_bbox=0.0000 | aux_ce=0.0000 | mask=1193 | aux_mask=894 | pos=62 | targets=62 | preds=840 | centerness=[-4.173, -0.340] | train_seen=1200
2026-05-24 01:59:06 | INFO | Epoch 7 | batch 650/1829 | loss=1.2181 | giou=0.5647 | bbox=0.0423 | ce=0.0465 | aux_giou=0.0000 | aux_bbox=0.0000 | aux_ce=0.0000 | mask=1496 | aux_mask=1298 | pos=515 | targets=515 | preds=1206 | centerness=[-3.539, 0.852] | train_seen=1300
2026-05-24 02:00:53 | INFO | Epoch 7 | batch 700/1829 | loss=1.0297 | giou=0.4773 | bbox=0.0435 | ce=0.0316 | aux_giou=0.0000 | aux_bbox=0.0000 | aux_ce=0.0000 | mask=1425 | aux_mask=1201 | pos=200 | targets=200 | preds=1009 | centerness=[-3.746, -0.075] | train_seen=1400
2026-05-24 02:02:39 | INFO | Epoch 7 | batch 750/1829 | loss=0.9632 | giou=0.4503 | bbox=0.0309 | ce=0.0317 | aux_giou=0.0000 | aux_bbox=0.0000 | aux_ce=0.0000 | mask=976 | aux_mask=829 | pos=149 | targets=149 | preds=761 | centerness=[-5.477, 0.029] | train_seen=1500
2026-05-24 02:04:26 | INFO | Epoch 7 | batch 800/1829 | loss=1.0764 | giou=0.4376 | bbox=0.0506 | ce=0.0494 | aux_giou=0.0459 | aux_bbox=0.0047 | aux_ce=0.0047 | mask=1439 | aux_mask=1200 | pos=408 | targets=408 | preds=760 | centerness=[-6.732, -0.073] | train_seen=1600
2026-05-24 02:06:12 | INFO | Epoch 7 | batch 850/1829 | loss=0.8604 | giou=0.3890 | bbox=0.0645 | ce=0.0179 | aux_giou=0.0000 | aux_bbox=0.0000 | aux_ce=0.0000 | mask=1177 | aux_mask=1194 | pos=55 | targets=55 | preds=467 | centerness=[-5.530, -0.472] | train_seen=1700
2026-05-24 02:07:58 | INFO | Epoch 7 | batch 900/1829 | loss=1.3745 | giou=0.5770 | bbox=0.0584 | ce=0.0457 | aux_giou=0.0538 | aux_bbox=0.0044 | aux_ce=0.0044 | mask=1240 | aux_mask=1218 | pos=274 | targets=274 | preds=773 | centerness=[-4.840, -0.513] | train_seen=1800
2026-05-24 02:09:45 | INFO | Epoch 7 | batch 950/1829 | loss=0.8108 | giou=0.3501 | bbox=0.0850 | ce=0.0256 | aux_giou=0.0000 | aux_bbox=0.0000 | aux_ce=0.0000 | mask=910 | aux_mask=985 | pos=66 | targets=66 | preds=267 | centerness=[-5.108, -0.988] | train_seen=1900
2026-05-24 02:11:31 | INFO | Epoch 7 | batch 1000/1829 | loss=0.8697 | giou=0.4105 | bbox=0.0370 | ce=0.0117 | aux_giou=0.0000 | aux_bbox=0.0000 | aux_ce=0.0000 | mask=841 | aux_mask=657 | pos=30 | targets=30 | preds=636 | centerness=[-4.871, -0.586] | train_seen=2000
2026-05-24 02:13:18 | INFO | Epoch 7 | batch 1050/1829 | loss=0.8817 | giou=0.3880 | bbox=0.0870 | ce=0.0187 | aux_giou=0.0000 | aux_bbox=0.0000 | aux_ce=0.0000 | mask=1324 | aux_mask=1261 | pos=76 | targets=76 | preds=396 | centerness=[-6.489, -0.269] | train_seen=2100
2026-05-24 02:15:04 | INFO | Epoch 7 | batch 1100/1829 | loss=0.7535 | giou=0.3332 | bbox=0.0609 | ce=0.0261 | aux_giou=0.0000 | aux_bbox=0.0000 | aux_ce=0.0000 | mask=739 | aux_mask=807 | pos=79 | targets=79 | preds=300 | centerness=[-9.094, -0.579] | train_seen=2200
2026-05-24 02:16:51 | INFO | Epoch 7 | batch 1150/1829 | loss=1.2558 | giou=0.5744 | bbox=0.0742 | ce=0.0329 | aux_giou=0.0000 | aux_bbox=0.0000 | aux_ce=0.0000 | mask=1190 | aux_mask=1142 | pos=142 | targets=142 | preds=611 | centerness=[-12.033, 0.086] | train_seen=2300
2026-05-24 02:18:37 | INFO | Epoch 7 | batch 1200/1829 | loss=1.0720 | giou=0.4845 | bbox=0.0687 | ce=0.0344 | aux_giou=0.0000 | aux_bbox=0.0000 | aux_ce=0.0000 | mask=1323 | aux_mask=1310 | pos=205 | targets=205 | preds=770 | centerness=[-5.656, -0.220] | train_seen=2400
2026-05-24 02:20:24 | INFO | Epoch 7 | batch 1250/1829 | loss=1.4981 | giou=0.6173 | bbox=0.0732 | ce=0.0433 | aux_giou=0.0665 | aux_bbox=0.0103 | aux_ce=0.0038 | mask=1164 | aux_mask=1068 | pos=304 | targets=304 | preds=838 | centerness=[-6.150, 0.689] | train_seen=2500
2026-05-24 02:22:10 | INFO | Epoch 7 | batch 1300/1829 | loss=0.8608 | giou=0.3753 | bbox=0.0866 | ce=0.0236 | aux_giou=0.0000 | aux_bbox=0.0000 | aux_ce=0.0000 | mask=1161 | aux_mask=1013 | pos=80 | targets=80 | preds=442 | centerness=[-4.899, -0.446] | train_seen=2600
2026-05-24 02:23:56 | INFO | Epoch 7 | batch 1350/1829 | loss=0.9164 | giou=0.3901 | bbox=0.0254 | ce=0.0084 | aux_giou=0.0499 | aux_bbox=0.0020 | aux_ce=0.0007 | mask=1507 | aux_mask=1246 | pos=37 | targets=37 | preds=453 | centerness=[-9.723, 0.804] | train_seen=2700
2026-05-24 02:25:43 | INFO | Epoch 7 | batch 1400/1829 | loss=1.2384 | giou=0.5267 | bbox=0.0498 | ce=0.0323 | aux_giou=0.0487 | aux_bbox=0.0026 | aux_ce=0.0028 | mask=1245 | aux_mask=1183 | pos=281 | targets=281 | preds=781 | centerness=[-4.797, 0.562] | train_seen=2800
2026-05-24 02:27:29 | INFO | Epoch 7 | batch 1450/1829 | loss=0.6381 | giou=0.2955 | bbox=0.0282 | ce=0.0189 | aux_giou=0.0000 | aux_bbox=0.0000 | aux_ce=0.0000 | mask=1235 | aux_mask=1096 | pos=73 | targets=73 | preds=834 | centerness=[-9.755, -0.526] | train_seen=2900
2026-05-24 02:29:16 | INFO | Epoch 7 | batch 1500/1829 | loss=1.0088 | giou=0.4576 | bbox=0.0376 | ce=0.0561 | aux_giou=0.0000 | aux_bbox=0.0000 | aux_ce=0.0000 | mask=1294 | aux_mask=1191 | pos=496 | targets=496 | preds=945 | centerness=[-11.120, 0.034] | train_seen=3000
2026-05-24 02:31:02 | INFO | Epoch 7 | batch 1550/1829 | loss=0.8721 | giou=0.4039 | bbox=0.0408 | ce=0.0235 | aux_giou=0.0000 | aux_bbox=0.0000 | aux_ce=0.0000 | mask=1733 | aux_mask=1333 | pos=132 | targets=132 | preds=1070 | centerness=[-6.136, -0.194] | train_seen=3100
2026-05-24 02:32:49 | INFO | Epoch 7 | batch 1600/1829 | loss=0.8528 | giou=0.3941 | bbox=0.0461 | ce=0.0185 | aux_giou=0.0000 | aux_bbox=0.0000 | aux_ce=0.0000 | mask=1431 | aux_mask=1222 | pos=98 | targets=98 | preds=833 | centerness=[-5.028, -0.450] | train_seen=3200
2026-05-24 02:34:35 | INFO | Epoch 7 | batch 1650/1829 | loss=0.6415 | giou=0.2883 | bbox=0.0425 | ce=0.0225 | aux_giou=0.0000 | aux_bbox=0.0000 | aux_ce=0.0000 | mask=1513 | aux_mask=1401 | pos=98 | targets=98 | preds=483 | centerness=[-7.983, -0.594] | train_seen=3300
2026-05-24 02:36:21 | INFO | Epoch 7 | batch 1700/1829 | loss=1.0431 | giou=0.4558 | bbox=0.1109 | ce=0.0205 | aux_giou=0.0000 | aux_bbox=0.0000 | aux_ce=0.0000 | mask=1306 | aux_mask=1204 | pos=71 | targets=71 | preds=556 | centerness=[-9.508, -0.480] | train_seen=3400
2026-05-24 02:38:08 | INFO | Epoch 7 | batch 1750/1829 | loss=0.5464 | giou=0.2437 | bbox=0.0405 | ce=0.0186 | aux_giou=0.0000 | aux_bbox=0.0000 | aux_ce=0.0000 | mask=766 | aux_mask=722 | pos=49 | targets=49 | preds=433 | centerness=[-7.153, -0.687] | train_seen=3500
2026-05-24 02:39:54 | INFO | Epoch 7 | batch 1800/1829 | loss=0.9263 | giou=0.4296 | bbox=0.0475 | ce=0.0196 | aux_giou=0.0000 | aux_bbox=0.0000 | aux_ce=0.0000 | mask=1568 | aux_mask=1477 | pos=120 | targets=120 | preds=913 | centerness=[-6.804, -0.905] | train_seen=3600
2026-05-24 03:00:29 | INFO | Epoch 7 | train_loss=1.065 | val_loss=1.096 | train_mae=300.802 | val_mae=274.620 | val_rmse=310.63 | test_mae=270.269 | test_rmse=318.48 | time=5065.310s
2026-05-24 03:02:16 | INFO | Epoch 8 | batch 50/1829 | loss=1.0763 | giou=0.4832 | bbox=0.1002 | ce=0.0098 | aux_giou=0.0000 | aux_bbox=0.0000 | aux_ce=0.0000 | mask=1070 | aux_mask=1059 | pos=31 | targets=31 | preds=527 | centerness=[-11.437, -0.907] | train_seen=100
2026-05-24 03:04:03 | INFO | Epoch 8 | batch 100/1829 | loss=1.3966 | giou=0.5961 | bbox=0.0358 | ce=0.0471 | aux_giou=0.0576 | aux_bbox=0.0041 | aux_ce=0.0022 | mask=1675 | aux_mask=1696 | pos=376 | targets=376 | preds=1460 | centerness=[-2.763, 0.241] | train_seen=200
2026-05-24 03:05:49 | INFO | Epoch 8 | batch 150/1829 | loss=1.2549 | giou=0.5892 | bbox=0.0381 | ce=0.0384 | aux_giou=0.0000 | aux_bbox=0.0000 | aux_ce=0.0000 | mask=1883 | aux_mask=1594 | pos=368 | targets=368 | preds=1564 | centerness=[-4.625, -0.291] | train_seen=300
2026-05-24 03:07:36 | INFO | Epoch 8 | batch 200/1829 | loss=0.6848 | giou=0.3171 | bbox=0.0393 | ce=0.0113 | aux_giou=0.0000 | aux_bbox=0.0000 | aux_ce=0.0000 | mask=1063 | aux_mask=912 | pos=38 | targets=38 | preds=365 | centerness=[-13.635, -0.154] | train_seen=400
2026-05-24 03:09:22 | INFO | Epoch 8 | batch 250/1829 | loss=1.4956 | giou=0.6198 | bbox=0.0681 | ce=0.0529 | aux_giou=0.0576 | aux_bbox=0.0091 | aux_ce=0.0108 | mask=1305 | aux_mask=1290 | pos=556 | targets=556 | preds=1055 | centerness=[-4.068, 0.558] | train_seen=500
2026-05-24 03:11:08 | INFO | Epoch 8 | batch 300/1829 | loss=1.3953 | giou=0.6015 | bbox=0.0574 | ce=0.0390 | aux_giou=0.0429 | aux_bbox=0.0046 | aux_ce=0.0054 | mask=1694 | aux_mask=1484 | pos=350 | targets=350 | preds=1331 | centerness=[-6.583, -0.384] | train_seen=600
2026-05-24 03:12:55 | INFO | Epoch 8 | batch 350/1829 | loss=1.3323 | giou=0.5648 | bbox=0.0422 | ce=0.0468 | aux_giou=0.0530 | aux_bbox=0.0018 | aux_ce=0.0059 | mask=983 | aux_mask=910 | pos=85 | targets=85 | preds=846 | centerness=[-5.439, 0.414] | train_seen=700
2026-05-24 03:14:41 | INFO | Epoch 8 | batch 400/1829 | loss=0.9197 | giou=0.3928 | bbox=0.1154 | ce=0.0187 | aux_giou=0.0000 | aux_bbox=0.0000 | aux_ce=0.0000 | mask=978 | aux_mask=871 | pos=45 | targets=45 | preds=233 | centerness=[-9.518, 1.175] | train_seen=800
2026-05-24 03:16:28 | INFO | Epoch 8 | batch 450/1829 | loss=0.6055 | giou=0.2696 | bbox=0.0490 | ce=0.0173 | aux_giou=0.0000 | aux_bbox=0.0000 | aux_ce=0.0000 | mask=926 | aux_mask=993 | pos=43 | targets=43 | preds=281 | centerness=[-12.010, -1.334] | train_seen=900
2026-05-24 03:18:14 | INFO | Epoch 8 | batch 500/1829 | loss=1.3486 | giou=0.5652 | bbox=0.0561 | ce=0.0466 | aux_giou=0.0534 | aux_bbox=0.0035 | aux_ce=0.0051 | mask=1050 | aux_mask=1093 | pos=288 | targets=288 | preds=786 | centerness=[-9.274, 0.238] | train_seen=1000
2026-05-24 03:20:01 | INFO | Epoch 8 | batch 550/1829 | loss=0.5611 | giou=0.2536 | bbox=0.0452 | ce=0.0088 | aux_giou=0.0000 | aux_bbox=0.0000 | aux_ce=0.0000 | mask=1057 | aux_mask=959 | pos=25 | targets=25 | preds=340 | centerness=[-10.580, -0.379] | train_seen=1100
2026-05-24 03:21:47 | INFO | Epoch 8 | batch 600/1829 | loss=0.6942 | giou=0.3169 | bbox=0.0439 | ce=0.0164 | aux_giou=0.0000 | aux_bbox=0.0000 | aux_ce=0.0000 | mask=1024 | aux_mask=1301 | pos=54 | targets=54 | preds=442 | centerness=[-10.332, -0.498] | train_seen=1200
2026-05-24 03:23:33 | INFO | Epoch 8 | batch 650/1829 | loss=0.6743 | giou=0.3026 | bbox=0.0428 | ce=0.0263 | aux_giou=0.0000 | aux_bbox=0.0000 | aux_ce=0.0000 | mask=1206 | aux_mask=1248 | pos=111 | targets=111 | preds=472 | centerness=[-9.923, -0.866] | train_seen=1300
2026-05-24 03:25:20 | INFO | Epoch 8 | batch 700/1829 | loss=0.9359 | giou=0.3796 | bbox=0.0469 | ce=0.0129 | aux_giou=0.0550 | aux_bbox=0.0053 | aux_ce=0.0016 | mask=1044 | aux_mask=1081 | pos=21 | targets=21 | preds=594 | centerness=[-13.570, -0.216] | train_seen=1400
2026-05-24 03:27:06 | INFO | Epoch 8 | batch 750/1829 | loss=1.1077 | giou=0.4993 | bbox=0.0750 | ce=0.0341 | aux_giou=0.0000 | aux_bbox=0.0000 | aux_ce=0.0000 | mask=1156 | aux_mask=1115 | pos=186 | targets=186 | preds=670 | centerness=[-9.430, -0.037] | train_seen=1500
2026-05-24 03:28:52 | INFO | Epoch 8 | batch 800/1829 | loss=0.8122 | giou=0.3808 | bbox=0.0394 | ce=0.0111 | aux_giou=0.0000 | aux_bbox=0.0000 | aux_ce=0.0000 | mask=1639 | aux_mask=1594 | pos=43 | targets=43 | preds=710 | centerness=[-9.108, 0.123] | train_seen=1600
2026-05-24 03:30:39 | INFO | Epoch 8 | batch 850/1829 | loss=0.9551 | giou=0.4357 | bbox=0.0518 | ce=0.0318 | aux_giou=0.0000 | aux_bbox=0.0000 | aux_ce=0.0000 | mask=1150 | aux_mask=1212 | pos=138 | targets=138 | preds=707 | centerness=[-8.395, -0.747] | train_seen=1700
2026-05-24 03:32:25 | INFO | Epoch 8 | batch 900/1829 | loss=0.8352 | giou=0.3733 | bbox=0.0482 | ce=0.0404 | aux_giou=0.0000 | aux_bbox=0.0000 | aux_ce=0.0000 | mask=1080 | aux_mask=1081 | pos=221 | targets=221 | preds=680 | centerness=[-13.029, -0.716] | train_seen=1800
2026-05-24 03:34:11 | INFO | Epoch 8 | batch 950/1829 | loss=0.8887 | giou=0.4025 | bbox=0.0645 | ce=0.0192 | aux_giou=0.0000 | aux_bbox=0.0000 | aux_ce=0.0000 | mask=1579 | aux_mask=1478 | pos=120 | targets=120 | preds=436 | centerness=[-8.935, -0.511] | train_seen=1900
2026-05-24 03:35:58 | INFO | Epoch 8 | batch 1000/1829 | loss=0.9637 | giou=0.4200 | bbox=0.1057 | ce=0.0180 | aux_giou=0.0000 | aux_bbox=0.0000 | aux_ce=0.0000 | mask=1418 | aux_mask=1401 | pos=67 | targets=67 | preds=413 | centerness=[-8.609, -0.833] | train_seen=2000
2026-05-24 03:37:44 | INFO | Epoch 8 | batch 1050/1829 | loss=0.7675 | giou=0.3505 | bbox=0.0425 | ce=0.0240 | aux_giou=0.0000 | aux_bbox=0.0000 | aux_ce=0.0000 | mask=1246 | aux_mask=1112 | pos=87 | targets=87 | preds=802 | centerness=[-10.121, -0.159] | train_seen=2100
2026-05-24 03:39:30 | INFO | Epoch 8 | batch 1100/1829 | loss=1.2422 | giou=0.5454 | bbox=0.0308 | ce=0.0458 | aux_giou=0.0360 | aux_bbox=0.0012 | aux_ce=0.0015 | mask=1743 | aux_mask=1397 | pos=297 | targets=297 | preds=1067 | centerness=[-6.961, -0.048] | train_seen=2200
2026-05-24 03:41:17 | INFO | Epoch 8 | batch 1150/1829 | loss=0.7819 | giou=0.3573 | bbox=0.0571 | ce=0.0103 | aux_giou=0.0000 | aux_bbox=0.0000 | aux_ce=0.0000 | mask=1558 | aux_mask=1605 | pos=20 | targets=20 | preds=385 | centerness=[-11.511, -0.021] | train_seen=2300
2026-05-24 03:43:03 | INFO | Epoch 8 | batch 1200/1829 | loss=0.8592 | giou=0.3907 | bbox=0.0502 | ce=0.0276 | aux_giou=0.0000 | aux_bbox=0.0000 | aux_ce=0.0000 | mask=1512 | aux_mask=1136 | pos=144 | targets=144 | preds=679 | centerness=[-7.800, -0.434] | train_seen=2400
2026-05-24 03:44:50 | INFO | Epoch 8 | batch 1250/1829 | loss=0.9538 | giou=0.4319 | bbox=0.0432 | ce=0.0468 | aux_giou=0.0000 | aux_bbox=0.0000 | aux_ce=0.0000 | mask=1957 | aux_mask=1929 | pos=172 | targets=172 | preds=1053 | centerness=[-6.842, 0.177] | train_seen=2500
2026-05-24 03:46:36 | INFO | Epoch 8 | batch 1300/1829 | loss=0.8313 | giou=0.3775 | bbox=0.0647 | ce=0.0115 | aux_giou=0.0000 | aux_bbox=0.0000 | aux_ce=0.0000 | mask=1178 | aux_mask=1147 | pos=19 | targets=19 | preds=431 | centerness=[-8.874, -0.301] | train_seen=2600
2026-05-24 03:48:23 | INFO | Epoch 8 | batch 1350/1829 | loss=0.9966 | giou=0.4584 | bbox=0.0483 | ce=0.0315 | aux_giou=0.0000 | aux_bbox=0.0000 | aux_ce=0.0000 | mask=1352 | aux_mask=1092 | pos=174 | targets=174 | preds=783 | centerness=[-8.588, 0.390] | train_seen=2700
2026-05-24 03:50:09 | INFO | Epoch 8 | batch 1400/1829 | loss=1.7108 | giou=0.7195 | bbox=0.0489 | ce=0.0218 | aux_giou=0.0946 | aux_bbox=0.0079 | aux_ce=0.0040 | mask=1192 | aux_mask=1271 | pos=156 | targets=156 | preds=1043 | centerness=[-5.182, 0.493] | train_seen=2800
2026-05-24 03:51:55 | INFO | Epoch 8 | batch 1450/1829 | loss=1.3695 | giou=0.5972 | bbox=0.0524 | ce=0.0324 | aux_giou=0.0422 | aux_bbox=0.0036 | aux_ce=0.0023 | mask=1351 | aux_mask=1220 | pos=131 | targets=131 | preds=921 | centerness=[-7.169, -0.248] | train_seen=2900
2026-05-24 03:53:42 | INFO | Epoch 8 | batch 1500/1829 | loss=1.0187 | giou=0.4654 | bbox=0.0537 | ce=0.0342 | aux_giou=0.0000 | aux_bbox=0.0000 | aux_ce=0.0000 | mask=1230 | aux_mask=1177 | pos=138 | targets=138 | preds=856 | centerness=[-10.471, -0.406] | train_seen=3000
2026-05-24 03:55:28 | INFO | Epoch 8 | batch 1550/1829 | loss=0.8097 | giou=0.3692 | bbox=0.0444 | ce=0.0269 | aux_giou=0.0000 | aux_bbox=0.0000 | aux_ce=0.0000 | mask=824 | aux_mask=842 | pos=98 | targets=98 | preds=451 | centerness=[-9.962, -0.265] | train_seen=3100
2026-05-24 03:57:15 | INFO | Epoch 8 | batch 1600/1829 | loss=0.7292 | giou=0.3287 | bbox=0.0470 | ce=0.0249 | aux_giou=0.0000 | aux_bbox=0.0000 | aux_ce=0.0000 | mask=1041 | aux_mask=1043 | pos=118 | targets=118 | preds=593 | centerness=[-9.286, -0.345] | train_seen=3200
2026-05-24 03:59:01 | INFO | Epoch 8 | batch 1650/1829 | loss=1.0740 | giou=0.5061 | bbox=0.0381 | ce=0.0236 | aux_giou=0.0000 | aux_bbox=0.0000 | aux_ce=0.0000 | mask=1377 | aux_mask=1116 | pos=223 | targets=223 | preds=969 | centerness=[-5.715, 0.945] | train_seen=3300
2026-05-24 04:00:47 | INFO | Epoch 8 | batch 1700/1829 | loss=1.0849 | giou=0.4503 | bbox=0.0451 | ce=0.0371 | aux_giou=0.0466 | aux_bbox=0.0041 | aux_ce=0.0050 | mask=1853 | aux_mask=1435 | pos=396 | targets=396 | preds=1103 | centerness=[-5.573, -0.043] | train_seen=3400
2026-05-24 04:02:34 | INFO | Epoch 8 | batch 1750/1829 | loss=0.7640 | giou=0.3503 | bbox=0.0398 | ce=0.0235 | aux_giou=0.0000 | aux_bbox=0.0000 | aux_ce=0.0000 | mask=1592 | aux_mask=1483 | pos=128 | targets=128 | preds=810 | centerness=[-5.184, 0.656] | train_seen=3500
2026-05-24 04:04:20 | INFO | Epoch 8 | batch 1800/1829 | loss=0.6448 | giou=0.2891 | bbox=0.0556 | ce=0.0111 | aux_giou=0.0000 | aux_bbox=0.0000 | aux_ce=0.0000 | mask=1735 | aux_mask=1904 | pos=44 | targets=44 | preds=303 | centerness=[-9.761, -0.066] | train_seen=3600
2026-05-24 04:24:54 | INFO | Epoch 8 | train_loss=1.026 | val_loss=1.080 | train_mae=313.321 | val_mae=226.582 | val_rmse=265.79 | test_mae=229.517 | test_rmse=282.11 | time=5062.954s
2026-05-24 04:26:41 | INFO | Epoch 9 | batch 50/1829 | loss=1.2604 | giou=0.5601 | bbox=0.0346 | ce=0.0258 | aux_giou=0.0374 | aux_bbox=0.0013 | aux_ce=0.0038 | mask=1370 | aux_mask=1269 | pos=94 | targets=94 | preds=1108 | centerness=[-5.076, 1.467] | train_seen=100
2026-05-24 04:28:28 | INFO | Epoch 9 | batch 100/1829 | loss=1.4578 | giou=0.6135 | bbox=0.0361 | ce=0.0784 | aux_giou=0.0542 | aux_bbox=0.0030 | aux_ce=0.0049 | mask=1579 | aux_mask=1549 | pos=860 | targets=860 | preds=1400 | centerness=[-3.310, 0.225] | train_seen=200
2026-05-24 04:30:14 | INFO | Epoch 9 | batch 150/1829 | loss=1.1645 | giou=0.5355 | bbox=0.0471 | ce=0.0464 | aux_giou=0.0000 | aux_bbox=0.0000 | aux_ce=0.0000 | mask=1595 | aux_mask=1589 | pos=272 | targets=272 | preds=1016 | centerness=[-3.569, 0.089] | train_seen=300
2026-05-24 04:32:01 | INFO | Epoch 9 | batch 200/1829 | loss=1.0176 | giou=0.4588 | bbox=0.0416 | ce=0.0584 | aux_giou=0.0000 | aux_bbox=0.0000 | aux_ce=0.0000 | mask=963 | aux_mask=1093 | pos=333 | targets=333 | preds=483 | centerness=[-5.723, 0.411] | train_seen=400
2026-05-24 04:33:47 | INFO | Epoch 9 | batch 250/1829 | loss=0.7702 | giou=0.3260 | bbox=0.1130 | ce=0.0052 | aux_giou=0.0000 | aux_bbox=0.0000 | aux_ce=0.0000 | mask=1346 | aux_mask=1073 | pos=16 | targets=16 | preds=343 | centerness=[-9.516, -0.856] | train_seen=500
2026-05-24 04:35:33 | INFO | Epoch 9 | batch 300/1829 | loss=0.9866 | giou=0.4252 | bbox=0.0428 | ce=0.0142 | aux_giou=0.0380 | aux_bbox=0.0012 | aux_ce=0.0019 | mask=1065 | aux_mask=1137 | pos=80 | targets=80 | preds=468 | centerness=[-8.810, 0.514] | train_seen=600
2026-05-24 04:37:19 | INFO | Epoch 9 | batch 350/1829 | loss=0.6583 | giou=0.3048 | bbox=0.0372 | ce=0.0114 | aux_giou=0.0000 | aux_bbox=0.0000 | aux_ce=0.0000 | mask=1255 | aux_mask=1154 | pos=67 | targets=67 | preds=514 | centerness=[-10.776, 0.625] | train_seen=700
2026-05-24 04:39:06 | INFO | Epoch 9 | batch 400/1829 | loss=0.8170 | giou=0.3548 | bbox=0.0928 | ce=0.0145 | aux_giou=0.0000 | aux_bbox=0.0000 | aux_ce=0.0000 | mask=1621 | aux_mask=2113 | pos=67 | targets=67 | preds=556 | centerness=[-7.620, -0.294] | train_seen=800
2026-05-24 04:40:52 | INFO | Epoch 9 | batch 450/1829 | loss=0.6578 | giou=0.3001 | bbox=0.0375 | ce=0.0202 | aux_giou=0.0000 | aux_bbox=0.0000 | aux_ce=0.0000 | mask=1773 | aux_mask=1574 | pos=127 | targets=127 | preds=789 | centerness=[-10.498, -0.280] | train_seen=900
2026-05-24 04:42:38 | INFO | Epoch 9 | batch 500/1829 | loss=0.7883 | giou=0.3561 | bbox=0.0292 | ce=0.0469 | aux_giou=0.0000 | aux_bbox=0.0000 | aux_ce=0.0000 | mask=1222 | aux_mask=1236 | pos=230 | targets=230 | preds=822 | centerness=[-7.157, 0.817] | train_seen=1000
2026-05-24 04:44:25 | INFO | Epoch 9 | batch 550/1829 | loss=1.3267 | giou=0.5622 | bbox=0.0523 | ce=0.0383 | aux_giou=0.0506 | aux_bbox=0.0053 | aux_ce=0.0051 | mask=1568 | aux_mask=1462 | pos=437 | targets=437 | preds=1338 | centerness=[-7.711, 0.330] | train_seen=1100
2026-05-24 04:46:11 | INFO | Epoch 9 | batch 600/1829 | loss=0.9696 | giou=0.4546 | bbox=0.0317 | ce=0.0287 | aux_giou=0.0000 | aux_bbox=0.0000 | aux_ce=0.0000 | mask=1121 | aux_mask=1251 | pos=173 | targets=173 | preds=815 | centerness=[-3.193, 0.643] | train_seen=1200
2026-05-24 04:47:57 | INFO | Epoch 9 | batch 650/1829 | loss=1.1032 | giou=0.5138 | bbox=0.0365 | ce=0.0391 | aux_giou=0.0000 | aux_bbox=0.0000 | aux_ce=0.0000 | mask=1368 | aux_mask=1163 | pos=159 | targets=159 | preds=763 | centerness=[-6.086, -0.375] | train_seen=1300
2026-05-24 04:49:44 | INFO | Epoch 9 | batch 700/1829 | loss=1.1278 | giou=0.5146 | bbox=0.0406 | ce=0.0580 | aux_giou=0.0000 | aux_bbox=0.0000 | aux_ce=0.0000 | mask=1464 | aux_mask=1315 | pos=450 | targets=450 | preds=1149 | centerness=[-6.107, -0.043] | train_seen=1400
2026-05-24 04:51:30 | INFO | Epoch 9 | batch 750/1829 | loss=0.6268 | giou=0.2858 | bbox=0.0258 | ce=0.0295 | aux_giou=0.0000 | aux_bbox=0.0000 | aux_ce=0.0000 | mask=2010 | aux_mask=1858 | pos=260 | targets=260 | preds=1264 | centerness=[-5.766, -0.072] | train_seen=1500
2026-05-24 04:53:16 | INFO | Epoch 9 | batch 800/1829 | loss=0.6830 | giou=0.3112 | bbox=0.0375 | ce=0.0232 | aux_giou=0.0000 | aux_bbox=0.0000 | aux_ce=0.0000 | mask=1270 | aux_mask=1197 | pos=155 | targets=155 | preds=588 | centerness=[-5.922, -0.153] | train_seen=1600
2026-05-24 04:55:03 | INFO | Epoch 9 | batch 850/1829 | loss=1.0815 | giou=0.4975 | bbox=0.0445 | ce=0.0420 | aux_giou=0.0000 | aux_bbox=0.0000 | aux_ce=0.0000 | mask=945 | aux_mask=949 | pos=288 | targets=288 | preds=646 | centerness=[-4.807, 0.606] | train_seen=1700
2026-05-24 04:56:49 | INFO | Epoch 9 | batch 900/1829 | loss=0.8570 | giou=0.3574 | bbox=0.1240 | ce=0.0182 | aux_giou=0.0000 | aux_bbox=0.0000 | aux_ce=0.0000 | mask=1201 | aux_mask=2951 | pos=66 | targets=66 | preds=204 | centerness=[-11.106, -0.875] | train_seen=1800
2026-05-24 04:58:36 | INFO | Epoch 9 | batch 950/1829 | loss=1.0668 | giou=0.5026 | bbox=0.0472 | ce=0.0143 | aux_giou=0.0000 | aux_bbox=0.0000 | aux_ce=0.0000 | mask=1032 | aux_mask=981 | pos=64 | targets=64 | preds=711 | centerness=[-7.195, -0.261] | train_seen=1900
2026-05-24 05:00:22 | INFO | Epoch 9 | batch 1000/1829 | loss=1.4990 | giou=0.6172 | bbox=0.0819 | ce=0.0473 | aux_giou=0.0595 | aux_bbox=0.0120 | aux_ce=0.0045 | mask=1314 | aux_mask=1228 | pos=344 | targets=344 | preds=1052 | centerness=[-6.530, 0.440] | train_seen=2000
2026-05-24 05:02:08 | INFO | Epoch 9 | batch 1050/1829 | loss=0.6968 | giou=0.3006 | bbox=0.0879 | ce=0.0077 | aux_giou=0.0000 | aux_bbox=0.0000 | aux_ce=0.0000 | mask=1323 | aux_mask=1416 | pos=22 | targets=22 | preds=226 | centerness=[-9.739, -1.258] | train_seen=2100
2026-05-24 05:03:55 | INFO | Epoch 9 | batch 1100/1829 | loss=1.2726 | giou=0.5443 | bbox=0.0486 | ce=0.0248 | aux_giou=0.0518 | aux_bbox=0.0056 | aux_ce=0.0012 | mask=2023 | aux_mask=1947 | pos=114 | targets=114 | preds=1393 | centerness=[-4.903, 0.272] | train_seen=2200
2026-05-24 05:05:41 | INFO | Epoch 9 | batch 1150/1829 | loss=1.4153 | giou=0.5656 | bbox=0.0397 | ce=0.0271 | aux_giou=0.1021 | aux_bbox=0.0083 | aux_ce=0.0047 | mask=2101 | aux_mask=1671 | pos=48 | targets=48 | preds=1186 | centerness=[-4.703, 0.287] | train_seen=2300
2026-05-24 05:07:27 | INFO | Epoch 9 | batch 1200/1829 | loss=1.1424 | giou=0.5329 | bbox=0.0419 | ce=0.0348 | aux_giou=0.0000 | aux_bbox=0.0000 | aux_ce=0.0000 | mask=1034 | aux_mask=1178 | pos=147 | targets=147 | preds=494 | centerness=[-7.065, -0.271] | train_seen=2400
2026-05-24 05:09:14 | INFO | Epoch 9 | batch 1250/1829 | loss=0.9293 | giou=0.4000 | bbox=0.1128 | ce=0.0165 | aux_giou=0.0000 | aux_bbox=0.0000 | aux_ce=0.0000 | mask=930 | aux_mask=970 | pos=43 | targets=43 | preds=260 | centerness=[-8.304, -0.443] | train_seen=2500
2026-05-24 05:11:00 | INFO | Epoch 9 | batch 1300/1829 | loss=1.2072 | giou=0.5616 | bbox=0.0369 | ce=0.0471 | aux_giou=0.0000 | aux_bbox=0.0000 | aux_ce=0.0000 | mask=2161 | aux_mask=2004 | pos=464 | targets=464 | preds=1366 | centerness=[-3.448, 0.133] | train_seen=2600
2026-05-24 05:12:46 | INFO | Epoch 9 | batch 1350/1829 | loss=0.7423 | giou=0.3380 | bbox=0.0417 | ce=0.0246 | aux_giou=0.0000 | aux_bbox=0.0000 | aux_ce=0.0000 | mask=1123 | aux_mask=1044 | pos=98 | targets=98 | preds=523 | centerness=[-4.482, -0.217] | train_seen=2700
2026-05-24 05:14:33 | INFO | Epoch 9 | batch 1400/1829 | loss=1.1044 | giou=0.5120 | bbox=0.0404 | ce=0.0399 | aux_giou=0.0000 | aux_bbox=0.0000 | aux_ce=0.0000 | mask=1024 | aux_mask=887 | pos=98 | targets=98 | preds=728 | centerness=[-5.343, 0.063] | train_seen=2800
2026-05-24 05:16:19 | INFO | Epoch 9 | batch 1450/1829 | loss=1.3807 | giou=0.5669 | bbox=0.0950 | ce=0.0441 | aux_giou=0.0490 | aux_bbox=0.0041 | aux_ce=0.0057 | mask=1301 | aux_mask=1273 | pos=386 | targets=386 | preds=873 | centerness=[-5.386, -0.024] | train_seen=2900
2026-05-24 05:18:05 | INFO | Epoch 9 | batch 1500/1829 | loss=1.1305 | giou=0.5220 | bbox=0.0489 | ce=0.0376 | aux_giou=0.0000 | aux_bbox=0.0000 | aux_ce=0.0000 | mask=1356 | aux_mask=1297 | pos=215 | targets=215 | preds=1003 | centerness=[-4.913, -0.670] | train_seen=3000
2026-05-24 05:19:51 | INFO | Epoch 9 | batch 1550/1829 | loss=1.0242 | giou=0.4644 | bbox=0.0416 | ce=0.0537 | aux_giou=0.0000 | aux_bbox=0.0000 | aux_ce=0.0000 | mask=1538 | aux_mask=1680 | pos=354 | targets=354 | preds=918 | centerness=[-3.707, -0.009] | train_seen=3100
2026-05-24 05:21:38 | INFO | Epoch 9 | batch 1600/1829 | loss=0.8837 | giou=0.4141 | bbox=0.0356 | ce=0.0199 | aux_giou=0.0000 | aux_bbox=0.0000 | aux_ce=0.0000 | mask=1366 | aux_mask=1396 | pos=98 | targets=98 | preds=706 | centerness=[-5.007, 0.211] | train_seen=3200
2026-05-24 05:23:24 | INFO | Epoch 9 | batch 1650/1829 | loss=1.0966 | giou=0.4967 | bbox=0.0511 | ce=0.0520 | aux_giou=0.0000 | aux_bbox=0.0000 | aux_ce=0.0000 | mask=2095 | aux_mask=2087 | pos=656 | targets=656 | preds=1138 | centerness=[-5.279, 0.349] | train_seen=3300
2026-05-24 05:25:10 | INFO | Epoch 9 | batch 1700/1829 | loss=0.8536 | giou=0.3876 | bbox=0.0557 | ce=0.0228 | aux_giou=0.0000 | aux_bbox=0.0000 | aux_ce=0.0000 | mask=1530 | aux_mask=1459 | pos=153 | targets=153 | preds=683 | centerness=[-8.184, -0.364] | train_seen=3400
2026-05-24 05:26:57 | INFO | Epoch 9 | batch 1750/1829 | loss=1.1471 | giou=0.5400 | bbox=0.0369 | ce=0.0301 | aux_giou=0.0000 | aux_bbox=0.0000 | aux_ce=0.0000 | mask=2370 | aux_mask=1966 | pos=292 | targets=292 | preds=1761 | centerness=[-5.790, 0.553] | train_seen=3500
2026-05-24 05:28:44 | INFO | Epoch 9 | batch 1800/1829 | loss=0.9832 | giou=0.4571 | bbox=0.0485 | ce=0.0204 | aux_giou=0.0000 | aux_bbox=0.0000 | aux_ce=0.0000 | mask=1609 | aux_mask=1591 | pos=112 | targets=112 | preds=751 | centerness=[-7.002, -0.256] | train_seen=3600
2026-05-24 05:49:16 | INFO | Epoch 9 | train_loss=0.998 | val_loss=1.069 | train_mae=311.872 | val_mae=201.881 | val_rmse=249.68 | test_mae=209.724 | test_rmse=273.87 | time=5059.775s
2026-05-24 05:51:03 | INFO | Epoch 10 | batch 50/1829 | loss=0.9131 | giou=0.4152 | bbox=0.0467 | ce=0.0361 | aux_giou=0.0000 | aux_bbox=0.0000 | aux_ce=0.0000 | mask=1422 | aux_mask=1317 | pos=307 | targets=307 | preds=982 | centerness=[-7.361, 0.053] | train_seen=100
2026-05-24 05:52:49 | INFO | Epoch 10 | batch 100/1829 | loss=0.8920 | giou=0.4122 | bbox=0.0430 | ce=0.0247 | aux_giou=0.0000 | aux_bbox=0.0000 | aux_ce=0.0000 | mask=1015 | aux_mask=926 | pos=79 | targets=79 | preds=363 | centerness=[-7.472, 0.436] | train_seen=200
2026-05-24 05:54:35 | INFO | Epoch 10 | batch 150/1829 | loss=0.8361 | giou=0.3852 | bbox=0.0404 | ce=0.0254 | aux_giou=0.0000 | aux_bbox=0.0000 | aux_ce=0.0000 | mask=1614 | aux_mask=1489 | pos=125 | targets=125 | preds=823 | centerness=[-4.461, -0.526] | train_seen=300
2026-05-24 05:56:22 | INFO | Epoch 10 | batch 200/1829 | loss=1.2513 | giou=0.5481 | bbox=0.0278 | ce=0.0120 | aux_giou=0.0545 | aux_bbox=0.0055 | aux_ce=0.0009 | mask=1584 | aux_mask=1496 | pos=59 | targets=59 | preds=871 | centerness=[-4.662, 0.250] | train_seen=400
2026-05-24 05:58:08 | INFO | Epoch 10 | batch 250/1829 | loss=0.6438 | giou=0.2962 | bbox=0.0311 | ce=0.0203 | aux_giou=0.0000 | aux_bbox=0.0000 | aux_ce=0.0000 | mask=1445 | aux_mask=1435 | pos=97 | targets=97 | preds=890 | centerness=[-6.543, -0.606] | train_seen=500
2026-05-24 05:59:54 | INFO | Epoch 10 | batch 300/1829 | loss=1.1861 | giou=0.4905 | bbox=0.0723 | ce=0.0144 | aux_giou=0.0542 | aux_bbox=0.0075 | aux_ce=0.0026 | mask=1863 | aux_mask=1408 | pos=49 | targets=49 | preds=1061 | centerness=[-3.816, -0.372] | train_seen=600
2026-05-24 06:01:40 | INFO | Epoch 10 | batch 350/1829 | loss=1.4692 | giou=0.6010 | bbox=0.0797 | ce=0.0468 | aux_giou=0.0631 | aux_bbox=0.0079 | aux_ce=0.0065 | mask=1403 | aux_mask=1510 | pos=374 | targets=374 | preds=1071 | centerness=[-5.707, 0.001] | train_seen=700
2026-05-24 06:03:27 | INFO | Epoch 10 | batch 400/1829 | loss=1.2840 | giou=0.5453 | bbox=0.0521 | ce=0.0369 | aux_giou=0.0486 | aux_bbox=0.0036 | aux_ce=0.0036 | mask=1808 | aux_mask=1659 | pos=224 | targets=224 | preds=1053 | centerness=[-4.068, 0.132] | train_seen=800
2026-05-24 06:05:13 | INFO | Epoch 10 | batch 450/1829 | loss=0.9886 | giou=0.4566 | bbox=0.0404 | ce=0.0351 | aux_giou=0.0000 | aux_bbox=0.0000 | aux_ce=0.0000 | mask=1473 | aux_mask=1495 | pos=335 | targets=335 | preds=1084 | centerness=[-6.056, -0.067] | train_seen=900
2026-05-24 06:06:59 | INFO | Epoch 10 | batch 500/1829 | loss=1.0549 | giou=0.4876 | bbox=0.0326 | ce=0.0472 | aux_giou=0.0000 | aux_bbox=0.0000 | aux_ce=0.0000 | mask=2236 | aux_mask=2150 | pos=535 | targets=535 | preds=1781 | centerness=[-5.316, 0.659] | train_seen=1000
2026-05-24 06:08:45 | INFO | Epoch 10 | batch 550/1829 | loss=0.5764 | giou=0.2679 | bbox=0.0235 | ce=0.0172 | aux_giou=0.0000 | aux_bbox=0.0000 | aux_ce=0.0000 | mask=1290 | aux_mask=1292 | pos=90 | targets=90 | preds=722 | centerness=[-5.889, -0.438] | train_seen=1100
2026-05-24 06:10:32 | INFO | Epoch 10 | batch 600/1829 | loss=1.0557 | giou=0.4840 | bbox=0.0454 | ce=0.0422 | aux_giou=0.0000 | aux_bbox=0.0000 | aux_ce=0.0000 | mask=1512 | aux_mask=1458 | pos=346 | targets=346 | preds=1104 | centerness=[-4.203, 0.249] | train_seen=1200
2026-05-24 06:12:18 | INFO | Epoch 10 | batch 650/1829 | loss=0.9189 | giou=0.4187 | bbox=0.0518 | ce=0.0298 | aux_giou=0.0000 | aux_bbox=0.0000 | aux_ce=0.0000 | mask=1141 | aux_mask=1213 | pos=177 | targets=177 | preds=408 | centerness=[-4.177, 0.684] | train_seen=1300
2026-05-24 06:14:04 | INFO | Epoch 10 | batch 700/1829 | loss=0.7929 | giou=0.3493 | bbox=0.0839 | ce=0.0104 | aux_giou=0.0000 | aux_bbox=0.0000 | aux_ce=0.0000 | mask=850 | aux_mask=917 | pos=21 | targets=21 | preds=305 | centerness=[-7.776, -1.230] | train_seen=1400
2026-05-24 06:15:51 | INFO | Epoch 10 | batch 750/1829 | loss=0.8389 | giou=0.3972 | bbox=0.0251 | ce=0.0194 | aux_giou=0.0000 | aux_bbox=0.0000 | aux_ce=0.0000 | mask=1338 | aux_mask=1328 | pos=107 | targets=107 | preds=1139 | centerness=[-4.447, 0.308] | train_seen=1500
2026-05-24 06:17:37 | INFO | Epoch 10 | batch 800/1829 | loss=0.7361 | giou=0.3304 | bbox=0.0458 | ce=0.0295 | aux_giou=0.0000 | aux_bbox=0.0000 | aux_ce=0.0000 | mask=912 | aux_mask=1096 | pos=65 | targets=65 | preds=378 | centerness=[-7.987, -0.528] | train_seen=1600
2026-05-24 06:19:23 | INFO | Epoch 10 | batch 850/1829 | loss=0.9666 | giou=0.4568 | bbox=0.0377 | ce=0.0153 | aux_giou=0.0000 | aux_bbox=0.0000 | aux_ce=0.0000 | mask=2207 | aux_mask=1949 | pos=107 | targets=107 | preds=1475 | centerness=[-5.854, -0.332] | train_seen=1700
2026-05-24 06:21:09 | INFO | Epoch 10 | batch 900/1829 | loss=0.7599 | giou=0.3472 | bbox=0.0292 | ce=0.0363 | aux_giou=0.0000 | aux_bbox=0.0000 | aux_ce=0.0000 | mask=1451 | aux_mask=1423 | pos=288 | targets=288 | preds=923 | centerness=[-5.130, -0.218] | train_seen=1800
2026-05-24 06:22:56 | INFO | Epoch 10 | batch 950/1829 | loss=1.2879 | giou=0.6047 | bbox=0.0523 | ce=0.0262 | aux_giou=0.0000 | aux_bbox=0.0000 | aux_ce=0.0000 | mask=1951 | aux_mask=1595 | pos=174 | targets=174 | preds=1260 | centerness=[-4.970, -0.515] | train_seen=1900
2026-05-24 06:24:42 | INFO | Epoch 10 | batch 1000/1829 | loss=0.8109 | giou=0.3688 | bbox=0.0521 | ce=0.0212 | aux_giou=0.0000 | aux_bbox=0.0000 | aux_ce=0.0000 | mask=1395 | aux_mask=1274 | pos=155 | targets=155 | preds=839 | centerness=[-14.906, -0.180] | train_seen=2000
2026-05-24 06:26:28 | INFO | Epoch 10 | batch 1050/1829 | loss=0.9428 | giou=0.3957 | bbox=0.0714 | ce=0.0223 | aux_giou=0.0258 | aux_bbox=0.0048 | aux_ce=0.0013 | mask=1645 | aux_mask=2619 | pos=100 | targets=100 | preds=485 | centerness=[-6.161, -0.704] | train_seen=2100
2026-05-24 06:28:15 | INFO | Epoch 10 | batch 1100/1829 | loss=0.9930 | giou=0.4637 | bbox=0.0368 | ce=0.0287 | aux_giou=0.0000 | aux_bbox=0.0000 | aux_ce=0.0000 | mask=1421 | aux_mask=1107 | pos=136 | targets=136 | preds=482 | centerness=[-5.783, -0.717] | train_seen=2200
2026-05-24 06:30:01 | INFO | Epoch 10 | batch 1150/1829 | loss=0.7651 | giou=0.3518 | bbox=0.0479 | ce=0.0136 | aux_giou=0.0000 | aux_bbox=0.0000 | aux_ce=0.0000 | mask=1830 | aux_mask=1608 | pos=66 | targets=66 | preds=898 | centerness=[-7.986, -0.874] | train_seen=2300
2026-05-24 06:31:47 | INFO | Epoch 10 | batch 1200/1829 | loss=0.7771 | giou=0.3470 | bbox=0.0605 | ce=0.0225 | aux_giou=0.0000 | aux_bbox=0.0000 | aux_ce=0.0000 | mask=1113 | aux_mask=1168 | pos=74 | targets=74 | preds=570 | centerness=[-8.317, -0.958] | train_seen=2400
2026-05-24 06:33:34 | INFO | Epoch 10 | batch 1250/1829 | loss=0.8150 | giou=0.3734 | bbox=0.0356 | ce=0.0326 | aux_giou=0.0000 | aux_bbox=0.0000 | aux_ce=0.0000 | mask=2268 | aux_mask=2076 | pos=280 | targets=280 | preds=1243 | centerness=[-3.170, -0.334] | train_seen=2500
2026-05-24 06:35:20 | INFO | Epoch 10 | batch 1300/1829 | loss=0.7416 | giou=0.3335 | bbox=0.0460 | ce=0.0287 | aux_giou=0.0000 | aux_bbox=0.0000 | aux_ce=0.0000 | mask=1261 | aux_mask=1287 | pos=173 | targets=173 | preds=642 | centerness=[-6.854, -0.387] | train_seen=2600
2026-05-24 06:37:06 | INFO | Epoch 10 | batch 1350/1829 | loss=0.9537 | giou=0.4297 | bbox=0.0539 | ce=0.0405 | aux_giou=0.0000 | aux_bbox=0.0000 | aux_ce=0.0000 | mask=1705 | aux_mask=1697 | pos=168 | targets=168 | preds=889 | centerness=[-3.847, 0.656] | train_seen=2700
2026-05-24 06:38:52 | INFO | Epoch 10 | batch 1400/1829 | loss=0.6596 | giou=0.2948 | bbox=0.0516 | ce=0.0184 | aux_giou=0.0000 | aux_bbox=0.0000 | aux_ce=0.0000 | mask=1483 | aux_mask=1643 | pos=79 | targets=79 | preds=385 | centerness=[-8.798, -0.718] | train_seen=2800
2026-05-24 06:40:39 | INFO | Epoch 10 | batch 1450/1829 | loss=1.2277 | giou=0.5017 | bbox=0.2068 | ce=0.0175 | aux_giou=0.0000 | aux_bbox=0.0000 | aux_ce=0.0000 | mask=1047 | aux_mask=1379 | pos=34 | targets=34 | preds=191 | centerness=[-10.727, -0.449] | train_seen=2900
2026-05-24 06:42:25 | INFO | Epoch 10 | batch 1500/1829 | loss=0.8624 | giou=0.3993 | bbox=0.0328 | ce=0.0310 | aux_giou=0.0000 | aux_bbox=0.0000 | aux_ce=0.0000 | mask=1754 | aux_mask=1638 | pos=153 | targets=153 | preds=1278 | centerness=[-6.974, -0.054] | train_seen=3000
2026-05-24 06:44:11 | INFO | Epoch 10 | batch 1550/1829 | loss=1.1225 | giou=0.4740 | bbox=0.0531 | ce=0.0160 | aux_giou=0.0511 | aux_bbox=0.0024 | aux_ce=0.0007 | mask=980 | aux_mask=952 | pos=95 | targets=95 | preds=539 | centerness=[-4.670, 0.143] | train_seen=3100
2026-05-24 06:45:57 | INFO | Epoch 10 | batch 1600/1829 | loss=1.2673 | giou=0.5260 | bbox=0.0648 | ce=0.0422 | aux_giou=0.0474 | aux_bbox=0.0074 | aux_ce=0.0059 | mask=1958 | aux_mask=2024 | pos=472 | targets=472 | preds=1049 | centerness=[-4.467, 0.424] | train_seen=3200
2026-05-24 06:47:44 | INFO | Epoch 10 | batch 1650/1829 | loss=1.4258 | giou=0.6089 | bbox=0.0350 | ce=0.0618 | aux_giou=0.0509 | aux_bbox=0.0040 | aux_ce=0.0054 | mask=1937 | aux_mask=1958 | pos=715 | targets=715 | preds=1633 | centerness=[-4.080, 0.905] | train_seen=3300
2026-05-24 06:49:30 | INFO | Epoch 10 | batch 1700/1829 | loss=0.8818 | giou=0.3922 | bbox=0.0389 | ce=0.0585 | aux_giou=0.0000 | aux_bbox=0.0000 | aux_ce=0.0000 | mask=1802 | aux_mask=1592 | pos=430 | targets=430 | preds=976 | centerness=[-5.376, -0.311] | train_seen=3400
2026-05-24 06:51:16 | INFO | Epoch 10 | batch 1750/1829 | loss=0.5421 | giou=0.2449 | bbox=0.0453 | ce=0.0071 | aux_giou=0.0000 | aux_bbox=0.0000 | aux_ce=0.0000 | mask=1242 | aux_mask=1313 | pos=39 | targets=39 | preds=514 | centerness=[-9.999, -0.142] | train_seen=3500
2026-05-24 06:53:02 | INFO | Epoch 10 | batch 1800/1829 | loss=0.9191 | giou=0.4176 | bbox=0.0462 | ce=0.0377 | aux_giou=0.0000 | aux_bbox=0.0000 | aux_ce=0.0000 | mask=1739 | aux_mask=1713 | pos=324 | targets=324 | preds=1030 | centerness=[-6.408, -0.124] | train_seen=3600
2026-05-24 07:13:35 | INFO | Epoch 10 | train_loss=0.975 | val_loss=1.050 | train_mae=320.793 | val_mae=191.874 | val_rmse=245.16 | test_mae=206.415 | test_rmse=273.68 | time=5056.926s
2026-05-24 07:15:21 | INFO | Epoch 11 | batch 50/1829 | loss=1.0811 | giou=0.5072 | bbox=0.0410 | ce=0.0259 | aux_giou=0.0000 | aux_bbox=0.0000 | aux_ce=0.0000 | mask=1819 | aux_mask=1724 | pos=235 | targets=235 | preds=1373 | centerness=[-4.836, 0.607] | train_seen=100
2026-05-24 07:17:08 | INFO | Epoch 11 | batch 100/1829 | loss=0.7942 | giou=0.3579 | bbox=0.0446 | ce=0.0338 | aux_giou=0.0000 | aux_bbox=0.0000 | aux_ce=0.0000 | mask=1923 | aux_mask=1821 | pos=268 | targets=268 | preds=883 | centerness=[-3.433, -0.413] | train_seen=200
2026-05-24 07:18:54 | INFO | Epoch 11 | batch 150/1829 | loss=0.5841 | giou=0.2619 | bbox=0.0534 | ce=0.0069 | aux_giou=0.0000 | aux_bbox=0.0000 | aux_ce=0.0000 | mask=1130 | aux_mask=967 | pos=19 | targets=19 | preds=391 | centerness=[-8.346, -0.608] | train_seen=300
2026-05-24 07:20:40 | INFO | Epoch 11 | batch 200/1829 | loss=0.8853 | giou=0.4084 | bbox=0.0593 | ce=0.0093 | aux_giou=0.0000 | aux_bbox=0.0000 | aux_ce=0.0000 | mask=998 | aux_mask=984 | pos=25 | targets=25 | preds=365 | centerness=[-7.494, 0.075] | train_seen=400
2026-05-24 07:22:26 | INFO | Epoch 11 | batch 250/1829 | loss=0.9609 | giou=0.4116 | bbox=0.0323 | ce=0.0154 | aux_giou=0.0432 | aux_bbox=0.0021 | aux_ce=0.0015 | mask=953 | aux_mask=951 | pos=30 | targets=30 | preds=516 | centerness=[-7.648, -0.336] | train_seen=500
2026-05-24 07:24:13 | INFO | Epoch 11 | batch 300/1829 | loss=0.8613 | giou=0.3864 | bbox=0.0715 | ce=0.0170 | aux_giou=0.0000 | aux_bbox=0.0000 | aux_ce=0.0000 | mask=1242 | aux_mask=1402 | pos=49 | targets=49 | preds=422 | centerness=[-11.594, -0.432] | train_seen=600
2026-05-24 07:25:59 | INFO | Epoch 11 | batch 350/1829 | loss=0.6840 | giou=0.3017 | bbox=0.0688 | ce=0.0118 | aux_giou=0.0000 | aux_bbox=0.0000 | aux_ce=0.0000 | mask=1142 | aux_mask=1375 | pos=30 | targets=30 | preds=310 | centerness=[-8.268, -0.949] | train_seen=700
2026-05-24 07:27:45 | INFO | Epoch 11 | batch 400/1829 | loss=0.5767 | giou=0.2616 | bbox=0.0400 | ce=0.0135 | aux_giou=0.0000 | aux_bbox=0.0000 | aux_ce=0.0000 | mask=1255 | aux_mask=1245 | pos=44 | targets=44 | preds=368 | centerness=[-8.805, 0.049] | train_seen=800
2026-05-24 07:29:32 | INFO | Epoch 11 | batch 450/1829 | loss=0.3932 | giou=0.1728 | bbox=0.0307 | ce=0.0169 | aux_giou=0.0000 | aux_bbox=0.0000 | aux_ce=0.0000 | mask=1708 | aux_mask=1530 | pos=88 | targets=88 | preds=451 | centerness=[-5.788, -0.439] | train_seen=900
2026-05-24 07:31:18 | INFO | Epoch 11 | batch 500/1829 | loss=0.8006 | giou=0.3646 | bbox=0.0381 | ce=0.0334 | aux_giou=0.0000 | aux_bbox=0.0000 | aux_ce=0.0000 | mask=1302 | aux_mask=1218 | pos=222 | targets=222 | preds=791 | centerness=[-6.339, -0.031] | train_seen=1000
2026-05-24 07:33:05 | INFO | Epoch 11 | batch 550/1829 | loss=0.7984 | giou=0.3676 | bbox=0.0492 | ce=0.0139 | aux_giou=0.0000 | aux_bbox=0.0000 | aux_ce=0.0000 | mask=2124 | aux_mask=2014 | pos=56 | targets=56 | preds=812 | centerness=[-5.438, -0.199] | train_seen=1100
2026-05-24 07:34:51 | INFO | Epoch 11 | batch 600/1829 | loss=0.9067 | giou=0.4192 | bbox=0.0333 | ce=0.0351 | aux_giou=0.0000 | aux_bbox=0.0000 | aux_ce=0.0000 | mask=1333 | aux_mask=1393 | pos=273 | targets=273 | preds=910 | centerness=[-4.795, -0.206] | train_seen=1200
2026-05-24 07:36:37 | INFO | Epoch 11 | batch 650/1829 | loss=0.8034 | giou=0.3598 | bbox=0.0529 | ce=0.0310 | aux_giou=0.0000 | aux_bbox=0.0000 | aux_ce=0.0000 | mask=1126 | aux_mask=961 | pos=222 | targets=222 | preds=640 | centerness=[-8.767, 0.339] | train_seen=1300
2026-05-24 07:38:23 | INFO | Epoch 11 | batch 700/1829 | loss=1.1906 | giou=0.5128 | bbox=0.0262 | ce=0.0220 | aux_giou=0.0562 | aux_bbox=0.0026 | aux_ce=0.0017 | mask=1185 | aux_mask=1378 | pos=122 | targets=122 | preds=585 | centerness=[-5.370, 0.746] | train_seen=1400
2026-05-24 07:40:10 | INFO | Epoch 11 | batch 750/1829 | loss=0.7888 | giou=0.3637 | bbox=0.0387 | ce=0.0228 | aux_giou=0.0000 | aux_bbox=0.0000 | aux_ce=0.0000 | mask=1753 | aux_mask=1570 | pos=110 | targets=110 | preds=1104 | centerness=[-4.294, -0.214] | train_seen=1500
2026-05-24 07:41:56 | INFO | Epoch 11 | batch 800/1829 | loss=0.5335 | giou=0.2402 | bbox=0.0367 | ce=0.0165 | aux_giou=0.0000 | aux_bbox=0.0000 | aux_ce=0.0000 | mask=1312 | aux_mask=1239 | pos=81 | targets=81 | preds=559 | centerness=[-5.292, -0.534] | train_seen=1600
2026-05-24 07:43:43 | INFO | Epoch 11 | batch 850/1829 | loss=1.5287 | giou=0.6147 | bbox=0.0516 | ce=0.0331 | aux_giou=0.1000 | aux_bbox=0.0091 | aux_ce=0.0055 | mask=1333 | aux_mask=1409 | pos=418 | targets=418 | preds=735 | centerness=[-5.671, 0.491] | train_seen=1700
2026-05-24 07:45:29 | INFO | Epoch 11 | batch 900/1829 | loss=0.8193 | giou=0.3515 | bbox=0.0596 | ce=0.0206 | aux_giou=0.0165 | aux_bbox=0.0010 | aux_ce=0.0021 | mask=1407 | aux_mask=976 | pos=108 | targets=108 | preds=593 | centerness=[-7.479, -0.509] | train_seen=1800
2026-05-24 07:47:15 | INFO | Epoch 11 | batch 950/1829 | loss=0.5682 | giou=0.2559 | bbox=0.0334 | ce=0.0229 | aux_giou=0.0000 | aux_bbox=0.0000 | aux_ce=0.0000 | mask=1222 | aux_mask=1092 | pos=129 | targets=129 | preds=569 | centerness=[-5.930, -0.144] | train_seen=1900
2026-05-24 07:49:01 | INFO | Epoch 11 | batch 1000/1829 | loss=1.2123 | giou=0.5534 | bbox=0.0494 | ce=0.0562 | aux_giou=0.0000 | aux_bbox=0.0000 | aux_ce=0.0000 | mask=1760 | aux_mask=1548 | pos=416 | targets=416 | preds=1213 | centerness=[-4.856, 0.309] | train_seen=2000
2026-05-24 07:50:48 | INFO | Epoch 11 | batch 1050/1829 | loss=0.8150 | giou=0.3511 | bbox=0.0319 | ce=0.0148 | aux_giou=0.0317 | aux_bbox=0.0013 | aux_ce=0.0014 | mask=1290 | aux_mask=1241 | pos=112 | targets=112 | preds=522 | centerness=[-5.159, 0.946] | train_seen=2100
2026-05-24 07:52:34 | INFO | Epoch 11 | batch 1100/1829 | loss=0.6834 | giou=0.3127 | bbox=0.0311 | ce=0.0270 | aux_giou=0.0000 | aux_bbox=0.0000 | aux_ce=0.0000 | mask=1805 | aux_mask=1676 | pos=312 | targets=312 | preds=861 | centerness=[-7.140, -0.111] | train_seen=2200
2026-05-24 07:54:20 | INFO | Epoch 11 | batch 1150/1829 | loss=0.6924 | giou=0.3155 | bbox=0.0334 | ce=0.0280 | aux_giou=0.0000 | aux_bbox=0.0000 | aux_ce=0.0000 | mask=1419 | aux_mask=1378 | pos=216 | targets=216 | preds=780 | centerness=[-7.120, 0.528] | train_seen=2300
2026-05-24 07:56:06 | INFO | Epoch 11 | batch 1200/1829 | loss=0.9459 | giou=0.4122 | bbox=0.0754 | ce=0.0461 | aux_giou=0.0000 | aux_bbox=0.0000 | aux_ce=0.0000 | mask=2258 | aux_mask=2279 | pos=476 | targets=476 | preds=1185 | centerness=[-5.806, 0.274] | train_seen=2400
2026-05-24 07:57:53 | INFO | Epoch 11 | batch 1250/1829 | loss=0.7870 | giou=0.3638 | bbox=0.0366 | ce=0.0228 | aux_giou=0.0000 | aux_bbox=0.0000 | aux_ce=0.0000 | mask=1103 | aux_mask=885 | pos=135 | targets=135 | preds=700 | centerness=[-7.144, 0.286] | train_seen=2500
2026-05-24 07:59:39 | INFO | Epoch 11 | batch 1300/1829 | loss=0.4551 | giou=0.2034 | bbox=0.0409 | ce=0.0074 | aux_giou=0.0000 | aux_bbox=0.0000 | aux_ce=0.0000 | mask=1181 | aux_mask=1007 | pos=29 | targets=29 | preds=264 | centerness=[-7.090, -0.487] | train_seen=2600
2026-05-24 08:01:25 | INFO | Epoch 11 | batch 1350/1829 | loss=1.2716 | giou=0.5480 | bbox=0.0400 | ce=0.0366 | aux_giou=0.0459 | aux_bbox=0.0045 | aux_ce=0.0026 | mask=1263 | aux_mask=1046 | pos=195 | targets=195 | preds=969 | centerness=[-4.829, 0.232] | train_seen=2700
2026-05-24 08:03:12 | INFO | Epoch 11 | batch 1400/1829 | loss=0.6582 | giou=0.2968 | bbox=0.0354 | ce=0.0292 | aux_giou=0.0000 | aux_bbox=0.0000 | aux_ce=0.0000 | mask=1655 | aux_mask=1529 | pos=201 | targets=201 | preds=820 | centerness=[-6.066, -0.036] | train_seen=2800
2026-05-24 08:04:58 | INFO | Epoch 11 | batch 1450/1829 | loss=0.6309 | giou=0.2890 | bbox=0.0290 | ce=0.0240 | aux_giou=0.0000 | aux_bbox=0.0000 | aux_ce=0.0000 | mask=1554 | aux_mask=1648 | pos=122 | targets=122 | preds=772 | centerness=[-6.285, -0.252] | train_seen=2900
2026-05-24 08:06:44 | INFO | Epoch 11 | batch 1500/1829 | loss=0.7729 | giou=0.3640 | bbox=0.0283 | ce=0.0167 | aux_giou=0.0000 | aux_bbox=0.0000 | aux_ce=0.0000 | mask=1208 | aux_mask=1258 | pos=88 | targets=88 | preds=322 | centerness=[-6.187, 1.391] | train_seen=3000
2026-05-24 08:08:31 | INFO | Epoch 11 | batch 1550/1829 | loss=0.9548 | giou=0.4446 | bbox=0.0331 | ce=0.0326 | aux_giou=0.0000 | aux_bbox=0.0000 | aux_ce=0.0000 | mask=1440 | aux_mask=1333 | pos=171 | targets=171 | preds=1107 | centerness=[-4.871, -0.132] | train_seen=3100
2026-05-24 08:10:18 | INFO | Epoch 11 | batch 1600/1829 | loss=1.2916 | giou=0.5161 | bbox=0.0580 | ce=0.0366 | aux_giou=0.0743 | aux_bbox=0.0104 | aux_ce=0.0060 | mask=1781 | aux_mask=1398 | pos=552 | targets=552 | preds=1210 | centerness=[-5.817, 0.923] | train_seen=3200
2026-05-24 08:12:04 | INFO | Epoch 11 | batch 1650/1829 | loss=0.8378 | giou=0.3727 | bbox=0.0621 | ce=0.0303 | aux_giou=0.0000 | aux_bbox=0.0000 | aux_ce=0.0000 | mask=1101 | aux_mask=1049 | pos=120 | targets=120 | preds=416 | centerness=[-6.551, -0.293] | train_seen=3300
2026-05-24 08:13:50 | INFO | Epoch 11 | batch 1700/1829 | loss=0.8851 | giou=0.3937 | bbox=0.0609 | ce=0.0368 | aux_giou=0.0000 | aux_bbox=0.0000 | aux_ce=0.0000 | mask=1920 | aux_mask=1851 | pos=260 | targets=260 | preds=560 | centerness=[-6.418, -0.209] | train_seen=3400
2026-05-24 08:15:36 | INFO | Epoch 11 | batch 1750/1829 | loss=0.7730 | giou=0.3513 | bbox=0.0480 | ce=0.0225 | aux_giou=0.0000 | aux_bbox=0.0000 | aux_ce=0.0000 | mask=1406 | aux_mask=1411 | pos=127 | targets=127 | preds=664 | centerness=[-7.021, 0.007] | train_seen=3500
2026-05-24 08:17:23 | INFO | Epoch 11 | batch 1800/1829 | loss=0.6558 | giou=0.2964 | bbox=0.0474 | ce=0.0156 | aux_giou=0.0000 | aux_bbox=0.0000 | aux_ce=0.0000 | mask=2039 | aux_mask=1537 | pos=104 | targets=104 | preds=848 | centerness=[-3.974, 0.061] | train_seen=3600
2026-05-24 08:37:57 | INFO | Epoch 11 | train_loss=0.894 | val_loss=1.000 | train_mae=305.572 | val_mae=181.091 | val_rmse=233.99 | test_mae=198.401 | test_rmse=267.56 | time=5060.118s
2026-05-24 08:39:43 | INFO | Epoch 12 | batch 50/1829 | loss=0.8804 | giou=0.3851 | bbox=0.0298 | ce=0.0116 | aux_giou=0.0324 | aux_bbox=0.0022 | aux_ce=0.0019 | mask=1594 | aux_mask=1548 | pos=125 | targets=125 | preds=751 | centerness=[-3.726, 0.779] | train_seen=100
2026-05-24 08:41:30 | INFO | Epoch 12 | batch 100/1829 | loss=0.6806 | giou=0.2992 | bbox=0.0508 | ce=0.0313 | aux_giou=0.0000 | aux_bbox=0.0000 | aux_ce=0.0000 | mask=1518 | aux_mask=1505 | pos=184 | targets=184 | preds=414 | centerness=[-5.743, -0.505] | train_seen=200
2026-05-24 08:43:16 | INFO | Epoch 12 | batch 150/1829 | loss=1.8208 | giou=0.6637 | bbox=0.2243 | ce=0.0247 | aux_giou=0.1048 | aux_bbox=0.0304 | aux_ce=0.0042 | mask=968 | aux_mask=862 | pos=90 | targets=90 | preds=506 | centerness=[-4.341, -0.521] | train_seen=300
2026-05-24 08:45:02 | INFO | Epoch 12 | batch 200/1829 | loss=1.0844 | giou=0.5059 | bbox=0.0485 | ce=0.0240 | aux_giou=0.0000 | aux_bbox=0.0000 | aux_ce=0.0000 | mask=1563 | aux_mask=1330 | pos=201 | targets=201 | preds=1008 | centerness=[-5.714, -0.003] | train_seen=400
2026-05-24 08:46:49 | INFO | Epoch 12 | batch 250/1829 | loss=0.6816 | giou=0.3176 | bbox=0.0336 | ce=0.0127 | aux_giou=0.0000 | aux_bbox=0.0000 | aux_ce=0.0000 | mask=1464 | aux_mask=1551 | pos=55 | targets=55 | preds=414 | centerness=[-6.599, 0.060] | train_seen=500
2026-05-24 08:48:36 | INFO | Epoch 12 | batch 300/1829 | loss=0.6338 | giou=0.2730 | bbox=0.0749 | ce=0.0129 | aux_giou=0.0000 | aux_bbox=0.0000 | aux_ce=0.0000 | mask=1019 | aux_mask=1398 | pos=33 | targets=33 | preds=196 | centerness=[-8.901, -0.554] | train_seen=600
2026-05-24 08:50:22 | INFO | Epoch 12 | batch 350/1829 | loss=1.3060 | giou=0.5498 | bbox=0.0828 | ce=0.0443 | aux_giou=0.0367 | aux_bbox=0.0041 | aux_ce=0.0018 | mask=1396 | aux_mask=1341 | pos=432 | targets=432 | preds=593 | centerness=[-5.943, 0.239] | train_seen=700
2026-05-24 08:52:08 | INFO | Epoch 12 | batch 400/1829 | loss=0.6985 | giou=0.3150 | bbox=0.0557 | ce=0.0130 | aux_giou=0.0000 | aux_bbox=0.0000 | aux_ce=0.0000 | mask=1981 | aux_mask=1805 | pos=76 | targets=76 | preds=516 | centerness=[-4.183, -0.292] | train_seen=800
2026-05-24 08:53:55 | INFO | Epoch 12 | batch 450/1829 | loss=0.9396 | giou=0.4397 | bbox=0.0304 | ce=0.0297 | aux_giou=0.0000 | aux_bbox=0.0000 | aux_ce=0.0000 | mask=1561 | aux_mask=1529 | pos=266 | targets=266 | preds=1066 | centerness=[-5.630, 0.061] | train_seen=900
2026-05-24 08:55:41 | INFO | Epoch 12 | batch 500/1829 | loss=1.0639 | giou=0.4919 | bbox=0.0358 | ce=0.0442 | aux_giou=0.0000 | aux_bbox=0.0000 | aux_ce=0.0000 | mask=2024 | aux_mask=1589 | pos=536 | targets=536 | preds=1464 | centerness=[-5.207, 0.259] | train_seen=1000
2026-05-24 08:57:27 | INFO | Epoch 12 | batch 550/1829 | loss=1.0932 | giou=0.4260 | bbox=0.0504 | ce=0.0674 | aux_giou=0.0525 | aux_bbox=0.0057 | aux_ce=0.0127 | mask=2175 | aux_mask=3529 | pos=1299 | targets=1299 | preds=1265 | centerness=[-7.565, -0.021] | train_seen=1100
2026-05-24 08:59:14 | INFO | Epoch 12 | batch 600/1829 | loss=0.7009 | giou=0.3164 | bbox=0.0487 | ce=0.0194 | aux_giou=0.0000 | aux_bbox=0.0000 | aux_ce=0.0000 | mask=1645 | aux_mask=1690 | pos=154 | targets=154 | preds=785 | centerness=[-6.831, -0.012] | train_seen=1200
2026-05-24 09:01:00 | INFO | Epoch 12 | batch 650/1829 | loss=1.4245 | giou=0.6089 | bbox=0.0351 | ce=0.0560 | aux_giou=0.0542 | aux_bbox=0.0039 | aux_ce=0.0033 | mask=1464 | aux_mask=1426 | pos=322 | targets=322 | preds=1268 | centerness=[-5.042, 0.762] | train_seen=1300
2026-05-24 09:02:46 | INFO | Epoch 12 | batch 700/1829 | loss=0.8463 | giou=0.3897 | bbox=0.0369 | ce=0.0301 | aux_giou=0.0000 | aux_bbox=0.0000 | aux_ce=0.0000 | mask=2086 | aux_mask=1731 | pos=196 | targets=196 | preds=1448 | centerness=[-4.101, 0.065] | train_seen=1400
2026-05-24 09:04:33 | INFO | Epoch 12 | batch 750/1829 | loss=1.0289 | giou=0.4790 | bbox=0.0357 | ce=0.0353 | aux_giou=0.0000 | aux_bbox=0.0000 | aux_ce=0.0000 | mask=1999 | aux_mask=1717 | pos=252 | targets=252 | preds=1193 | centerness=[-4.105, 0.323] | train_seen=1500
2026-05-24 09:06:19 | INFO | Epoch 12 | batch 800/1829 | loss=0.9733 | giou=0.4329 | bbox=0.0215 | ce=0.0141 | aux_giou=0.0346 | aux_bbox=0.0010 | aux_ce=0.0017 | mask=1066 | aux_mask=1094 | pos=47 | targets=47 | preds=577 | centerness=[-7.640, 0.687] | train_seen=1600
2026-05-24 09:08:05 | INFO | Epoch 12 | batch 850/1829 | loss=0.5619 | giou=0.2517 | bbox=0.0366 | ce=0.0218 | aux_giou=0.0000 | aux_bbox=0.0000 | aux_ce=0.0000 | mask=963 | aux_mask=796 | pos=64 | targets=64 | preds=625 | centerness=[-9.128, 0.549] | train_seen=1700
2026-05-24 09:09:52 | INFO | Epoch 12 | batch 900/1829 | loss=0.8110 | giou=0.3761 | bbox=0.0455 | ce=0.0133 | aux_giou=0.0000 | aux_bbox=0.0000 | aux_ce=0.0000 | mask=1504 | aux_mask=1291 | pos=61 | targets=61 | preds=1067 | centerness=[-6.335, 0.255] | train_seen=1800
2026-05-24 09:11:38 | INFO | Epoch 12 | batch 950/1829 | loss=0.8636 | giou=0.3842 | bbox=0.0438 | ce=0.0515 | aux_giou=0.0000 | aux_bbox=0.0000 | aux_ce=0.0000 | mask=1472 | aux_mask=1525 | pos=440 | targets=440 | preds=828 | centerness=[-4.884, -0.202] | train_seen=1900
2026-05-24 09:13:25 | INFO | Epoch 12 | batch 1000/1829 | loss=0.8615 | giou=0.3962 | bbox=0.0451 | ce=0.0241 | aux_giou=0.0000 | aux_bbox=0.0000 | aux_ce=0.0000 | mask=1569 | aux_mask=1056 | pos=156 | targets=156 | preds=816 | centerness=[-5.922, -0.027] | train_seen=2000
2026-05-24 09:15:11 | INFO | Epoch 12 | batch 1050/1829 | loss=0.8546 | giou=0.3828 | bbox=0.0830 | ce=0.0060 | aux_giou=0.0000 | aux_bbox=0.0000 | aux_ce=0.0000 | mask=1219 | aux_mask=1519 | pos=18 | targets=18 | preds=397 | centerness=[-7.234, -0.310] | train_seen=2100
2026-05-24 09:16:57 | INFO | Epoch 12 | batch 1100/1829 | loss=0.8979 | giou=0.4114 | bbox=0.0309 | ce=0.0441 | aux_giou=0.0000 | aux_bbox=0.0000 | aux_ce=0.0000 | mask=2509 | aux_mask=2391 | pos=600 | targets=600 | preds=1658 | centerness=[-3.717, 0.368] | train_seen=2200
2026-05-24 09:18:44 | INFO | Epoch 12 | batch 1150/1829 | loss=0.5601 | giou=0.2564 | bbox=0.0343 | ce=0.0130 | aux_giou=0.0000 | aux_bbox=0.0000 | aux_ce=0.0000 | mask=2066 | aux_mask=1951 | pos=56 | targets=56 | preds=957 | centerness=[-9.243, 0.296] | train_seen=2300
2026-05-24 09:20:30 | INFO | Epoch 12 | batch 1200/1829 | loss=0.9577 | giou=0.4168 | bbox=0.0482 | ce=0.0120 | aux_giou=0.0297 | aux_bbox=0.0030 | aux_ce=0.0014 | mask=1234 | aux_mask=1087 | pos=64 | targets=64 | preds=611 | centerness=[-5.512, 0.083] | train_seen=2400
2026-05-24 09:22:17 | INFO | Epoch 12 | batch 1250/1829 | loss=0.9008 | giou=0.3780 | bbox=0.0414 | ce=0.0203 | aux_giou=0.0392 | aux_bbox=0.0022 | aux_ce=0.0025 | mask=1472 | aux_mask=1194 | pos=89 | targets=89 | preds=642 | centerness=[-8.319, -0.289] | train_seen=2500
2026-05-24 09:24:03 | INFO | Epoch 12 | batch 1300/1829 | loss=0.7862 | giou=0.3583 | bbox=0.0430 | ce=0.0265 | aux_giou=0.0000 | aux_bbox=0.0000 | aux_ce=0.0000 | mask=1478 | aux_mask=1420 | pos=191 | targets=191 | preds=728 | centerness=[-5.598, 0.104] | train_seen=2600
2026-05-24 09:25:49 | INFO | Epoch 12 | batch 1350/1829 | loss=0.6399 | giou=0.2925 | bbox=0.0357 | ce=0.0192 | aux_giou=0.0000 | aux_bbox=0.0000 | aux_ce=0.0000 | mask=1383 | aux_mask=1326 | pos=127 | targets=127 | preds=654 | centerness=[-7.105, -0.041] | train_seen=2700
2026-05-24 09:27:36 | INFO | Epoch 12 | batch 1400/1829 | loss=0.8733 | giou=0.3983 | bbox=0.0225 | ce=0.0542 | aux_giou=0.0000 | aux_bbox=0.0000 | aux_ce=0.0000 | mask=1266 | aux_mask=1263 | pos=515 | targets=515 | preds=914 | centerness=[-5.553, -0.041] | train_seen=2800
2026-05-24 09:29:22 | INFO | Epoch 12 | batch 1450/1829 | loss=0.6134 | giou=0.2781 | bbox=0.0396 | ce=0.0176 | aux_giou=0.0000 | aux_bbox=0.0000 | aux_ce=0.0000 | mask=1648 | aux_mask=1660 | pos=82 | targets=82 | preds=465 | centerness=[-6.259, -0.754] | train_seen=2900
2026-05-24 09:31:09 | INFO | Epoch 12 | batch 1500/1829 | loss=0.9526 | giou=0.4204 | bbox=0.0301 | ce=0.0067 | aux_giou=0.0349 | aux_bbox=0.0042 | aux_ce=0.0010 | mask=1139 | aux_mask=1237 | pos=35 | targets=35 | preds=141 | centerness=[-7.253, 0.670] | train_seen=3000
2026-05-24 09:32:55 | INFO | Epoch 12 | batch 1550/1829 | loss=1.1826 | giou=0.4787 | bbox=0.0260 | ce=0.0406 | aux_giou=0.0734 | aux_bbox=0.0047 | aux_ce=0.0072 | mask=2497 | aux_mask=2116 | pos=690 | targets=690 | preds=2090 | centerness=[-3.754, 0.251] | train_seen=3100
2026-05-24 09:34:41 | INFO | Epoch 12 | batch 1600/1829 | loss=0.7922 | giou=0.3590 | bbox=0.0359 | ce=0.0384 | aux_giou=0.0000 | aux_bbox=0.0000 | aux_ce=0.0000 | mask=1531 | aux_mask=1186 | pos=311 | targets=311 | preds=971 | centerness=[-6.132, 0.347] | train_seen=3200
2026-05-24 09:36:28 | INFO | Epoch 12 | batch 1650/1829 | loss=1.0296 | giou=0.4863 | bbox=0.0291 | ce=0.0278 | aux_giou=0.0000 | aux_bbox=0.0000 | aux_ce=0.0000 | mask=1868 | aux_mask=1579 | pos=280 | targets=280 | preds=1023 | centerness=[-5.749, 1.297] | train_seen=3300
2026-05-24 09:38:14 | INFO | Epoch 12 | batch 1700/1829 | loss=0.7001 | giou=0.3223 | bbox=0.0386 | ce=0.0170 | aux_giou=0.0000 | aux_bbox=0.0000 | aux_ce=0.0000 | mask=1356 | aux_mask=1245 | pos=78 | targets=78 | preds=545 | centerness=[-6.013, -0.371] | train_seen=3400
2026-05-24 09:40:01 | INFO | Epoch 12 | batch 1750/1829 | loss=1.0479 | giou=0.4910 | bbox=0.0349 | ce=0.0310 | aux_giou=0.0000 | aux_bbox=0.0000 | aux_ce=0.0000 | mask=1636 | aux_mask=1399 | pos=144 | targets=144 | preds=1172 | centerness=[-3.585, -0.043] | train_seen=3500
2026-05-24 09:41:47 | INFO | Epoch 12 | batch 1800/1829 | loss=0.5932 | giou=0.2735 | bbox=0.0289 | ce=0.0174 | aux_giou=0.0000 | aux_bbox=0.0000 | aux_ce=0.0000 | mask=1242 | aux_mask=1010 | pos=67 | targets=67 | preds=646 | centerness=[-5.492, 0.134] | train_seen=3600
2026-05-24 10:02:21 | INFO | Epoch 12 | train_loss=0.860 | val_loss=0.977 | train_mae=305.723 | val_mae=188.729 | val_rmse=243.32 | test_mae=204.449 | test_rmse=271.63 | time=5062.824s
2026-05-24 10:04:08 | INFO | Epoch 13 | batch 50/1829 | loss=0.8230 | giou=0.3653 | bbox=0.0224 | ce=0.0055 | aux_giou=0.0311 | aux_bbox=0.0016 | aux_ce=0.0007 | mask=1092 | aux_mask=1111 | pos=57 | targets=57 | preds=415 | centerness=[-6.337, 1.064] | train_seen=100
2026-05-24 10:05:55 | INFO | Epoch 13 | batch 100/1829 | loss=0.6848 | giou=0.3220 | bbox=0.0264 | ce=0.0145 | aux_giou=0.0000 | aux_bbox=0.0000 | aux_ce=0.0000 | mask=1901 | aux_mask=1890 | pos=113 | targets=113 | preds=645 | centerness=[-6.425, 0.192] | train_seen=200
2026-05-24 10:07:41 | INFO | Epoch 13 | batch 150/1829 | loss=1.2886 | giou=0.5269 | bbox=0.0501 | ce=0.0650 | aux_giou=0.0537 | aux_bbox=0.0059 | aux_ce=0.0063 | mask=1684 | aux_mask=1624 | pos=422 | targets=422 | preds=874 | centerness=[-5.855, -0.245] | train_seen=300
2026-05-24 10:09:27 | INFO | Epoch 13 | batch 200/1829 | loss=0.7594 | giou=0.3359 | bbox=0.0736 | ce=0.0142 | aux_giou=0.0000 | aux_bbox=0.0000 | aux_ce=0.0000 | mask=2496 | aux_mask=2515 | pos=118 | targets=118 | preds=972 | centerness=[-9.584, -0.562] | train_seen=400
2026-05-24 10:11:13 | INFO | Epoch 13 | batch 250/1829 | loss=0.6998 | giou=0.3158 | bbox=0.0323 | ce=0.0360 | aux_giou=0.0000 | aux_bbox=0.0000 | aux_ce=0.0000 | mask=1338 | aux_mask=1345 | pos=273 | targets=273 | preds=519 | centerness=[-8.928, -0.399] | train_seen=500
2026-05-24 10:13:00 | INFO | Epoch 13 | batch 300/1829 | loss=1.2057 | giou=0.4910 | bbox=0.0602 | ce=0.0435 | aux_giou=0.0535 | aux_bbox=0.0066 | aux_ce=0.0063 | mask=1101 | aux_mask=1104 | pos=440 | targets=440 | preds=710 | centerness=[-7.971, 0.238] | train_seen=600
2026-05-24 10:14:46 | INFO | Epoch 13 | batch 350/1829 | loss=0.7196 | giou=0.3151 | bbox=0.0730 | ce=0.0164 | aux_giou=0.0000 | aux_bbox=0.0000 | aux_ce=0.0000 | mask=1396 | aux_mask=1342 | pos=89 | targets=89 | preds=354 | centerness=[-8.156, -0.334] | train_seen=700
2026-05-24 10:16:32 | INFO | Epoch 13 | batch 400/1829 | loss=1.2746 | giou=0.5295 | bbox=0.0940 | ce=0.0229 | aux_giou=0.0457 | aux_bbox=0.0058 | aux_ce=0.0014 | mask=1268 | aux_mask=1283 | pos=128 | targets=128 | preds=870 | centerness=[-5.207, -0.074] | train_seen=800
2026-05-24 10:18:18 | INFO | Epoch 13 | batch 450/1829 | loss=0.7566 | giou=0.3419 | bbox=0.0467 | ce=0.0260 | aux_giou=0.0000 | aux_bbox=0.0000 | aux_ce=0.0000 | mask=2088 | aux_mask=1818 | pos=144 | targets=144 | preds=774 | centerness=[-4.475, -0.025] | train_seen=900
2026-05-24 10:20:05 | INFO | Epoch 13 | batch 500/1829 | loss=1.0389 | giou=0.4819 | bbox=0.0388 | ce=0.0363 | aux_giou=0.0000 | aux_bbox=0.0000 | aux_ce=0.0000 | mask=1680 | aux_mask=1253 | pos=368 | targets=368 | preds=1063 | centerness=[-4.518, 0.141] | train_seen=1000
2026-05-24 10:21:51 | INFO | Epoch 13 | batch 550/1829 | loss=0.7370 | giou=0.3342 | bbox=0.0447 | ce=0.0239 | aux_giou=0.0000 | aux_bbox=0.0000 | aux_ce=0.0000 | mask=1177 | aux_mask=1032 | pos=108 | targets=108 | preds=514 | centerness=[-6.058, 0.054] | train_seen=1100
2026-05-24 10:23:37 | INFO | Epoch 13 | batch 600/1829 | loss=0.9941 | giou=0.4115 | bbox=0.0513 | ce=0.0414 | aux_giou=0.0356 | aux_bbox=0.0029 | aux_ce=0.0042 | mask=1677 | aux_mask=1746 | pos=361 | targets=361 | preds=1032 | centerness=[-7.264, 0.129] | train_seen=1200
2026-05-24 10:25:24 | INFO | Epoch 13 | batch 650/1829 | loss=0.5713 | giou=0.2599 | bbox=0.0421 | ce=0.0093 | aux_giou=0.0000 | aux_bbox=0.0000 | aux_ce=0.0000 | mask=1272 | aux_mask=1190 | pos=53 | targets=53 | preds=227 | centerness=[-7.887, 1.171] | train_seen=1300
2026-05-24 10:27:10 | INFO | Epoch 13 | batch 700/1829 | loss=1.0586 | giou=0.4958 | bbox=0.0435 | ce=0.0234 | aux_giou=0.0000 | aux_bbox=0.0000 | aux_ce=0.0000 | mask=1341 | aux_mask=1119 | pos=158 | targets=158 | preds=870 | centerness=[-5.001, 0.553] | train_seen=1400
2026-05-24 10:28:56 | INFO | Epoch 13 | batch 750/1829 | loss=0.8660 | giou=0.3651 | bbox=0.0227 | ce=0.0394 | aux_giou=0.0340 | aux_bbox=0.0014 | aux_ce=0.0043 | mask=1975 | aux_mask=1737 | pos=532 | targets=532 | preds=1571 | centerness=[-5.138, 0.385] | train_seen=1500
2026-05-24 10:30:42 | INFO | Epoch 13 | batch 800/1829 | loss=1.3366 | giou=0.5646 | bbox=0.0615 | ce=0.0195 | aux_giou=0.0562 | aux_bbox=0.0109 | aux_ce=0.0032 | mask=1440 | aux_mask=1289 | pos=112 | targets=112 | preds=1054 | centerness=[-7.361, -0.286] | train_seen=1600
2026-05-24 10:32:29 | INFO | Epoch 13 | batch 850/1829 | loss=0.8207 | giou=0.3858 | bbox=0.0309 | ce=0.0183 | aux_giou=0.0000 | aux_bbox=0.0000 | aux_ce=0.0000 | mask=1360 | aux_mask=1370 | pos=184 | targets=184 | preds=488 | centerness=[-6.690, 0.607] | train_seen=1700
2026-05-24 10:34:15 | INFO | Epoch 13 | batch 900/1829 | loss=0.9934 | giou=0.4547 | bbox=0.0281 | ce=0.0559 | aux_giou=0.0000 | aux_bbox=0.0000 | aux_ce=0.0000 | mask=2009 | aux_mask=1928 | pos=680 | targets=680 | preds=1505 | centerness=[-4.350, 0.319] | train_seen=1800
2026-05-24 10:36:01 | INFO | Epoch 13 | batch 950/1829 | loss=0.5977 | giou=0.2763 | bbox=0.0326 | ce=0.0125 | aux_giou=0.0000 | aux_bbox=0.0000 | aux_ce=0.0000 | mask=1557 | aux_mask=1574 | pos=53 | targets=53 | preds=675 | centerness=[-6.160, -0.532] | train_seen=1900
2026-05-24 10:37:47 | INFO | Epoch 13 | batch 1000/1829 | loss=0.7880 | giou=0.3627 | bbox=0.0517 | ce=0.0108 | aux_giou=0.0000 | aux_bbox=0.0000 | aux_ce=0.0000 | mask=1078 | aux_mask=1144 | pos=48 | targets=48 | preds=170 | centerness=[-9.137, 0.911] | train_seen=2000
2026-05-24 10:39:33 | INFO | Epoch 13 | batch 1050/1829 | loss=0.6877 | giou=0.3022 | bbox=0.0681 | ce=0.0153 | aux_giou=0.0000 | aux_bbox=0.0000 | aux_ce=0.0000 | mask=1524 | aux_mask=1632 | pos=65 | targets=65 | preds=362 | centerness=[-7.206, -0.667] | train_seen=2100
2026-05-24 10:41:20 | INFO | Epoch 13 | batch 1100/1829 | loss=0.9967 | giou=0.4643 | bbox=0.0313 | ce=0.0368 | aux_giou=0.0000 | aux_bbox=0.0000 | aux_ce=0.0000 | mask=2375 | aux_mask=1940 | pos=439 | targets=439 | preds=1148 | centerness=[-4.451, 0.321] | train_seen=2200
2026-05-24 10:43:06 | INFO | Epoch 13 | batch 1150/1829 | loss=0.6825 | giou=0.3162 | bbox=0.0218 | ce=0.0283 | aux_giou=0.0000 | aux_bbox=0.0000 | aux_ce=0.0000 | mask=1140 | aux_mask=927 | pos=134 | targets=134 | preds=772 | centerness=[-4.488, 0.557] | train_seen=2300
2026-05-24 10:44:52 | INFO | Epoch 13 | batch 1200/1829 | loss=0.7361 | giou=0.3338 | bbox=0.0199 | ce=0.0486 | aux_giou=0.0000 | aux_bbox=0.0000 | aux_ce=0.0000 | mask=2941 | aux_mask=2699 | pos=760 | targets=760 | preds=2017 | centerness=[-3.866, -0.217] | train_seen=2400
2026-05-24 10:46:38 | INFO | Epoch 13 | batch 1250/1829 | loss=0.8989 | giou=0.3953 | bbox=0.0191 | ce=0.0260 | aux_giou=0.0302 | aux_bbox=0.0009 | aux_ce=0.0019 | mask=2335 | aux_mask=2103 | pos=125 | targets=125 | preds=1488 | centerness=[-5.242, 3.029] | train_seen=2500
2026-05-24 10:48:25 | INFO | Epoch 13 | batch 1300/1829 | loss=0.7348 | giou=0.3360 | bbox=0.0505 | ce=0.0124 | aux_giou=0.0000 | aux_bbox=0.0000 | aux_ce=0.0000 | mask=1329 | aux_mask=1485 | pos=92 | targets=92 | preds=532 | centerness=[-6.983, 0.105] | train_seen=2600
2026-05-24 10:50:11 | INFO | Epoch 13 | batch 1350/1829 | loss=0.8060 | giou=0.3725 | bbox=0.0337 | ce=0.0273 | aux_giou=0.0000 | aux_bbox=0.0000 | aux_ce=0.0000 | mask=1517 | aux_mask=1806 | pos=238 | targets=238 | preds=614 | centerness=[-5.451, 0.215] | train_seen=2700
2026-05-24 10:51:57 | INFO | Epoch 13 | batch 1400/1829 | loss=1.2129 | giou=0.5047 | bbox=0.0604 | ce=0.0385 | aux_giou=0.0467 | aux_bbox=0.0081 | aux_ce=0.0032 | mask=1684 | aux_mask=1577 | pos=410 | targets=410 | preds=1176 | centerness=[-4.165, 0.394] | train_seen=2800
2026-05-24 10:53:43 | INFO | Epoch 13 | batch 1450/1829 | loss=0.7971 | giou=0.3501 | bbox=0.0607 | ce=0.0361 | aux_giou=0.0000 | aux_bbox=0.0000 | aux_ce=0.0000 | mask=1119 | aux_mask=1278 | pos=151 | targets=151 | preds=355 | centerness=[-7.129, -0.227] | train_seen=2900
2026-05-24 10:55:29 | INFO | Epoch 13 | batch 1500/1829 | loss=1.0097 | giou=0.4701 | bbox=0.0450 | ce=0.0246 | aux_giou=0.0000 | aux_bbox=0.0000 | aux_ce=0.0000 | mask=1562 | aux_mask=1410 | pos=172 | targets=172 | preds=1144 | centerness=[-6.265, 0.835] | train_seen=3000
2026-05-24 10:57:15 | INFO | Epoch 13 | batch 1550/1829 | loss=1.1932 | giou=0.5125 | bbox=0.0512 | ce=0.0200 | aux_giou=0.0448 | aux_bbox=0.0063 | aux_ce=0.0012 | mask=1462 | aux_mask=1339 | pos=79 | targets=79 | preds=888 | centerness=[-4.163, 0.871] | train_seen=3100
2026-05-24 10:59:01 | INFO | Epoch 13 | batch 1600/1829 | loss=0.7087 | giou=0.3242 | bbox=0.0441 | ce=0.0162 | aux_giou=0.0000 | aux_bbox=0.0000 | aux_ce=0.0000 | mask=1427 | aux_mask=1231 | pos=105 | targets=105 | preds=736 | centerness=[-5.869, 0.127] | train_seen=3200
2026-05-24 11:00:48 | INFO | Epoch 13 | batch 1650/1829 | loss=0.5365 | giou=0.2475 | bbox=0.0315 | ce=0.0100 | aux_giou=0.0000 | aux_bbox=0.0000 | aux_ce=0.0000 | mask=1592 | aux_mask=1569 | pos=55 | targets=55 | preds=578 | centerness=[-5.994, -0.115] | train_seen=3300
2026-05-24 11:02:34 | INFO | Epoch 13 | batch 1700/1829 | loss=1.2428 | giou=0.5293 | bbox=0.0264 | ce=0.0341 | aux_giou=0.0587 | aux_bbox=0.0028 | aux_ce=0.0035 | mask=1819 | aux_mask=1391 | pos=296 | targets=296 | preds=958 | centerness=[-5.346, 1.220] | train_seen=3400
2026-05-24 11:04:20 | INFO | Epoch 13 | batch 1750/1829 | loss=1.0022 | giou=0.4204 | bbox=0.0393 | ce=0.0387 | aux_giou=0.0377 | aux_bbox=0.0033 | aux_ce=0.0045 | mask=1865 | aux_mask=1609 | pos=572 | targets=572 | preds=1012 | centerness=[-4.466, 0.429] | train_seen=3500
2026-05-24 11:06:06 | INFO | Epoch 13 | batch 1800/1829 | loss=0.8153 | giou=0.3514 | bbox=0.0636 | ce=0.0488 | aux_giou=0.0000 | aux_bbox=0.0000 | aux_ce=0.0000 | mask=1687 | aux_mask=2846 | pos=331 | targets=331 | preds=547 | centerness=[-7.879, -0.339] | train_seen=3600
2026-05-24 11:26:34 | INFO | Epoch 13 | train_loss=0.862 | val_loss=1.005 | train_mae=293.502 | val_mae=161.212 | val_rmse=213.44 | test_mae=176.756 | test_rmse=246.87 | time=5051.430s
2026-05-24 11:28:21 | INFO | Epoch 14 | batch 50/1829 | loss=0.7105 | giou=0.3245 | bbox=0.0384 | ce=0.0231 | aux_giou=0.0000 | aux_bbox=0.0000 | aux_ce=0.0000 | mask=1791 | aux_mask=1702 | pos=160 | targets=160 | preds=783 | centerness=[-4.727, -0.385] | train_seen=100
2026-05-24 11:30:07 | INFO | Epoch 14 | batch 100/1829 | loss=0.4848 | giou=0.2147 | bbox=0.0443 | ce=0.0111 | aux_giou=0.0000 | aux_bbox=0.0000 | aux_ce=0.0000 | mask=1707 | aux_mask=1905 | pos=44 | targets=44 | preds=270 | centerness=[-14.075, -0.211] | train_seen=200
2026-05-24 11:31:53 | INFO | Epoch 14 | batch 150/1829 | loss=1.1047 | giou=0.5097 | bbox=0.0392 | ce=0.0460 | aux_giou=0.0000 | aux_bbox=0.0000 | aux_ce=0.0000 | mask=2143 | aux_mask=1973 | pos=920 | targets=920 | preds=1269 | centerness=[-5.889, 0.129] | train_seen=300
2026-05-24 11:33:39 | INFO | Epoch 14 | batch 200/1829 | loss=1.1258 | giou=0.4845 | bbox=0.0673 | ce=0.0038 | aux_giou=0.0403 | aux_bbox=0.0043 | aux_ce=0.0007 | mask=1569 | aux_mask=1607 | pos=44 | targets=44 | preds=125 | centerness=[-5.692, 0.581] | train_seen=400
2026-05-24 11:35:25 | INFO | Epoch 14 | batch 250/1829 | loss=1.0900 | giou=0.4523 | bbox=0.0476 | ce=0.0287 | aux_giou=0.0478 | aux_bbox=0.0097 | aux_ce=0.0037 | mask=1162 | aux_mask=1029 | pos=190 | targets=190 | preds=863 | centerness=[-5.448, 0.548] | train_seen=500
2026-05-24 11:37:11 | INFO | Epoch 14 | batch 300/1829 | loss=0.4452 | giou=0.2017 | bbox=0.0269 | ce=0.0148 | aux_giou=0.0000 | aux_bbox=0.0000 | aux_ce=0.0000 | mask=1548 | aux_mask=1417 | pos=64 | targets=64 | preds=618 | centerness=[-5.863, -0.203] | train_seen=600
2026-05-24 11:38:57 | INFO | Epoch 14 | batch 350/1829 | loss=0.7140 | giou=0.3130 | bbox=0.0219 | ce=0.0089 | aux_giou=0.0277 | aux_bbox=0.0010 | aux_ce=0.0009 | mask=1749 | aux_mask=1544 | pos=124 | targets=124 | preds=428 | centerness=[-7.672, 1.477] | train_seen=700
2026-05-24 11:40:43 | INFO | Epoch 14 | batch 400/1829 | loss=1.0130 | giou=0.4408 | bbox=0.0328 | ce=0.0181 | aux_giou=0.0390 | aux_bbox=0.0017 | aux_ce=0.0007 | mask=1715 | aux_mask=1577 | pos=153 | targets=153 | preds=631 | centerness=[-5.846, 0.731] | train_seen=800
2026-05-24 11:42:29 | INFO | Epoch 14 | batch 450/1829 | loss=0.5037 | giou=0.2250 | bbox=0.0464 | ce=0.0073 | aux_giou=0.0000 | aux_bbox=0.0000 | aux_ce=0.0000 | mask=1203 | aux_mask=1250 | pos=34 | targets=34 | preds=167 | centerness=[-6.670, -0.162] | train_seen=900
2026-05-24 11:44:15 | INFO | Epoch 14 | batch 500/1829 | loss=0.7225 | giou=0.3395 | bbox=0.0218 | ce=0.0216 | aux_giou=0.0000 | aux_bbox=0.0000 | aux_ce=0.0000 | mask=1148 | aux_mask=1043 | pos=140 | targets=140 | preds=401 | centerness=[-5.467, 0.717] | train_seen=1000
2026-05-24 11:46:01 | INFO | Epoch 14 | batch 550/1829 | loss=1.2355 | giou=0.5196 | bbox=0.0449 | ce=0.0368 | aux_giou=0.0519 | aux_bbox=0.0059 | aux_ce=0.0049 | mask=1694 | aux_mask=1630 | pos=433 | targets=433 | preds=1109 | centerness=[-4.418, 0.779] | train_seen=1100
2026-05-24 11:47:47 | INFO | Epoch 14 | batch 600/1829 | loss=0.5232 | giou=0.2422 | bbox=0.0281 | ce=0.0106 | aux_giou=0.0000 | aux_bbox=0.0000 | aux_ce=0.0000 | mask=2212 | aux_mask=2126 | pos=84 | targets=84 | preds=596 | centerness=[-4.045, 0.327] | train_seen=1200
2026-05-24 11:49:33 | INFO | Epoch 14 | batch 650/1829 | loss=0.3993 | giou=0.1853 | bbox=0.0174 | ce=0.0112 | aux_giou=0.0000 | aux_bbox=0.0000 | aux_ce=0.0000 | mask=1789 | aux_mask=1582 | pos=80 | targets=80 | preds=671 | centerness=[-4.261, 0.354] | train_seen=1300
2026-05-24 11:51:19 | INFO | Epoch 14 | batch 700/1829 | loss=1.1598 | giou=0.4760 | bbox=0.0459 | ce=0.0397 | aux_giou=0.0537 | aux_bbox=0.0097 | aux_ce=0.0051 | mask=1380 | aux_mask=1192 | pos=512 | targets=512 | preds=594 | centerness=[-5.057, 0.406] | train_seen=1400
2026-05-24 11:53:05 | INFO | Epoch 14 | batch 750/1829 | loss=1.2109 | giou=0.5286 | bbox=0.0329 | ce=0.0270 | aux_giou=0.0435 | aux_bbox=0.0045 | aux_ce=0.0023 | mask=1548 | aux_mask=1417 | pos=138 | targets=138 | preds=736 | centerness=[-4.266, 0.733] | train_seen=1500
2026-05-24 11:54:51 | INFO | Epoch 14 | batch 800/1829 | loss=1.0893 | giou=0.4933 | bbox=0.0668 | ce=0.0358 | aux_giou=0.0000 | aux_bbox=0.0000 | aux_ce=0.0000 | mask=2368 | aux_mask=1979 | pos=432 | targets=432 | preds=1139 | centerness=[-4.641, 0.457] | train_seen=1600
2026-05-24 11:56:37 | INFO | Epoch 14 | batch 850/1829 | loss=0.9192 | giou=0.4297 | bbox=0.0347 | ce=0.0250 | aux_giou=0.0000 | aux_bbox=0.0000 | aux_ce=0.0000 | mask=1247 | aux_mask=1187 | pos=120 | targets=120 | preds=711 | centerness=[-5.051, 0.198] | train_seen=1700
2026-05-24 11:58:23 | INFO | Epoch 14 | batch 900/1829 | loss=0.7009 | giou=0.3211 | bbox=0.0342 | ce=0.0245 | aux_giou=0.0000 | aux_bbox=0.0000 | aux_ce=0.0000 | mask=1627 | aux_mask=1549 | pos=219 | targets=219 | preds=551 | centerness=[-6.166, 0.465] | train_seen=1800
2026-05-24 12:00:09 | INFO | Epoch 14 | batch 950/1829 | loss=0.7629 | giou=0.3461 | bbox=0.0357 | ce=0.0350 | aux_giou=0.0000 | aux_bbox=0.0000 | aux_ce=0.0000 | mask=1684 | aux_mask=1707 | pos=385 | targets=385 | preds=985 | centerness=[-6.214, 0.102] | train_seen=1900
2026-05-24 12:01:56 | INFO | Epoch 14 | batch 1000/1829 | loss=0.7224 | giou=0.3388 | bbox=0.0339 | ce=0.0108 | aux_giou=0.0000 | aux_bbox=0.0000 | aux_ce=0.0000 | mask=1181 | aux_mask=1172 | pos=60 | targets=60 | preds=264 | centerness=[-6.405, -0.103] | train_seen=2000
2026-05-24 12:03:42 | INFO | Epoch 14 | batch 1050/1829 | loss=0.6996 | giou=0.3023 | bbox=0.0809 | ce=0.0140 | aux_giou=0.0000 | aux_bbox=0.0000 | aux_ce=0.0000 | mask=1544 | aux_mask=1379 | pos=51 | targets=51 | preds=305 | centerness=[-8.955, -0.580] | train_seen=2100
2026-05-24 12:05:28 | INFO | Epoch 14 | batch 1100/1829 | loss=0.6912 | giou=0.3142 | bbox=0.0269 | ce=0.0359 | aux_giou=0.0000 | aux_bbox=0.0000 | aux_ce=0.0000 | mask=1568 | aux_mask=1419 | pos=435 | targets=435 | preds=980 | centerness=[-4.731, 0.618] | train_seen=2200
2026-05-24 12:07:14 | INFO | Epoch 14 | batch 1150/1829 | loss=1.1293 | giou=0.4853 | bbox=0.0389 | ce=0.0284 | aux_giou=0.0413 | aux_bbox=0.0058 | aux_ce=0.0032 | mask=1659 | aux_mask=1349 | pos=488 | targets=488 | preds=626 | centerness=[-5.944, 1.115] | train_seen=2300
2026-05-24 12:09:00 | INFO | Epoch 14 | batch 1200/1829 | loss=0.9268 | giou=0.4256 | bbox=0.0396 | ce=0.0360 | aux_giou=0.0000 | aux_bbox=0.0000 | aux_ce=0.0000 | mask=1322 | aux_mask=1132 | pos=220 | targets=220 | preds=711 | centerness=[-4.096, 0.739] | train_seen=2400
2026-05-24 12:10:46 | INFO | Epoch 14 | batch 1250/1829 | loss=0.7739 | giou=0.3573 | bbox=0.0345 | ce=0.0247 | aux_giou=0.0000 | aux_bbox=0.0000 | aux_ce=0.0000 | mask=1539 | aux_mask=1480 | pos=143 | targets=143 | preds=851 | centerness=[-4.126, 0.122] | train_seen=2500
2026-05-24 12:12:32 | INFO | Epoch 14 | batch 1300/1829 | loss=0.7929 | giou=0.3582 | bbox=0.0649 | ce=0.0116 | aux_giou=0.0000 | aux_bbox=0.0000 | aux_ce=0.0000 | mask=1155 | aux_mask=932 | pos=36 | targets=36 | preds=323 | centerness=[-6.692, -0.248] | train_seen=2600
2026-05-24 12:14:18 | INFO | Epoch 14 | batch 1350/1829 | loss=0.9983 | giou=0.4089 | bbox=0.0522 | ce=0.0342 | aux_giou=0.0408 | aux_bbox=0.0067 | aux_ce=0.0059 | mask=1229 | aux_mask=1259 | pos=412 | targets=412 | preds=733 | centerness=[-6.828, 0.519] | train_seen=2700
2026-05-24 12:16:04 | INFO | Epoch 14 | batch 1400/1829 | loss=0.8729 | giou=0.4019 | bbox=0.0460 | ce=0.0230 | aux_giou=0.0000 | aux_bbox=0.0000 | aux_ce=0.0000 | mask=1438 | aux_mask=1162 | pos=165 | targets=165 | preds=448 | centerness=[-7.598, 0.493] | train_seen=2800
2026-05-24 12:17:51 | INFO | Epoch 14 | batch 1450/1829 | loss=0.4791 | giou=0.2192 | bbox=0.0337 | ce=0.0069 | aux_giou=0.0000 | aux_bbox=0.0000 | aux_ce=0.0000 | mask=1846 | aux_mask=1818 | pos=32 | targets=32 | preds=492 | centerness=[-6.076, -0.730] | train_seen=2900
2026-05-24 12:19:37 | INFO | Epoch 14 | batch 1500/1829 | loss=1.7726 | giou=0.6971 | bbox=0.0623 | ce=0.0698 | aux_giou=0.1123 | aux_bbox=0.0108 | aux_ce=0.0110 | mask=2231 | aux_mask=1865 | pos=716 | targets=716 | preds=2017 | centerness=[-3.542, 0.359] | train_seen=3000
2026-05-24 12:21:23 | INFO | Epoch 14 | batch 1550/1829 | loss=0.9339 | giou=0.4204 | bbox=0.0484 | ce=0.0447 | aux_giou=0.0000 | aux_bbox=0.0000 | aux_ce=0.0000 | mask=1727 | aux_mask=1397 | pos=589 | targets=589 | preds=989 | centerness=[-5.872, 0.150] | train_seen=3100
2026-05-24 12:23:09 | INFO | Epoch 14 | batch 1600/1829 | loss=0.5290 | giou=0.2385 | bbox=0.0352 | ce=0.0168 | aux_giou=0.0000 | aux_bbox=0.0000 | aux_ce=0.0000 | mask=1727 | aux_mask=1304 | pos=108 | targets=108 | preds=522 | centerness=[-6.188, 0.003] | train_seen=3200
2026-05-24 12:24:55 | INFO | Epoch 14 | batch 1650/1829 | loss=0.8341 | giou=0.3882 | bbox=0.0451 | ce=0.0126 | aux_giou=0.0000 | aux_bbox=0.0000 | aux_ce=0.0000 | mask=1574 | aux_mask=1547 | pos=72 | targets=72 | preds=453 | centerness=[-5.589, -0.031] | train_seen=3300
2026-05-24 12:26:41 | INFO | Epoch 14 | batch 1700/1829 | loss=0.7928 | giou=0.3484 | bbox=0.0342 | ce=0.0054 | aux_giou=0.0274 | aux_bbox=0.0010 | aux_ce=0.0004 | mask=1256 | aux_mask=1188 | pos=22 | targets=22 | preds=245 | centerness=[-8.532, 0.183] | train_seen=3400
2026-05-24 12:28:27 | INFO | Epoch 14 | batch 1750/1829 | loss=0.5453 | giou=0.2405 | bbox=0.0544 | ce=0.0099 | aux_giou=0.0000 | aux_bbox=0.0000 | aux_ce=0.0000 | mask=1742 | aux_mask=1859 | pos=52 | targets=52 | preds=494 | centerness=[-8.645, -0.711] | train_seen=3500
2026-05-24 12:30:13 | INFO | Epoch 14 | batch 1800/1829 | loss=0.7370 | giou=0.3376 | bbox=0.0442 | ce=0.0177 | aux_giou=0.0000 | aux_bbox=0.0000 | aux_ce=0.0000 | mask=1540 | aux_mask=1254 | pos=64 | targets=64 | preds=691 | centerness=[-5.697, -0.263] | train_seen=3600
2026-05-24 12:50:42 | INFO | Epoch 14 | train_loss=0.865 | val_loss=0.984 | train_mae=283.024 | val_mae=152.583 | val_rmse=204.25 | test_mae=171.221 | test_rmse=241.89 | time=5045.411s
2026-05-24 12:52:28 | INFO | Epoch 15 | batch 50/1829 | loss=0.8920 | giou=0.3941 | bbox=0.0235 | ce=0.0141 | aux_giou=0.0311 | aux_bbox=0.0015 | aux_ce=0.0025 | mask=1159 | aux_mask=1254 | pos=145 | targets=145 | preds=285 | centerness=[-5.779, 0.768] | train_seen=100
2026-05-24 12:54:14 | INFO | Epoch 15 | batch 100/1829 | loss=0.9270 | giou=0.4096 | bbox=0.0260 | ce=0.0147 | aux_giou=0.0321 | aux_bbox=0.0014 | aux_ce=0.0015 | mask=1499 | aux_mask=1353 | pos=29 | targets=29 | preds=826 | centerness=[-4.788, 0.768] | train_seen=200
2026-05-24 12:56:00 | INFO | Epoch 15 | batch 150/1829 | loss=0.6701 | giou=0.3034 | bbox=0.0441 | ce=0.0190 | aux_giou=0.0000 | aux_bbox=0.0000 | aux_ce=0.0000 | mask=1211 | aux_mask=1259 | pos=123 | targets=123 | preds=572 | centerness=[-6.850, -0.065] | train_seen=300
2026-05-24 12:57:46 | INFO | Epoch 15 | batch 200/1829 | loss=0.7468 | giou=0.3387 | bbox=0.0597 | ce=0.0096 | aux_giou=0.0000 | aux_bbox=0.0000 | aux_ce=0.0000 | mask=1377 | aux_mask=1479 | pos=50 | targets=50 | preds=385 | centerness=[-8.165, -0.489] | train_seen=400
2026-05-24 12:59:32 | INFO | Epoch 15 | batch 250/1829 | loss=0.6437 | giou=0.2869 | bbox=0.0520 | ce=0.0179 | aux_giou=0.0000 | aux_bbox=0.0000 | aux_ce=0.0000 | mask=1586 | aux_mask=1364 | pos=98 | targets=98 | preds=521 | centerness=[-5.186, -0.580] | train_seen=500
2026-05-24 13:01:18 | INFO | Epoch 15 | batch 300/1829 | loss=0.9291 | giou=0.4006 | bbox=0.0453 | ce=0.0200 | aux_giou=0.0289 | aux_bbox=0.0029 | aux_ce=0.0019 | mask=2189 | aux_mask=2129 | pos=116 | targets=116 | preds=1052 | centerness=[-6.782, -0.356] | train_seen=600
2026-05-24 13:03:04 | INFO | Epoch 15 | batch 350/1829 | loss=0.7517 | giou=0.3387 | bbox=0.0401 | ce=0.0343 | aux_giou=0.0000 | aux_bbox=0.0000 | aux_ce=0.0000 | mask=1402 | aux_mask=1551 | pos=212 | targets=212 | preds=774 | centerness=[-6.603, 0.565] | train_seen=700
2026-05-24 13:04:51 | INFO | Epoch 15 | batch 400/1829 | loss=0.3373 | giou=0.1555 | bbox=0.0159 | ce=0.0105 | aux_giou=0.0000 | aux_bbox=0.0000 | aux_ce=0.0000 | mask=1338 | aux_mask=972 | pos=121 | targets=121 | preds=441 | centerness=[-4.631, 0.298] | train_seen=800
2026-05-24 13:06:37 | INFO | Epoch 15 | batch 450/1829 | loss=0.6353 | giou=0.2845 | bbox=0.0556 | ce=0.0107 | aux_giou=0.0000 | aux_bbox=0.0000 | aux_ce=0.0000 | mask=1627 | aux_mask=1298 | pos=40 | targets=40 | preds=553 | centerness=[-8.024, -0.798] | train_seen=900
2026-05-24 13:08:23 | INFO | Epoch 15 | batch 500/1829 | loss=0.6663 | giou=0.3035 | bbox=0.0527 | ce=0.0065 | aux_giou=0.0000 | aux_bbox=0.0000 | aux_ce=0.0000 | mask=1602 | aux_mask=1580 | pos=24 | targets=24 | preds=430 | centerness=[-10.059, -0.372] | train_seen=1000
2026-05-24 13:10:09 | INFO | Epoch 15 | batch 550/1829 | loss=0.6481 | giou=0.3054 | bbox=0.0240 | ce=0.0134 | aux_giou=0.0000 | aux_bbox=0.0000 | aux_ce=0.0000 | mask=1674 | aux_mask=1630 | pos=88 | targets=88 | preds=1005 | centerness=[-4.548, -0.216] | train_seen=1100
2026-05-24 13:11:55 | INFO | Epoch 15 | batch 600/1829 | loss=0.8241 | giou=0.3830 | bbox=0.0327 | ce=0.0253 | aux_giou=0.0000 | aux_bbox=0.0000 | aux_ce=0.0000 | mask=1522 | aux_mask=1408 | pos=204 | targets=204 | preds=478 | centerness=[-5.668, 0.599] | train_seen=1200
2026-05-24 13:13:41 | INFO | Epoch 15 | batch 650/1829 | loss=0.5851 | giou=0.2724 | bbox=0.0258 | ce=0.0144 | aux_giou=0.0000 | aux_bbox=0.0000 | aux_ce=0.0000 | mask=1266 | aux_mask=1473 | pos=73 | targets=73 | preds=747 | centerness=[-5.806, 0.201] | train_seen=1300
2026-05-24 13:15:27 | INFO | Epoch 15 | batch 700/1829 | loss=0.6376 | giou=0.2912 | bbox=0.0237 | ce=0.0315 | aux_giou=0.0000 | aux_bbox=0.0000 | aux_ce=0.0000 | mask=1202 | aux_mask=1182 | pos=182 | targets=182 | preds=674 | centerness=[-5.112, 0.725] | train_seen=1400
2026-05-24 13:17:13 | INFO | Epoch 15 | batch 750/1829 | loss=1.0641 | giou=0.4889 | bbox=0.0631 | ce=0.0232 | aux_giou=0.0000 | aux_bbox=0.0000 | aux_ce=0.0000 | mask=1411 | aux_mask=1364 | pos=45 | targets=45 | preds=722 | centerness=[-4.701, 0.098] | train_seen=1500
2026-05-24 13:18:59 | INFO | Epoch 15 | batch 800/1829 | loss=0.5303 | giou=0.2375 | bbox=0.0355 | ce=0.0198 | aux_giou=0.0000 | aux_bbox=0.0000 | aux_ce=0.0000 | mask=1656 | aux_mask=1786 | pos=152 | targets=152 | preds=604 | centerness=[-13.293, -0.084] | train_seen=1600
2026-05-24 13:20:45 | INFO | Epoch 15 | batch 850/1829 | loss=0.8273 | giou=0.3797 | bbox=0.0341 | ce=0.0338 | aux_giou=0.0000 | aux_bbox=0.0000 | aux_ce=0.0000 | mask=1691 | aux_mask=1497 | pos=238 | targets=238 | preds=922 | centerness=[-6.390, 0.235] | train_seen=1700
2026-05-24 13:22:31 | INFO | Epoch 15 | batch 900/1829 | loss=0.8579 | giou=0.4017 | bbox=0.0382 | ce=0.0163 | aux_giou=0.0000 | aux_bbox=0.0000 | aux_ce=0.0000 | mask=1658 | aux_mask=1639 | pos=172 | targets=172 | preds=1027 | centerness=[-7.974, 1.199] | train_seen=1800
2026-05-24 13:24:17 | INFO | Epoch 15 | batch 950/1829 | loss=0.6053 | giou=0.2783 | bbox=0.0300 | ce=0.0187 | aux_giou=0.0000 | aux_bbox=0.0000 | aux_ce=0.0000 | mask=1414 | aux_mask=1569 | pos=102 | targets=102 | preds=668 | centerness=[-5.888, 0.064] | train_seen=1900
2026-05-24 13:26:03 | INFO | Epoch 15 | batch 1000/1829 | loss=0.6334 | giou=0.2981 | bbox=0.0257 | ce=0.0116 | aux_giou=0.0000 | aux_bbox=0.0000 | aux_ce=0.0000 | mask=1630 | aux_mask=1636 | pos=94 | targets=94 | preds=564 | centerness=[-5.117, 0.617] | train_seen=2000
2026-05-24 13:27:49 | INFO | Epoch 15 | batch 1050/1829 | loss=0.6421 | giou=0.2875 | bbox=0.0361 | ce=0.0310 | aux_giou=0.0000 | aux_bbox=0.0000 | aux_ce=0.0000 | mask=1371 | aux_mask=1267 | pos=130 | targets=130 | preds=607 | centerness=[-5.747, -0.029] | train_seen=2100
2026-05-24 13:29:35 | INFO | Epoch 15 | batch 1100/1829 | loss=0.7478 | giou=0.3438 | bbox=0.0343 | ce=0.0260 | aux_giou=0.0000 | aux_bbox=0.0000 | aux_ce=0.0000 | mask=1821 | aux_mask=1746 | pos=304 | targets=304 | preds=932 | centerness=[-5.222, 0.659] | train_seen=2200
2026-05-24 13:31:21 | INFO | Epoch 15 | batch 1150/1829 | loss=0.7791 | giou=0.3152 | bbox=0.0215 | ce=0.0274 | aux_giou=0.0461 | aux_bbox=0.0024 | aux_ce=0.0052 | mask=2621 | aux_mask=2118 | pos=196 | targets=196 | preds=1583 | centerness=[-4.596, 0.268] | train_seen=2300
2026-05-24 13:33:07 | INFO | Epoch 15 | batch 1200/1829 | loss=0.5230 | giou=0.2387 | bbox=0.0330 | ce=0.0127 | aux_giou=0.0000 | aux_bbox=0.0000 | aux_ce=0.0000 | mask=1149 | aux_mask=1174 | pos=109 | targets=109 | preds=459 | centerness=[-7.422, 0.819] | train_seen=2400
2026-05-24 13:34:54 | INFO | Epoch 15 | batch 1250/1829 | loss=0.6344 | giou=0.2863 | bbox=0.0426 | ce=0.0193 | aux_giou=0.0000 | aux_bbox=0.0000 | aux_ce=0.0000 | mask=1666 | aux_mask=1610 | pos=130 | targets=130 | preds=581 | centerness=[-5.954, 0.542] | train_seen=2500
2026-05-24 13:36:40 | INFO | Epoch 15 | batch 1300/1829 | loss=0.9190 | giou=0.4346 | bbox=0.0325 | ce=0.0174 | aux_giou=0.0000 | aux_bbox=0.0000 | aux_ce=0.0000 | mask=1326 | aux_mask=1235 | pos=165 | targets=165 | preds=812 | centerness=[-5.991, -0.001] | train_seen=2600
2026-05-24 13:38:26 | INFO | Epoch 15 | batch 1350/1829 | loss=0.8875 | giou=0.4288 | bbox=0.0213 | ce=0.0086 | aux_giou=0.0000 | aux_bbox=0.0000 | aux_ce=0.0000 | mask=1404 | aux_mask=1174 | pos=40 | targets=40 | preds=468 | centerness=[-5.637, 0.707] | train_seen=2700
2026-05-24 13:40:12 | INFO | Epoch 15 | batch 1400/1829 | loss=0.9644 | giou=0.3766 | bbox=0.0764 | ce=0.0261 | aux_giou=0.0460 | aux_bbox=0.0136 | aux_ce=0.0032 | mask=1245 | aux_mask=1370 | pos=112 | targets=112 | preds=370 | centerness=[-6.318, -0.332] | train_seen=2800
2026-05-24 13:41:58 | INFO | Epoch 15 | batch 1450/1829 | loss=1.2224 | giou=0.4996 | bbox=0.0280 | ce=0.0310 | aux_giou=0.0762 | aux_bbox=0.0065 | aux_ce=0.0053 | mask=1897 | aux_mask=1805 | pos=516 | targets=516 | preds=880 | centerness=[-5.069, 1.081] | train_seen=2900
2026-05-24 13:43:44 | INFO | Epoch 15 | batch 1500/1829 | loss=0.5425 | giou=0.2461 | bbox=0.0379 | ce=0.0125 | aux_giou=0.0000 | aux_bbox=0.0000 | aux_ce=0.0000 | mask=1362 | aux_mask=1220 | pos=91 | targets=91 | preds=622 | centerness=[-9.372, 0.211] | train_seen=3000
2026-05-24 13:45:30 | INFO | Epoch 15 | batch 1550/1829 | loss=1.0976 | giou=0.5080 | bbox=0.0370 | ce=0.0446 | aux_giou=0.0000 | aux_bbox=0.0000 | aux_ce=0.0000 | mask=1942 | aux_mask=1848 | pos=420 | targets=420 | preds=1322 | centerness=[-4.016, 0.126] | train_seen=3100
2026-05-24 13:47:16 | INFO | Epoch 15 | batch 1600/1829 | loss=0.9176 | giou=0.4048 | bbox=0.0230 | ce=0.0258 | aux_giou=0.0278 | aux_bbox=0.0022 | aux_ce=0.0014 | mask=1303 | aux_mask=1125 | pos=164 | targets=164 | preds=906 | centerness=[-5.864, 0.487] | train_seen=3200
2026-05-24 13:49:02 | INFO | Epoch 15 | batch 1650/1829 | loss=1.0013 | giou=0.4708 | bbox=0.0301 | ce=0.0295 | aux_giou=0.0000 | aux_bbox=0.0000 | aux_ce=0.0000 | mask=1832 | aux_mask=1579 | pos=240 | targets=240 | preds=1218 | centerness=[-5.028, 0.256] | train_seen=3300
2026-05-24 13:50:48 | INFO | Epoch 15 | batch 1700/1829 | loss=0.8083 | giou=0.3654 | bbox=0.0604 | ce=0.0171 | aux_giou=0.0000 | aux_bbox=0.0000 | aux_ce=0.0000 | mask=1223 | aux_mask=1420 | pos=56 | targets=56 | preds=282 | centerness=[-8.988, -0.378] | train_seen=3400
2026-05-24 13:52:35 | INFO | Epoch 15 | batch 1750/1829 | loss=0.6449 | giou=0.2937 | bbox=0.0429 | ce=0.0146 | aux_giou=0.0000 | aux_bbox=0.0000 | aux_ce=0.0000 | mask=1106 | aux_mask=1140 | pos=46 | targets=46 | preds=513 | centerness=[-7.765, -0.165] | train_seen=3500
2026-05-24 13:54:21 | INFO | Epoch 15 | batch 1800/1829 | loss=0.7258 | giou=0.3331 | bbox=0.0283 | ce=0.0313 | aux_giou=0.0000 | aux_bbox=0.0000 | aux_ce=0.0000 | mask=2493 | aux_mask=2082 | pos=252 | targets=252 | preds=1427 | centerness=[-3.984, 0.270] | train_seen=3600
2026-05-24 14:14:50 | INFO | Epoch 15 | train_loss=0.850 | val_loss=0.971 | train_mae=289.111 | val_mae=172.467 | val_rmse=226.94 | test_mae=188.473 | test_rmse=259.94 | time=5046.371s
2026-05-24 14:16:36 | INFO | Epoch 16 | batch 50/1829 | loss=0.8923 | giou=0.4153 | bbox=0.0352 | ce=0.0265 | aux_giou=0.0000 | aux_bbox=0.0000 | aux_ce=0.0000 | mask=2281 | aux_mask=1974 | pos=344 | targets=344 | preds=1364 | centerness=[-5.876, 0.422] | train_seen=100
2026-05-24 14:18:22 | INFO | Epoch 16 | batch 100/1829 | loss=0.8257 | giou=0.3844 | bbox=0.0414 | ce=0.0155 | aux_giou=0.0000 | aux_bbox=0.0000 | aux_ce=0.0000 | mask=1493 | aux_mask=1362 | pos=75 | targets=75 | preds=746 | centerness=[-6.360, -0.349] | train_seen=200
2026-05-24 14:20:09 | INFO | Epoch 16 | batch 150/1829 | loss=0.7667 | giou=0.3506 | bbox=0.0399 | ce=0.0256 | aux_giou=0.0000 | aux_bbox=0.0000 | aux_ce=0.0000 | mask=2020 | aux_mask=1726 | pos=164 | targets=164 | preds=731 | centerness=[-5.196, -0.429] | train_seen=300
2026-05-24 14:21:55 | INFO | Epoch 16 | batch 200/1829 | loss=0.7535 | giou=0.3450 | bbox=0.0534 | ce=0.0101 | aux_giou=0.0000 | aux_bbox=0.0000 | aux_ce=0.0000 | mask=1274 | aux_mask=1231 | pos=21 | targets=21 | preds=504 | centerness=[-6.289, -0.034] | train_seen=400
2026-05-24 14:23:41 | INFO | Epoch 16 | batch 250/1829 | loss=1.2560 | giou=0.5188 | bbox=0.0517 | ce=0.0445 | aux_giou=0.0569 | aux_bbox=0.0042 | aux_ce=0.0042 | mask=2484 | aux_mask=2095 | pos=1292 | targets=1292 | preds=1931 | centerness=[-3.642, 0.403] | train_seen=500
2026-05-24 14:25:27 | INFO | Epoch 16 | batch 300/1829 | loss=0.6500 | giou=0.2914 | bbox=0.0473 | ce=0.0199 | aux_giou=0.0000 | aux_bbox=0.0000 | aux_ce=0.0000 | mask=2040 | aux_mask=2050 | pos=168 | targets=168 | preds=577 | centerness=[-5.647, 0.037] | train_seen=600
2026-05-24 14:27:14 | INFO | Epoch 16 | batch 350/1829 | loss=0.7664 | giou=0.3506 | bbox=0.0481 | ce=0.0170 | aux_giou=0.0000 | aux_bbox=0.0000 | aux_ce=0.0000 | mask=1797 | aux_mask=1781 | pos=76 | targets=76 | preds=527 | centerness=[-4.799, 0.277] | train_seen=700
2026-05-24 14:29:00 | INFO | Epoch 16 | batch 400/1829 | loss=1.2148 | giou=0.5377 | bbox=0.0257 | ce=0.0210 | aux_giou=0.0455 | aux_bbox=0.0015 | aux_ce=0.0003 | mask=1250 | aux_mask=1435 | pos=123 | targets=123 | preds=476 | centerness=[-6.524, 0.516] | train_seen=800
2026-05-24 14:30:46 | INFO | Epoch 16 | batch 450/1829 | loss=0.6959 | giou=0.3115 | bbox=0.0572 | ce=0.0155 | aux_giou=0.0000 | aux_bbox=0.0000 | aux_ce=0.0000 | mask=2046 | aux_mask=2010 | pos=91 | targets=91 | preds=497 | centerness=[-7.244, -0.665] | train_seen=900
2026-05-24 14:32:32 | INFO | Epoch 16 | batch 500/1829 | loss=0.7509 | giou=0.3458 | bbox=0.0377 | ce=0.0216 | aux_giou=0.0000 | aux_bbox=0.0000 | aux_ce=0.0000 | mask=1530 | aux_mask=1366 | pos=191 | targets=191 | preds=752 | centerness=[-7.346, 0.121] | train_seen=1000
2026-05-24 14:34:18 | INFO | Epoch 16 | batch 550/1829 | loss=0.5297 | giou=0.2437 | bbox=0.0205 | ce=0.0218 | aux_giou=0.0000 | aux_bbox=0.0000 | aux_ce=0.0000 | mask=1387 | aux_mask=1356 | pos=155 | targets=155 | preds=565 | centerness=[-4.921, 0.397] | train_seen=1100
2026-05-24 14:36:05 | INFO | Epoch 16 | batch 600/1829 | loss=0.4256 | giou=0.1952 | bbox=0.0239 | ce=0.0114 | aux_giou=0.0000 | aux_bbox=0.0000 | aux_ce=0.0000 | mask=1306 | aux_mask=1008 | pos=108 | targets=108 | preds=422 | centerness=[-7.642, 0.313] | train_seen=1200
2026-05-24 14:37:51 | INFO | Epoch 16 | batch 650/1829 | loss=0.9468 | giou=0.4413 | bbox=0.0274 | ce=0.0368 | aux_giou=0.0000 | aux_bbox=0.0000 | aux_ce=0.0000 | mask=1671 | aux_mask=1624 | pos=378 | targets=378 | preds=1133 | centerness=[-6.226, 0.472] | train_seen=1300
2026-05-24 14:39:37 | INFO | Epoch 16 | batch 700/1829 | loss=0.9712 | giou=0.4059 | bbox=0.0358 | ce=0.0174 | aux_giou=0.0494 | aux_bbox=0.0042 | aux_ce=0.0032 | mask=1651 | aux_mask=1445 | pos=120 | targets=120 | preds=703 | centerness=[-4.679, 0.274] | train_seen=1400
2026-05-24 14:41:23 | INFO | Epoch 16 | batch 750/1829 | loss=0.7577 | giou=0.3511 | bbox=0.0408 | ce=0.0147 | aux_giou=0.0000 | aux_bbox=0.0000 | aux_ce=0.0000 | mask=1450 | aux_mask=1345 | pos=80 | targets=80 | preds=498 | centerness=[-8.634, 0.187] | train_seen=1500
2026-05-24 14:43:09 | INFO | Epoch 16 | batch 800/1829 | loss=1.1067 | giou=0.4545 | bbox=0.0425 | ce=0.0586 | aux_giou=0.0449 | aux_bbox=0.0018 | aux_ce=0.0050 | mask=2102 | aux_mask=1633 | pos=112 | targets=112 | preds=1490 | centerness=[-5.267, 1.468] | train_seen=1600
2026-05-24 14:44:56 | INFO | Epoch 16 | batch 850/1829 | loss=0.8379 | giou=0.3933 | bbox=0.0375 | ce=0.0138 | aux_giou=0.0000 | aux_bbox=0.0000 | aux_ce=0.0000 | mask=1412 | aux_mask=1215 | pos=179 | targets=179 | preds=480 | centerness=[-6.729, 0.978] | train_seen=1700
2026-05-24 14:46:42 | INFO | Epoch 16 | batch 900/1829 | loss=1.0771 | giou=0.4340 | bbox=0.0858 | ce=0.0369 | aux_giou=0.0391 | aux_bbox=0.0037 | aux_ce=0.0044 | mask=2048 | aux_mask=2082 | pos=424 | targets=424 | preds=1255 | centerness=[-8.176, -0.292] | train_seen=1800
2026-05-24 14:48:28 | INFO | Epoch 16 | batch 950/1829 | loss=0.9420 | giou=0.3970 | bbox=0.0474 | ce=0.0340 | aux_giou=0.0299 | aux_bbox=0.0044 | aux_ce=0.0025 | mask=1598 | aux_mask=1428 | pos=256 | targets=256 | preds=968 | centerness=[-8.245, 0.653] | train_seen=1900
2026-05-24 14:50:14 | INFO | Epoch 16 | batch 1000/1829 | loss=0.7334 | giou=0.3236 | bbox=0.0246 | ce=0.0101 | aux_giou=0.0246 | aux_bbox=0.0009 | aux_ce=0.0013 | mask=1271 | aux_mask=1371 | pos=23 | targets=23 | preds=430 | centerness=[-5.853, 0.817] | train_seen=2000
2026-05-24 14:52:00 | INFO | Epoch 16 | batch 1050/1829 | loss=0.9176 | giou=0.4238 | bbox=0.0412 | ce=0.0287 | aux_giou=0.0000 | aux_bbox=0.0000 | aux_ce=0.0000 | mask=1214 | aux_mask=893 | pos=135 | targets=135 | preds=840 | centerness=[-5.226, -0.246] | train_seen=2100
2026-05-24 14:53:47 | INFO | Epoch 16 | batch 1100/1829 | loss=0.7649 | giou=0.3588 | bbox=0.0355 | ce=0.0118 | aux_giou=0.0000 | aux_bbox=0.0000 | aux_ce=0.0000 | mask=1933 | aux_mask=1574 | pos=60 | targets=60 | preds=807 | centerness=[-4.739, -0.084] | train_seen=2200
2026-05-24 14:55:33 | INFO | Epoch 16 | batch 1150/1829 | loss=0.5397 | giou=0.2439 | bbox=0.0439 | ce=0.0081 | aux_giou=0.0000 | aux_bbox=0.0000 | aux_ce=0.0000 | mask=1354 | aux_mask=1430 | pos=28 | targets=28 | preds=423 | centerness=[-6.985, 0.434] | train_seen=2300
2026-05-24 14:57:19 | INFO | Epoch 16 | batch 1200/1829 | loss=0.6070 | giou=0.2554 | bbox=0.0231 | ce=0.0198 | aux_giou=0.0241 | aux_bbox=0.0015 | aux_ce=0.0036 | mask=1827 | aux_mask=1986 | pos=324 | targets=324 | preds=936 | centerness=[-6.231, -0.006] | train_seen=2400
2026-05-24 14:59:05 | INFO | Epoch 16 | batch 1250/1829 | loss=1.2462 | giou=0.5587 | bbox=0.0446 | ce=0.0842 | aux_giou=0.0000 | aux_bbox=0.0000 | aux_ce=0.0000 | mask=1605 | aux_mask=1453 | pos=541 | targets=541 | preds=1207 | centerness=[-4.857, 0.311] | train_seen=2500
2026-05-24 15:00:51 | INFO | Epoch 16 | batch 1300/1829 | loss=0.6732 | giou=0.3069 | bbox=0.0395 | ce=0.0198 | aux_giou=0.0000 | aux_bbox=0.0000 | aux_ce=0.0000 | mask=1669 | aux_mask=1703 | pos=104 | targets=104 | preds=696 | centerness=[-6.041, -0.266] | train_seen=2600
2026-05-24 15:02:37 | INFO | Epoch 16 | batch 1350/1829 | loss=0.6365 | giou=0.2898 | bbox=0.0352 | ce=0.0218 | aux_giou=0.0000 | aux_bbox=0.0000 | aux_ce=0.0000 | mask=1585 | aux_mask=1407 | pos=196 | targets=196 | preds=968 | centerness=[-6.428, 0.020] | train_seen=2700
2026-05-24 15:04:23 | INFO | Epoch 16 | batch 1400/1829 | loss=0.8388 | giou=0.3686 | bbox=0.0203 | ce=0.0043 | aux_giou=0.0375 | aux_bbox=0.0012 | aux_ce=0.0008 | mask=1514 | aux_mask=1688 | pos=68 | targets=68 | preds=146 | centerness=[-7.238, 2.082] | train_seen=2800
2026-05-24 15:06:09 | INFO | Epoch 16 | batch 1450/1829 | loss=0.4727 | giou=0.2108 | bbox=0.0441 | ce=0.0071 | aux_giou=0.0000 | aux_bbox=0.0000 | aux_ce=0.0000 | mask=1705 | aux_mask=1729 | pos=38 | targets=38 | preds=320 | centerness=[-6.649, -0.674] | train_seen=2900
2026-05-24 15:07:56 | INFO | Epoch 16 | batch 1500/1829 | loss=0.6338 | giou=0.2897 | bbox=0.0441 | ce=0.0102 | aux_giou=0.0000 | aux_bbox=0.0000 | aux_ce=0.0000 | mask=1283 | aux_mask=1183 | pos=41 | targets=41 | preds=337 | centerness=[-6.418, 0.368] | train_seen=3000
2026-05-24 15:09:42 | INFO | Epoch 16 | batch 1550/1829 | loss=0.9380 | giou=0.4132 | bbox=0.0283 | ce=0.0128 | aux_giou=0.0346 | aux_bbox=0.0010 | aux_ce=0.0003 | mask=2019 | aux_mask=1906 | pos=156 | targets=156 | preds=600 | centerness=[-5.488, 1.547] | train_seen=3100
2026-05-24 15:11:28 | INFO | Epoch 16 | batch 1600/1829 | loss=0.9442 | giou=0.4088 | bbox=0.0256 | ce=0.0144 | aux_giou=0.0422 | aux_bbox=0.0018 | aux_ce=0.0006 | mask=1315 | aux_mask=1353 | pos=150 | targets=150 | preds=529 | centerness=[-5.650, 0.153] | train_seen=3200
2026-05-24 15:13:14 | INFO | Epoch 16 | batch 1650/1829 | loss=0.7338 | giou=0.3264 | bbox=0.0322 | ce=0.0488 | aux_giou=0.0000 | aux_bbox=0.0000 | aux_ce=0.0000 | mask=2174 | aux_mask=1998 | pos=384 | targets=384 | preds=951 | centerness=[-4.709, -0.080] | train_seen=3300
2026-05-24 15:15:00 | INFO | Epoch 16 | batch 1700/1829 | loss=0.6409 | giou=0.2889 | bbox=0.0543 | ce=0.0089 | aux_giou=0.0000 | aux_bbox=0.0000 | aux_ce=0.0000 | mask=1640 | aux_mask=1680 | pos=55 | targets=55 | preds=543 | centerness=[-8.864, -0.100] | train_seen=3400
2026-05-24 15:16:46 | INFO | Epoch 16 | batch 1750/1829 | loss=1.5322 | giou=0.6434 | bbox=0.0458 | ce=0.0644 | aux_giou=0.0619 | aux_bbox=0.0056 | aux_ce=0.0056 | mask=2333 | aux_mask=1974 | pos=836 | targets=836 | preds=1856 | centerness=[-3.881, 0.460] | train_seen=3500
2026-05-24 15:18:32 | INFO | Epoch 16 | batch 1800/1829 | loss=0.9004 | giou=0.4146 | bbox=0.0480 | ce=0.0233 | aux_giou=0.0000 | aux_bbox=0.0000 | aux_ce=0.0000 | mask=1929 | aux_mask=1926 | pos=119 | targets=119 | preds=765 | centerness=[-6.444, -0.521] | train_seen=3600
2026-05-24 15:39:04 | INFO | Epoch 16 | train_loss=0.842 | val_loss=0.978 | train_mae=287.984 | val_mae=172.306 | val_rmse=226.79 | test_mae=187.855 | test_rmse=258.91 | time=5052.082s
2026-05-24 15:40:51 | INFO | Epoch 17 | batch 50/1829 | loss=1.1111 | giou=0.4704 | bbox=0.0421 | ce=0.0281 | aux_giou=0.0464 | aux_bbox=0.0031 | aux_ce=0.0043 | mask=1483 | aux_mask=1458 | pos=150 | targets=150 | preds=695 | centerness=[-8.340, 0.388] | train_seen=100
2026-05-24 15:42:37 | INFO | Epoch 17 | batch 100/1829 | loss=0.7280 | giou=0.3346 | bbox=0.0310 | ce=0.0278 | aux_giou=0.0000 | aux_bbox=0.0000 | aux_ce=0.0000 | mask=1779 | aux_mask=1552 | pos=204 | targets=204 | preds=796 | centerness=[-6.992, 0.310] | train_seen=200
2026-05-24 15:44:23 | INFO | Epoch 17 | batch 150/1829 | loss=0.6479 | giou=0.3041 | bbox=0.0304 | ce=0.0093 | aux_giou=0.0000 | aux_bbox=0.0000 | aux_ce=0.0000 | mask=1638 | aux_mask=1657 | pos=35 | targets=35 | preds=725 | centerness=[-5.507, 0.138] | train_seen=300
2026-05-24 15:46:09 | INFO | Epoch 17 | batch 200/1829 | loss=0.7465 | giou=0.3445 | bbox=0.0311 | ce=0.0265 | aux_giou=0.0000 | aux_bbox=0.0000 | aux_ce=0.0000 | mask=1381 | aux_mask=1376 | pos=197 | targets=197 | preds=924 | centerness=[-7.805, 0.172] | train_seen=400
2026-05-24 15:47:55 | INFO | Epoch 17 | batch 250/1829 | loss=1.2111 | giou=0.5456 | bbox=0.0291 | ce=0.0141 | aux_giou=0.0373 | aux_bbox=0.0013 | aux_ce=0.0010 | mask=1899 | aux_mask=1807 | pos=126 | targets=126 | preds=1111 | centerness=[-4.650, 1.351] | train_seen=500
2026-05-24 15:49:42 | INFO | Epoch 17 | batch 300/1829 | loss=0.8248 | giou=0.3597 | bbox=0.0161 | ce=0.0139 | aux_giou=0.0364 | aux_bbox=0.0017 | aux_ce=0.0010 | mask=1795 | aux_mask=1820 | pos=169 | targets=169 | preds=984 | centerness=[-5.604, 1.994] | train_seen=600
2026-05-24 15:51:28 | INFO | Epoch 17 | batch 350/1829 | loss=0.8515 | giou=0.4037 | bbox=0.0345 | ce=0.0095 | aux_giou=0.0000 | aux_bbox=0.0000 | aux_ce=0.0000 | mask=1263 | aux_mask=1423 | pos=43 | targets=43 | preds=502 | centerness=[-5.417, -0.077] | train_seen=700
2026-05-24 15:53:14 | INFO | Epoch 17 | batch 400/1829 | loss=0.5997 | giou=0.2729 | bbox=0.0319 | ce=0.0219 | aux_giou=0.0000 | aux_bbox=0.0000 | aux_ce=0.0000 | mask=1307 | aux_mask=1317 | pos=134 | targets=134 | preds=389 | centerness=[-4.865, 0.570] | train_seen=800
2026-05-24 15:55:01 | INFO | Epoch 17 | batch 450/1829 | loss=1.2424 | giou=0.5203 | bbox=0.0398 | ce=0.0459 | aux_giou=0.0536 | aux_bbox=0.0041 | aux_ce=0.0047 | mask=1511 | aux_mask=1410 | pos=102 | targets=102 | preds=1176 | centerness=[-4.996, 0.397] | train_seen=900
2026-05-24 15:56:47 | INFO | Epoch 17 | batch 500/1829 | loss=0.9572 | giou=0.3932 | bbox=0.0599 | ce=0.0116 | aux_giou=0.0460 | aux_bbox=0.0060 | aux_ce=0.0012 | mask=1338 | aux_mask=1327 | pos=94 | targets=94 | preds=259 | centerness=[-8.572, 0.392] | train_seen=1000
2026-05-24 15:58:33 | INFO | Epoch 17 | batch 550/1829 | loss=1.0570 | giou=0.4535 | bbox=0.0289 | ce=0.0372 | aux_giou=0.0390 | aux_bbox=0.0026 | aux_ce=0.0031 | mask=1553 | aux_mask=1506 | pos=277 | targets=277 | preds=986 | centerness=[-4.553, 0.655] | train_seen=1100
2026-05-24 16:00:20 | INFO | Epoch 17 | batch 600/1829 | loss=0.9978 | giou=0.4709 | bbox=0.0246 | ce=0.0313 | aux_giou=0.0000 | aux_bbox=0.0000 | aux_ce=0.0000 | mask=2144 | aux_mask=1763 | pos=516 | targets=516 | preds=1763 | centerness=[-3.727, 0.438] | train_seen=1200
2026-05-24 16:02:06 | INFO | Epoch 17 | batch 650/1829 | loss=0.7497 | giou=0.3542 | bbox=0.0236 | ce=0.0176 | aux_giou=0.0000 | aux_bbox=0.0000 | aux_ce=0.0000 | mask=1729 | aux_mask=1235 | pos=162 | targets=162 | preds=539 | centerness=[-5.575, 1.565] | train_seen=1300
2026-05-24 16:03:52 | INFO | Epoch 17 | batch 700/1829 | loss=0.9024 | giou=0.4010 | bbox=0.0678 | ce=0.0327 | aux_giou=0.0000 | aux_bbox=0.0000 | aux_ce=0.0000 | mask=1704 | aux_mask=1676 | pos=241 | targets=241 | preds=501 | centerness=[-10.546, -0.009] | train_seen=1400
2026-05-24 16:05:39 | INFO | Epoch 17 | batch 750/1829 | loss=0.6565 | giou=0.3010 | bbox=0.0408 | ce=0.0138 | aux_giou=0.0000 | aux_bbox=0.0000 | aux_ce=0.0000 | mask=1677 | aux_mask=1814 | pos=70 | targets=70 | preds=348 | centerness=[-5.514, -0.315] | train_seen=1500
2026-05-24 16:07:25 | INFO | Epoch 17 | batch 800/1829 | loss=1.0355 | giou=0.4161 | bbox=0.0437 | ce=0.0406 | aux_giou=0.0552 | aux_bbox=0.0025 | aux_ce=0.0061 | mask=2316 | aux_mask=2024 | pos=443 | targets=443 | preds=1616 | centerness=[-10.371, 0.450] | train_seen=1600
2026-05-24 16:09:11 | INFO | Epoch 17 | batch 850/1829 | loss=0.6305 | giou=0.2826 | bbox=0.0514 | ce=0.0139 | aux_giou=0.0000 | aux_bbox=0.0000 | aux_ce=0.0000 | mask=1647 | aux_mask=1802 | pos=70 | targets=70 | preds=302 | centerness=[-8.063, -0.468] | train_seen=1700
2026-05-24 16:10:57 | INFO | Epoch 17 | batch 900/1829 | loss=0.8064 | giou=0.3683 | bbox=0.0329 | ce=0.0370 | aux_giou=0.0000 | aux_bbox=0.0000 | aux_ce=0.0000 | mask=1980 | aux_mask=1772 | pos=390 | targets=390 | preds=1093 | centerness=[-5.770, -0.151] | train_seen=1800
2026-05-24 16:12:44 | INFO | Epoch 17 | batch 950/1829 | loss=0.7930 | giou=0.3652 | bbox=0.0417 | ce=0.0209 | aux_giou=0.0000 | aux_bbox=0.0000 | aux_ce=0.0000 | mask=1280 | aux_mask=1318 | pos=81 | targets=81 | preds=434 | centerness=[-7.904, 0.018] | train_seen=1900
2026-05-24 16:14:30 | INFO | Epoch 17 | batch 1000/1829 | loss=0.5810 | giou=0.2619 | bbox=0.0518 | ce=0.0054 | aux_giou=0.0000 | aux_bbox=0.0000 | aux_ce=0.0000 | mask=1780 | aux_mask=1774 | pos=24 | targets=24 | preds=303 | centerness=[-7.113, -0.303] | train_seen=2000
2026-05-24 16:16:17 | INFO | Epoch 17 | batch 1050/1829 | loss=1.2095 | giou=0.5125 | bbox=0.0346 | ce=0.0431 | aux_giou=0.0490 | aux_bbox=0.0043 | aux_ce=0.0046 | mask=1930 | aux_mask=1756 | pos=400 | targets=400 | preds=1677 | centerness=[-3.801, 0.529] | train_seen=2100
2026-05-24 16:18:03 | INFO | Epoch 17 | batch 1100/1829 | loss=0.5785 | giou=0.2611 | bbox=0.0349 | ce=0.0213 | aux_giou=0.0000 | aux_bbox=0.0000 | aux_ce=0.0000 | mask=1867 | aux_mask=1766 | pos=187 | targets=187 | preds=767 | centerness=[-6.834, -0.365] | train_seen=2200
2026-05-24 16:19:49 | INFO | Epoch 17 | batch 1150/1829 | loss=0.7924 | giou=0.3601 | bbox=0.0434 | ce=0.0289 | aux_giou=0.0000 | aux_bbox=0.0000 | aux_ce=0.0000 | mask=1686 | aux_mask=1807 | pos=167 | targets=167 | preds=664 | centerness=[-5.908, 0.402] | train_seen=2300
2026-05-24 16:21:35 | INFO | Epoch 17 | batch 1200/1829 | loss=1.0194 | giou=0.4687 | bbox=0.0331 | ce=0.0489 | aux_giou=0.0000 | aux_bbox=0.0000 | aux_ce=0.0000 | mask=2055 | aux_mask=1731 | pos=838 | targets=838 | preds=1256 | centerness=[-3.736, 0.355] | train_seen=2400
2026-05-24 16:23:22 | INFO | Epoch 17 | batch 1250/1829 | loss=0.7858 | giou=0.3698 | bbox=0.0225 | ce=0.0237 | aux_giou=0.0000 | aux_bbox=0.0000 | aux_ce=0.0000 | mask=2235 | aux_mask=1588 | pos=290 | targets=290 | preds=1364 | centerness=[-5.278, 0.198] | train_seen=2500
2026-05-24 16:25:08 | INFO | Epoch 17 | batch 1300/1829 | loss=0.5075 | giou=0.2250 | bbox=0.0415 | ce=0.0159 | aux_giou=0.0000 | aux_bbox=0.0000 | aux_ce=0.0000 | mask=914 | aux_mask=1036 | pos=61 | targets=61 | preds=205 | centerness=[-9.154, 0.143] | train_seen=2600
2026-05-24 16:26:54 | INFO | Epoch 17 | batch 1350/1829 | loss=0.7127 | giou=0.3154 | bbox=0.0484 | ce=0.0336 | aux_giou=0.0000 | aux_bbox=0.0000 | aux_ce=0.0000 | mask=1068 | aux_mask=1326 | pos=232 | targets=232 | preds=496 | centerness=[-8.046, -0.163] | train_seen=2700
2026-05-24 16:28:40 | INFO | Epoch 17 | batch 1400/1829 | loss=0.5729 | giou=0.2754 | bbox=0.0171 | ce=0.0051 | aux_giou=0.0000 | aux_bbox=0.0000 | aux_ce=0.0000 | mask=1838 | aux_mask=1628 | pos=67 | targets=67 | preds=197 | centerness=[-5.712, 1.305] | train_seen=2800
2026-05-24 16:30:27 | INFO | Epoch 17 | batch 1450/1829 | loss=0.5034 | giou=0.2265 | bbox=0.0353 | ce=0.0150 | aux_giou=0.0000 | aux_bbox=0.0000 | aux_ce=0.0000 | mask=1578 | aux_mask=1347 | pos=72 | targets=72 | preds=575 | centerness=[-4.897, -0.442] | train_seen=2900
2026-05-24 16:32:13 | INFO | Epoch 17 | batch 1500/1829 | loss=0.8663 | giou=0.4045 | bbox=0.0467 | ce=0.0106 | aux_giou=0.0000 | aux_bbox=0.0000 | aux_ce=0.0000 | mask=1677 | aux_mask=1615 | pos=64 | targets=64 | preds=884 | centerness=[-6.009, 0.314] | train_seen=3000
2026-05-24 16:33:59 | INFO | Epoch 17 | batch 1550/1829 | loss=0.7709 | giou=0.3635 | bbox=0.0377 | ce=0.0061 | aux_giou=0.0000 | aux_bbox=0.0000 | aux_ce=0.0000 | mask=1192 | aux_mask=1287 | pos=40 | targets=40 | preds=231 | centerness=[-7.617, 1.170] | train_seen=3100
2026-05-24 16:35:45 | INFO | Epoch 17 | batch 1600/1829 | loss=0.6651 | giou=0.2946 | bbox=0.0625 | ce=0.0134 | aux_giou=0.0000 | aux_bbox=0.0000 | aux_ce=0.0000 | mask=1275 | aux_mask=1683 | pos=62 | targets=62 | preds=248 | centerness=[-7.940, -0.338] | train_seen=3200
2026-05-24 16:37:32 | INFO | Epoch 17 | batch 1650/1829 | loss=0.6868 | giou=0.3121 | bbox=0.0372 | ce=0.0254 | aux_giou=0.0000 | aux_bbox=0.0000 | aux_ce=0.0000 | mask=1461 | aux_mask=1807 | pos=179 | targets=179 | preds=497 | centerness=[-5.156, -0.040] | train_seen=3300
2026-05-24 16:39:18 | INFO | Epoch 17 | batch 1700/1829 | loss=0.9649 | giou=0.4441 | bbox=0.0412 | ce=0.0355 | aux_giou=0.0000 | aux_bbox=0.0000 | aux_ce=0.0000 | mask=1478 | aux_mask=1464 | pos=144 | targets=144 | preds=865 | centerness=[-4.428, -0.179] | train_seen=3400
2026-05-24 16:41:04 | INFO | Epoch 17 | batch 1750/1829 | loss=0.9707 | giou=0.4264 | bbox=0.0268 | ce=0.0305 | aux_giou=0.0286 | aux_bbox=0.0015 | aux_ce=0.0019 | mask=1606 | aux_mask=1623 | pos=377 | targets=377 | preds=655 | centerness=[-4.727, 0.957] | train_seen=3500
2026-05-24 16:42:50 | INFO | Epoch 17 | batch 1800/1829 | loss=0.6234 | giou=0.2906 | bbox=0.0239 | ce=0.0182 | aux_giou=0.0000 | aux_bbox=0.0000 | aux_ce=0.0000 | mask=1675 | aux_mask=1489 | pos=86 | targets=86 | preds=1006 | centerness=[-6.201, -0.031] | train_seen=3600
2026-05-24 17:03:22 | INFO | Epoch 17 | train_loss=0.833 | val_loss=0.977 | train_mae=283.590 | val_mae=153.442 | val_rmse=207.15 | test_mae=169.928 | test_rmse=241.34 | time=5056.619s
2026-05-24 17:05:09 | INFO | Epoch 18 | batch 50/1829 | loss=1.7261 | giou=0.6803 | bbox=0.1287 | ce=0.0227 | aux_giou=0.0955 | aux_bbox=0.0182 | aux_ce=0.0048 | mask=1466 | aux_mask=1375 | pos=116 | targets=116 | preds=930 | centerness=[-9.392, 0.289] | train_seen=100
2026-05-24 17:06:55 | INFO | Epoch 18 | batch 100/1829 | loss=0.7545 | giou=0.3568 | bbox=0.0229 | ce=0.0181 | aux_giou=0.0000 | aux_bbox=0.0000 | aux_ce=0.0000 | mask=1395 | aux_mask=1344 | pos=179 | targets=179 | preds=796 | centerness=[-4.650, 0.769] | train_seen=200
2026-05-24 17:08:41 | INFO | Epoch 18 | batch 150/1829 | loss=0.9521 | giou=0.4022 | bbox=0.0475 | ce=0.0248 | aux_giou=0.0334 | aux_bbox=0.0059 | aux_ce=0.0025 | mask=1295 | aux_mask=1470 | pos=130 | targets=130 | preds=684 | centerness=[-5.329, -0.091] | train_seen=300
2026-05-24 17:10:28 | INFO | Epoch 18 | batch 200/1829 | loss=0.7304 | giou=0.3431 | bbox=0.0252 | ce=0.0191 | aux_giou=0.0000 | aux_bbox=0.0000 | aux_ce=0.0000 | mask=1574 | aux_mask=1635 | pos=68 | targets=68 | preds=1023 | centerness=[-5.269, 0.032] | train_seen=400
2026-05-24 17:12:14 | INFO | Epoch 18 | batch 250/1829 | loss=0.5913 | giou=0.2692 | bbox=0.0463 | ce=0.0066 | aux_giou=0.0000 | aux_bbox=0.0000 | aux_ce=0.0000 | mask=1621 | aux_mask=1548 | pos=28 | targets=28 | preds=330 | centerness=[-9.164, -0.735] | train_seen=500
2026-05-24 17:14:00 | INFO | Epoch 18 | batch 300/1829 | loss=1.0813 | giou=0.4692 | bbox=0.0390 | ce=0.0218 | aux_giou=0.0358 | aux_bbox=0.0091 | aux_ce=0.0014 | mask=1611 | aux_mask=1682 | pos=128 | targets=128 | preds=776 | centerness=[-9.421, 0.523] | train_seen=600
2026-05-24 17:15:46 | INFO | Epoch 18 | batch 350/1829 | loss=1.1879 | giou=0.4827 | bbox=0.0548 | ce=0.0435 | aux_giou=0.0565 | aux_bbox=0.0059 | aux_ce=0.0053 | mask=2047 | aux_mask=1867 | pos=455 | targets=455 | preds=1267 | centerness=[-6.205, 0.349] | train_seen=700
2026-05-24 17:17:33 | INFO | Epoch 18 | batch 400/1829 | loss=0.5312 | giou=0.2476 | bbox=0.0258 | ce=0.0101 | aux_giou=0.0000 | aux_bbox=0.0000 | aux_ce=0.0000 | mask=1407 | aux_mask=1602 | pos=57 | targets=57 | preds=448 | centerness=[-5.893, 0.326] | train_seen=800
2026-05-24 17:19:19 | INFO | Epoch 18 | batch 450/1829 | loss=1.0468 | giou=0.4786 | bbox=0.0741 | ce=0.0156 | aux_giou=0.0000 | aux_bbox=0.0000 | aux_ce=0.0000 | mask=1153 | aux_mask=1052 | pos=52 | targets=52 | preds=425 | centerness=[-5.254, 1.655] | train_seen=900
2026-05-24 17:21:05 | INFO | Epoch 18 | batch 500/1829 | loss=0.5170 | giou=0.2391 | bbox=0.0252 | ce=0.0135 | aux_giou=0.0000 | aux_bbox=0.0000 | aux_ce=0.0000 | mask=1357 | aux_mask=1072 | pos=53 | targets=53 | preds=618 | centerness=[-6.275, 0.135] | train_seen=1000
2026-05-24 17:22:51 | INFO | Epoch 18 | batch 550/1829 | loss=0.9104 | giou=0.4265 | bbox=0.0342 | ce=0.0232 | aux_giou=0.0000 | aux_bbox=0.0000 | aux_ce=0.0000 | mask=1648 | aux_mask=1548 | pos=268 | targets=268 | preds=1281 | centerness=[-6.852, 0.369] | train_seen=1100
2026-05-24 17:24:38 | INFO | Epoch 18 | batch 600/1829 | loss=0.7226 | giou=0.3335 | bbox=0.0223 | ce=0.0333 | aux_giou=0.0000 | aux_bbox=0.0000 | aux_ce=0.0000 | mask=1665 | aux_mask=1678 | pos=375 | targets=375 | preds=1204 | centerness=[-5.163, 0.604] | train_seen=1200
2026-05-24 17:26:24 | INFO | Epoch 18 | batch 650/1829 | loss=0.8018 | giou=0.3740 | bbox=0.0412 | ce=0.0126 | aux_giou=0.0000 | aux_bbox=0.0000 | aux_ce=0.0000 | mask=1163 | aux_mask=1150 | pos=24 | targets=24 | preds=559 | centerness=[-6.324, 0.289] | train_seen=1300
2026-05-24 17:28:11 | INFO | Epoch 18 | batch 700/1829 | loss=0.5388 | giou=0.2394 | bbox=0.0434 | ce=0.0166 | aux_giou=0.0000 | aux_bbox=0.0000 | aux_ce=0.0000 | mask=1074 | aux_mask=1307 | pos=58 | targets=58 | preds=254 | centerness=[-10.019, -0.406] | train_seen=1400
2026-05-24 17:29:57 | INFO | Epoch 18 | batch 750/1829 | loss=1.0362 | giou=0.4316 | bbox=0.0178 | ce=0.0190 | aux_giou=0.0637 | aux_bbox=0.0054 | aux_ce=0.0032 | mask=1536 | aux_mask=1294 | pos=121 | targets=121 | preds=1306 | centerness=[-4.292, 0.529] | train_seen=1500
2026-05-24 17:31:43 | INFO | Epoch 18 | batch 800/1829 | loss=0.8560 | giou=0.3903 | bbox=0.0279 | ce=0.0474 | aux_giou=0.0000 | aux_bbox=0.0000 | aux_ce=0.0000 | mask=1969 | aux_mask=1822 | pos=712 | targets=712 | preds=1397 | centerness=[-4.440, 0.488] | train_seen=1600
2026-05-24 17:33:29 | INFO | Epoch 18 | batch 850/1829 | loss=0.7592 | giou=0.3541 | bbox=0.0380 | ce=0.0129 | aux_giou=0.0000 | aux_bbox=0.0000 | aux_ce=0.0000 | mask=1297 | aux_mask=1673 | pos=141 | targets=141 | preds=487 | centerness=[-5.540, 0.547] | train_seen=1700
2026-05-24 17:35:15 | INFO | Epoch 18 | batch 900/1829 | loss=0.9247 | giou=0.4352 | bbox=0.0303 | ce=0.0240 | aux_giou=0.0000 | aux_bbox=0.0000 | aux_ce=0.0000 | mask=1705 | aux_mask=1533 | pos=253 | targets=253 | preds=878 | centerness=[-5.297, 1.362] | train_seen=1800
2026-05-24 17:37:01 | INFO | Epoch 18 | batch 950/1829 | loss=1.0915 | giou=0.4650 | bbox=0.0276 | ce=0.0368 | aux_giou=0.0458 | aux_bbox=0.0016 | aux_ce=0.0039 | mask=2299 | aux_mask=2019 | pos=85 | targets=85 | preds=1817 | centerness=[-5.947, 0.404] | train_seen=1900
2026-05-24 17:38:48 | INFO | Epoch 18 | batch 1000/1829 | loss=0.7035 | giou=0.3223 | bbox=0.0372 | ce=0.0216 | aux_giou=0.0000 | aux_bbox=0.0000 | aux_ce=0.0000 | mask=1991 | aux_mask=1726 | pos=136 | targets=136 | preds=798 | centerness=[-5.395, -0.288] | train_seen=2000
2026-05-24 17:40:34 | INFO | Epoch 18 | batch 1050/1829 | loss=0.6552 | giou=0.2963 | bbox=0.0427 | ce=0.0199 | aux_giou=0.0000 | aux_bbox=0.0000 | aux_ce=0.0000 | mask=2831 | aux_mask=2632 | pos=231 | targets=231 | preds=1049 | centerness=[-7.718, -0.189] | train_seen=2100
2026-05-24 17:42:20 | INFO | Epoch 18 | batch 1100/1829 | loss=1.0594 | giou=0.4557 | bbox=0.0329 | ce=0.0346 | aux_giou=0.0363 | aux_bbox=0.0032 | aux_ce=0.0046 | mask=2078 | aux_mask=1895 | pos=305 | targets=305 | preds=1446 | centerness=[-4.963, 0.391] | train_seen=2200
2026-05-24 17:44:06 | INFO | Epoch 18 | batch 1150/1829 | loss=0.5585 | giou=0.2506 | bbox=0.0427 | ce=0.0146 | aux_giou=0.0000 | aux_bbox=0.0000 | aux_ce=0.0000 | mask=1243 | aux_mask=1444 | pos=47 | targets=47 | preds=359 | centerness=[-8.497, -0.631] | train_seen=2300
2026-05-24 17:45:53 | INFO | Epoch 18 | batch 1200/1829 | loss=0.5405 | giou=0.2548 | bbox=0.0198 | ce=0.0112 | aux_giou=0.0000 | aux_bbox=0.0000 | aux_ce=0.0000 | mask=2053 | aux_mask=1879 | pos=69 | targets=69 | preds=1030 | centerness=[-5.463, -0.100] | train_seen=2400
2026-05-24 17:47:39 | INFO | Epoch 18 | batch 1250/1829 | loss=1.8331 | giou=0.7145 | bbox=0.1173 | ce=0.0768 | aux_giou=0.0888 | aux_bbox=0.0221 | aux_ce=0.0103 | mask=1479 | aux_mask=1144 | pos=821 | targets=821 | preds=891 | centerness=[-6.098, 1.642] | train_seen=2500
2026-05-24 17:49:25 | INFO | Epoch 18 | batch 1300/1829 | loss=0.7290 | giou=0.3305 | bbox=0.0550 | ce=0.0130 | aux_giou=0.0000 | aux_bbox=0.0000 | aux_ce=0.0000 | mask=2174 | aux_mask=2212 | pos=72 | targets=72 | preds=514 | centerness=[-5.695, -0.036] | train_seen=2600
2026-05-24 17:51:11 | INFO | Epoch 18 | batch 1350/1829 | loss=0.8958 | giou=0.4150 | bbox=0.0214 | ce=0.0446 | aux_giou=0.0000 | aux_bbox=0.0000 | aux_ce=0.0000 | mask=2305 | aux_mask=1791 | pos=256 | targets=256 | preds=1842 | centerness=[-4.309, 0.960] | train_seen=2700
2026-05-24 17:52:58 | INFO | Epoch 18 | batch 1400/1829 | loss=1.1588 | giou=0.4890 | bbox=0.0436 | ce=0.0369 | aux_giou=0.0472 | aux_bbox=0.0038 | aux_ce=0.0020 | mask=1231 | aux_mask=1238 | pos=201 | targets=201 | preds=736 | centerness=[-5.367, 0.046] | train_seen=2800
2026-05-24 17:54:44 | INFO | Epoch 18 | batch 1450/1829 | loss=0.9240 | giou=0.3882 | bbox=0.0364 | ce=0.0254 | aux_giou=0.0411 | aux_bbox=0.0014 | aux_ce=0.0023 | mask=1424 | aux_mask=1447 | pos=75 | targets=75 | preds=611 | centerness=[-8.421, 0.480] | train_seen=2900
2026-05-24 17:56:30 | INFO | Epoch 18 | batch 1500/1829 | loss=0.6748 | giou=0.3073 | bbox=0.0433 | ce=0.0168 | aux_giou=0.0000 | aux_bbox=0.0000 | aux_ce=0.0000 | mask=2247 | aux_mask=2205 | pos=98 | targets=98 | preds=694 | centerness=[-5.191, -0.013] | train_seen=3000
2026-05-24 17:58:16 | INFO | Epoch 18 | batch 1550/1829 | loss=0.4832 | giou=0.2166 | bbox=0.0281 | ce=0.0219 | aux_giou=0.0000 | aux_bbox=0.0000 | aux_ce=0.0000 | mask=1303 | aux_mask=1400 | pos=82 | targets=82 | preds=461 | centerness=[-8.847, -0.473] | train_seen=3100
2026-05-24 18:00:03 | INFO | Epoch 18 | batch 1600/1829 | loss=0.6914 | giou=0.3118 | bbox=0.0459 | ce=0.0220 | aux_giou=0.0000 | aux_bbox=0.0000 | aux_ce=0.0000 | mask=1378 | aux_mask=1526 | pos=133 | targets=133 | preds=454 | centerness=[-6.345, 0.052] | train_seen=3200
2026-05-24 18:01:49 | INFO | Epoch 18 | batch 1650/1829 | loss=0.5892 | giou=0.2697 | bbox=0.0347 | ce=0.0150 | aux_giou=0.0000 | aux_bbox=0.0000 | aux_ce=0.0000 | mask=1513 | aux_mask=1404 | pos=71 | targets=71 | preds=585 | centerness=[-5.650, 0.051] | train_seen=3300
2026-05-24 18:03:35 | INFO | Epoch 18 | batch 1700/1829 | loss=0.6181 | giou=0.2842 | bbox=0.0289 | ce=0.0208 | aux_giou=0.0000 | aux_bbox=0.0000 | aux_ce=0.0000 | mask=2133 | aux_mask=1971 | pos=217 | targets=217 | preds=1058 | centerness=[-5.957, 0.251] | train_seen=3400
2026-05-24 18:05:22 | INFO | Epoch 18 | batch 1750/1829 | loss=0.8043 | giou=0.3625 | bbox=0.0420 | ce=0.0372 | aux_giou=0.0000 | aux_bbox=0.0000 | aux_ce=0.0000 | mask=1044 | aux_mask=1003 | pos=127 | targets=127 | preds=611 | centerness=[-4.998, -0.017] | train_seen=3500
2026-05-24 18:07:08 | INFO | Epoch 18 | batch 1800/1829 | loss=0.6194 | giou=0.2873 | bbox=0.0219 | ce=0.0229 | aux_giou=0.0000 | aux_bbox=0.0000 | aux_ce=0.0000 | mask=1663 | aux_mask=1521 | pos=197 | targets=197 | preds=926 | centerness=[-5.394, 0.059] | train_seen=3600
2026-05-24 18:27:39 | INFO | Epoch 18 | train_loss=0.824 | val_loss=0.951 | train_mae=278.436 | val_mae=155.675 | val_rmse=211.58 | test_mae=170.351 | test_rmse=245.44 | time=5055.287s
2026-05-24 18:29:26 | INFO | Epoch 19 | batch 50/1829 | loss=0.7219 | giou=0.3333 | bbox=0.0256 | ce=0.0297 | aux_giou=0.0000 | aux_bbox=0.0000 | aux_ce=0.0000 | mask=2558 | aux_mask=2189 | pos=200 | targets=200 | preds=1537 | centerness=[-5.075, 0.405] | train_seen=100
2026-05-24 18:31:12 | INFO | Epoch 19 | batch 100/1829 | loss=0.8279 | giou=0.3423 | bbox=0.0330 | ce=0.0210 | aux_giou=0.0417 | aux_bbox=0.0027 | aux_ce=0.0032 | mask=1717 | aux_mask=1514 | pos=148 | targets=148 | preds=1101 | centerness=[-6.107, 0.659] | train_seen=200
2026-05-24 18:32:58 | INFO | Epoch 19 | batch 150/1829 | loss=0.9593 | giou=0.3953 | bbox=0.0310 | ce=0.0308 | aux_giou=0.0494 | aux_bbox=0.0037 | aux_ce=0.0045 | mask=2082 | aux_mask=1741 | pos=412 | targets=412 | preds=1266 | centerness=[-4.647, 0.720] | train_seen=300
2026-05-24 18:34:45 | INFO | Epoch 19 | batch 200/1829 | loss=0.9358 | giou=0.4000 | bbox=0.0372 | ce=0.0158 | aux_giou=0.0370 | aux_bbox=0.0078 | aux_ce=0.0010 | mask=1854 | aux_mask=1701 | pos=136 | targets=136 | preds=603 | centerness=[-4.986, 0.213] | train_seen=400
2026-05-24 18:36:31 | INFO | Epoch 19 | batch 250/1829 | loss=0.8157 | giou=0.3796 | bbox=0.0333 | ce=0.0232 | aux_giou=0.0000 | aux_bbox=0.0000 | aux_ce=0.0000 | mask=1331 | aux_mask=1110 | pos=116 | targets=116 | preds=849 | centerness=[-5.907, -0.015] | train_seen=500
2026-05-24 18:38:17 | INFO | Epoch 19 | batch 300/1829 | loss=0.8656 | giou=0.4121 | bbox=0.0250 | ce=0.0165 | aux_giou=0.0000 | aux_bbox=0.0000 | aux_ce=0.0000 | mask=2024 | aux_mask=1789 | pos=102 | targets=102 | preds=1360 | centerness=[-4.929, 0.460] | train_seen=600
2026-05-24 18:40:03 | INFO | Epoch 19 | batch 350/1829 | loss=0.6760 | giou=0.3106 | bbox=0.0489 | ce=0.0059 | aux_giou=0.0000 | aux_bbox=0.0000 | aux_ce=0.0000 | mask=1352 | aux_mask=1659 | pos=24 | targets=24 | preds=137 | centerness=[-6.555, 0.023] | train_seen=700
2026-05-24 18:41:49 | INFO | Epoch 19 | batch 400/1829 | loss=0.8084 | giou=0.3499 | bbox=0.0207 | ce=0.0162 | aux_giou=0.0346 | aux_bbox=0.0012 | aux_ce=0.0015 | mask=2140 | aux_mask=2088 | pos=168 | targets=168 | preds=631 | centerness=[-4.777, 1.801] | train_seen=800
2026-05-24 18:43:36 | INFO | Epoch 19 | batch 450/1829 | loss=0.6274 | giou=0.2836 | bbox=0.0410 | ce=0.0192 | aux_giou=0.0000 | aux_bbox=0.0000 | aux_ce=0.0000 | mask=1181 | aux_mask=1425 | pos=122 | targets=122 | preds=349 | centerness=[-9.770, -0.130] | train_seen=900
2026-05-24 18:45:22 | INFO | Epoch 19 | batch 500/1829 | loss=0.6160 | giou=0.2893 | bbox=0.0320 | ce=0.0054 | aux_giou=0.0000 | aux_bbox=0.0000 | aux_ce=0.0000 | mask=1116 | aux_mask=1079 | pos=21 | targets=21 | preds=186 | centerness=[-6.658, 0.132] | train_seen=1000
2026-05-24 18:47:08 | INFO | Epoch 19 | batch 550/1829 | loss=0.6730 | giou=0.3152 | bbox=0.0319 | ce=0.0107 | aux_giou=0.0000 | aux_bbox=0.0000 | aux_ce=0.0000 | mask=1591 | aux_mask=1685 | pos=32 | targets=32 | preds=669 | centerness=[-7.906, 0.666] | train_seen=1100
2026-05-24 18:48:54 | INFO | Epoch 19 | batch 600/1829 | loss=0.8333 | giou=0.3806 | bbox=0.0323 | ce=0.0398 | aux_giou=0.0000 | aux_bbox=0.0000 | aux_ce=0.0000 | mask=1948 | aux_mask=1654 | pos=346 | targets=346 | preds=1137 | centerness=[-4.890, 0.280] | train_seen=1200
2026-05-24 18:50:40 | INFO | Epoch 19 | batch 650/1829 | loss=0.8124 | giou=0.3430 | bbox=0.0545 | ce=0.0095 | aux_giou=0.0300 | aux_bbox=0.0020 | aux_ce=0.0006 | mask=1143 | aux_mask=1181 | pos=49 | targets=49 | preds=225 | centerness=[-6.684, 0.231] | train_seen=1300
2026-05-24 18:52:27 | INFO | Epoch 19 | batch 700/1829 | loss=0.9103 | giou=0.4170 | bbox=0.0300 | ce=0.0464 | aux_giou=0.0000 | aux_bbox=0.0000 | aux_ce=0.0000 | mask=2262 | aux_mask=2196 | pos=377 | targets=377 | preds=1480 | centerness=[-5.582, 0.528] | train_seen=1400
2026-05-24 18:54:13 | INFO | Epoch 19 | batch 750/1829 | loss=0.8563 | giou=0.3853 | bbox=0.0411 | ce=0.0446 | aux_giou=0.0000 | aux_bbox=0.0000 | aux_ce=0.0000 | mask=1711 | aux_mask=1618 | pos=632 | targets=632 | preds=1026 | centerness=[-4.447, 0.434] | train_seen=1500
2026-05-24 18:56:00 | INFO | Epoch 19 | batch 800/1829 | loss=0.8924 | giou=0.3831 | bbox=0.0483 | ce=0.0142 | aux_giou=0.0298 | aux_bbox=0.0012 | aux_ce=0.0029 | mask=1449 | aux_mask=1263 | pos=141 | targets=141 | preds=427 | centerness=[-4.958, 1.051] | train_seen=1600
2026-05-24 18:57:46 | INFO | Epoch 19 | batch 850/1829 | loss=0.8141 | giou=0.3815 | bbox=0.0290 | ce=0.0220 | aux_giou=0.0000 | aux_bbox=0.0000 | aux_ce=0.0000 | mask=1688 | aux_mask=1456 | pos=152 | targets=152 | preds=821 | centerness=[-5.610, 0.058] | train_seen=1700
2026-05-24 18:59:32 | INFO | Epoch 19 | batch 900/1829 | loss=0.7356 | giou=0.3404 | bbox=0.0227 | ce=0.0321 | aux_giou=0.0000 | aux_bbox=0.0000 | aux_ce=0.0000 | mask=2554 | aux_mask=1904 | pos=408 | targets=408 | preds=1555 | centerness=[-3.853, 0.211] | train_seen=1800
2026-05-24 19:01:18 | INFO | Epoch 19 | batch 950/1829 | loss=0.6444 | giou=0.2947 | bbox=0.0429 | ce=0.0122 | aux_giou=0.0000 | aux_bbox=0.0000 | aux_ce=0.0000 | mask=1638 | aux_mask=1540 | pos=68 | targets=68 | preds=430 | centerness=[-6.824, -0.214] | train_seen=1900
2026-05-24 19:03:05 | INFO | Epoch 19 | batch 1000/1829 | loss=1.3085 | giou=0.5574 | bbox=0.0338 | ce=0.0520 | aux_giou=0.0503 | aux_bbox=0.0033 | aux_ce=0.0040 | mask=2158 | aux_mask=1815 | pos=579 | targets=579 | preds=1386 | centerness=[-5.062, 0.099] | train_seen=2000
2026-05-24 19:04:56 | INFO | Epoch 19 | batch 1050/1829 | loss=0.8691 | giou=0.3959 | bbox=0.0351 | ce=0.0422 | aux_giou=0.0000 | aux_bbox=0.0000 | aux_ce=0.0000 | mask=1765 | aux_mask=1600 | pos=376 | targets=376 | preds=994 | centerness=[-4.658, 0.096] | train_seen=2100
2026-05-24 19:06:45 | INFO | Epoch 19 | batch 1100/1829 | loss=0.8150 | giou=0.3333 | bbox=0.0415 | ce=0.0224 | aux_giou=0.0393 | aux_bbox=0.0029 | aux_ce=0.0031 | mask=1691 | aux_mask=1614 | pos=192 | targets=192 | preds=607 | centerness=[-5.301, 0.544] | train_seen=2200
2026-05-24 19:08:33 | INFO | Epoch 19 | batch 1150/1829 | loss=0.9943 | giou=0.4517 | bbox=0.0411 | ce=0.0498 | aux_giou=0.0000 | aux_bbox=0.0000 | aux_ce=0.0000 | mask=2179 | aux_mask=2562 | pos=672 | targets=672 | preds=1356 | centerness=[-4.140, 0.568] | train_seen=2300
2026-05-24 19:10:21 | INFO | Epoch 19 | batch 1200/1829 | loss=0.7746 | giou=0.3707 | bbox=0.0264 | ce=0.0067 | aux_giou=0.0000 | aux_bbox=0.0000 | aux_ce=0.0000 | mask=1404 | aux_mask=1414 | pos=59 | targets=59 | preds=203 | centerness=[-7.003, 0.362] | train_seen=2400
2026-05-24 19:12:11 | INFO | Epoch 19 | batch 1250/1829 | loss=0.8309 | giou=0.3712 | bbox=0.0719 | ce=0.0167 | aux_giou=0.0000 | aux_bbox=0.0000 | aux_ce=0.0000 | mask=1337 | aux_mask=1086 | pos=89 | targets=89 | preds=419 | centerness=[-8.496, -0.341] | train_seen=2500
2026-05-24 19:14:01 | INFO | Epoch 19 | batch 1300/1829 | loss=0.7254 | giou=0.3415 | bbox=0.0281 | ce=0.0144 | aux_giou=0.0000 | aux_bbox=0.0000 | aux_ce=0.0000 | mask=1344 | aux_mask=1389 | pos=87 | targets=87 | preds=372 | centerness=[-7.999, 0.570] | train_seen=2600
2026-05-24 19:15:52 | INFO | Epoch 19 | batch 1350/1829 | loss=1.2754 | giou=0.5238 | bbox=0.0340 | ce=0.0270 | aux_giou=0.0774 | aux_bbox=0.0069 | aux_ce=0.0052 | mask=1640 | aux_mask=1450 | pos=201 | targets=201 | preds=934 | centerness=[-6.193, 0.271] | train_seen=2700
2026-05-24 19:17:43 | INFO | Epoch 19 | batch 1400/1829 | loss=0.9713 | giou=0.4207 | bbox=0.0179 | ce=0.0255 | aux_giou=0.0409 | aux_bbox=0.0040 | aux_ce=0.0008 | mask=1889 | aux_mask=1773 | pos=272 | targets=272 | preds=1084 | centerness=[-4.651, 0.684] | train_seen=2800
2026-05-24 19:19:31 | INFO | Epoch 19 | batch 1450/1829 | loss=1.0620 | giou=0.4413 | bbox=0.0454 | ce=0.0424 | aux_giou=0.0416 | aux_bbox=0.0038 | aux_ce=0.0046 | mask=2092 | aux_mask=2010 | pos=404 | targets=404 | preds=1259 | centerness=[-4.843, -0.089] | train_seen=2900
2026-05-24 19:21:19 | INFO | Epoch 19 | batch 1500/1829 | loss=0.6430 | giou=0.2932 | bbox=0.0425 | ce=0.0140 | aux_giou=0.0000 | aux_bbox=0.0000 | aux_ce=0.0000 | mask=1718 | aux_mask=1864 | pos=76 | targets=76 | preds=586 | centerness=[-4.924, -0.355] | train_seen=3000
2026-05-24 19:23:06 | INFO | Epoch 19 | batch 1550/1829 | loss=0.7802 | giou=0.3702 | bbox=0.0213 | ce=0.0185 | aux_giou=0.0000 | aux_bbox=0.0000 | aux_ce=0.0000 | mask=1720 | aux_mask=1587 | pos=104 | targets=104 | preds=909 | centerness=[-5.417, 0.988] | train_seen=3100
2026-05-24 19:24:53 | INFO | Epoch 19 | batch 1600/1829 | loss=0.6976 | giou=0.3263 | bbox=0.0320 | ce=0.0129 | aux_giou=0.0000 | aux_bbox=0.0000 | aux_ce=0.0000 | mask=1469 | aux_mask=1535 | pos=62 | targets=62 | preds=612 | centerness=[-8.654, -0.145] | train_seen=3200
2026-05-24 19:26:39 | INFO | Epoch 19 | batch 1650/1829 | loss=0.5022 | giou=0.2285 | bbox=0.0327 | ce=0.0124 | aux_giou=0.0000 | aux_bbox=0.0000 | aux_ce=0.0000 | mask=1565 | aux_mask=1531 | pos=81 | targets=81 | preds=247 | centerness=[-7.119, 0.282] | train_seen=3300
2026-05-24 19:28:25 | INFO | Epoch 19 | batch 1700/1829 | loss=0.7920 | giou=0.3664 | bbox=0.0329 | ce=0.0263 | aux_giou=0.0000 | aux_bbox=0.0000 | aux_ce=0.0000 | mask=1609 | aux_mask=1547 | pos=132 | targets=132 | preds=861 | centerness=[-5.267, 0.855] | train_seen=3400
2026-05-24 19:30:11 | INFO | Epoch 19 | batch 1750/1829 | loss=1.1106 | giou=0.4760 | bbox=0.0351 | ce=0.0256 | aux_giou=0.0451 | aux_bbox=0.0065 | aux_ce=0.0011 | mask=1466 | aux_mask=1330 | pos=192 | targets=192 | preds=494 | centerness=[-6.839, 0.554] | train_seen=3500
2026-05-24 19:31:58 | INFO | Epoch 19 | batch 1800/1829 | loss=0.6970 | giou=0.3092 | bbox=0.0419 | ce=0.0367 | aux_giou=0.0000 | aux_bbox=0.0000 | aux_ce=0.0000 | mask=1721 | aux_mask=1654 | pos=365 | targets=365 | preds=689 | centerness=[-8.313, -0.263] | train_seen=3600
2026-05-24 19:52:33 | INFO | Epoch 19 | train_loss=0.816 | val_loss=0.933 | train_mae=280.706 | val_mae=166.158 | val_rmse=228.88 | test_mae=177.124 | test_rmse=257.89 | time=5091.466s
2026-05-24 19:54:20 | INFO | Epoch 20 | batch 50/1829 | loss=1.0525 | giou=0.4285 | bbox=0.0544 | ce=0.0350 | aux_giou=0.0461 | aux_bbox=0.0083 | aux_ce=0.0057 | mask=1514 | aux_mask=1360 | pos=440 | targets=440 | preds=685 | centerness=[-7.418, 0.660] | train_seen=100
2026-05-24 19:56:06 | INFO | Epoch 20 | batch 100/1829 | loss=0.6287 | giou=0.2823 | bbox=0.0274 | ce=0.0367 | aux_giou=0.0000 | aux_bbox=0.0000 | aux_ce=0.0000 | mask=2178 | aux_mask=2019 | pos=348 | targets=348 | preds=986 | centerness=[-4.375, 0.452] | train_seen=200
2026-05-24 19:57:53 | INFO | Epoch 20 | batch 150/1829 | loss=1.0281 | giou=0.4634 | bbox=0.0277 | ce=0.0190 | aux_giou=0.0261 | aux_bbox=0.0016 | aux_ce=0.0007 | mask=1209 | aux_mask=1064 | pos=196 | targets=196 | preds=780 | centerness=[-5.068, 0.765] | train_seen=300
2026-05-24 19:59:39 | INFO | Epoch 20 | batch 200/1829 | loss=0.9917 | giou=0.4393 | bbox=0.0498 | ce=0.0634 | aux_giou=0.0000 | aux_bbox=0.0000 | aux_ce=0.0000 | mask=1491 | aux_mask=1645 | pos=432 | targets=432 | preds=730 | centerness=[-8.232, -0.217] | train_seen=400
2026-05-24 20:01:25 | INFO | Epoch 20 | batch 250/1829 | loss=0.5305 | giou=0.2351 | bbox=0.0518 | ce=0.0086 | aux_giou=0.0000 | aux_bbox=0.0000 | aux_ce=0.0000 | mask=1368 | aux_mask=1355 | pos=34 | targets=34 | preds=323 | centerness=[-7.210, -0.604] | train_seen=500
2026-05-24 20:03:12 | INFO | Epoch 20 | batch 300/1829 | loss=0.7176 | giou=0.3265 | bbox=0.0415 | ce=0.0231 | aux_giou=0.0000 | aux_bbox=0.0000 | aux_ce=0.0000 | mask=2004 | aux_mask=1872 | pos=244 | targets=244 | preds=1102 | centerness=[-7.209, 0.029] | train_seen=600
2026-05-24 20:04:58 | INFO | Epoch 20 | batch 350/1829 | loss=0.8419 | giou=0.3751 | bbox=0.0283 | ce=0.0633 | aux_giou=0.0000 | aux_bbox=0.0000 | aux_ce=0.0000 | mask=1953 | aux_mask=1987 | pos=792 | targets=792 | preds=1443 | centerness=[-4.011, 0.163] | train_seen=700
2026-05-24 20:06:44 | INFO | Epoch 20 | batch 400/1829 | loss=0.9860 | giou=0.4597 | bbox=0.0315 | ce=0.0350 | aux_giou=0.0000 | aux_bbox=0.0000 | aux_ce=0.0000 | mask=2264 | aux_mask=2102 | pos=312 | targets=312 | preds=1352 | centerness=[-4.764, 1.386] | train_seen=800
2026-05-24 20:08:30 | INFO | Epoch 20 | batch 450/1829 | loss=0.7613 | giou=0.3549 | bbox=0.0315 | ce=0.0200 | aux_giou=0.0000 | aux_bbox=0.0000 | aux_ce=0.0000 | mask=1349 | aux_mask=1217 | pos=89 | targets=89 | preds=648 | centerness=[-7.323, 0.351] | train_seen=900
2026-05-24 20:10:17 | INFO | Epoch 20 | batch 500/1829 | loss=0.8204 | giou=0.3773 | bbox=0.0349 | ce=0.0308 | aux_giou=0.0000 | aux_bbox=0.0000 | aux_ce=0.0000 | mask=1942 | aux_mask=1617 | pos=512 | targets=512 | preds=1322 | centerness=[-6.985, 0.395] | train_seen=1000
2026-05-24 20:12:03 | INFO | Epoch 20 | batch 550/1829 | loss=0.6530 | giou=0.2835 | bbox=0.0694 | ce=0.0164 | aux_giou=0.0000 | aux_bbox=0.0000 | aux_ce=0.0000 | mask=1226 | aux_mask=1215 | pos=73 | targets=73 | preds=285 | centerness=[-10.344, -0.029] | train_seen=1100
2026-05-24 20:13:49 | INFO | Epoch 20 | batch 600/1829 | loss=0.9169 | giou=0.4157 | bbox=0.0345 | ce=0.0510 | aux_giou=0.0000 | aux_bbox=0.0000 | aux_ce=0.0000 | mask=1347 | aux_mask=1418 | pos=483 | targets=483 | preds=826 | centerness=[-5.682, 0.247] | train_seen=1200
2026-05-24 20:15:36 | INFO | Epoch 20 | batch 650/1829 | loss=0.3292 | giou=0.1506 | bbox=0.0224 | ce=0.0055 | aux_giou=0.0000 | aux_bbox=0.0000 | aux_ce=0.0000 | mask=2189 | aux_mask=2014 | pos=68 | targets=68 | preds=384 | centerness=[-8.003, -0.066] | train_seen=1300
2026-05-24 20:17:22 | INFO | Epoch 20 | batch 700/1829 | loss=0.9939 | giou=0.4327 | bbox=0.0253 | ce=0.0159 | aux_giou=0.0413 | aux_bbox=0.0030 | aux_ce=0.0019 | mask=1591 | aux_mask=1438 | pos=128 | targets=128 | preds=615 | centerness=[-5.596, 1.409] | train_seen=1400
2026-05-24 20:19:08 | INFO | Epoch 20 | batch 750/1829 | loss=0.6832 | giou=0.3131 | bbox=0.0308 | ce=0.0263 | aux_giou=0.0000 | aux_bbox=0.0000 | aux_ce=0.0000 | mask=1777 | aux_mask=1621 | pos=168 | targets=168 | preds=1029 | centerness=[-4.462, 0.002] | train_seen=1500
2026-05-24 20:20:54 | INFO | Epoch 20 | batch 800/1829 | loss=0.6662 | giou=0.3043 | bbox=0.0388 | ce=0.0188 | aux_giou=0.0000 | aux_bbox=0.0000 | aux_ce=0.0000 | mask=1402 | aux_mask=1295 | pos=126 | targets=126 | preds=421 | centerness=[-5.841, 0.626] | train_seen=1600
2026-05-24 20:22:41 | INFO | Epoch 20 | batch 850/1829 | loss=0.7698 | giou=0.3593 | bbox=0.0345 | ce=0.0167 | aux_giou=0.0000 | aux_bbox=0.0000 | aux_ce=0.0000 | mask=1856 | aux_mask=1583 | pos=133 | targets=133 | preds=782 | centerness=[-5.988, 0.046] | train_seen=1700
2026-05-24 20:24:27 | INFO | Epoch 20 | batch 900/1829 | loss=0.8469 | giou=0.3976 | bbox=0.0302 | ce=0.0215 | aux_giou=0.0000 | aux_bbox=0.0000 | aux_ce=0.0000 | mask=2403 | aux_mask=1827 | pos=144 | targets=144 | preds=1290 | centerness=[-4.227, 0.014] | train_seen=1800
2026-05-24 20:26:14 | INFO | Epoch 20 | batch 950/1829 | loss=0.8096 | giou=0.3670 | bbox=0.0431 | ce=0.0325 | aux_giou=0.0000 | aux_bbox=0.0000 | aux_ce=0.0000 | mask=1755 | aux_mask=1750 | pos=301 | targets=301 | preds=728 | centerness=[-8.285, 0.357] | train_seen=1900
2026-05-24 20:28:00 | INFO | Epoch 20 | batch 1000/1829 | loss=0.8713 | giou=0.3666 | bbox=0.0154 | ce=0.0280 | aux_giou=0.0447 | aux_bbox=0.0022 | aux_ce=0.0031 | mask=1804 | aux_mask=1534 | pos=95 | targets=95 | preds=1294 | centerness=[-5.896, 0.284] | train_seen=2000
2026-05-24 20:29:46 | INFO | Epoch 20 | batch 1050/1829 | loss=1.2632 | giou=0.5393 | bbox=0.0552 | ce=0.0274 | aux_giou=0.0469 | aux_bbox=0.0058 | aux_ce=0.0023 | mask=1677 | aux_mask=1445 | pos=341 | targets=341 | preds=738 | centerness=[-4.844, 0.572] | train_seen=2100
2026-05-24 20:31:32 | INFO | Epoch 20 | batch 1100/1829 | loss=0.7772 | giou=0.3544 | bbox=0.0536 | ce=0.0148 | aux_giou=0.0000 | aux_bbox=0.0000 | aux_ce=0.0000 | mask=1353 | aux_mask=1536 | pos=60 | targets=60 | preds=584 | centerness=[-7.653, -0.741] | train_seen=2200
2026-05-24 20:33:19 | INFO | Epoch 20 | batch 1150/1829 | loss=0.7035 | giou=0.3215 | bbox=0.0304 | ce=0.0300 | aux_giou=0.0000 | aux_bbox=0.0000 | aux_ce=0.0000 | mask=1961 | aux_mask=2128 | pos=247 | targets=247 | preds=992 | centerness=[-6.394, 0.363] | train_seen=2300
2026-05-24 20:35:05 | INFO | Epoch 20 | batch 1200/1829 | loss=0.8404 | giou=0.3882 | bbox=0.0466 | ce=0.0173 | aux_giou=0.0000 | aux_bbox=0.0000 | aux_ce=0.0000 | mask=1752 | aux_mask=1831 | pos=114 | targets=114 | preds=869 | centerness=[-7.897, 0.538] | train_seen=2400
2026-05-24 20:36:52 | INFO | Epoch 20 | batch 1250/1829 | loss=0.5275 | giou=0.2409 | bbox=0.0327 | ce=0.0130 | aux_giou=0.0000 | aux_bbox=0.0000 | aux_ce=0.0000 | mask=1260 | aux_mask=1282 | pos=84 | targets=84 | preds=441 | centerness=[-5.263, 0.155] | train_seen=2500
2026-05-24 20:38:38 | INFO | Epoch 20 | batch 1300/1829 | loss=1.1491 | giou=0.5178 | bbox=0.0713 | ce=0.0421 | aux_giou=0.0000 | aux_bbox=0.0000 | aux_ce=0.0000 | mask=1184 | aux_mask=1186 | pos=239 | targets=239 | preds=900 | centerness=[-5.587, 0.579] | train_seen=2600
2026-05-24 20:40:24 | INFO | Epoch 20 | batch 1350/1829 | loss=0.5386 | giou=0.2442 | bbox=0.0426 | ce=0.0076 | aux_giou=0.0000 | aux_bbox=0.0000 | aux_ce=0.0000 | mask=1570 | aux_mask=1773 | pos=89 | targets=89 | preds=478 | centerness=[-5.940, 0.012] | train_seen=2700
2026-05-24 20:42:10 | INFO | Epoch 20 | batch 1400/1829 | loss=0.8367 | giou=0.3668 | bbox=0.0223 | ce=0.0232 | aux_giou=0.0280 | aux_bbox=0.0011 | aux_ce=0.0007 | mask=1859 | aux_mask=1735 | pos=255 | targets=255 | preds=765 | centerness=[-5.673, 1.922] | train_seen=2800
2026-05-24 20:43:57 | INFO | Epoch 20 | batch 1450/1829 | loss=0.5980 | giou=0.2716 | bbox=0.0458 | ce=0.0089 | aux_giou=0.0000 | aux_bbox=0.0000 | aux_ce=0.0000 | mask=1617 | aux_mask=1628 | pos=99 | targets=99 | preds=257 | centerness=[-6.748, 0.749] | train_seen=2900
2026-05-24 20:45:43 | INFO | Epoch 20 | batch 1500/1829 | loss=1.1075 | giou=0.5077 | bbox=0.0474 | ce=0.0448 | aux_giou=0.0000 | aux_bbox=0.0000 | aux_ce=0.0000 | mask=2040 | aux_mask=1646 | pos=425 | targets=425 | preds=1319 | centerness=[-5.030, 0.064] | train_seen=3000
2026-05-24 20:47:30 | INFO | Epoch 20 | batch 1550/1829 | loss=0.7175 | giou=0.3340 | bbox=0.0273 | ce=0.0222 | aux_giou=0.0000 | aux_bbox=0.0000 | aux_ce=0.0000 | mask=2252 | aux_mask=2299 | pos=274 | targets=274 | preds=927 | centerness=[-5.829, 0.720] | train_seen=3100
2026-05-24 20:49:16 | INFO | Epoch 20 | batch 1600/1829 | loss=0.6877 | giou=0.3177 | bbox=0.0339 | ce=0.0185 | aux_giou=0.0000 | aux_bbox=0.0000 | aux_ce=0.0000 | mask=1951 | aux_mask=1894 | pos=164 | targets=164 | preds=541 | centerness=[-4.532, 0.615] | train_seen=3200
2026-05-24 20:51:02 | INFO | Epoch 20 | batch 1650/1829 | loss=0.7879 | giou=0.3215 | bbox=0.0385 | ce=0.0123 | aux_giou=0.0432 | aux_bbox=0.0064 | aux_ce=0.0012 | mask=1212 | aux_mask=1282 | pos=105 | targets=105 | preds=208 | centerness=[-8.162, 1.382] | train_seen=3300
2026-05-24 20:52:48 | INFO | Epoch 20 | batch 1700/1829 | loss=0.9269 | giou=0.3970 | bbox=0.0248 | ce=0.0198 | aux_giou=0.0421 | aux_bbox=0.0019 | aux_ce=0.0022 | mask=2432 | aux_mask=1997 | pos=156 | targets=156 | preds=1257 | centerness=[-4.260, 0.768] | train_seen=3400
2026-05-24 20:54:35 | INFO | Epoch 20 | batch 1750/1829 | loss=0.7269 | giou=0.3339 | bbox=0.0460 | ce=0.0130 | aux_giou=0.0000 | aux_bbox=0.0000 | aux_ce=0.0000 | mask=2287 | aux_mask=2277 | pos=92 | targets=92 | preds=982 | centerness=[-7.266, 0.231] | train_seen=3500
2026-05-24 20:56:21 | INFO | Epoch 20 | batch 1800/1829 | loss=1.1013 | giou=0.5017 | bbox=0.0563 | ce=0.0417 | aux_giou=0.0000 | aux_bbox=0.0000 | aux_ce=0.0000 | mask=1892 | aux_mask=1862 | pos=496 | targets=496 | preds=1050 | centerness=[-4.668, 0.439] | train_seen=3600
2026-05-24 21:16:53 | INFO | Epoch 20 | train_loss=0.812 | val_loss=0.944 | train_mae=270.463 | val_mae=151.897 | val_rmse=203.98 | test_mae=168.780 | test_rmse=240.51 | time=5058.243s
2026-05-24 21:18:40 | INFO | Epoch 21 | batch 50/1829 | loss=0.8018 | giou=0.3490 | bbox=0.0264 | ce=0.0169 | aux_giou=0.0294 | aux_bbox=0.0009 | aux_ce=0.0006 | mask=1464 | aux_mask=1368 | pos=126 | targets=126 | preds=481 | centerness=[-6.943, 1.128] | train_seen=100
2026-05-24 21:20:26 | INFO | Epoch 21 | batch 100/1829 | loss=0.8096 | giou=0.3501 | bbox=0.0256 | ce=0.0091 | aux_giou=0.0355 | aux_bbox=0.0027 | aux_ce=0.0009 | mask=1665 | aux_mask=1612 | pos=176 | targets=176 | preds=508 | centerness=[-5.708, 1.565] | train_seen=200
2026-05-24 21:22:12 | INFO | Epoch 21 | batch 150/1829 | loss=0.7912 | giou=0.3368 | bbox=0.0297 | ce=0.0118 | aux_giou=0.0358 | aux_bbox=0.0032 | aux_ce=0.0013 | mask=1033 | aux_mask=1048 | pos=102 | targets=102 | preds=177 | centerness=[-5.635, 0.582] | train_seen=300
2026-05-24 21:23:58 | INFO | Epoch 21 | batch 200/1829 | loss=0.6034 | giou=0.2824 | bbox=0.0277 | ce=0.0110 | aux_giou=0.0000 | aux_bbox=0.0000 | aux_ce=0.0000 | mask=1843 | aux_mask=1857 | pos=99 | targets=99 | preds=483 | centerness=[-5.333, 1.016] | train_seen=400
2026-05-24 21:25:45 | INFO | Epoch 21 | batch 250/1829 | loss=0.8351 | giou=0.3582 | bbox=0.0330 | ce=0.0157 | aux_giou=0.0326 | aux_bbox=0.0035 | aux_ce=0.0014 | mask=1544 | aux_mask=1543 | pos=96 | targets=96 | preds=576 | centerness=[-5.141, 1.548] | train_seen=500
2026-05-24 21:27:31 | INFO | Epoch 21 | batch 300/1829 | loss=1.1398 | giou=0.5069 | bbox=0.0278 | ce=0.0153 | aux_giou=0.0396 | aux_bbox=0.0020 | aux_ce=0.0016 | mask=1422 | aux_mask=1321 | pos=56 | targets=56 | preds=901 | centerness=[-8.613, -0.021] | train_seen=600
2026-05-24 21:29:17 | INFO | Epoch 21 | batch 350/1829 | loss=0.9900 | giou=0.4525 | bbox=0.0255 | ce=0.0595 | aux_giou=0.0000 | aux_bbox=0.0000 | aux_ce=0.0000 | mask=1927 | aux_mask=1968 | pos=992 | targets=992 | preds=1479 | centerness=[-5.158, 0.611] | train_seen=700
2026-05-24 21:31:03 | INFO | Epoch 21 | batch 400/1829 | loss=1.2683 | giou=0.5106 | bbox=0.0438 | ce=0.0167 | aux_giou=0.0859 | aux_bbox=0.0111 | aux_ce=0.0036 | mask=1646 | aux_mask=1622 | pos=208 | targets=208 | preds=785 | centerness=[-4.451, 1.187] | train_seen=800
2026-05-24 21:32:50 | INFO | Epoch 21 | batch 450/1829 | loss=0.6131 | giou=0.2754 | bbox=0.0406 | ce=0.0217 | aux_giou=0.0000 | aux_bbox=0.0000 | aux_ce=0.0000 | mask=1584 | aux_mask=1462 | pos=160 | targets=160 | preds=480 | centerness=[-5.678, 0.409] | train_seen=900
2026-05-24 21:34:36 | INFO | Epoch 21 | batch 500/1829 | loss=1.0527 | giou=0.4577 | bbox=0.0273 | ce=0.0210 | aux_giou=0.0432 | aux_bbox=0.0021 | aux_ce=0.0005 | mask=1389 | aux_mask=1547 | pos=148 | targets=148 | preds=529 | centerness=[-7.349, 0.045] | train_seen=1000
2026-05-24 21:36:22 | INFO | Epoch 21 | batch 550/1829 | loss=0.8115 | giou=0.3416 | bbox=0.0347 | ce=0.0134 | aux_giou=0.0379 | aux_bbox=0.0029 | aux_ce=0.0014 | mask=1429 | aux_mask=1365 | pos=72 | targets=72 | preds=732 | centerness=[-7.096, 0.137] | train_seen=1100
2026-05-24 21:38:08 | INFO | Epoch 21 | batch 600/1829 | loss=0.4896 | giou=0.2231 | bbox=0.0222 | ce=0.0211 | aux_giou=0.0000 | aux_bbox=0.0000 | aux_ce=0.0000 | mask=1425 | aux_mask=1516 | pos=139 | targets=139 | preds=558 | centerness=[-4.759, 0.656] | train_seen=1200
2026-05-24 21:39:55 | INFO | Epoch 21 | batch 650/1829 | loss=0.6939 | giou=0.3130 | bbox=0.0461 | ce=0.0218 | aux_giou=0.0000 | aux_bbox=0.0000 | aux_ce=0.0000 | mask=1352 | aux_mask=1159 | pos=91 | targets=91 | preds=319 | centerness=[-8.133, 0.183] | train_seen=1300
2026-05-24 21:41:41 | INFO | Epoch 21 | batch 700/1829 | loss=0.8398 | giou=0.3827 | bbox=0.0271 | ce=0.0474 | aux_giou=0.0000 | aux_bbox=0.0000 | aux_ce=0.0000 | mask=1598 | aux_mask=1524 | pos=462 | targets=462 | preds=1288 | centerness=[-4.255, 0.365] | train_seen=1400
2026-05-24 21:43:27 | INFO | Epoch 21 | batch 750/1829 | loss=0.6033 | giou=0.2665 | bbox=0.0599 | ce=0.0105 | aux_giou=0.0000 | aux_bbox=0.0000 | aux_ce=0.0000 | mask=1981 | aux_mask=2208 | pos=57 | targets=57 | preds=274 | centerness=[-7.015, -0.666] | train_seen=1500
2026-05-24 21:45:13 | INFO | Epoch 21 | batch 800/1829 | loss=0.9093 | giou=0.4188 | bbox=0.0277 | ce=0.0440 | aux_giou=0.0000 | aux_bbox=0.0000 | aux_ce=0.0000 | mask=1796 | aux_mask=1562 | pos=528 | targets=528 | preds=1215 | centerness=[-3.804, 0.754] | train_seen=1600
2026-05-24 21:47:00 | INFO | Epoch 21 | batch 850/1829 | loss=1.1257 | giou=0.4903 | bbox=0.0285 | ce=0.0190 | aux_giou=0.0458 | aux_bbox=0.0046 | aux_ce=0.0015 | mask=1629 | aux_mask=1593 | pos=105 | targets=105 | preds=1311 | centerness=[-4.357, -0.035] | train_seen=1700
2026-05-24 21:48:46 | INFO | Epoch 21 | batch 900/1829 | loss=0.8339 | giou=0.3960 | bbox=0.0234 | ce=0.0185 | aux_giou=0.0000 | aux_bbox=0.0000 | aux_ce=0.0000 | mask=1935 | aux_mask=1845 | pos=241 | targets=241 | preds=797 | centerness=[-4.749, 0.526] | train_seen=1800
2026-05-24 21:50:32 | INFO | Epoch 21 | batch 950/1829 | loss=1.1928 | giou=0.5065 | bbox=0.0652 | ce=0.0167 | aux_giou=0.0447 | aux_bbox=0.0064 | aux_ce=0.0022 | mask=1591 | aux_mask=1464 | pos=158 | targets=158 | preds=479 | centerness=[-5.549, 1.156] | train_seen=1900
2026-05-24 21:52:18 | INFO | Epoch 21 | batch 1000/1829 | loss=0.4363 | giou=0.2008 | bbox=0.0189 | ce=0.0158 | aux_giou=0.0000 | aux_bbox=0.0000 | aux_ce=0.0000 | mask=1485 | aux_mask=1285 | pos=140 | targets=140 | preds=729 | centerness=[-5.040, 0.304] | train_seen=2000
2026-05-24 21:54:04 | INFO | Epoch 21 | batch 1050/1829 | loss=0.7550 | giou=0.3526 | bbox=0.0325 | ce=0.0173 | aux_giou=0.0000 | aux_bbox=0.0000 | aux_ce=0.0000 | mask=1184 | aux_mask=1472 | pos=107 | targets=107 | preds=317 | centerness=[-5.885, 0.293] | train_seen=2100
2026-05-24 21:55:51 | INFO | Epoch 21 | batch 1100/1829 | loss=0.7333 | giou=0.3336 | bbox=0.0385 | ce=0.0276 | aux_giou=0.0000 | aux_bbox=0.0000 | aux_ce=0.0000 | mask=1702 | aux_mask=1549 | pos=222 | targets=222 | preds=768 | centerness=[-4.963, 0.243] | train_seen=2200
2026-05-24 21:57:37 | INFO | Epoch 21 | batch 1150/1829 | loss=0.8323 | giou=0.3886 | bbox=0.0277 | ce=0.0274 | aux_giou=0.0000 | aux_bbox=0.0000 | aux_ce=0.0000 | mask=2055 | aux_mask=1927 | pos=296 | targets=296 | preds=913 | centerness=[-4.221, 0.836] | train_seen=2300
2026-05-24 21:59:23 | INFO | Epoch 21 | batch 1200/1829 | loss=0.9344 | giou=0.4191 | bbox=0.0779 | ce=0.0183 | aux_giou=0.0000 | aux_bbox=0.0000 | aux_ce=0.0000 | mask=1408 | aux_mask=1279 | pos=96 | targets=96 | preds=491 | centerness=[-8.338, -0.098] | train_seen=2400
2026-05-24 22:01:09 | INFO | Epoch 21 | batch 1250/1829 | loss=0.6676 | giou=0.3042 | bbox=0.0375 | ce=0.0218 | aux_giou=0.0000 | aux_bbox=0.0000 | aux_ce=0.0000 | mask=1683 | aux_mask=1712 | pos=184 | targets=184 | preds=561 | centerness=[-6.233, 0.234] | train_seen=2500
2026-05-24 22:02:55 | INFO | Epoch 21 | batch 1300/1829 | loss=0.6403 | giou=0.2930 | bbox=0.0189 | ce=0.0353 | aux_giou=0.0000 | aux_bbox=0.0000 | aux_ce=0.0000 | mask=1709 | aux_mask=1532 | pos=448 | targets=448 | preds=889 | centerness=[-5.351, 1.162] | train_seen=2600
2026-05-24 22:04:42 | INFO | Epoch 21 | batch 1350/1829 | loss=0.8430 | giou=0.3930 | bbox=0.0458 | ce=0.0111 | aux_giou=0.0000 | aux_bbox=0.0000 | aux_ce=0.0000 | mask=1479 | aux_mask=1419 | pos=43 | targets=43 | preds=255 | centerness=[-6.901, 0.247] | train_seen=2700
2026-05-24 22:06:28 | INFO | Epoch 21 | batch 1400/1829 | loss=0.8530 | giou=0.3941 | bbox=0.0245 | ce=0.0403 | aux_giou=0.0000 | aux_bbox=0.0000 | aux_ce=0.0000 | mask=2088 | aux_mask=1702 | pos=468 | targets=468 | preds=1528 | centerness=[-4.133, 0.538] | train_seen=2800
2026-05-24 22:08:14 | INFO | Epoch 21 | batch 1450/1829 | loss=0.8692 | giou=0.4004 | bbox=0.0409 | ce=0.0274 | aux_giou=0.0000 | aux_bbox=0.0000 | aux_ce=0.0000 | mask=1929 | aux_mask=1795 | pos=255 | targets=255 | preds=1011 | centerness=[-8.159, 0.037] | train_seen=2900
2026-05-24 22:10:00 | INFO | Epoch 21 | batch 1500/1829 | loss=0.6924 | giou=0.3200 | bbox=0.0379 | ce=0.0145 | aux_giou=0.0000 | aux_bbox=0.0000 | aux_ce=0.0000 | mask=1384 | aux_mask=1696 | pos=63 | targets=63 | preds=288 | centerness=[-5.825, 0.503] | train_seen=3000
2026-05-24 22:11:46 | INFO | Epoch 21 | batch 1550/1829 | loss=0.6653 | giou=0.3008 | bbox=0.0521 | ce=0.0116 | aux_giou=0.0000 | aux_bbox=0.0000 | aux_ce=0.0000 | mask=1454 | aux_mask=2165 | pos=53 | targets=53 | preds=320 | centerness=[-10.422, -0.338] | train_seen=3100
2026-05-24 22:13:33 | INFO | Epoch 21 | batch 1600/1829 | loss=0.6454 | giou=0.3030 | bbox=0.0289 | ce=0.0106 | aux_giou=0.0000 | aux_bbox=0.0000 | aux_ce=0.0000 | mask=1676 | aux_mask=1571 | pos=156 | targets=156 | preds=811 | centerness=[-6.782, 0.751] | train_seen=3200
2026-05-24 22:15:19 | INFO | Epoch 21 | batch 1650/1829 | loss=0.8236 | giou=0.3451 | bbox=0.0405 | ce=0.0227 | aux_giou=0.0323 | aux_bbox=0.0037 | aux_ce=0.0019 | mask=1567 | aux_mask=1798 | pos=185 | targets=185 | preds=638 | centerness=[-8.023, 0.172] | train_seen=3300
2026-05-24 22:17:05 | INFO | Epoch 21 | batch 1700/1829 | loss=0.8195 | giou=0.3559 | bbox=0.0141 | ce=0.0108 | aux_giou=0.0382 | aux_bbox=0.0049 | aux_ce=0.0015 | mask=1063 | aux_mask=975 | pos=79 | targets=79 | preds=233 | centerness=[-5.198, 1.759] | train_seen=3400
2026-05-24 22:18:51 | INFO | Epoch 21 | batch 1750/1829 | loss=0.8961 | giou=0.4288 | bbox=0.0299 | ce=0.0088 | aux_giou=0.0000 | aux_bbox=0.0000 | aux_ce=0.0000 | mask=1717 | aux_mask=1589 | pos=23 | targets=23 | preds=954 | centerness=[-5.345, 0.041] | train_seen=3500
2026-05-24 22:20:38 | INFO | Epoch 21 | batch 1800/1829 | loss=0.3707 | giou=0.1757 | bbox=0.0156 | ce=0.0035 | aux_giou=0.0000 | aux_bbox=0.0000 | aux_ce=0.0000 | mask=1365 | aux_mask=1357 | pos=20 | targets=20 | preds=217 | centerness=[-5.902, 0.038] | train_seen=3600
2026-05-24 22:41:09 | INFO | Epoch 21 | train_loss=0.794 | val_loss=0.932 | train_mae=260.327 | val_mae=148.668 | val_rmse=204.30 | test_mae=165.832 | test_rmse=241.18 | time=5054.276s
2026-05-24 22:42:55 | INFO | Epoch 22 | batch 50/1829 | loss=0.7961 | giou=0.3231 | bbox=0.0521 | ce=0.0182 | aux_giou=0.0354 | aux_bbox=0.0062 | aux_ce=0.0026 | mask=1732 | aux_mask=1827 | pos=97 | targets=97 | preds=458 | centerness=[-8.531, -0.468] | train_seen=100
2026-05-24 22:44:42 | INFO | Epoch 22 | batch 100/1829 | loss=0.5999 | giou=0.2786 | bbox=0.0291 | ce=0.0136 | aux_giou=0.0000 | aux_bbox=0.0000 | aux_ce=0.0000 | mask=1158 | aux_mask=1328 | pos=125 | targets=125 | preds=302 | centerness=[-8.588, 0.495] | train_seen=200
2026-05-24 22:46:28 | INFO | Epoch 22 | batch 150/1829 | loss=1.0446 | giou=0.4616 | bbox=0.0213 | ce=0.0234 | aux_giou=0.0371 | aux_bbox=0.0013 | aux_ce=0.0012 | mask=1419 | aux_mask=1163 | pos=261 | targets=261 | preds=623 | centerness=[-5.338, 0.743] | train_seen=300
2026-05-24 22:48:14 | INFO | Epoch 22 | batch 200/1829 | loss=0.6775 | giou=0.3094 | bbox=0.0321 | ce=0.0265 | aux_giou=0.0000 | aux_bbox=0.0000 | aux_ce=0.0000 | mask=2123 | aux_mask=2055 | pos=408 | targets=408 | preds=995 | centerness=[-6.525, 0.477] | train_seen=400
2026-05-24 22:50:00 | INFO | Epoch 22 | batch 250/1829 | loss=1.0507 | giou=0.4850 | bbox=0.0679 | ce=0.0129 | aux_giou=0.0000 | aux_bbox=0.0000 | aux_ce=0.0000 | mask=2002 | aux_mask=1853 | pos=59 | targets=59 | preds=1140 | centerness=[-6.612, 0.534] | train_seen=500
2026-05-24 22:51:46 | INFO | Epoch 22 | batch 300/1829 | loss=0.5822 | giou=0.2691 | bbox=0.0277 | ce=0.0164 | aux_giou=0.0000 | aux_bbox=0.0000 | aux_ce=0.0000 | mask=1460 | aux_mask=1476 | pos=113 | targets=113 | preds=509 | centerness=[-5.509, 0.225] | train_seen=600
2026-05-24 22:53:32 | INFO | Epoch 22 | batch 350/1829 | loss=0.6639 | giou=0.3021 | bbox=0.0317 | ce=0.0281 | aux_giou=0.0000 | aux_bbox=0.0000 | aux_ce=0.0000 | mask=1551 | aux_mask=1433 | pos=480 | targets=480 | preds=895 | centerness=[-9.345, 0.590] | train_seen=700
2026-05-24 22:55:19 | INFO | Epoch 22 | batch 400/1829 | loss=0.8645 | giou=0.4004 | bbox=0.0402 | ce=0.0236 | aux_giou=0.0000 | aux_bbox=0.0000 | aux_ce=0.0000 | mask=1695 | aux_mask=1429 | pos=167 | targets=167 | preds=840 | centerness=[-5.436, 0.382] | train_seen=800
2026-05-24 22:57:05 | INFO | Epoch 22 | batch 450/1829 | loss=0.6096 | giou=0.2871 | bbox=0.0276 | ce=0.0077 | aux_giou=0.0000 | aux_bbox=0.0000 | aux_ce=0.0000 | mask=1627 | aux_mask=1704 | pos=94 | targets=94 | preds=162 | centerness=[-6.679, 1.720] | train_seen=900
2026-05-24 22:58:51 | INFO | Epoch 22 | batch 500/1829 | loss=0.5023 | giou=0.2275 | bbox=0.0361 | ce=0.0113 | aux_giou=0.0000 | aux_bbox=0.0000 | aux_ce=0.0000 | mask=1326 | aux_mask=1302 | pos=66 | targets=66 | preds=404 | centerness=[-5.733, 0.301] | train_seen=1000
2026-05-24 23:00:37 | INFO | Epoch 22 | batch 550/1829 | loss=0.8580 | giou=0.4030 | bbox=0.0342 | ce=0.0179 | aux_giou=0.0000 | aux_bbox=0.0000 | aux_ce=0.0000 | mask=2074 | aux_mask=1979 | pos=128 | targets=128 | preds=1171 | centerness=[-4.177, -0.000] | train_seen=1100
2026-05-24 23:02:23 | INFO | Epoch 22 | batch 600/1829 | loss=0.8040 | giou=0.3683 | bbox=0.0238 | ce=0.0435 | aux_giou=0.0000 | aux_bbox=0.0000 | aux_ce=0.0000 | mask=2096 | aux_mask=1767 | pos=612 | targets=612 | preds=1336 | centerness=[-4.968, 1.013] | train_seen=1200
2026-05-24 23:04:09 | INFO | Epoch 22 | batch 650/1829 | loss=0.5835 | giou=0.2798 | bbox=0.0158 | ce=0.0080 | aux_giou=0.0000 | aux_bbox=0.0000 | aux_ce=0.0000 | mask=1034 | aux_mask=1108 | pos=49 | targets=49 | preds=204 | centerness=[-5.532, 0.583] | train_seen=1300
2026-05-24 23:05:56 | INFO | Epoch 22 | batch 700/1829 | loss=0.8697 | giou=0.4048 | bbox=0.0276 | ce=0.0325 | aux_giou=0.0000 | aux_bbox=0.0000 | aux_ce=0.0000 | mask=2298 | aux_mask=1825 | pos=360 | targets=360 | preds=1370 | centerness=[-3.652, 0.525] | train_seen=1400
2026-05-24 23:07:42 | INFO | Epoch 22 | batch 750/1829 | loss=1.0131 | giou=0.4201 | bbox=0.0424 | ce=0.0198 | aux_giou=0.0502 | aux_bbox=0.0073 | aux_ce=0.0029 | mask=1691 | aux_mask=1564 | pos=135 | targets=135 | preds=945 | centerness=[-5.866, 0.267] | train_seen=1500
2026-05-24 23:09:28 | INFO | Epoch 22 | batch 800/1829 | loss=0.8811 | giou=0.4096 | bbox=0.0446 | ce=0.0172 | aux_giou=0.0000 | aux_bbox=0.0000 | aux_ce=0.0000 | mask=1383 | aux_mask=1419 | pos=120 | targets=120 | preds=492 | centerness=[-8.023, 0.365] | train_seen=1600
2026-05-24 23:11:14 | INFO | Epoch 22 | batch 850/1829 | loss=0.6542 | giou=0.3025 | bbox=0.0362 | ce=0.0130 | aux_giou=0.0000 | aux_bbox=0.0000 | aux_ce=0.0000 | mask=2031 | aux_mask=1957 | pos=120 | targets=120 | preds=575 | centerness=[-6.003, 0.649] | train_seen=1700
2026-05-24 23:13:01 | INFO | Epoch 22 | batch 900/1829 | loss=0.7825 | giou=0.3740 | bbox=0.0200 | ce=0.0146 | aux_giou=0.0000 | aux_bbox=0.0000 | aux_ce=0.0000 | mask=1861 | aux_mask=1598 | pos=120 | targets=120 | preds=1098 | centerness=[-5.568, 0.779] | train_seen=1800
2026-05-24 23:14:47 | INFO | Epoch 22 | batch 950/1829 | loss=0.9249 | giou=0.3712 | bbox=0.0446 | ce=0.0380 | aux_giou=0.0459 | aux_bbox=0.0038 | aux_ce=0.0043 | mask=1436 | aux_mask=1523 | pos=387 | targets=387 | preds=755 | centerness=[-7.643, 0.048] | train_seen=1900
2026-05-24 23:16:33 | INFO | Epoch 22 | batch 1000/1829 | loss=0.6387 | giou=0.2761 | bbox=0.0289 | ce=0.0112 | aux_giou=0.0225 | aux_bbox=0.0006 | aux_ce=0.0008 | mask=983 | aux_mask=1190 | pos=88 | targets=88 | preds=261 | centerness=[-5.683, 1.571] | train_seen=2000
2026-05-24 23:18:19 | INFO | Epoch 22 | batch 1050/1829 | loss=0.8295 | giou=0.3815 | bbox=0.0448 | ce=0.0217 | aux_giou=0.0000 | aux_bbox=0.0000 | aux_ce=0.0000 | mask=1440 | aux_mask=1184 | pos=225 | targets=225 | preds=335 | centerness=[-6.501, 1.128] | train_seen=2100
2026-05-24 23:20:05 | INFO | Epoch 22 | batch 1100/1829 | loss=0.9600 | giou=0.3903 | bbox=0.0533 | ce=0.0213 | aux_giou=0.0484 | aux_bbox=0.0062 | aux_ce=0.0019 | mask=1524 | aux_mask=1270 | pos=148 | targets=148 | preds=636 | centerness=[-5.848, 0.325] | train_seen=2200
2026-05-24 23:21:51 | INFO | Epoch 22 | batch 1150/1829 | loss=1.2486 | giou=0.5379 | bbox=0.0296 | ce=0.0586 | aux_giou=0.0392 | aux_bbox=0.0018 | aux_ce=0.0042 | mask=2471 | aux_mask=2001 | pos=592 | targets=592 | preds=2067 | centerness=[-4.204, 1.101] | train_seen=2300
2026-05-24 23:23:37 | INFO | Epoch 22 | batch 1200/1829 | loss=1.0804 | giou=0.4668 | bbox=0.0328 | ce=0.0380 | aux_giou=0.0348 | aux_bbox=0.0020 | aux_ce=0.0045 | mask=2590 | aux_mask=2269 | pos=496 | targets=496 | preds=1675 | centerness=[-4.312, -0.223] | train_seen=2400
2026-05-24 23:25:23 | INFO | Epoch 22 | batch 1250/1829 | loss=0.5872 | giou=0.2583 | bbox=0.0577 | ce=0.0129 | aux_giou=0.0000 | aux_bbox=0.0000 | aux_ce=0.0000 | mask=1680 | aux_mask=1913 | pos=60 | targets=60 | preds=354 | centerness=[-9.304, -0.186] | train_seen=2500
2026-05-24 23:27:09 | INFO | Epoch 22 | batch 1300/1829 | loss=0.4429 | giou=0.2032 | bbox=0.0286 | ce=0.0079 | aux_giou=0.0000 | aux_bbox=0.0000 | aux_ce=0.0000 | mask=1204 | aux_mask=1321 | pos=36 | targets=36 | preds=210 | centerness=[-7.338, 0.196] | train_seen=2600
2026-05-24 23:28:55 | INFO | Epoch 22 | batch 1350/1829 | loss=1.0476 | giou=0.4363 | bbox=0.0544 | ce=0.0210 | aux_giou=0.0468 | aux_bbox=0.0044 | aux_ce=0.0017 | mask=1936 | aux_mask=1689 | pos=72 | targets=72 | preds=1212 | centerness=[-6.812, 0.293] | train_seen=2700
2026-05-24 23:30:41 | INFO | Epoch 22 | batch 1400/1829 | loss=0.6829 | giou=0.3207 | bbox=0.0257 | ce=0.0158 | aux_giou=0.0000 | aux_bbox=0.0000 | aux_ce=0.0000 | mask=1505 | aux_mask=1410 | pos=114 | targets=114 | preds=402 | centerness=[-5.010, 0.665] | train_seen=2800
2026-05-24 23:32:27 | INFO | Epoch 22 | batch 1450/1829 | loss=1.1361 | giou=0.5365 | bbox=0.0413 | ce=0.0218 | aux_giou=0.0000 | aux_bbox=0.0000 | aux_ce=0.0000 | mask=1707 | aux_mask=1436 | pos=102 | targets=102 | preds=1282 | centerness=[-4.097, 0.059] | train_seen=2900
2026-05-24 23:34:14 | INFO | Epoch 22 | batch 1500/1829 | loss=0.7074 | giou=0.3306 | bbox=0.0345 | ce=0.0117 | aux_giou=0.0000 | aux_bbox=0.0000 | aux_ce=0.0000 | mask=1438 | aux_mask=1454 | pos=64 | targets=64 | preds=463 | centerness=[-6.162, 0.277] | train_seen=3000
2026-05-24 23:35:59 | INFO | Epoch 22 | batch 1550/1829 | loss=0.7309 | giou=0.3286 | bbox=0.0593 | ce=0.0145 | aux_giou=0.0000 | aux_bbox=0.0000 | aux_ce=0.0000 | mask=1860 | aux_mask=1958 | pos=123 | targets=123 | preds=764 | centerness=[-8.723, 0.630] | train_seen=3100
2026-05-24 23:37:45 | INFO | Epoch 22 | batch 1600/1829 | loss=0.7886 | giou=0.3646 | bbox=0.0355 | ce=0.0240 | aux_giou=0.0000 | aux_bbox=0.0000 | aux_ce=0.0000 | mask=2019 | aux_mask=1688 | pos=209 | targets=209 | preds=1136 | centerness=[-5.991, 0.466] | train_seen=3200
2026-05-24 23:39:31 | INFO | Epoch 22 | batch 1650/1829 | loss=0.8960 | giou=0.3891 | bbox=0.0226 | ce=0.0149 | aux_giou=0.0384 | aux_bbox=0.0015 | aux_ce=0.0020 | mask=1687 | aux_mask=1524 | pos=88 | targets=88 | preds=655 | centerness=[-4.682, 0.084] | train_seen=3300
2026-05-24 23:41:17 | INFO | Epoch 22 | batch 1700/1829 | loss=0.8054 | giou=0.3717 | bbox=0.0463 | ce=0.0157 | aux_giou=0.0000 | aux_bbox=0.0000 | aux_ce=0.0000 | mask=1939 | aux_mask=1963 | pos=151 | targets=151 | preds=738 | centerness=[-6.207, -0.340] | train_seen=3400
2026-05-24 23:43:03 | INFO | Epoch 22 | batch 1750/1829 | loss=0.7415 | giou=0.3460 | bbox=0.0278 | ce=0.0217 | aux_giou=0.0000 | aux_bbox=0.0000 | aux_ce=0.0000 | mask=1962 | aux_mask=1988 | pos=157 | targets=157 | preds=864 | centerness=[-4.381, 0.621] | train_seen=3500
2026-05-24 23:44:49 | INFO | Epoch 22 | batch 1800/1829 | loss=0.9018 | giou=0.4158 | bbox=0.0357 | ce=0.0344 | aux_giou=0.0000 | aux_bbox=0.0000 | aux_ce=0.0000 | mask=2709 | aux_mask=2291 | pos=388 | targets=388 | preds=1540 | centerness=[-4.036, -0.068] | train_seen=3600
2026-05-25 00:05:18 | INFO | Epoch 22 | train_loss=0.790 | val_loss=0.933 | train_mae=259.125 | val_mae=144.303 | val_rmse=199.60 | test_mae=160.785 | test_rmse=236.30 | time=5046.817s
2026-05-25 00:07:04 | INFO | Epoch 23 | batch 50/1829 | loss=1.1048 | giou=0.5162 | bbox=0.0307 | ce=0.0417 | aux_giou=0.0000 | aux_bbox=0.0000 | aux_ce=0.0000 | mask=2609 | aux_mask=2218 | pos=660 | targets=660 | preds=1694 | centerness=[-4.135, 1.081] | train_seen=100
2026-05-25 00:08:50 | INFO | Epoch 23 | batch 100/1829 | loss=0.7848 | giou=0.3661 | bbox=0.0283 | ce=0.0244 | aux_giou=0.0000 | aux_bbox=0.0000 | aux_ce=0.0000 | mask=1357 | aux_mask=1093 | pos=177 | targets=177 | preds=521 | centerness=[-5.084, 0.479] | train_seen=200
2026-05-25 00:10:36 | INFO | Epoch 23 | batch 150/1829 | loss=0.9625 | giou=0.3995 | bbox=0.0458 | ce=0.0280 | aux_giou=0.0410 | aux_bbox=0.0038 | aux_ce=0.0039 | mask=1111 | aux_mask=1029 | pos=286 | targets=286 | preds=575 | centerness=[-5.560, 0.659] | train_seen=300
2026-05-25 00:12:22 | INFO | Epoch 23 | batch 200/1829 | loss=0.6366 | giou=0.2862 | bbox=0.0508 | ce=0.0134 | aux_giou=0.0000 | aux_bbox=0.0000 | aux_ce=0.0000 | mask=1601 | aux_mask=1449 | pos=58 | targets=58 | preds=414 | centerness=[-7.648, 0.086] | train_seen=400
2026-05-25 00:14:08 | INFO | Epoch 23 | batch 250/1829 | loss=1.0510 | giou=0.4471 | bbox=0.0346 | ce=0.0340 | aux_giou=0.0416 | aux_bbox=0.0024 | aux_ce=0.0027 | mask=1948 | aux_mask=1734 | pos=208 | targets=208 | preds=1230 | centerness=[-4.676, 0.146] | train_seen=500
2026-05-25 00:15:54 | INFO | Epoch 23 | batch 300/1829 | loss=0.8004 | giou=0.3619 | bbox=0.0381 | ce=0.0385 | aux_giou=0.0000 | aux_bbox=0.0000 | aux_ce=0.0000 | mask=1852 | aux_mask=1645 | pos=324 | targets=324 | preds=900 | centerness=[-4.700, 0.685] | train_seen=600
2026-05-25 00:17:41 | INFO | Epoch 23 | batch 350/1829 | loss=0.5818 | giou=0.2715 | bbox=0.0191 | ce=0.0197 | aux_giou=0.0000 | aux_bbox=0.0000 | aux_ce=0.0000 | mask=1861 | aux_mask=1706 | pos=180 | targets=180 | preds=976 | centerness=[-5.574, 0.587] | train_seen=700
2026-05-25 00:19:26 | INFO | Epoch 23 | batch 400/1829 | loss=0.9362 | giou=0.3816 | bbox=0.0553 | ce=0.0399 | aux_giou=0.0346 | aux_bbox=0.0045 | aux_ce=0.0042 | mask=1535 | aux_mask=1610 | pos=282 | targets=282 | preds=733 | centerness=[-7.811, -0.192] | train_seen=800
2026-05-25 00:21:13 | INFO | Epoch 23 | batch 450/1829 | loss=1.2361 | giou=0.5590 | bbox=0.0638 | ce=0.0544 | aux_giou=0.0000 | aux_bbox=0.0000 | aux_ce=0.0000 | mask=1898 | aux_mask=1603 | pos=1009 | targets=1009 | preds=1447 | centerness=[-4.878, 0.451] | train_seen=900
2026-05-25 00:22:59 | INFO | Epoch 23 | batch 500/1829 | loss=0.7561 | giou=0.3573 | bbox=0.0319 | ce=0.0096 | aux_giou=0.0000 | aux_bbox=0.0000 | aux_ce=0.0000 | mask=1409 | aux_mask=1523 | pos=46 | targets=46 | preds=379 | centerness=[-4.800, 0.487] | train_seen=1000
2026-05-25 00:24:45 | INFO | Epoch 23 | batch 550/1829 | loss=0.4643 | giou=0.2032 | bbox=0.0488 | ce=0.0090 | aux_giou=0.0000 | aux_bbox=0.0000 | aux_ce=0.0000 | mask=1500 | aux_mask=1454 | pos=40 | targets=40 | preds=252 | centerness=[-6.192, -0.301] | train_seen=1100
2026-05-25 00:26:31 | INFO | Epoch 23 | batch 600/1829 | loss=1.1076 | giou=0.4817 | bbox=0.0227 | ce=0.0207 | aux_giou=0.0482 | aux_bbox=0.0025 | aux_ce=0.0019 | mask=2110 | aux_mask=1878 | pos=300 | targets=300 | preds=780 | centerness=[-5.417, 0.877] | train_seen=1200
2026-05-25 00:28:17 | INFO | Epoch 23 | batch 650/1829 | loss=1.3948 | giou=0.6177 | bbox=0.0299 | ce=0.0434 | aux_giou=0.0413 | aux_bbox=0.0015 | aux_ce=0.0020 | mask=1851 | aux_mask=1630 | pos=369 | targets=369 | preds=1512 | centerness=[-3.900, 0.617] | train_seen=1300
2026-05-25 00:30:03 | INFO | Epoch 23 | batch 700/1829 | loss=0.4135 | giou=0.1917 | bbox=0.0183 | ce=0.0118 | aux_giou=0.0000 | aux_bbox=0.0000 | aux_ce=0.0000 | mask=1915 | aux_mask=1701 | pos=116 | targets=116 | preds=597 | centerness=[-4.267, 0.454] | train_seen=1400
2026-05-25 00:31:49 | INFO | Epoch 23 | batch 750/1829 | loss=0.6015 | giou=0.2710 | bbox=0.0418 | ce=0.0176 | aux_giou=0.0000 | aux_bbox=0.0000 | aux_ce=0.0000 | mask=1999 | aux_mask=1814 | pos=126 | targets=126 | preds=567 | centerness=[-6.614, -0.019] | train_seen=1500
2026-05-25 00:33:35 | INFO | Epoch 23 | batch 800/1829 | loss=0.6611 | giou=0.3033 | bbox=0.0471 | ce=0.0075 | aux_giou=0.0000 | aux_bbox=0.0000 | aux_ce=0.0000 | mask=1649 | aux_mask=1563 | pos=45 | targets=45 | preds=449 | centerness=[-6.630, 0.188] | train_seen=1600
2026-05-25 00:35:21 | INFO | Epoch 23 | batch 850/1829 | loss=0.7860 | giou=0.3618 | bbox=0.0435 | ce=0.0189 | aux_giou=0.0000 | aux_bbox=0.0000 | aux_ce=0.0000 | mask=1859 | aux_mask=1747 | pos=122 | targets=122 | preds=762 | centerness=[-6.913, 0.181] | train_seen=1700
2026-05-25 00:37:07 | INFO | Epoch 23 | batch 900/1829 | loss=0.7046 | giou=0.3225 | bbox=0.0320 | ce=0.0275 | aux_giou=0.0000 | aux_bbox=0.0000 | aux_ce=0.0000 | mask=1199 | aux_mask=1160 | pos=223 | targets=223 | preds=586 | centerness=[-5.981, 0.829] | train_seen=1800
2026-05-25 00:38:53 | INFO | Epoch 23 | batch 950/1829 | loss=0.7447 | giou=0.3390 | bbox=0.0351 | ce=0.0316 | aux_giou=0.0000 | aux_bbox=0.0000 | aux_ce=0.0000 | mask=2720 | aux_mask=2297 | pos=344 | targets=344 | preds=1328 | centerness=[-4.352, 0.048] | train_seen=1900
2026-05-25 00:40:39 | INFO | Epoch 23 | batch 1000/1829 | loss=0.7664 | giou=0.3525 | bbox=0.0312 | ce=0.0303 | aux_giou=0.0000 | aux_bbox=0.0000 | aux_ce=0.0000 | mask=1945 | aux_mask=1904 | pos=429 | targets=429 | preds=630 | centerness=[-4.891, 0.580] | train_seen=2000
2026-05-25 00:42:25 | INFO | Epoch 23 | batch 1050/1829 | loss=1.1159 | giou=0.4688 | bbox=0.0324 | ce=0.0410 | aux_giou=0.0495 | aux_bbox=0.0023 | aux_ce=0.0036 | mask=2454 | aux_mask=2078 | pos=452 | targets=452 | preds=2049 | centerness=[-4.171, 0.896] | train_seen=2100
2026-05-25 00:44:11 | INFO | Epoch 23 | batch 1100/1829 | loss=0.8172 | giou=0.3738 | bbox=0.0479 | ce=0.0218 | aux_giou=0.0000 | aux_bbox=0.0000 | aux_ce=0.0000 | mask=2345 | aux_mask=2007 | pos=196 | targets=196 | preds=946 | centerness=[-5.080, -0.390] | train_seen=2200
2026-05-25 00:45:57 | INFO | Epoch 23 | batch 1150/1829 | loss=0.6183 | giou=0.2897 | bbox=0.0317 | ce=0.0072 | aux_giou=0.0000 | aux_bbox=0.0000 | aux_ce=0.0000 | mask=693 | aux_mask=799 | pos=35 | targets=35 | preds=114 | centerness=[-7.887, 0.900] | train_seen=2300
2026-05-25 00:47:43 | INFO | Epoch 23 | batch 1200/1829 | loss=0.6534 | giou=0.2947 | bbox=0.0412 | ce=0.0228 | aux_giou=0.0000 | aux_bbox=0.0000 | aux_ce=0.0000 | mask=1569 | aux_mask=1692 | pos=172 | targets=172 | preds=563 | centerness=[-7.190, -0.426] | train_seen=2400
2026-05-25 00:49:29 | INFO | Epoch 23 | batch 1250/1829 | loss=0.9662 | giou=0.4312 | bbox=0.0293 | ce=0.0124 | aux_giou=0.0302 | aux_bbox=0.0008 | aux_ce=0.0008 | mask=1287 | aux_mask=1405 | pos=141 | targets=141 | preds=347 | centerness=[-6.849, 1.531] | train_seen=2500
2026-05-25 00:51:15 | INFO | Epoch 23 | batch 1300/1829 | loss=0.7645 | giou=0.3570 | bbox=0.0214 | ce=0.0292 | aux_giou=0.0000 | aux_bbox=0.0000 | aux_ce=0.0000 | mask=1724 | aux_mask=1644 | pos=392 | targets=392 | preds=752 | centerness=[-5.434, 1.033] | train_seen=2600
2026-05-25 00:53:01 | INFO | Epoch 23 | batch 1350/1829 | loss=1.0516 | giou=0.4924 | bbox=0.0416 | ce=0.0251 | aux_giou=0.0000 | aux_bbox=0.0000 | aux_ce=0.0000 | mask=2267 | aux_mask=1977 | pos=187 | targets=187 | preds=1482 | centerness=[-4.714, 1.047] | train_seen=2700
2026-05-25 00:54:47 | INFO | Epoch 23 | batch 1400/1829 | loss=0.7477 | giou=0.3448 | bbox=0.0356 | ce=0.0226 | aux_giou=0.0000 | aux_bbox=0.0000 | aux_ce=0.0000 | mask=1324 | aux_mask=1173 | pos=132 | targets=132 | preds=401 | centerness=[-5.689, 1.044] | train_seen=2800
2026-05-25 00:56:33 | INFO | Epoch 23 | batch 1450/1829 | loss=0.4648 | giou=0.2153 | bbox=0.0203 | ce=0.0139 | aux_giou=0.0000 | aux_bbox=0.0000 | aux_ce=0.0000 | mask=1614 | aux_mask=1661 | pos=101 | targets=101 | preds=600 | centerness=[-6.997, 0.006] | train_seen=2900
2026-05-25 00:58:19 | INFO | Epoch 23 | batch 1500/1829 | loss=0.8686 | giou=0.4070 | bbox=0.0294 | ce=0.0253 | aux_giou=0.0000 | aux_bbox=0.0000 | aux_ce=0.0000 | mask=1345 | aux_mask=1294 | pos=114 | targets=114 | preds=813 | centerness=[-5.095, 0.546] | train_seen=3000
2026-05-25 01:00:05 | INFO | Epoch 23 | batch 1550/1829 | loss=0.7817 | giou=0.3597 | bbox=0.0236 | ce=0.0387 | aux_giou=0.0000 | aux_bbox=0.0000 | aux_ce=0.0000 | mask=1474 | aux_mask=1525 | pos=455 | targets=455 | preds=849 | centerness=[-6.416, 0.482] | train_seen=3100
2026-05-25 01:01:51 | INFO | Epoch 23 | batch 1600/1829 | loss=1.1245 | giou=0.4798 | bbox=0.0362 | ce=0.0289 | aux_giou=0.0463 | aux_bbox=0.0038 | aux_ce=0.0034 | mask=2498 | aux_mask=2345 | pos=384 | targets=384 | preds=1595 | centerness=[-4.656, 0.132] | train_seen=3200
2026-05-25 01:03:37 | INFO | Epoch 23 | batch 1650/1829 | loss=1.0561 | giou=0.4736 | bbox=0.0244 | ce=0.0127 | aux_giou=0.0343 | aux_bbox=0.0023 | aux_ce=0.0008 | mask=1532 | aux_mask=1491 | pos=96 | targets=96 | preds=355 | centerness=[-4.934, 0.508] | train_seen=3300
2026-05-25 01:05:23 | INFO | Epoch 23 | batch 1700/1829 | loss=0.4764 | giou=0.2155 | bbox=0.0320 | ce=0.0133 | aux_giou=0.0000 | aux_bbox=0.0000 | aux_ce=0.0000 | mask=1193 | aux_mask=1321 | pos=64 | targets=64 | preds=310 | centerness=[-5.845, 0.293] | train_seen=3400
2026-05-25 01:07:09 | INFO | Epoch 23 | batch 1750/1829 | loss=0.7786 | giou=0.3602 | bbox=0.0274 | ce=0.0309 | aux_giou=0.0000 | aux_bbox=0.0000 | aux_ce=0.0000 | mask=2031 | aux_mask=1857 | pos=488 | targets=488 | preds=1144 | centerness=[-4.885, 0.589] | train_seen=3500
2026-05-25 01:08:55 | INFO | Epoch 23 | batch 1800/1829 | loss=0.3417 | giou=0.1582 | bbox=0.0175 | ce=0.0077 | aux_giou=0.0000 | aux_bbox=0.0000 | aux_ce=0.0000 | mask=1812 | aux_mask=1616 | pos=68 | targets=68 | preds=452 | centerness=[-5.441, 0.850] | train_seen=3600
2026-05-25 01:29:25 | INFO | Epoch 23 | train_loss=0.793 | val_loss=0.937 | train_mae=254.695 | val_mae=138.421 | val_rmse=192.22 | test_mae=154.709 | test_rmse=229.62 | time=5045.382s
2026-05-25 01:31:12 | INFO | Epoch 24 | batch 50/1829 | loss=0.4793 | giou=0.2226 | bbox=0.0193 | ce=0.0148 | aux_giou=0.0000 | aux_bbox=0.0000 | aux_ce=0.0000 | mask=1818 | aux_mask=1712 | pos=131 | targets=131 | preds=810 | centerness=[-5.676, 0.373] | train_seen=100
2026-05-25 01:32:58 | INFO | Epoch 24 | batch 100/1829 | loss=0.5779 | giou=0.2717 | bbox=0.0207 | ce=0.0140 | aux_giou=0.0000 | aux_bbox=0.0000 | aux_ce=0.0000 | mask=2240 | aux_mask=2401 | pos=168 | targets=168 | preds=861 | centerness=[-6.531, 0.446] | train_seen=200
2026-05-25 01:34:44 | INFO | Epoch 24 | batch 150/1829 | loss=0.9467 | giou=0.4268 | bbox=0.0410 | ce=0.0522 | aux_giou=0.0000 | aux_bbox=0.0000 | aux_ce=0.0000 | mask=2101 | aux_mask=2046 | pos=676 | targets=676 | preds=1211 | centerness=[-4.144, 0.500] | train_seen=300
2026-05-25 01:36:30 | INFO | Epoch 24 | batch 200/1829 | loss=1.0755 | giou=0.4393 | bbox=0.0756 | ce=0.0302 | aux_giou=0.0391 | aux_bbox=0.0091 | aux_ce=0.0039 | mask=1708 | aux_mask=1973 | pos=198 | targets=198 | preds=512 | centerness=[-8.768, -0.108] | train_seen=400
2026-05-25 01:38:16 | INFO | Epoch 24 | batch 250/1829 | loss=0.8593 | giou=0.3573 | bbox=0.0337 | ce=0.0343 | aux_giou=0.0358 | aux_bbox=0.0035 | aux_ce=0.0016 | mask=1588 | aux_mask=1647 | pos=240 | targets=240 | preds=1077 | centerness=[-6.261, 1.043] | train_seen=500
2026-05-25 01:40:02 | INFO | Epoch 24 | batch 300/1829 | loss=0.6141 | giou=0.2922 | bbox=0.0205 | ce=0.0092 | aux_giou=0.0000 | aux_bbox=0.0000 | aux_ce=0.0000 | mask=1134 | aux_mask=1346 | pos=61 | targets=61 | preds=310 | centerness=[-5.289, 0.449] | train_seen=600
2026-05-25 01:41:48 | INFO | Epoch 24 | batch 350/1829 | loss=0.6312 | giou=0.2932 | bbox=0.0241 | ce=0.0208 | aux_giou=0.0000 | aux_bbox=0.0000 | aux_ce=0.0000 | mask=1495 | aux_mask=1460 | pos=197 | targets=197 | preds=582 | centerness=[-4.438, 0.921] | train_seen=700
2026-05-25 01:43:35 | INFO | Epoch 24 | batch 400/1829 | loss=0.7517 | giou=0.3602 | bbox=0.0205 | ce=0.0107 | aux_giou=0.0000 | aux_bbox=0.0000 | aux_ce=0.0000 | mask=1788 | aux_mask=1546 | pos=177 | targets=177 | preds=699 | centerness=[-4.806, 0.472] | train_seen=800
2026-05-25 01:45:21 | INFO | Epoch 24 | batch 450/1829 | loss=0.6859 | giou=0.3019 | bbox=0.0620 | ce=0.0201 | aux_giou=0.0000 | aux_bbox=0.0000 | aux_ce=0.0000 | mask=1260 | aux_mask=1506 | pos=232 | targets=232 | preds=403 | centerness=[-9.739, 0.942] | train_seen=900
2026-05-25 01:47:07 | INFO | Epoch 24 | batch 500/1829 | loss=0.6980 | giou=0.3213 | bbox=0.0385 | ce=0.0169 | aux_giou=0.0000 | aux_bbox=0.0000 | aux_ce=0.0000 | mask=1139 | aux_mask=1194 | pos=94 | targets=94 | preds=307 | centerness=[-6.235, 0.295] | train_seen=1000
2026-05-25 01:48:53 | INFO | Epoch 24 | batch 550/1829 | loss=0.8604 | giou=0.3959 | bbox=0.0370 | ce=0.0315 | aux_giou=0.0000 | aux_bbox=0.0000 | aux_ce=0.0000 | mask=1966 | aux_mask=1858 | pos=237 | targets=237 | preds=1126 | centerness=[-4.519, 0.317] | train_seen=1100
2026-05-25 01:50:39 | INFO | Epoch 24 | batch 600/1829 | loss=0.9009 | giou=0.3531 | bbox=0.0421 | ce=0.0495 | aux_giou=0.0460 | aux_bbox=0.0040 | aux_ce=0.0070 | mask=1462 | aux_mask=1485 | pos=305 | targets=305 | preds=618 | centerness=[-6.762, -0.384] | train_seen=1200
2026-05-25 01:52:25 | INFO | Epoch 24 | batch 650/1829 | loss=0.5577 | giou=0.2619 | bbox=0.0226 | ce=0.0113 | aux_giou=0.0000 | aux_bbox=0.0000 | aux_ce=0.0000 | mask=1048 | aux_mask=1181 | pos=60 | targets=60 | preds=263 | centerness=[-6.308, 0.477] | train_seen=1300
2026-05-25 01:54:11 | INFO | Epoch 24 | batch 700/1829 | loss=0.8808 | giou=0.3560 | bbox=0.0429 | ce=0.0305 | aux_giou=0.0436 | aux_bbox=0.0034 | aux_ce=0.0047 | mask=1636 | aux_mask=1255 | pos=446 | targets=446 | preds=797 | centerness=[-7.149, 0.532] | train_seen=1400
2026-05-25 01:55:57 | INFO | Epoch 24 | batch 750/1829 | loss=0.6429 | giou=0.3008 | bbox=0.0266 | ce=0.0146 | aux_giou=0.0000 | aux_bbox=0.0000 | aux_ce=0.0000 | mask=872 | aux_mask=1092 | pos=66 | targets=66 | preds=234 | centerness=[-7.173, 0.561] | train_seen=1500
2026-05-25 01:57:43 | INFO | Epoch 24 | batch 800/1829 | loss=0.7220 | giou=0.3217 | bbox=0.0224 | ce=0.0191 | aux_giou=0.0178 | aux_bbox=0.0005 | aux_ce=0.0009 | mask=1892 | aux_mask=1955 | pos=164 | targets=164 | preds=681 | centerness=[-5.606, 1.389] | train_seen=1600
2026-05-25 01:59:30 | INFO | Epoch 24 | batch 850/1829 | loss=0.7168 | giou=0.3409 | bbox=0.0196 | ce=0.0153 | aux_giou=0.0000 | aux_bbox=0.0000 | aux_ce=0.0000 | mask=2129 | aux_mask=1796 | pos=225 | targets=225 | preds=1432 | centerness=[-4.025, 1.123] | train_seen=1700
2026-05-25 02:01:16 | INFO | Epoch 24 | batch 900/1829 | loss=0.6185 | giou=0.2903 | bbox=0.0269 | ce=0.0110 | aux_giou=0.0000 | aux_bbox=0.0000 | aux_ce=0.0000 | mask=1390 | aux_mask=1407 | pos=74 | targets=74 | preds=301 | centerness=[-5.442, 0.973] | train_seen=1800
2026-05-25 02:03:02 | INFO | Epoch 24 | batch 950/1829 | loss=0.7534 | giou=0.3162 | bbox=0.0224 | ce=0.0273 | aux_giou=0.0327 | aux_bbox=0.0021 | aux_ce=0.0038 | mask=1077 | aux_mask=1085 | pos=328 | targets=328 | preds=506 | centerness=[-6.756, 0.751] | train_seen=1900
2026-05-25 02:04:49 | INFO | Epoch 24 | batch 1000/1829 | loss=0.9487 | giou=0.4015 | bbox=0.0352 | ce=0.0160 | aux_giou=0.0442 | aux_bbox=0.0043 | aux_ce=0.0018 | mask=1932 | aux_mask=1742 | pos=147 | targets=147 | preds=939 | centerness=[-4.478, 0.167] | train_seen=2000
2026-05-25 02:06:35 | INFO | Epoch 24 | batch 1050/1829 | loss=0.7635 | giou=0.3544 | bbox=0.0329 | ce=0.0218 | aux_giou=0.0000 | aux_bbox=0.0000 | aux_ce=0.0000 | mask=1590 | aux_mask=1575 | pos=145 | targets=145 | preds=521 | centerness=[-4.695, 0.405] | train_seen=2100
2026-05-25 02:08:21 | INFO | Epoch 24 | batch 1100/1829 | loss=0.9338 | giou=0.3983 | bbox=0.0259 | ce=0.0375 | aux_giou=0.0343 | aux_bbox=0.0018 | aux_ce=0.0034 | mask=2178 | aux_mask=2021 | pos=366 | targets=366 | preds=1251 | centerness=[-4.731, 0.547] | train_seen=2200
2026-05-25 02:10:07 | INFO | Epoch 24 | batch 1150/1829 | loss=0.4292 | giou=0.2001 | bbox=0.0223 | ce=0.0067 | aux_giou=0.0000 | aux_bbox=0.0000 | aux_ce=0.0000 | mask=1448 | aux_mask=1375 | pos=40 | targets=40 | preds=301 | centerness=[-6.480, 1.198] | train_seen=2300
2026-05-25 02:11:54 | INFO | Epoch 24 | batch 1200/1829 | loss=1.0851 | giou=0.4790 | bbox=0.0221 | ce=0.0336 | aux_giou=0.0345 | aux_bbox=0.0010 | aux_ce=0.0013 | mask=2131 | aux_mask=2067 | pos=327 | targets=327 | preds=1366 | centerness=[-4.435, 0.839] | train_seen=2400
2026-05-25 02:13:40 | INFO | Epoch 24 | batch 1250/1829 | loss=0.5764 | giou=0.2694 | bbox=0.0177 | ce=0.0198 | aux_giou=0.0000 | aux_bbox=0.0000 | aux_ce=0.0000 | mask=1157 | aux_mask=1127 | pos=120 | targets=120 | preds=548 | centerness=[-4.837, 0.621] | train_seen=2500
2026-05-25 02:15:26 | INFO | Epoch 24 | batch 1300/1829 | loss=1.1418 | giou=0.4899 | bbox=0.0661 | ce=0.0269 | aux_giou=0.0320 | aux_bbox=0.0025 | aux_ce=0.0024 | mask=2170 | aux_mask=1876 | pos=296 | targets=296 | preds=1025 | centerness=[-5.993, -0.188] | train_seen=2600
2026-05-25 02:17:12 | INFO | Epoch 24 | batch 1350/1829 | loss=0.5497 | giou=0.2565 | bbox=0.0281 | ce=0.0085 | aux_giou=0.0000 | aux_bbox=0.0000 | aux_ce=0.0000 | mask=1882 | aux_mask=1847 | pos=66 | targets=66 | preds=357 | centerness=[-8.811, 0.273] | train_seen=2700
2026-05-25 02:18:58 | INFO | Epoch 24 | batch 1400/1829 | loss=0.6445 | giou=0.2966 | bbox=0.0250 | ce=0.0262 | aux_giou=0.0000 | aux_bbox=0.0000 | aux_ce=0.0000 | mask=1817 | aux_mask=1779 | pos=120 | targets=120 | preds=736 | centerness=[-5.209, 1.122] | train_seen=2800
2026-05-25 02:20:44 | INFO | Epoch 24 | batch 1450/1829 | loss=0.7569 | giou=0.3568 | bbox=0.0271 | ce=0.0162 | aux_giou=0.0000 | aux_bbox=0.0000 | aux_ce=0.0000 | mask=1683 | aux_mask=1628 | pos=104 | targets=104 | preds=727 | centerness=[-4.240, 0.366] | train_seen=2900
2026-05-25 02:22:31 | INFO | Epoch 24 | batch 1500/1829 | loss=1.3608 | giou=0.5842 | bbox=0.0347 | ce=0.0622 | aux_giou=0.0453 | aux_bbox=0.0022 | aux_ce=0.0028 | mask=1760 | aux_mask=1695 | pos=729 | targets=729 | preds=1436 | centerness=[-4.901, 0.533] | train_seen=3000
2026-05-25 02:24:17 | INFO | Epoch 24 | batch 1550/1829 | loss=1.7793 | giou=0.7023 | bbox=0.1069 | ce=0.0375 | aux_giou=0.1057 | aux_bbox=0.0140 | aux_ce=0.0049 | mask=1602 | aux_mask=1612 | pos=335 | targets=335 | preds=727 | centerness=[-6.912, 1.082] | train_seen=3100
2026-05-25 02:26:03 | INFO | Epoch 24 | batch 1600/1829 | loss=0.9542 | giou=0.4347 | bbox=0.0293 | ce=0.0555 | aux_giou=0.0000 | aux_bbox=0.0000 | aux_ce=0.0000 | mask=1799 | aux_mask=1765 | pos=794 | targets=794 | preds=1404 | centerness=[-4.655, 1.068] | train_seen=3200
2026-05-25 02:27:49 | INFO | Epoch 24 | batch 1650/1829 | loss=0.8446 | giou=0.3864 | bbox=0.0392 | ce=0.0325 | aux_giou=0.0000 | aux_bbox=0.0000 | aux_ce=0.0000 | mask=1961 | aux_mask=1752 | pos=780 | targets=780 | preds=1533 | centerness=[-8.399, 0.741] | train_seen=3300
2026-05-25 02:29:35 | INFO | Epoch 24 | batch 1700/1829 | loss=0.8744 | giou=0.4204 | bbox=0.0271 | ce=0.0065 | aux_giou=0.0000 | aux_bbox=0.0000 | aux_ce=0.0000 | mask=1303 | aux_mask=1522 | pos=47 | targets=47 | preds=226 | centerness=[-5.680, 0.907] | train_seen=3400
2026-05-25 02:31:21 | INFO | Epoch 24 | batch 1750/1829 | loss=0.7383 | giou=0.3287 | bbox=0.0510 | ce=0.0300 | aux_giou=0.0000 | aux_bbox=0.0000 | aux_ce=0.0000 | mask=1613 | aux_mask=2062 | pos=197 | targets=197 | preds=534 | centerness=[-7.839, 0.156] | train_seen=3500
2026-05-25 02:33:07 | INFO | Epoch 24 | batch 1800/1829 | loss=0.5799 | giou=0.2489 | bbox=0.0640 | ce=0.0181 | aux_giou=0.0000 | aux_bbox=0.0000 | aux_ce=0.0000 | mask=1741 | aux_mask=1851 | pos=103 | targets=103 | preds=471 | centerness=[-10.513, -0.536] | train_seen=3600
2026-05-25 02:53:37 | INFO | Epoch 24 | train_loss=0.797 | val_loss=0.935 | train_mae=252.207 | val_mae=145.809 | val_rmse=202.43 | test_mae=158.694 | test_rmse=234.91 | time=5049.986s
2026-05-25 02:55:23 | INFO | Epoch 25 | batch 50/1829 | loss=0.6228 | giou=0.2850 | bbox=0.0194 | ce=0.0335 | aux_giou=0.0000 | aux_bbox=0.0000 | aux_ce=0.0000 | mask=1634 | aux_mask=1294 | pos=394 | targets=394 | preds=950 | centerness=[-4.587, 1.086] | train_seen=100
2026-05-25 02:57:09 | INFO | Epoch 25 | batch 100/1829 | loss=0.6791 | giou=0.3169 | bbox=0.0299 | ce=0.0154 | aux_giou=0.0000 | aux_bbox=0.0000 | aux_ce=0.0000 | mask=1699 | aux_mask=1489 | pos=99 | targets=99 | preds=693 | centerness=[-4.185, 0.220] | train_seen=200
2026-05-25 02:58:56 | INFO | Epoch 25 | batch 150/1829 | loss=0.8062 | giou=0.3663 | bbox=0.0374 | ce=0.0361 | aux_giou=0.0000 | aux_bbox=0.0000 | aux_ce=0.0000 | mask=1841 | aux_mask=1810 | pos=316 | targets=316 | preds=923 | centerness=[-4.422, 0.498] | train_seen=300
2026-05-25 03:00:42 | INFO | Epoch 25 | batch 200/1829 | loss=0.8134 | giou=0.3778 | bbox=0.0355 | ce=0.0224 | aux_giou=0.0000 | aux_bbox=0.0000 | aux_ce=0.0000 | mask=2729 | aux_mask=2552 | pos=93 | targets=93 | preds=1316 | centerness=[-4.460, 0.324] | train_seen=400
2026-05-25 03:02:28 | INFO | Epoch 25 | batch 250/1829 | loss=0.6571 | giou=0.3011 | bbox=0.0365 | ce=0.0185 | aux_giou=0.0000 | aux_bbox=0.0000 | aux_ce=0.0000 | mask=1180 | aux_mask=1258 | pos=77 | targets=77 | preds=468 | centerness=[-5.223, 0.216] | train_seen=500
2026-05-25 03:04:14 | INFO | Epoch 25 | batch 300/1829 | loss=0.7429 | giou=0.3420 | bbox=0.0458 | ce=0.0132 | aux_giou=0.0000 | aux_bbox=0.0000 | aux_ce=0.0000 | mask=1882 | aux_mask=1982 | pos=73 | targets=73 | preds=465 | centerness=[-8.652, 0.205] | train_seen=600
2026-05-25 03:06:00 | INFO | Epoch 25 | batch 350/1829 | loss=0.6215 | giou=0.2662 | bbox=0.0305 | ce=0.0056 | aux_giou=0.0257 | aux_bbox=0.0010 | aux_ce=0.0006 | mask=1134 | aux_mask=1252 | pos=35 | targets=35 | preds=146 | centerness=[-6.943, 0.918] | train_seen=700
2026-05-25 03:07:46 | INFO | Epoch 25 | batch 400/1829 | loss=0.7854 | giou=0.3630 | bbox=0.0362 | ce=0.0232 | aux_giou=0.0000 | aux_bbox=0.0000 | aux_ce=0.0000 | mask=2132 | aux_mask=2115 | pos=160 | targets=160 | preds=958 | centerness=[-4.594, 0.234] | train_seen=800
2026-05-25 03:09:32 | INFO | Epoch 25 | batch 450/1829 | loss=0.5898 | giou=0.2722 | bbox=0.0352 | ce=0.0103 | aux_giou=0.0000 | aux_bbox=0.0000 | aux_ce=0.0000 | mask=2142 | aux_mask=2371 | pos=78 | targets=78 | preds=670 | centerness=[-9.071, 0.523] | train_seen=900
2026-05-25 03:11:18 | INFO | Epoch 25 | batch 500/1829 | loss=0.5990 | giou=0.2761 | bbox=0.0387 | ce=0.0081 | aux_giou=0.0000 | aux_bbox=0.0000 | aux_ce=0.0000 | mask=1456 | aux_mask=1315 | pos=37 | targets=37 | preds=207 | centerness=[-6.202, 0.260] | train_seen=1000
2026-05-25 03:13:04 | INFO | Epoch 25 | batch 550/1829 | loss=0.7028 | giou=0.3270 | bbox=0.0317 | ce=0.0171 | aux_giou=0.0000 | aux_bbox=0.0000 | aux_ce=0.0000 | mask=2016 | aux_mask=1830 | pos=156 | targets=156 | preds=562 | centerness=[-4.610, 0.467] | train_seen=1100
2026-05-25 03:14:51 | INFO | Epoch 25 | batch 600/1829 | loss=1.0396 | giou=0.4512 | bbox=0.0839 | ce=0.0533 | aux_giou=0.0000 | aux_bbox=0.0000 | aux_ce=0.0000 | mask=1340 | aux_mask=1357 | pos=500 | targets=500 | preds=517 | centerness=[-5.840, 0.969] | train_seen=1200
2026-05-25 03:16:37 | INFO | Epoch 25 | batch 650/1829 | loss=0.5639 | giou=0.2660 | bbox=0.0278 | ce=0.0042 | aux_giou=0.0000 | aux_bbox=0.0000 | aux_ce=0.0000 | mask=1154 | aux_mask=1454 | pos=40 | targets=40 | preds=126 | centerness=[-7.510, 1.556] | train_seen=1300
2026-05-25 03:18:23 | INFO | Epoch 25 | batch 700/1829 | loss=0.4135 | giou=0.1868 | bbox=0.0292 | ce=0.0108 | aux_giou=0.0000 | aux_bbox=0.0000 | aux_ce=0.0000 | mask=1808 | aux_mask=1789 | pos=57 | targets=57 | preds=433 | centerness=[-5.314, 0.027] | train_seen=1400
2026-05-25 03:20:09 | INFO | Epoch 25 | batch 750/1829 | loss=1.0627 | giou=0.4902 | bbox=0.0473 | ce=0.0350 | aux_giou=0.0000 | aux_bbox=0.0000 | aux_ce=0.0000 | mask=1485 | aux_mask=1451 | pos=285 | targets=285 | preds=659 | centerness=[-5.022, 0.657] | train_seen=1500
2026-05-25 03:21:55 | INFO | Epoch 25 | batch 800/1829 | loss=0.8794 | giou=0.3882 | bbox=0.0312 | ce=0.0130 | aux_giou=0.0272 | aux_bbox=0.0030 | aux_ce=0.0013 | mask=1897 | aux_mask=1732 | pos=40 | targets=40 | preds=1030 | centerness=[-5.157, -0.144] | train_seen=1600
2026-05-25 03:23:41 | INFO | Epoch 25 | batch 850/1829 | loss=0.9726 | giou=0.4258 | bbox=0.0358 | ce=0.0035 | aux_giou=0.0402 | aux_bbox=0.0011 | aux_ce=0.0003 | mask=1342 | aux_mask=1607 | pos=35 | targets=35 | preds=214 | centerness=[-9.028, 1.044] | train_seen=1700
2026-05-25 03:25:27 | INFO | Epoch 25 | batch 900/1829 | loss=0.8901 | giou=0.4092 | bbox=0.0447 | ce=0.0271 | aux_giou=0.0000 | aux_bbox=0.0000 | aux_ce=0.0000 | mask=1800 | aux_mask=1715 | pos=148 | targets=148 | preds=682 | centerness=[-5.788, 0.450] | train_seen=1800
2026-05-25 03:27:13 | INFO | Epoch 25 | batch 950/1829 | loss=0.7504 | giou=0.3317 | bbox=0.0733 | ce=0.0136 | aux_giou=0.0000 | aux_bbox=0.0000 | aux_ce=0.0000 | mask=1061 | aux_mask=1333 | pos=33 | targets=33 | preds=307 | centerness=[-8.588, -1.082] | train_seen=1900
2026-05-25 03:29:00 | INFO | Epoch 25 | batch 1000/1829 | loss=0.7491 | giou=0.3485 | bbox=0.0330 | ce=0.0191 | aux_giou=0.0000 | aux_bbox=0.0000 | aux_ce=0.0000 | mask=2261 | aux_mask=2127 | pos=192 | targets=192 | preds=1112 | centerness=[-4.106, 0.578] | train_seen=2000
2026-05-25 03:30:46 | INFO | Epoch 25 | batch 1050/1829 | loss=0.6947 | giou=0.3154 | bbox=0.0539 | ce=0.0100 | aux_giou=0.0000 | aux_bbox=0.0000 | aux_ce=0.0000 | mask=1362 | aux_mask=1473 | pos=41 | targets=41 | preds=265 | centerness=[-6.912, -0.205] | train_seen=2100
2026-05-25 03:32:32 | INFO | Epoch 25 | batch 1100/1829 | loss=1.1140 | giou=0.4717 | bbox=0.0290 | ce=0.0366 | aux_giou=0.0484 | aux_bbox=0.0032 | aux_ce=0.0051 | mask=2183 | aux_mask=2645 | pos=680 | targets=680 | preds=1335 | centerness=[-5.078, 0.405] | train_seen=2200
2026-05-25 03:34:18 | INFO | Epoch 25 | batch 1150/1829 | loss=1.2354 | giou=0.5141 | bbox=0.0812 | ce=0.0169 | aux_giou=0.0497 | aux_bbox=0.0080 | aux_ce=0.0018 | mask=1180 | aux_mask=1469 | pos=222 | targets=222 | preds=232 | centerness=[-5.528, 1.027] | train_seen=2300
2026-05-25 03:36:04 | INFO | Epoch 25 | batch 1200/1829 | loss=0.9574 | giou=0.3979 | bbox=0.0410 | ce=0.0394 | aux_giou=0.0367 | aux_bbox=0.0028 | aux_ce=0.0051 | mask=1479 | aux_mask=1424 | pos=420 | targets=420 | preds=777 | centerness=[-4.899, 0.584] | train_seen=2400
2026-05-25 03:37:51 | INFO | Epoch 25 | batch 1250/1829 | loss=1.0214 | giou=0.4361 | bbox=0.0316 | ce=0.0402 | aux_giou=0.0354 | aux_bbox=0.0020 | aux_ce=0.0046 | mask=2329 | aux_mask=2055 | pos=496 | targets=496 | preds=1351 | centerness=[-5.557, 0.302] | train_seen=2500
2026-05-25 03:39:37 | INFO | Epoch 25 | batch 1300/1829 | loss=1.2607 | giou=0.5307 | bbox=0.0603 | ce=0.0291 | aux_giou=0.0502 | aux_bbox=0.0061 | aux_ce=0.0035 | mask=1929 | aux_mask=1706 | pos=302 | targets=302 | preds=977 | centerness=[-6.181, 0.710] | train_seen=2600
2026-05-25 03:41:23 | INFO | Epoch 25 | batch 1350/1829 | loss=0.6547 | giou=0.3102 | bbox=0.0295 | ce=0.0049 | aux_giou=0.0000 | aux_bbox=0.0000 | aux_ce=0.0000 | mask=1164 | aux_mask=1506 | pos=32 | targets=32 | preds=101 | centerness=[-7.230, 0.690] | train_seen=2700
2026-05-25 03:43:09 | INFO | Epoch 25 | batch 1400/1829 | loss=0.5761 | giou=0.2620 | bbox=0.0390 | ce=0.0131 | aux_giou=0.0000 | aux_bbox=0.0000 | aux_ce=0.0000 | mask=1970 | aux_mask=2089 | pos=91 | targets=91 | preds=492 | centerness=[-6.301, -0.205] | train_seen=2800
2026-05-25 03:44:55 | INFO | Epoch 25 | batch 1450/1829 | loss=0.7361 | giou=0.3382 | bbox=0.0500 | ce=0.0097 | aux_giou=0.0000 | aux_bbox=0.0000 | aux_ce=0.0000 | mask=1284 | aux_mask=1281 | pos=39 | targets=39 | preds=230 | centerness=[-7.173, 0.148] | train_seen=2900
2026-05-25 03:46:41 | INFO | Epoch 25 | batch 1500/1829 | loss=0.7232 | giou=0.3208 | bbox=0.0507 | ce=0.0308 | aux_giou=0.0000 | aux_bbox=0.0000 | aux_ce=0.0000 | mask=1414 | aux_mask=1480 | pos=402 | targets=402 | preds=922 | centerness=[-6.099, 0.578] | train_seen=3000
2026-05-25 03:48:28 | INFO | Epoch 25 | batch 1550/1829 | loss=0.8144 | giou=0.3437 | bbox=0.0248 | ce=0.0173 | aux_giou=0.0400 | aux_bbox=0.0021 | aux_ce=0.0027 | mask=1727 | aux_mask=1593 | pos=252 | targets=252 | preds=964 | centerness=[-5.454, 0.438] | train_seen=3100
2026-05-25 03:50:14 | INFO | Epoch 25 | batch 1600/1829 | loss=0.5483 | giou=0.2478 | bbox=0.0416 | ce=0.0111 | aux_giou=0.0000 | aux_bbox=0.0000 | aux_ce=0.0000 | mask=1630 | aux_mask=1480 | pos=40 | targets=40 | preds=700 | centerness=[-6.540, 0.618] | train_seen=3200
2026-05-25 03:52:01 | INFO | Epoch 25 | batch 1650/1829 | loss=0.8405 | giou=0.3998 | bbox=0.0292 | ce=0.0118 | aux_giou=0.0000 | aux_bbox=0.0000 | aux_ce=0.0000 | mask=2585 | aux_mask=2319 | pos=116 | targets=116 | preds=1154 | centerness=[-4.366, 0.635] | train_seen=3300
2026-05-25 03:53:47 | INFO | Epoch 25 | batch 1700/1829 | loss=0.7032 | giou=0.3244 | bbox=0.0331 | ce=0.0212 | aux_giou=0.0000 | aux_bbox=0.0000 | aux_ce=0.0000 | mask=1771 | aux_mask=1782 | pos=205 | targets=205 | preds=695 | centerness=[-5.109, 0.386] | train_seen=3400
2026-05-25 03:55:33 | INFO | Epoch 25 | batch 1750/1829 | loss=0.6624 | giou=0.3011 | bbox=0.0367 | ce=0.0234 | aux_giou=0.0000 | aux_bbox=0.0000 | aux_ce=0.0000 | mask=1958 | aux_mask=2182 | pos=200 | targets=200 | preds=902 | centerness=[-10.725, 0.475] | train_seen=3500
2026-05-25 03:57:19 | INFO | Epoch 25 | batch 1800/1829 | loss=0.5926 | giou=0.2773 | bbox=0.0244 | ce=0.0135 | aux_giou=0.0000 | aux_bbox=0.0000 | aux_ce=0.0000 | mask=1502 | aux_mask=1730 | pos=114 | targets=114 | preds=435 | centerness=[-5.804, 0.206] | train_seen=3600
2026-05-25 04:17:50 | INFO | Epoch 25 | train_loss=0.793 | val_loss=0.933 | train_mae=250.761 | val_mae=138.581 | val_rmse=193.76 | test_mae=151.874 | test_rmse=228.43 | time=5051.021s
2026-05-25 04:19:36 | INFO | Epoch 26 | batch 50/1829 | loss=0.6095 | giou=0.2760 | bbox=0.0447 | ce=0.0128 | aux_giou=0.0000 | aux_bbox=0.0000 | aux_ce=0.0000 | mask=1463 | aux_mask=1564 | pos=51 | targets=51 | preds=277 | centerness=[-7.380, -0.161] | train_seen=100
2026-05-25 04:21:22 | INFO | Epoch 26 | batch 100/1829 | loss=0.6558 | giou=0.3008 | bbox=0.0346 | ce=0.0196 | aux_giou=0.0000 | aux_bbox=0.0000 | aux_ce=0.0000 | mask=2213 | aux_mask=2422 | pos=228 | targets=228 | preds=548 | centerness=[-6.350, 0.436] | train_seen=200
2026-05-25 04:23:09 | INFO | Epoch 26 | batch 150/1829 | loss=0.6198 | giou=0.2903 | bbox=0.0290 | ce=0.0103 | aux_giou=0.0000 | aux_bbox=0.0000 | aux_ce=0.0000 | mask=2038 | aux_mask=1991 | pos=71 | targets=71 | preds=605 | centerness=[-5.245, 0.044] | train_seen=300
2026-05-25 04:24:55 | INFO | Epoch 26 | batch 200/1829 | loss=0.5456 | giou=0.2551 | bbox=0.0316 | ce=0.0037 | aux_giou=0.0000 | aux_bbox=0.0000 | aux_ce=0.0000 | mask=1067 | aux_mask=1306 | pos=22 | targets=22 | preds=103 | centerness=[-6.404, 0.297] | train_seen=400
2026-05-25 04:26:41 | INFO | Epoch 26 | batch 250/1829 | loss=1.2573 | giou=0.5251 | bbox=0.0335 | ce=0.0484 | aux_giou=0.0577 | aux_bbox=0.0052 | aux_ce=0.0046 | mask=1612 | aux_mask=1579 | pos=480 | targets=480 | preds=1117 | centerness=[-4.851, 0.815] | train_seen=500
2026-05-25 04:28:27 | INFO | Epoch 26 | batch 300/1829 | loss=1.0356 | giou=0.4100 | bbox=0.0456 | ce=0.0310 | aux_giou=0.0627 | aux_bbox=0.0082 | aux_ce=0.0054 | mask=2147 | aux_mask=1775 | pos=436 | targets=436 | preds=1407 | centerness=[-7.260, 0.399] | train_seen=600
2026-05-25 04:30:13 | INFO | Epoch 26 | batch 350/1829 | loss=0.5935 | giou=0.2831 | bbox=0.0206 | ce=0.0066 | aux_giou=0.0000 | aux_bbox=0.0000 | aux_ce=0.0000 | mask=993 | aux_mask=1333 | pos=54 | targets=54 | preds=121 | centerness=[-5.587, 1.096] | train_seen=700
2026-05-25 04:32:00 | INFO | Epoch 26 | batch 400/1829 | loss=0.4196 | giou=0.1994 | bbox=0.0174 | ce=0.0034 | aux_giou=0.0000 | aux_bbox=0.0000 | aux_ce=0.0000 | mask=1041 | aux_mask=1195 | pos=28 | targets=28 | preds=162 | centerness=[-5.960, 0.711] | train_seen=800
2026-05-25 04:33:46 | INFO | Epoch 26 | batch 450/1829 | loss=0.4917 | giou=0.2271 | bbox=0.0254 | ce=0.0121 | aux_giou=0.0000 | aux_bbox=0.0000 | aux_ce=0.0000 | mask=1906 | aux_mask=1581 | pos=132 | targets=132 | preds=537 | centerness=[-4.261, 0.520] | train_seen=900
2026-05-25 04:35:32 | INFO | Epoch 26 | batch 500/1829 | loss=0.8350 | giou=0.3698 | bbox=0.0697 | ce=0.0258 | aux_giou=0.0000 | aux_bbox=0.0000 | aux_ce=0.0000 | mask=1065 | aux_mask=1693 | pos=95 | targets=95 | preds=377 | centerness=[-7.509, -0.033] | train_seen=1000
2026-05-25 04:37:18 | INFO | Epoch 26 | batch 550/1829 | loss=1.1294 | giou=0.4709 | bbox=0.0374 | ce=0.0473 | aux_giou=0.0474 | aux_bbox=0.0030 | aux_ce=0.0050 | mask=2730 | aux_mask=2639 | pos=748 | targets=748 | preds=1735 | centerness=[-4.916, 0.164] | train_seen=1100
2026-05-25 04:39:04 | INFO | Epoch 26 | batch 600/1829 | loss=0.8519 | giou=0.3964 | bbox=0.0311 | ce=0.0280 | aux_giou=0.0000 | aux_bbox=0.0000 | aux_ce=0.0000 | mask=1009 | aux_mask=883 | pos=203 | targets=203 | preds=360 | centerness=[-4.819, 1.241] | train_seen=1200
2026-05-25 04:40:50 | INFO | Epoch 26 | batch 650/1829 | loss=0.6333 | giou=0.2799 | bbox=0.0554 | ce=0.0181 | aux_giou=0.0000 | aux_bbox=0.0000 | aux_ce=0.0000 | mask=1315 | aux_mask=1352 | pos=66 | targets=66 | preds=247 | centerness=[-7.849, -0.228] | train_seen=1300
2026-05-25 04:42:37 | INFO | Epoch 26 | batch 700/1829 | loss=0.9210 | giou=0.4236 | bbox=0.0344 | ce=0.0393 | aux_giou=0.0000 | aux_bbox=0.0000 | aux_ce=0.0000 | mask=2413 | aux_mask=2122 | pos=444 | targets=444 | preds=1630 | centerness=[-3.699, 0.330] | train_seen=1400
2026-05-25 04:44:22 | INFO | Epoch 26 | batch 750/1829 | loss=0.6619 | giou=0.3006 | bbox=0.0510 | ce=0.0097 | aux_giou=0.0000 | aux_bbox=0.0000 | aux_ce=0.0000 | mask=1149 | aux_mask=1274 | pos=53 | targets=53 | preds=200 | centerness=[-8.237, 0.540] | train_seen=1500
2026-05-25 04:46:09 | INFO | Epoch 26 | batch 800/1829 | loss=0.8377 | giou=0.3621 | bbox=0.0235 | ce=0.0153 | aux_giou=0.0349 | aux_bbox=0.0029 | aux_ce=0.0020 | mask=1204 | aux_mask=1323 | pos=296 | targets=296 | preds=430 | centerness=[-5.028, 1.232] | train_seen=1600
2026-05-25 04:47:55 | INFO | Epoch 26 | batch 850/1829 | loss=0.7870 | giou=0.3327 | bbox=0.0227 | ce=0.0323 | aux_giou=0.0304 | aux_bbox=0.0011 | aux_ce=0.0047 | mask=1638 | aux_mask=1685 | pos=507 | targets=507 | preds=797 | centerness=[-6.279, 0.293] | train_seen=1700
2026-05-25 04:49:41 | INFO | Epoch 26 | batch 900/1829 | loss=0.7276 | giou=0.3259 | bbox=0.0542 | ce=0.0217 | aux_giou=0.0000 | aux_bbox=0.0000 | aux_ce=0.0000 | mask=1370 | aux_mask=1549 | pos=177 | targets=177 | preds=467 | centerness=[-6.862, 0.373] | train_seen=1800
2026-05-25 04:51:27 | INFO | Epoch 26 | batch 950/1829 | loss=0.5265 | giou=0.2484 | bbox=0.0269 | ce=0.0027 | aux_giou=0.0000 | aux_bbox=0.0000 | aux_ce=0.0000 | mask=1231 | aux_mask=1251 | pos=25 | targets=25 | preds=88 | centerness=[-6.298, 0.713] | train_seen=1900
2026-05-25 04:53:14 | INFO | Epoch 26 | batch 1000/1829 | loss=0.5528 | giou=0.2525 | bbox=0.0278 | ce=0.0200 | aux_giou=0.0000 | aux_bbox=0.0000 | aux_ce=0.0000 | mask=1356 | aux_mask=1337 | pos=199 | targets=199 | preds=443 | centerness=[-6.453, 0.984] | train_seen=2000
2026-05-25 04:55:00 | INFO | Epoch 26 | batch 1050/1829 | loss=0.8066 | giou=0.3714 | bbox=0.0394 | ce=0.0244 | aux_giou=0.0000 | aux_bbox=0.0000 | aux_ce=0.0000 | mask=1747 | aux_mask=1395 | pos=157 | targets=157 | preds=621 | centerness=[-5.045, 0.370] | train_seen=2100
2026-05-25 04:56:46 | INFO | Epoch 26 | batch 1100/1829 | loss=0.3709 | giou=0.1658 | bbox=0.0298 | ce=0.0096 | aux_giou=0.0000 | aux_bbox=0.0000 | aux_ce=0.0000 | mask=2123 | aux_mask=1943 | pos=84 | targets=84 | preds=460 | centerness=[-7.642, -0.060] | train_seen=2200
2026-05-25 04:58:32 | INFO | Epoch 26 | batch 1150/1829 | loss=1.0264 | giou=0.4839 | bbox=0.0270 | ce=0.0315 | aux_giou=0.0000 | aux_bbox=0.0000 | aux_ce=0.0000 | mask=1812 | aux_mask=1740 | pos=406 | targets=406 | preds=966 | centerness=[-4.150, 0.838] | train_seen=2300
2026-05-25 05:00:19 | INFO | Epoch 26 | batch 1200/1829 | loss=0.6026 | giou=0.2769 | bbox=0.0379 | ce=0.0108 | aux_giou=0.0000 | aux_bbox=0.0000 | aux_ce=0.0000 | mask=1681 | aux_mask=2023 | pos=77 | targets=77 | preds=525 | centerness=[-8.294, -0.196] | train_seen=2400
2026-05-25 05:02:05 | INFO | Epoch 26 | batch 1250/1829 | loss=1.6489 | giou=0.6709 | bbox=0.0946 | ce=0.0541 | aux_giou=0.0709 | aux_bbox=0.0101 | aux_ce=0.0064 | mask=1636 | aux_mask=1492 | pos=569 | targets=569 | preds=1361 | centerness=[-4.466, 0.205] | train_seen=2500
2026-05-25 05:03:51 | INFO | Epoch 26 | batch 1300/1829 | loss=0.9195 | giou=0.4278 | bbox=0.0367 | ce=0.0272 | aux_giou=0.0000 | aux_bbox=0.0000 | aux_ce=0.0000 | mask=2652 | aux_mask=2265 | pos=240 | targets=240 | preds=1451 | centerness=[-3.877, 0.246] | train_seen=2600
2026-05-25 05:05:37 | INFO | Epoch 26 | batch 1350/1829 | loss=1.0615 | giou=0.4710 | bbox=0.0231 | ce=0.0122 | aux_giou=0.0406 | aux_bbox=0.0023 | aux_ce=0.0007 | mask=1648 | aux_mask=1508 | pos=108 | targets=108 | preds=534 | centerness=[-5.693, 1.670] | train_seen=2700
2026-05-25 05:07:23 | INFO | Epoch 26 | batch 1400/1829 | loss=1.2894 | giou=0.5566 | bbox=0.0333 | ce=0.0460 | aux_giou=0.0451 | aux_bbox=0.0035 | aux_ce=0.0031 | mask=2268 | aux_mask=2092 | pos=622 | targets=622 | preds=1910 | centerness=[-3.865, 0.435] | train_seen=2800
2026-05-25 05:09:09 | INFO | Epoch 26 | batch 1450/1829 | loss=0.5474 | giou=0.2417 | bbox=0.0528 | ce=0.0111 | aux_giou=0.0000 | aux_bbox=0.0000 | aux_ce=0.0000 | mask=2479 | aux_mask=2718 | pos=73 | targets=73 | preds=542 | centerness=[-8.220, -0.524] | train_seen=2900
2026-05-25 05:10:55 | INFO | Epoch 26 | batch 1500/1829 | loss=0.8765 | giou=0.4223 | bbox=0.0222 | ce=0.0096 | aux_giou=0.0000 | aux_bbox=0.0000 | aux_ce=0.0000 | mask=1062 | aux_mask=1230 | pos=117 | targets=117 | preds=207 | centerness=[-4.836, 1.398] | train_seen=3000
2026-05-25 05:12:42 | INFO | Epoch 26 | batch 1550/1829 | loss=0.4289 | giou=0.1922 | bbox=0.0310 | ce=0.0135 | aux_giou=0.0000 | aux_bbox=0.0000 | aux_ce=0.0000 | mask=1222 | aux_mask=1389 | pos=67 | targets=67 | preds=369 | centerness=[-6.607, 0.167] | train_seen=3100
2026-05-25 05:14:28 | INFO | Epoch 26 | batch 1600/1829 | loss=0.4970 | giou=0.2259 | bbox=0.0363 | ce=0.0088 | aux_giou=0.0000 | aux_bbox=0.0000 | aux_ce=0.0000 | mask=1153 | aux_mask=1277 | pos=29 | targets=29 | preds=225 | centerness=[-6.978, -0.216] | train_seen=3200
2026-05-25 05:16:14 | INFO | Epoch 26 | batch 1650/1829 | loss=0.9228 | giou=0.3814 | bbox=0.0409 | ce=0.0254 | aux_giou=0.0434 | aux_bbox=0.0051 | aux_ce=0.0018 | mask=1608 | aux_mask=1421 | pos=160 | targets=160 | preds=777 | centerness=[-5.354, -0.223] | train_seen=3300
2026-05-25 05:18:00 | INFO | Epoch 26 | batch 1700/1829 | loss=0.7889 | giou=0.3613 | bbox=0.0242 | ce=0.0420 | aux_giou=0.0000 | aux_bbox=0.0000 | aux_ce=0.0000 | mask=1709 | aux_mask=1582 | pos=408 | targets=408 | preds=1066 | centerness=[-4.387, 0.534] | train_seen=3400
2026-05-25 05:19:46 | INFO | Epoch 26 | batch 1750/1829 | loss=0.5762 | giou=0.2644 | bbox=0.0358 | ce=0.0116 | aux_giou=0.0000 | aux_bbox=0.0000 | aux_ce=0.0000 | mask=2053 | aux_mask=2343 | pos=57 | targets=57 | preds=461 | centerness=[-6.867, -0.342] | train_seen=3500
2026-05-25 05:21:32 | INFO | Epoch 26 | batch 1800/1829 | loss=0.7148 | giou=0.3316 | bbox=0.0360 | ce=0.0156 | aux_giou=0.0000 | aux_bbox=0.0000 | aux_ce=0.0000 | mask=2030 | aux_mask=1931 | pos=146 | targets=146 | preds=506 | centerness=[-5.009, 0.987] | train_seen=3600
2026-05-25 05:42:03 | INFO | Epoch 26 | train_loss=0.788 | val_loss=0.934 | train_mae=246.824 | val_mae=128.924 | val_rmse=182.12 | test_mae=144.706 | test_rmse=219.29 | time=5050.332s | best_mae
2026-05-25 05:43:49 | INFO | Epoch 27 | batch 50/1829 | loss=1.1326 | giou=0.4829 | bbox=0.0497 | ce=0.0162 | aux_giou=0.0466 | aux_bbox=0.0062 | aux_ce=0.0014 | mask=1630 | aux_mask=1677 | pos=88 | targets=88 | preds=978 | centerness=[-5.547, 0.490] | train_seen=100
2026-05-25 05:45:35 | INFO | Epoch 27 | batch 100/1829 | loss=0.9942 | giou=0.4309 | bbox=0.0226 | ce=0.0332 | aux_giou=0.0375 | aux_bbox=0.0014 | aux_ce=0.0002 | mask=1959 | aux_mask=2033 | pos=451 | targets=451 | preds=924 | centerness=[-5.660, 0.656] | train_seen=200
2026-05-25 05:47:21 | INFO | Epoch 27 | batch 150/1829 | loss=0.4134 | giou=0.1900 | bbox=0.0240 | ce=0.0093 | aux_giou=0.0000 | aux_bbox=0.0000 | aux_ce=0.0000 | mask=1960 | aux_mask=2050 | pos=80 | targets=80 | preds=693 | centerness=[-9.113, 0.003] | train_seen=300
2026-05-25 05:49:07 | INFO | Epoch 27 | batch 200/1829 | loss=1.1430 | giou=0.5195 | bbox=0.0354 | ce=0.0686 | aux_giou=0.0000 | aux_bbox=0.0000 | aux_ce=0.0000 | mask=2163 | aux_mask=2075 | pos=1088 | targets=1088 | preds=1742 | centerness=[-3.639, 0.477] | train_seen=400
2026-05-25 05:50:53 | INFO | Epoch 27 | batch 250/1829 | loss=0.8436 | giou=0.3879 | bbox=0.0402 | ce=0.0276 | aux_giou=0.0000 | aux_bbox=0.0000 | aux_ce=0.0000 | mask=2003 | aux_mask=1659 | pos=168 | targets=168 | preds=815 | centerness=[-5.175, 0.210] | train_seen=500
2026-05-25 05:52:39 | INFO | Epoch 27 | batch 300/1829 | loss=0.7012 | giou=0.3168 | bbox=0.0339 | ce=0.0336 | aux_giou=0.0000 | aux_bbox=0.0000 | aux_ce=0.0000 | mask=1152 | aux_mask=1103 | pos=317 | targets=317 | preds=612 | centerness=[-7.321, 1.006] | train_seen=600
2026-05-25 05:54:25 | INFO | Epoch 27 | batch 350/1829 | loss=1.1962 | giou=0.4976 | bbox=0.0239 | ce=0.0217 | aux_giou=0.0732 | aux_bbox=0.0044 | aux_ce=0.0046 | mask=1349 | aux_mask=1293 | pos=197 | targets=197 | preds=600 | centerness=[-4.672, 0.872] | train_seen=700
2026-05-25 05:56:11 | INFO | Epoch 27 | batch 400/1829 | loss=1.0421 | giou=0.5013 | bbox=0.0284 | ce=0.0111 | aux_giou=0.0000 | aux_bbox=0.0000 | aux_ce=0.0000 | mask=1490 | aux_mask=1543 | pos=125 | targets=125 | preds=282 | centerness=[-5.309, 0.685] | train_seen=800
2026-05-25 05:57:57 | INFO | Epoch 27 | batch 450/1829 | loss=0.7094 | giou=0.3196 | bbox=0.0359 | ce=0.0343 | aux_giou=0.0000 | aux_bbox=0.0000 | aux_ce=0.0000 | mask=1681 | aux_mask=1863 | pos=344 | targets=344 | preds=862 | centerness=[-5.856, 0.267] | train_seen=900
2026-05-25 05:59:44 | INFO | Epoch 27 | batch 500/1829 | loss=0.7433 | giou=0.3172 | bbox=0.0185 | ce=0.0177 | aux_giou=0.0344 | aux_bbox=0.0020 | aux_ce=0.0018 | mask=1118 | aux_mask=1297 | pos=136 | targets=136 | preds=184 | centerness=[-5.898, 0.910] | train_seen=1000
2026-05-25 06:01:30 | INFO | Epoch 27 | batch 550/1829 | loss=0.5694 | giou=0.2687 | bbox=0.0246 | ce=0.0074 | aux_giou=0.0000 | aux_bbox=0.0000 | aux_ce=0.0000 | mask=1605 | aux_mask=1358 | pos=31 | targets=31 | preds=607 | centerness=[-5.677, 0.310] | train_seen=1100
2026-05-25 06:03:16 | INFO | Epoch 27 | batch 600/1829 | loss=1.0781 | giou=0.4735 | bbox=0.0466 | ce=0.0081 | aux_giou=0.0367 | aux_bbox=0.0024 | aux_ce=0.0005 | mask=1239 | aux_mask=1410 | pos=78 | targets=78 | preds=184 | centerness=[-7.407, 2.171] | train_seen=1200
2026-05-25 06:05:02 | INFO | Epoch 27 | batch 650/1829 | loss=0.7540 | giou=0.3420 | bbox=0.0294 | ce=0.0406 | aux_giou=0.0000 | aux_bbox=0.0000 | aux_ce=0.0000 | mask=1769 | aux_mask=1839 | pos=360 | targets=360 | preds=1062 | centerness=[-4.413, 0.416] | train_seen=1300
2026-05-25 06:06:49 | INFO | Epoch 27 | batch 700/1829 | loss=0.6175 | giou=0.2775 | bbox=0.0464 | ce=0.0162 | aux_giou=0.0000 | aux_bbox=0.0000 | aux_ce=0.0000 | mask=1382 | aux_mask=1574 | pos=65 | targets=65 | preds=440 | centerness=[-6.553, -0.162] | train_seen=1400
2026-05-25 06:08:35 | INFO | Epoch 27 | batch 750/1829 | loss=1.0649 | giou=0.4557 | bbox=0.0427 | ce=0.0156 | aux_giou=0.0453 | aux_bbox=0.0020 | aux_ce=0.0025 | mask=1866 | aux_mask=1858 | pos=76 | targets=76 | preds=1261 | centerness=[-8.819, -0.170] | train_seen=1500
2026-05-25 06:10:21 | INFO | Epoch 27 | batch 800/1829 | loss=0.5487 | giou=0.2480 | bbox=0.0267 | ce=0.0260 | aux_giou=0.0000 | aux_bbox=0.0000 | aux_ce=0.0000 | mask=1655 | aux_mask=1845 | pos=236 | targets=236 | preds=596 | centerness=[-5.727, 0.705] | train_seen=1600
2026-05-25 06:12:07 | INFO | Epoch 27 | batch 850/1829 | loss=0.8672 | giou=0.3623 | bbox=0.0237 | ce=0.0220 | aux_giou=0.0466 | aux_bbox=0.0018 | aux_ce=0.0019 | mask=1283 | aux_mask=1362 | pos=60 | targets=60 | preds=636 | centerness=[-7.468, 0.907] | train_seen=1700
2026-05-25 06:13:53 | INFO | Epoch 27 | batch 900/1829 | loss=0.7644 | giou=0.3615 | bbox=0.0271 | ce=0.0142 | aux_giou=0.0000 | aux_bbox=0.0000 | aux_ce=0.0000 | mask=1882 | aux_mask=1637 | pos=132 | targets=132 | preds=791 | centerness=[-4.796, 0.653] | train_seen=1800
2026-05-25 06:15:40 | INFO | Epoch 27 | batch 950/1829 | loss=0.6138 | giou=0.2859 | bbox=0.0213 | ce=0.0207 | aux_giou=0.0000 | aux_bbox=0.0000 | aux_ce=0.0000 | mask=1239 | aux_mask=1119 | pos=104 | targets=104 | preds=619 | centerness=[-5.191, 0.120] | train_seen=1900
2026-05-25 06:17:26 | INFO | Epoch 27 | batch 1000/1829 | loss=0.8442 | giou=0.3895 | bbox=0.0444 | ce=0.0209 | aux_giou=0.0000 | aux_bbox=0.0000 | aux_ce=0.0000 | mask=1528 | aux_mask=1451 | pos=124 | targets=124 | preds=649 | centerness=[-5.103, 0.054] | train_seen=2000
2026-05-25 06:19:12 | INFO | Epoch 27 | batch 1050/1829 | loss=0.6131 | giou=0.2787 | bbox=0.0460 | ce=0.0099 | aux_giou=0.0000 | aux_bbox=0.0000 | aux_ce=0.0000 | mask=2168 | aux_mask=2117 | pos=77 | targets=77 | preds=751 | centerness=[-6.895, -0.110] | train_seen=2100
2026-05-25 06:20:58 | INFO | Epoch 27 | batch 1100/1829 | loss=1.0096 | giou=0.4334 | bbox=0.0513 | ce=0.0131 | aux_giou=0.0373 | aux_bbox=0.0033 | aux_ce=0.0004 | mask=1153 | aux_mask=1285 | pos=137 | targets=137 | preds=260 | centerness=[-5.203, 1.790] | train_seen=2200
2026-05-25 06:22:44 | INFO | Epoch 27 | batch 1150/1829 | loss=0.8863 | giou=0.4108 | bbox=0.0343 | ce=0.0303 | aux_giou=0.0000 | aux_bbox=0.0000 | aux_ce=0.0000 | mask=1758 | aux_mask=1728 | pos=300 | targets=300 | preds=691 | centerness=[-4.962, 0.729] | train_seen=2300
2026-05-25 06:24:30 | INFO | Epoch 27 | batch 1200/1829 | loss=0.5557 | giou=0.2613 | bbox=0.0214 | ce=0.0118 | aux_giou=0.0000 | aux_bbox=0.0000 | aux_ce=0.0000 | mask=1381 | aux_mask=1380 | pos=55 | targets=55 | preds=532 | centerness=[-6.871, 0.667] | train_seen=2400
2026-05-25 06:26:17 | INFO | Epoch 27 | batch 1250/1829 | loss=0.6414 | giou=0.3058 | bbox=0.0241 | ce=0.0058 | aux_giou=0.0000 | aux_bbox=0.0000 | aux_ce=0.0000 | mask=991 | aux_mask=1232 | pos=27 | targets=27 | preds=155 | centerness=[-7.006, 1.449] | train_seen=2500
2026-05-25 06:28:03 | INFO | Epoch 27 | batch 1300/1829 | loss=0.6976 | giou=0.3164 | bbox=0.0319 | ce=0.0329 | aux_giou=0.0000 | aux_bbox=0.0000 | aux_ce=0.0000 | mask=1193 | aux_mask=1504 | pos=204 | targets=204 | preds=569 | centerness=[-7.744, 0.191] | train_seen=2600
2026-05-25 06:29:49 | INFO | Epoch 27 | batch 1350/1829 | loss=0.6002 | giou=0.2692 | bbox=0.0483 | ce=0.0134 | aux_giou=0.0000 | aux_bbox=0.0000 | aux_ce=0.0000 | mask=2005 | aux_mask=2305 | pos=70 | targets=70 | preds=514 | centerness=[-9.543, -0.445] | train_seen=2700
2026-05-25 06:31:35 | INFO | Epoch 27 | batch 1400/1829 | loss=0.6265 | giou=0.2888 | bbox=0.0257 | ce=0.0232 | aux_giou=0.0000 | aux_bbox=0.0000 | aux_ce=0.0000 | mask=1893 | aux_mask=1746 | pos=249 | targets=249 | preds=860 | centerness=[-5.318, 1.231] | train_seen=2800
2026-05-25 06:33:21 | INFO | Epoch 27 | batch 1450/1829 | loss=1.4510 | giou=0.6168 | bbox=0.0614 | ce=0.0479 | aux_giou=0.0504 | aux_bbox=0.0047 | aux_ce=0.0025 | mask=1948 | aux_mask=1733 | pos=473 | targets=473 | preds=1369 | centerness=[-4.584, 0.381] | train_seen=2900
2026-05-25 06:35:07 | INFO | Epoch 27 | batch 1500/1829 | loss=1.1193 | giou=0.4650 | bbox=0.0833 | ce=0.0197 | aux_giou=0.0410 | aux_bbox=0.0036 | aux_ce=0.0008 | mask=1018 | aux_mask=1190 | pos=79 | targets=79 | preds=340 | centerness=[-7.084, 0.422] | train_seen=3000
2026-05-25 06:36:53 | INFO | Epoch 27 | batch 1550/1829 | loss=1.2060 | giou=0.5292 | bbox=0.0353 | ce=0.0179 | aux_giou=0.0450 | aux_bbox=0.0030 | aux_ce=0.0016 | mask=1337 | aux_mask=1328 | pos=64 | targets=64 | preds=688 | centerness=[-5.946, 0.147] | train_seen=3100
2026-05-25 06:38:39 | INFO | Epoch 27 | batch 1600/1829 | loss=0.6508 | giou=0.2973 | bbox=0.0279 | ce=0.0282 | aux_giou=0.0000 | aux_bbox=0.0000 | aux_ce=0.0000 | mask=1626 | aux_mask=1767 | pos=454 | targets=454 | preds=881 | centerness=[-7.459, 0.686] | train_seen=3200
2026-05-25 06:40:26 | INFO | Epoch 27 | batch 1650/1829 | loss=0.7189 | giou=0.3236 | bbox=0.0599 | ce=0.0117 | aux_giou=0.0000 | aux_bbox=0.0000 | aux_ce=0.0000 | mask=1433 | aux_mask=1404 | pos=56 | targets=56 | preds=600 | centerness=[-5.636, -0.183] | train_seen=3300
2026-05-25 06:42:12 | INFO | Epoch 27 | batch 1700/1829 | loss=0.7723 | giou=0.3533 | bbox=0.0458 | ce=0.0199 | aux_giou=0.0000 | aux_bbox=0.0000 | aux_ce=0.0000 | mask=1897 | aux_mask=1575 | pos=130 | targets=130 | preds=529 | centerness=[-6.263, 0.349] | train_seen=3400
2026-05-25 06:43:58 | INFO | Epoch 27 | batch 1750/1829 | loss=1.2614 | giou=0.5459 | bbox=0.0438 | ce=0.0107 | aux_giou=0.0556 | aux_bbox=0.0029 | aux_ce=0.0009 | mask=1527 | aux_mask=1596 | pos=72 | targets=72 | preds=275 | centerness=[-6.438, 0.474] | train_seen=3500
2026-05-25 06:45:44 | INFO | Epoch 27 | batch 1800/1829 | loss=0.9343 | giou=0.4187 | bbox=0.0178 | ce=0.0074 | aux_giou=0.0349 | aux_bbox=0.0012 | aux_ce=0.0008 | mask=1676 | aux_mask=1940 | pos=98 | targets=98 | preds=338 | centerness=[-4.846, 0.862] | train_seen=3600
2026-05-25 07:06:16 | INFO | Epoch 27 | train_loss=0.796 | val_loss=0.941 | train_mae=249.003 | val_mae=120.731 | val_rmse=171.23 | test_mae=136.909 | test_rmse=211.66 | time=5050.662s | best_mae
2026-05-25 07:08:03 | INFO | Epoch 28 | batch 50/1829 | loss=0.6434 | giou=0.2979 | bbox=0.0240 | ce=0.0235 | aux_giou=0.0000 | aux_bbox=0.0000 | aux_ce=0.0000 | mask=1165 | aux_mask=1248 | pos=168 | targets=168 | preds=380 | centerness=[-5.942, 0.697] | train_seen=100
2026-05-25 07:09:49 | INFO | Epoch 28 | batch 100/1829 | loss=0.6927 | giou=0.3201 | bbox=0.0321 | ce=0.0203 | aux_giou=0.0000 | aux_bbox=0.0000 | aux_ce=0.0000 | mask=2207 | aux_mask=2277 | pos=200 | targets=200 | preds=764 | centerness=[-4.420, 0.521] | train_seen=200
2026-05-25 07:11:35 | INFO | Epoch 28 | batch 150/1829 | loss=0.5949 | giou=0.2707 | bbox=0.0245 | ce=0.0290 | aux_giou=0.0000 | aux_bbox=0.0000 | aux_ce=0.0000 | mask=1648 | aux_mask=1725 | pos=277 | targets=277 | preds=763 | centerness=[-8.238, 0.317] | train_seen=300
2026-05-25 07:13:22 | INFO | Epoch 28 | batch 200/1829 | loss=0.3332 | giou=0.1508 | bbox=0.0259 | ce=0.0057 | aux_giou=0.0000 | aux_bbox=0.0000 | aux_ce=0.0000 | mask=1746 | aux_mask=1743 | pos=56 | targets=56 | preds=355 | centerness=[-6.725, 0.284] | train_seen=400
2026-05-25 07:15:08 | INFO | Epoch 28 | batch 250/1829 | loss=1.0061 | giou=0.4785 | bbox=0.0369 | ce=0.0123 | aux_giou=0.0000 | aux_bbox=0.0000 | aux_ce=0.0000 | mask=1506 | aux_mask=1324 | pos=38 | targets=38 | preds=838 | centerness=[-5.112, 0.266] | train_seen=500
2026-05-25 07:16:54 | INFO | Epoch 28 | batch 300/1829 | loss=0.6493 | giou=0.2948 | bbox=0.0528 | ce=0.0069 | aux_giou=0.0000 | aux_bbox=0.0000 | aux_ce=0.0000 | mask=1637 | aux_mask=1792 | pos=28 | targets=28 | preds=341 | centerness=[-8.303, -0.343] | train_seen=600
2026-05-25 07:18:40 | INFO | Epoch 28 | batch 350/1829 | loss=0.7821 | giou=0.3664 | bbox=0.0366 | ce=0.0128 | aux_giou=0.0000 | aux_bbox=0.0000 | aux_ce=0.0000 | mask=1820 | aux_mask=1772 | pos=61 | targets=61 | preds=656 | centerness=[-7.703, 0.420] | train_seen=700
2026-05-25 07:20:26 | INFO | Epoch 28 | batch 400/1829 | loss=0.6818 | giou=0.3129 | bbox=0.0377 | ce=0.0182 | aux_giou=0.0000 | aux_bbox=0.0000 | aux_ce=0.0000 | mask=1816 | aux_mask=1692 | pos=128 | targets=128 | preds=672 | centerness=[-5.507, 0.423] | train_seen=800
2026-05-25 07:22:12 | INFO | Epoch 28 | batch 450/1829 | loss=0.7346 | giou=0.3425 | bbox=0.0435 | ce=0.0062 | aux_giou=0.0000 | aux_bbox=0.0000 | aux_ce=0.0000 | mask=1672 | aux_mask=1372 | pos=42 | targets=42 | preds=290 | centerness=[-8.125, 0.585] | train_seen=900
2026-05-25 07:23:59 | INFO | Epoch 28 | batch 500/1829 | loss=0.8468 | giou=0.3953 | bbox=0.0362 | ce=0.0201 | aux_giou=0.0000 | aux_bbox=0.0000 | aux_ce=0.0000 | mask=2055 | aux_mask=1991 | pos=114 | targets=114 | preds=1008 | centerness=[-4.898, 0.265] | train_seen=1000
2026-05-25 07:25:45 | INFO | Epoch 28 | batch 550/1829 | loss=0.8251 | giou=0.3759 | bbox=0.0364 | ce=0.0369 | aux_giou=0.0000 | aux_bbox=0.0000 | aux_ce=0.0000 | mask=2019 | aux_mask=2262 | pos=436 | targets=436 | preds=929 | centerness=[-3.812, 0.660] | train_seen=1100
2026-05-25 07:27:31 | INFO | Epoch 28 | batch 600/1829 | loss=0.8677 | giou=0.4023 | bbox=0.0359 | ce=0.0271 | aux_giou=0.0000 | aux_bbox=0.0000 | aux_ce=0.0000 | mask=1458 | aux_mask=1607 | pos=130 | targets=130 | preds=516 | centerness=[-5.127, 0.057] | train_seen=1200
2026-05-25 07:29:17 | INFO | Epoch 28 | batch 650/1829 | loss=0.7727 | giou=0.3690 | bbox=0.0272 | ce=0.0074 | aux_giou=0.0000 | aux_bbox=0.0000 | aux_ce=0.0000 | mask=1171 | aux_mask=952 | pos=48 | targets=48 | preds=279 | centerness=[-5.704, 1.090] | train_seen=1300
2026-05-25 07:31:03 | INFO | Epoch 28 | batch 700/1829 | loss=0.8692 | giou=0.4157 | bbox=0.0279 | ce=0.0099 | aux_giou=0.0000 | aux_bbox=0.0000 | aux_ce=0.0000 | mask=1702 | aux_mask=1696 | pos=76 | targets=76 | preds=862 | centerness=[-7.178, 0.128] | train_seen=1400
2026-05-25 07:32:49 | INFO | Epoch 28 | batch 750/1829 | loss=1.1703 | giou=0.4833 | bbox=0.0618 | ce=0.0231 | aux_giou=0.0540 | aux_bbox=0.0062 | aux_ce=0.0045 | mask=1493 | aux_mask=1985 | pos=324 | targets=324 | preds=454 | centerness=[-6.669, 0.819] | train_seen=1500
2026-05-25 07:34:35 | INFO | Epoch 28 | batch 800/1829 | loss=0.4810 | giou=0.2276 | bbox=0.0187 | ce=0.0071 | aux_giou=0.0000 | aux_bbox=0.0000 | aux_ce=0.0000 | mask=980 | aux_mask=1187 | pos=81 | targets=81 | preds=140 | centerness=[-7.664, 0.948] | train_seen=1600
2026-05-25 07:36:21 | INFO | Epoch 28 | batch 850/1829 | loss=0.5884 | giou=0.2629 | bbox=0.0464 | ce=0.0162 | aux_giou=0.0000 | aux_bbox=0.0000 | aux_ce=0.0000 | mask=1864 | aux_mask=1684 | pos=108 | targets=108 | preds=459 | centerness=[-6.093, 0.496] | train_seen=1700
2026-05-25 07:38:08 | INFO | Epoch 28 | batch 900/1829 | loss=0.7171 | giou=0.3359 | bbox=0.0266 | ce=0.0186 | aux_giou=0.0000 | aux_bbox=0.0000 | aux_ce=0.0000 | mask=1342 | aux_mask=1584 | pos=120 | targets=120 | preds=414 | centerness=[-6.293, 0.080] | train_seen=1800
2026-05-25 07:39:54 | INFO | Epoch 28 | batch 950/1829 | loss=0.8642 | giou=0.3628 | bbox=0.0405 | ce=0.0265 | aux_giou=0.0324 | aux_bbox=0.0023 | aux_ce=0.0045 | mask=2421 | aux_mask=2116 | pos=413 | targets=413 | preds=1095 | centerness=[-6.088, 0.550] | train_seen=1900
2026-05-25 07:41:40 | INFO | Epoch 28 | batch 1000/1829 | loss=0.6298 | giou=0.2877 | bbox=0.0405 | ce=0.0139 | aux_giou=0.0000 | aux_bbox=0.0000 | aux_ce=0.0000 | mask=1552 | aux_mask=1388 | pos=125 | targets=125 | preds=306 | centerness=[-6.392, 0.570] | train_seen=2000
2026-05-25 07:43:26 | INFO | Epoch 28 | batch 1050/1829 | loss=0.6521 | giou=0.3028 | bbox=0.0365 | ce=0.0099 | aux_giou=0.0000 | aux_bbox=0.0000 | aux_ce=0.0000 | mask=1605 | aux_mask=1823 | pos=68 | targets=68 | preds=518 | centerness=[-5.954, 0.469] | train_seen=2100
2026-05-25 07:45:13 | INFO | Epoch 28 | batch 1100/1829 | loss=1.1468 | giou=0.4658 | bbox=0.1016 | ce=0.0225 | aux_giou=0.0403 | aux_bbox=0.0071 | aux_ce=0.0034 | mask=1802 | aux_mask=1939 | pos=301 | targets=301 | preds=546 | centerness=[-7.240, 0.643] | train_seen=2200
2026-05-25 07:46:59 | INFO | Epoch 28 | batch 1150/1829 | loss=0.7787 | giou=0.3565 | bbox=0.0519 | ce=0.0138 | aux_giou=0.0000 | aux_bbox=0.0000 | aux_ce=0.0000 | mask=1084 | aux_mask=1086 | pos=56 | targets=56 | preds=122 | centerness=[-6.592, 1.201] | train_seen=2300
2026-05-25 07:48:45 | INFO | Epoch 28 | batch 1200/1829 | loss=0.9587 | giou=0.4115 | bbox=0.0320 | ce=0.0188 | aux_giou=0.0403 | aux_bbox=0.0029 | aux_ce=0.0014 | mask=1391 | aux_mask=1375 | pos=98 | targets=98 | preds=737 | centerness=[-5.776, -0.027] | train_seen=2400
2026-05-25 07:50:31 | INFO | Epoch 28 | batch 1250/1829 | loss=0.7086 | giou=0.3265 | bbox=0.0195 | ce=0.0362 | aux_giou=0.0000 | aux_bbox=0.0000 | aux_ce=0.0000 | mask=1936 | aux_mask=1794 | pos=472 | targets=472 | preds=1281 | centerness=[-4.456, 0.768] | train_seen=2500
2026-05-25 07:52:18 | INFO | Epoch 28 | batch 1300/1829 | loss=0.4745 | giou=0.2138 | bbox=0.0333 | ce=0.0136 | aux_giou=0.0000 | aux_bbox=0.0000 | aux_ce=0.0000 | mask=1959 | aux_mask=1735 | pos=110 | targets=110 | preds=686 | centerness=[-6.371, 0.039] | train_seen=2600
2026-05-25 07:54:04 | INFO | Epoch 28 | batch 1350/1829 | loss=0.5705 | giou=0.2629 | bbox=0.0293 | ce=0.0153 | aux_giou=0.0000 | aux_bbox=0.0000 | aux_ce=0.0000 | mask=1793 | aux_mask=1672 | pos=132 | targets=132 | preds=685 | centerness=[-6.084, 0.361] | train_seen=2700
2026-05-25 07:55:50 | INFO | Epoch 28 | batch 1400/1829 | loss=0.6481 | giou=0.2962 | bbox=0.0335 | ce=0.0221 | aux_giou=0.0000 | aux_bbox=0.0000 | aux_ce=0.0000 | mask=2110 | aux_mask=2185 | pos=132 | targets=132 | preds=750 | centerness=[-4.450, 0.057] | train_seen=2800
2026-05-25 07:57:36 | INFO | Epoch 28 | batch 1450/1829 | loss=1.3556 | giou=0.6054 | bbox=0.0811 | ce=0.0636 | aux_giou=0.0000 | aux_bbox=0.0000 | aux_ce=0.0000 | mask=1484 | aux_mask=1436 | pos=346 | targets=346 | preds=680 | centerness=[-7.395, 0.208] | train_seen=2900
2026-05-25 07:59:23 | INFO | Epoch 28 | batch 1500/1829 | loss=0.7851 | giou=0.3590 | bbox=0.0547 | ce=0.0124 | aux_giou=0.0000 | aux_bbox=0.0000 | aux_ce=0.0000 | mask=1549 | aux_mask=1702 | pos=62 | targets=62 | preds=500 | centerness=[-9.407, -0.220] | train_seen=3000
2026-05-25 08:01:09 | INFO | Epoch 28 | batch 1550/1829 | loss=0.7312 | giou=0.3419 | bbox=0.0288 | ce=0.0186 | aux_giou=0.0000 | aux_bbox=0.0000 | aux_ce=0.0000 | mask=1614 | aux_mask=1488 | pos=165 | targets=165 | preds=800 | centerness=[-4.373, 1.127] | train_seen=3100
2026-05-25 08:02:56 | INFO | Epoch 28 | batch 1600/1829 | loss=1.1447 | giou=0.5165 | bbox=0.0565 | ce=0.0551 | aux_giou=0.0000 | aux_bbox=0.0000 | aux_ce=0.0000 | mask=1296 | aux_mask=1152 | pos=537 | targets=537 | preds=761 | centerness=[-4.865, 1.028] | train_seen=3200
2026-05-25 08:04:42 | INFO | Epoch 28 | batch 1650/1829 | loss=0.6294 | giou=0.2851 | bbox=0.0341 | ce=0.0251 | aux_giou=0.0000 | aux_bbox=0.0000 | aux_ce=0.0000 | mask=1414 | aux_mask=1542 | pos=452 | targets=452 | preds=736 | centerness=[-7.379, 1.120] | train_seen=3300
2026-05-25 08:06:29 | INFO | Epoch 28 | batch 1700/1829 | loss=0.9444 | giou=0.4145 | bbox=0.0182 | ce=0.0207 | aux_giou=0.0371 | aux_bbox=0.0014 | aux_ce=0.0010 | mask=1148 | aux_mask=1214 | pos=103 | targets=103 | preds=302 | centerness=[-5.620, 1.235] | train_seen=3400
2026-05-25 08:08:15 | INFO | Epoch 28 | batch 1750/1829 | loss=0.9552 | giou=0.4380 | bbox=0.0333 | ce=0.0459 | aux_giou=0.0000 | aux_bbox=0.0000 | aux_ce=0.0000 | mask=1779 | aux_mask=1565 | pos=429 | targets=429 | preds=976 | centerness=[-5.258, 0.605] | train_seen=3500
2026-05-25 08:10:02 | INFO | Epoch 28 | batch 1800/1829 | loss=0.7315 | giou=0.3158 | bbox=0.0208 | ce=0.0188 | aux_giou=0.0286 | aux_bbox=0.0012 | aux_ce=0.0020 | mask=1491 | aux_mask=1866 | pos=179 | targets=179 | preds=362 | centerness=[-5.639, 1.257] | train_seen=3600
2026-05-25 08:30:36 | INFO | Epoch 28 | train_loss=0.788 | val_loss=0.940 | train_mae=243.649 | val_mae=112.545 | val_rmse=161.37 | test_mae=125.802 | test_rmse=199.66 | time=5057.194s | best_mae
2026-05-25 08:32:22 | INFO | Epoch 29 | batch 50/1829 | loss=1.3978 | giou=0.5575 | bbox=0.0950 | ce=0.0136 | aux_giou=0.0817 | aux_bbox=0.0080 | aux_ce=0.0028 | mask=1386 | aux_mask=1231 | pos=79 | targets=79 | preds=694 | centerness=[-5.289, 0.526] | train_seen=100
2026-05-25 08:34:09 | INFO | Epoch 29 | batch 100/1829 | loss=0.6599 | giou=0.3040 | bbox=0.0345 | ce=0.0174 | aux_giou=0.0000 | aux_bbox=0.0000 | aux_ce=0.0000 | mask=1288 | aux_mask=1475 | pos=90 | targets=90 | preds=369 | centerness=[-6.692, 0.530] | train_seen=200
2026-05-25 08:35:55 | INFO | Epoch 29 | batch 150/1829 | loss=0.6913 | giou=0.3114 | bbox=0.0497 | ce=0.0188 | aux_giou=0.0000 | aux_bbox=0.0000 | aux_ce=0.0000 | mask=1637 | aux_mask=1395 | pos=106 | targets=106 | preds=422 | centerness=[-7.251, 0.100] | train_seen=300
2026-05-25 08:37:41 | INFO | Epoch 29 | batch 200/1829 | loss=0.9068 | giou=0.4264 | bbox=0.0267 | ce=0.0272 | aux_giou=0.0000 | aux_bbox=0.0000 | aux_ce=0.0000 | mask=1634 | aux_mask=1514 | pos=257 | targets=257 | preds=1088 | centerness=[-3.799, 0.829] | train_seen=400
2026-05-25 08:39:28 | INFO | Epoch 29 | batch 250/1829 | loss=0.9204 | giou=0.3984 | bbox=0.0277 | ce=0.0282 | aux_giou=0.0332 | aux_bbox=0.0010 | aux_ce=0.0002 | mask=1402 | aux_mask=1589 | pos=369 | targets=369 | preds=555 | centerness=[-5.135, 1.242] | train_seen=500
2026-05-25 08:41:14 | INFO | Epoch 29 | batch 300/1829 | loss=0.7623 | giou=0.3636 | bbox=0.0239 | ce=0.0112 | aux_giou=0.0000 | aux_bbox=0.0000 | aux_ce=0.0000 | mask=1404 | aux_mask=1270 | pos=163 | targets=163 | preds=290 | centerness=[-5.744, 1.106] | train_seen=600
2026-05-25 08:43:00 | INFO | Epoch 29 | batch 350/1829 | loss=0.8433 | giou=0.3914 | bbox=0.0318 | ce=0.0288 | aux_giou=0.0000 | aux_bbox=0.0000 | aux_ce=0.0000 | mask=1359 | aux_mask=1554 | pos=240 | targets=240 | preds=638 | centerness=[-7.588, 0.704] | train_seen=700
2026-05-25 08:44:46 | INFO | Epoch 29 | batch 400/1829 | loss=0.9050 | giou=0.3702 | bbox=0.0527 | ce=0.0276 | aux_giou=0.0374 | aux_bbox=0.0068 | aux_ce=0.0027 | mask=1285 | aux_mask=1414 | pos=164 | targets=164 | preds=403 | centerness=[-8.832, 0.630] | train_seen=800
2026-05-25 08:46:33 | INFO | Epoch 29 | batch 450/1829 | loss=0.6551 | giou=0.3028 | bbox=0.0278 | ce=0.0218 | aux_giou=0.0000 | aux_bbox=0.0000 | aux_ce=0.0000 | mask=1745 | aux_mask=1853 | pos=220 | targets=220 | preds=841 | centerness=[-7.615, 0.667] | train_seen=900
2026-05-25 08:48:19 | INFO | Epoch 29 | batch 500/1829 | loss=0.9484 | giou=0.4313 | bbox=0.0389 | ce=0.0470 | aux_giou=0.0000 | aux_bbox=0.0000 | aux_ce=0.0000 | mask=1739 | aux_mask=1692 | pos=616 | targets=616 | preds=1148 | centerness=[-5.278, 0.496] | train_seen=1000
2026-05-25 08:50:05 | INFO | Epoch 29 | batch 550/1829 | loss=0.4669 | giou=0.2109 | bbox=0.0347 | ce=0.0104 | aux_giou=0.0000 | aux_bbox=0.0000 | aux_ce=0.0000 | mask=1332 | aux_mask=1430 | pos=45 | targets=45 | preds=271 | centerness=[-7.710, -0.109] | train_seen=1100
2026-05-25 08:51:51 | INFO | Epoch 29 | batch 600/1829 | loss=0.7771 | giou=0.3554 | bbox=0.0434 | ce=0.0230 | aux_giou=0.0000 | aux_bbox=0.0000 | aux_ce=0.0000 | mask=1875 | aux_mask=1907 | pos=144 | targets=144 | preds=595 | centerness=[-5.555, 0.150] | train_seen=1200
2026-05-25 08:53:38 | INFO | Epoch 29 | batch 650/1829 | loss=0.6660 | giou=0.3123 | bbox=0.0279 | ce=0.0135 | aux_giou=0.0000 | aux_bbox=0.0000 | aux_ce=0.0000 | mask=1235 | aux_mask=1136 | pos=101 | targets=101 | preds=247 | centerness=[-5.221, 0.396] | train_seen=1300
2026-05-25 08:55:24 | INFO | Epoch 29 | batch 700/1829 | loss=0.6062 | giou=0.2787 | bbox=0.0258 | ce=0.0231 | aux_giou=0.0000 | aux_bbox=0.0000 | aux_ce=0.0000 | mask=1944 | aux_mask=1618 | pos=228 | targets=228 | preds=710 | centerness=[-5.092, 0.964] | train_seen=1400
2026-05-25 08:57:10 | INFO | Epoch 29 | batch 750/1829 | loss=0.9422 | giou=0.4324 | bbox=0.0513 | ce=0.0261 | aux_giou=0.0000 | aux_bbox=0.0000 | aux_ce=0.0000 | mask=1902 | aux_mask=1783 | pos=216 | targets=216 | preds=613 | centerness=[-4.806, 0.891] | train_seen=1500
2026-05-25 08:58:56 | INFO | Epoch 29 | batch 800/1829 | loss=0.8211 | giou=0.3808 | bbox=0.0275 | ce=0.0321 | aux_giou=0.0000 | aux_bbox=0.0000 | aux_ce=0.0000 | mask=1836 | aux_mask=1684 | pos=458 | targets=458 | preds=1169 | centerness=[-6.669, 0.913] | train_seen=1600
2026-05-25 09:00:42 | INFO | Epoch 29 | batch 850/1829 | loss=0.6962 | giou=0.3305 | bbox=0.0241 | ce=0.0111 | aux_giou=0.0000 | aux_bbox=0.0000 | aux_ce=0.0000 | mask=1537 | aux_mask=1554 | pos=179 | targets=179 | preds=299 | centerness=[-6.666, 1.581] | train_seen=1700
2026-05-25 09:02:29 | INFO | Epoch 29 | batch 900/1829 | loss=0.8778 | giou=0.4011 | bbox=0.0445 | ce=0.0312 | aux_giou=0.0000 | aux_bbox=0.0000 | aux_ce=0.0000 | mask=1914 | aux_mask=1880 | pos=416 | targets=416 | preds=902 | centerness=[-5.892, 0.680] | train_seen=1800
2026-05-25 09:04:15 | INFO | Epoch 29 | batch 950/1829 | loss=0.6355 | giou=0.2919 | bbox=0.0404 | ce=0.0114 | aux_giou=0.0000 | aux_bbox=0.0000 | aux_ce=0.0000 | mask=2552 | aux_mask=2288 | pos=72 | targets=72 | preds=649 | centerness=[-5.107, 0.149] | train_seen=1900
2026-05-25 09:06:02 | INFO | Epoch 29 | batch 1000/1829 | loss=0.6444 | giou=0.2922 | bbox=0.0451 | ce=0.0149 | aux_giou=0.0000 | aux_bbox=0.0000 | aux_ce=0.0000 | mask=1822 | aux_mask=1580 | pos=204 | targets=204 | preds=448 | centerness=[-7.949, 0.561] | train_seen=2000
2026-05-25 09:07:48 | INFO | Epoch 29 | batch 1050/1829 | loss=1.0635 | giou=0.4615 | bbox=0.0313 | ce=0.0238 | aux_giou=0.0404 | aux_bbox=0.0020 | aux_ce=0.0026 | mask=2247 | aux_mask=2022 | pos=304 | targets=304 | preds=1188 | centerness=[-4.448, 0.303] | train_seen=2100
2026-05-25 09:09:34 | INFO | Epoch 29 | batch 1100/1829 | loss=0.7180 | giou=0.3308 | bbox=0.0297 | ce=0.0267 | aux_giou=0.0000 | aux_bbox=0.0000 | aux_ce=0.0000 | mask=1979 | aux_mask=1710 | pos=313 | targets=313 | preds=1004 | centerness=[-7.169, 0.305] | train_seen=2200
2026-05-25 09:11:20 | INFO | Epoch 29 | batch 1150/1829 | loss=1.1000 | giou=0.4901 | bbox=0.0244 | ce=0.0254 | aux_giou=0.0340 | aux_bbox=0.0013 | aux_ce=0.0008 | mask=1248 | aux_mask=1199 | pos=329 | targets=329 | preds=515 | centerness=[-5.948, 1.151] | train_seen=2300
2026-05-25 09:13:06 | INFO | Epoch 29 | batch 1200/1829 | loss=0.8814 | giou=0.4134 | bbox=0.0440 | ce=0.0105 | aux_giou=0.0000 | aux_bbox=0.0000 | aux_ce=0.0000 | mask=1500 | aux_mask=1188 | pos=34 | targets=34 | preds=618 | centerness=[-5.090, 0.155] | train_seen=2400
2026-05-25 09:14:52 | INFO | Epoch 29 | batch 1250/1829 | loss=0.8305 | giou=0.3814 | bbox=0.0314 | ce=0.0364 | aux_giou=0.0000 | aux_bbox=0.0000 | aux_ce=0.0000 | mask=1765 | aux_mask=1891 | pos=701 | targets=701 | preds=1361 | centerness=[-5.459, 0.675] | train_seen=2500
2026-05-25 09:16:39 | INFO | Epoch 29 | batch 1300/1829 | loss=0.8043 | giou=0.3662 | bbox=0.0572 | ce=0.0147 | aux_giou=0.0000 | aux_bbox=0.0000 | aux_ce=0.0000 | mask=1330 | aux_mask=1210 | pos=128 | targets=128 | preds=298 | centerness=[-7.313, 0.326] | train_seen=2600
2026-05-25 09:18:25 | INFO | Epoch 29 | batch 1350/1829 | loss=0.7038 | giou=0.3267 | bbox=0.0293 | ce=0.0210 | aux_giou=0.0000 | aux_bbox=0.0000 | aux_ce=0.0000 | mask=1511 | aux_mask=1125 | pos=134 | targets=134 | preds=446 | centerness=[-7.323, 0.471] | train_seen=2700
2026-05-25 09:20:11 | INFO | Epoch 29 | batch 1400/1829 | loss=0.6865 | giou=0.3156 | bbox=0.0334 | ce=0.0218 | aux_giou=0.0000 | aux_bbox=0.0000 | aux_ce=0.0000 | mask=1649 | aux_mask=1571 | pos=152 | targets=152 | preds=769 | centerness=[-5.409, 0.331] | train_seen=2800
2026-05-25 09:21:57 | INFO | Epoch 29 | batch 1450/1829 | loss=0.5123 | giou=0.2423 | bbox=0.0203 | ce=0.0074 | aux_giou=0.0000 | aux_bbox=0.0000 | aux_ce=0.0000 | mask=1363 | aux_mask=1313 | pos=52 | targets=52 | preds=343 | centerness=[-7.297, 0.402] | train_seen=2900
2026-05-25 09:23:43 | INFO | Epoch 29 | batch 1500/1829 | loss=0.6940 | giou=0.3271 | bbox=0.0307 | ce=0.0091 | aux_giou=0.0000 | aux_bbox=0.0000 | aux_ce=0.0000 | mask=2916 | aux_mask=2708 | pos=155 | targets=155 | preds=430 | centerness=[-5.269, 1.413] | train_seen=3000
2026-05-25 09:25:30 | INFO | Epoch 29 | batch 1550/1829 | loss=0.9118 | giou=0.4139 | bbox=0.0529 | ce=0.0311 | aux_giou=0.0000 | aux_bbox=0.0000 | aux_ce=0.0000 | mask=1809 | aux_mask=1747 | pos=297 | targets=297 | preds=885 | centerness=[-7.379, 0.251] | train_seen=3100
2026-05-25 09:27:16 | INFO | Epoch 29 | batch 1600/1829 | loss=0.5649 | giou=0.2590 | bbox=0.0357 | ce=0.0111 | aux_giou=0.0000 | aux_bbox=0.0000 | aux_ce=0.0000 | mask=1433 | aux_mask=1406 | pos=58 | targets=58 | preds=404 | centerness=[-7.565, -0.193] | train_seen=3200
2026-05-25 09:29:02 | INFO | Epoch 29 | batch 1650/1829 | loss=0.4233 | giou=0.1960 | bbox=0.0193 | ce=0.0120 | aux_giou=0.0000 | aux_bbox=0.0000 | aux_ce=0.0000 | mask=1592 | aux_mask=1558 | pos=105 | targets=105 | preds=287 | centerness=[-5.049, 0.526] | train_seen=3300
2026-05-25 09:30:48 | INFO | Epoch 29 | batch 1700/1829 | loss=0.8476 | giou=0.3890 | bbox=0.0603 | ce=0.0094 | aux_giou=0.0000 | aux_bbox=0.0000 | aux_ce=0.0000 | mask=1378 | aux_mask=1278 | pos=61 | targets=61 | preds=290 | centerness=[-5.958, 1.028] | train_seen=3400
2026-05-25 09:32:34 | INFO | Epoch 29 | batch 1750/1829 | loss=0.6549 | giou=0.3109 | bbox=0.0247 | ce=0.0083 | aux_giou=0.0000 | aux_bbox=0.0000 | aux_ce=0.0000 | mask=1644 | aux_mask=1831 | pos=36 | targets=36 | preds=221 | centerness=[-6.387, 0.827] | train_seen=3500
2026-05-25 09:34:20 | INFO | Epoch 29 | batch 1800/1829 | loss=0.8065 | giou=0.3645 | bbox=0.0387 | ce=0.0388 | aux_giou=0.0000 | aux_bbox=0.0000 | aux_ce=0.0000 | mask=2322 | aux_mask=2274 | pos=448 | targets=448 | preds=875 | centerness=[-4.563, 0.869] | train_seen=3600
2026-05-25 09:54:52 | INFO | Epoch 29 | train_loss=0.789 | val_loss=0.933 | train_mae=240.177 | val_mae=129.344 | val_rmse=182.98 | test_mae=145.156 | test_rmse=221.01 | time=5054.085s
2026-05-25 09:56:38 | INFO | Epoch 30 | batch 50/1829 | loss=0.7151 | giou=0.3238 | bbox=0.0372 | ce=0.0303 | aux_giou=0.0000 | aux_bbox=0.0000 | aux_ce=0.0000 | mask=1973 | aux_mask=2106 | pos=242 | targets=242 | preds=519 | centerness=[-6.023, 0.181] | train_seen=100
2026-05-25 09:58:25 | INFO | Epoch 30 | batch 100/1829 | loss=1.4868 | giou=0.5901 | bbox=0.0465 | ce=0.0391 | aux_giou=0.1033 | aux_bbox=0.0085 | aux_ce=0.0060 | mask=2109 | aux_mask=1892 | pos=1073 | targets=1073 | preds=1849 | centerness=[-4.573, 0.782] | train_seen=200
2026-05-25 10:00:11 | INFO | Epoch 30 | batch 150/1829 | loss=0.6496 | giou=0.2954 | bbox=0.0431 | ce=0.0156 | aux_giou=0.0000 | aux_bbox=0.0000 | aux_ce=0.0000 | mask=2188 | aux_mask=2740 | pos=168 | targets=168 | preds=455 | centerness=[-6.533, 0.063] | train_seen=300
2026-05-25 10:01:57 | INFO | Epoch 30 | batch 200/1829 | loss=0.7506 | giou=0.3475 | bbox=0.0405 | ce=0.0150 | aux_giou=0.0000 | aux_bbox=0.0000 | aux_ce=0.0000 | mask=2273 | aux_mask=1992 | pos=92 | targets=92 | preds=944 | centerness=[-5.988, -0.064] | train_seen=400
2026-05-25 10:03:44 | INFO | Epoch 30 | batch 250/1829 | loss=1.0506 | giou=0.4322 | bbox=0.0498 | ce=0.0288 | aux_giou=0.0492 | aux_bbox=0.0061 | aux_ce=0.0032 | mask=1859 | aux_mask=1970 | pos=486 | targets=486 | preds=1048 | centerness=[-5.985, 0.824] | train_seen=500
2026-05-25 10:05:30 | INFO | Epoch 30 | batch 300/1829 | loss=0.9521 | giou=0.4474 | bbox=0.0299 | ce=0.0275 | aux_giou=0.0000 | aux_bbox=0.0000 | aux_ce=0.0000 | mask=2204 | aux_mask=1969 | pos=156 | targets=156 | preds=1370 | centerness=[-4.418, 0.266] | train_seen=600
2026-05-25 10:07:16 | INFO | Epoch 30 | batch 350/1829 | loss=0.7011 | giou=0.3152 | bbox=0.0546 | ce=0.0161 | aux_giou=0.0000 | aux_bbox=0.0000 | aux_ce=0.0000 | mask=1422 | aux_mask=1138 | pos=72 | targets=72 | preds=420 | centerness=[-7.190, -0.723] | train_seen=700
2026-05-25 10:09:03 | INFO | Epoch 30 | batch 400/1829 | loss=0.9652 | giou=0.4611 | bbox=0.0237 | ce=0.0194 | aux_giou=0.0000 | aux_bbox=0.0000 | aux_ce=0.0000 | mask=1487 | aux_mask=1540 | pos=55 | targets=55 | preds=1193 | centerness=[-4.604, 0.395] | train_seen=800
2026-05-25 10:10:49 | INFO | Epoch 30 | batch 450/1829 | loss=0.9463 | giou=0.4142 | bbox=0.0259 | ce=0.0144 | aux_giou=0.0360 | aux_bbox=0.0048 | aux_ce=0.0008 | mask=1319 | aux_mask=1367 | pos=132 | targets=132 | preds=387 | centerness=[-5.390, 0.500] | train_seen=900
2026-05-25 10:12:35 | INFO | Epoch 30 | batch 500/1829 | loss=0.5117 | giou=0.2426 | bbox=0.0191 | ce=0.0074 | aux_giou=0.0000 | aux_bbox=0.0000 | aux_ce=0.0000 | mask=1766 | aux_mask=1715 | pos=76 | targets=76 | preds=265 | centerness=[-5.389, 0.773] | train_seen=1000
2026-05-25 10:14:21 | INFO | Epoch 30 | batch 550/1829 | loss=0.8296 | giou=0.3831 | bbox=0.0244 | ce=0.0058 | aux_giou=0.0161 | aux_bbox=0.0006 | aux_ce=0.0004 | mask=963 | aux_mask=1253 | pos=40 | targets=40 | preds=489 | centerness=[-5.040, 1.162] | train_seen=1100
2026-05-25 10:16:08 | INFO | Epoch 30 | batch 600/1829 | loss=0.7353 | giou=0.3442 | bbox=0.0308 | ce=0.0162 | aux_giou=0.0000 | aux_bbox=0.0000 | aux_ce=0.0000 | mask=2324 | aux_mask=1953 | pos=136 | targets=136 | preds=843 | centerness=[-5.217, 0.502] | train_seen=1200
2026-05-25 10:17:54 | INFO | Epoch 30 | batch 650/1829 | loss=0.5002 | giou=0.2348 | bbox=0.0229 | ce=0.0076 | aux_giou=0.0000 | aux_bbox=0.0000 | aux_ce=0.0000 | mask=1815 | aux_mask=1910 | pos=64 | targets=64 | preds=382 | centerness=[-5.526, 0.437] | train_seen=1300
2026-05-25 10:19:40 | INFO | Epoch 30 | batch 700/1829 | loss=0.6868 | giou=0.3173 | bbox=0.0347 | ce=0.0174 | aux_giou=0.0000 | aux_bbox=0.0000 | aux_ce=0.0000 | mask=1978 | aux_mask=1622 | pos=108 | targets=108 | preds=815 | centerness=[-7.357, 0.316] | train_seen=1400
2026-05-25 10:21:26 | INFO | Epoch 30 | batch 750/1829 | loss=1.2979 | giou=0.5457 | bbox=0.0396 | ce=0.0493 | aux_giou=0.0542 | aux_bbox=0.0040 | aux_ce=0.0052 | mask=1954 | aux_mask=1764 | pos=515 | targets=515 | preds=1384 | centerness=[-4.866, 0.554] | train_seen=1500
2026-05-25 10:23:12 | INFO | Epoch 30 | batch 800/1829 | loss=0.4868 | giou=0.2330 | bbox=0.0147 | ce=0.0062 | aux_giou=0.0000 | aux_bbox=0.0000 | aux_ce=0.0000 | mask=915 | aux_mask=1010 | pos=52 | targets=52 | preds=138 | centerness=[-6.865, 0.573] | train_seen=1600
2026-05-25 10:24:59 | INFO | Epoch 30 | batch 850/1829 | loss=0.8069 | giou=0.3653 | bbox=0.0685 | ce=0.0079 | aux_giou=0.0000 | aux_bbox=0.0000 | aux_ce=0.0000 | mask=1204 | aux_mask=1373 | pos=44 | targets=44 | preds=173 | centerness=[-8.482, 0.455] | train_seen=1700
2026-05-25 10:26:45 | INFO | Epoch 30 | batch 900/1829 | loss=0.6788 | giou=0.3150 | bbox=0.0226 | ce=0.0261 | aux_giou=0.0000 | aux_bbox=0.0000 | aux_ce=0.0000 | mask=2595 | aux_mask=2210 | pos=444 | targets=444 | preds=1805 | centerness=[-7.624, 1.201] | train_seen=1800
2026-05-25 10:28:31 | INFO | Epoch 30 | batch 950/1829 | loss=0.8066 | giou=0.3690 | bbox=0.0479 | ce=0.0206 | aux_giou=0.0000 | aux_bbox=0.0000 | aux_ce=0.0000 | mask=1533 | aux_mask=1475 | pos=161 | targets=161 | preds=588 | centerness=[-6.770, 0.416] | train_seen=1900
2026-05-25 10:30:17 | INFO | Epoch 30 | batch 1000/1829 | loss=0.8027 | giou=0.3799 | bbox=0.0295 | ce=0.0134 | aux_giou=0.0000 | aux_bbox=0.0000 | aux_ce=0.0000 | mask=1704 | aux_mask=1634 | pos=85 | targets=85 | preds=528 | centerness=[-6.012, 0.587] | train_seen=2000
2026-05-25 10:32:03 | INFO | Epoch 30 | batch 1050/1829 | loss=0.6189 | giou=0.2895 | bbox=0.0287 | ce=0.0112 | aux_giou=0.0000 | aux_bbox=0.0000 | aux_ce=0.0000 | mask=1433 | aux_mask=1589 | pos=67 | targets=67 | preds=332 | centerness=[-6.275, 0.272] | train_seen=2100
2026-05-25 10:33:49 | INFO | Epoch 30 | batch 1100/1829 | loss=0.9019 | giou=0.4247 | bbox=0.0246 | ce=0.0279 | aux_giou=0.0000 | aux_bbox=0.0000 | aux_ce=0.0000 | mask=1503 | aux_mask=1168 | pos=347 | targets=347 | preds=890 | centerness=[-4.826, 0.952] | train_seen=2200
2026-05-25 10:35:36 | INFO | Epoch 30 | batch 1150/1829 | loss=0.6310 | giou=0.2976 | bbox=0.0280 | ce=0.0079 | aux_giou=0.0000 | aux_bbox=0.0000 | aux_ce=0.0000 | mask=1290 | aux_mask=1355 | pos=45 | targets=45 | preds=195 | centerness=[-9.038, 0.812] | train_seen=2300
2026-05-25 10:37:22 | INFO | Epoch 30 | batch 1200/1829 | loss=0.7841 | giou=0.3461 | bbox=0.0687 | ce=0.0233 | aux_giou=0.0000 | aux_bbox=0.0000 | aux_ce=0.0000 | mask=1016 | aux_mask=1640 | pos=79 | targets=79 | preds=237 | centerness=[-5.879, -0.003] | train_seen=2400
2026-05-25 10:39:08 | INFO | Epoch 30 | batch 1250/1829 | loss=0.4998 | giou=0.2183 | bbox=0.0555 | ce=0.0077 | aux_giou=0.0000 | aux_bbox=0.0000 | aux_ce=0.0000 | mask=1361 | aux_mask=1296 | pos=29 | targets=29 | preds=183 | centerness=[-7.729, -0.331] | train_seen=2500
2026-05-25 10:40:54 | INFO | Epoch 30 | batch 1300/1829 | loss=1.2444 | giou=0.4968 | bbox=0.0602 | ce=0.0425 | aux_giou=0.0676 | aux_bbox=0.0065 | aux_ce=0.0062 | mask=2798 | aux_mask=3032 | pos=480 | targets=480 | preds=1164 | centerness=[-9.098, -0.127] | train_seen=2600
2026-05-25 10:42:40 | INFO | Epoch 30 | batch 1350/1829 | loss=0.5334 | giou=0.2359 | bbox=0.0536 | ce=0.0081 | aux_giou=0.0000 | aux_bbox=0.0000 | aux_ce=0.0000 | mask=1323 | aux_mask=1535 | pos=25 | targets=25 | preds=185 | centerness=[-8.680, -0.306] | train_seen=2700
2026-05-25 10:44:26 | INFO | Epoch 30 | batch 1400/1829 | loss=0.7129 | giou=0.3346 | bbox=0.0239 | ce=0.0198 | aux_giou=0.0000 | aux_bbox=0.0000 | aux_ce=0.0000 | mask=1886 | aux_mask=1961 | pos=143 | targets=143 | preds=825 | centerness=[-5.746, 1.064] | train_seen=2800
2026-05-25 10:46:13 | INFO | Epoch 30 | batch 1450/1829 | loss=0.7884 | giou=0.3683 | bbox=0.0378 | ce=0.0141 | aux_giou=0.0000 | aux_bbox=0.0000 | aux_ce=0.0000 | mask=2227 | aux_mask=1890 | pos=112 | targets=112 | preds=662 | centerness=[-5.956, 0.361] | train_seen=2900
2026-05-25 10:47:59 | INFO | Epoch 30 | batch 1500/1829 | loss=0.5499 | giou=0.2545 | bbox=0.0332 | ce=0.0077 | aux_giou=0.0000 | aux_bbox=0.0000 | aux_ce=0.0000 | mask=1655 | aux_mask=1740 | pos=62 | targets=62 | preds=489 | centerness=[-9.169, 0.324] | train_seen=3000
2026-05-25 10:49:45 | INFO | Epoch 30 | batch 1550/1829 | loss=0.8018 | giou=0.3674 | bbox=0.0491 | ce=0.0179 | aux_giou=0.0000 | aux_bbox=0.0000 | aux_ce=0.0000 | mask=1570 | aux_mask=1620 | pos=79 | targets=79 | preds=626 | centerness=[-5.649, 0.527] | train_seen=3100
2026-05-25 10:51:32 | INFO | Epoch 30 | batch 1600/1829 | loss=0.7996 | giou=0.3639 | bbox=0.0504 | ce=0.0214 | aux_giou=0.0000 | aux_bbox=0.0000 | aux_ce=0.0000 | mask=2308 | aux_mask=2265 | pos=158 | targets=158 | preds=690 | centerness=[-7.636, -0.299] | train_seen=3200
2026-05-25 10:53:18 | INFO | Epoch 30 | batch 1650/1829 | loss=0.8729 | giou=0.4087 | bbox=0.0445 | ce=0.0110 | aux_giou=0.0000 | aux_bbox=0.0000 | aux_ce=0.0000 | mask=1315 | aux_mask=1292 | pos=26 | targets=26 | preds=496 | centerness=[-5.985, 0.056] | train_seen=3300
2026-05-25 10:55:05 | INFO | Epoch 30 | batch 1700/1829 | loss=0.6737 | giou=0.3133 | bbox=0.0268 | ce=0.0204 | aux_giou=0.0000 | aux_bbox=0.0000 | aux_ce=0.0000 | mask=1490 | aux_mask=1489 | pos=180 | targets=180 | preds=741 | centerness=[-6.245, 0.740] | train_seen=3400
2026-05-25 10:56:51 | INFO | Epoch 30 | batch 1750/1829 | loss=0.7489 | giou=0.3538 | bbox=0.0287 | ce=0.0125 | aux_giou=0.0000 | aux_bbox=0.0000 | aux_ce=0.0000 | mask=1919 | aux_mask=1923 | pos=84 | targets=84 | preds=965 | centerness=[-5.555, 0.200] | train_seen=3500
2026-05-25 10:58:37 | INFO | Epoch 30 | batch 1800/1829 | loss=0.8998 | giou=0.4159 | bbox=0.0322 | ce=0.0359 | aux_giou=0.0000 | aux_bbox=0.0000 | aux_ce=0.0000 | mask=1918 | aux_mask=1596 | pos=283 | targets=283 | preds=1335 | centerness=[-4.048, 0.184] | train_seen=3600
2026-05-25 11:19:10 | INFO | Epoch 30 | train_loss=0.790 | val_loss=0.936 | train_mae=238.378 | val_mae=149.967 | val_rmse=207.17 | test_mae=164.345 | test_rmse=241.73 | time=5056.585s
2026-05-25 11:20:57 | INFO | Epoch 31 | batch 50/1829 | loss=0.7163 | giou=0.3373 | bbox=0.0207 | ce=0.0210 | aux_giou=0.0000 | aux_bbox=0.0000 | aux_ce=0.0000 | mask=1215 | aux_mask=1307 | pos=211 | targets=211 | preds=637 | centerness=[-4.829, 1.392] | train_seen=100
2026-05-25 11:22:43 | INFO | Epoch 31 | batch 100/1829 | loss=0.8717 | giou=0.3613 | bbox=0.0241 | ce=0.0273 | aux_giou=0.0456 | aux_bbox=0.0020 | aux_ce=0.0045 | mask=2167 | aux_mask=2057 | pos=552 | targets=552 | preds=1442 | centerness=[-5.186, 0.397] | train_seen=200
2026-05-25 11:24:30 | INFO | Epoch 31 | batch 150/1829 | loss=0.7280 | giou=0.3406 | bbox=0.0296 | ce=0.0172 | aux_giou=0.0000 | aux_bbox=0.0000 | aux_ce=0.0000 | mask=1459 | aux_mask=1429 | pos=178 | targets=178 | preds=525 | centerness=[-7.431, 1.058] | train_seen=300
2026-05-25 11:26:16 | INFO | Epoch 31 | batch 200/1829 | loss=0.6930 | giou=0.3238 | bbox=0.0310 | ce=0.0144 | aux_giou=0.0000 | aux_bbox=0.0000 | aux_ce=0.0000 | mask=1641 | aux_mask=1450 | pos=120 | targets=120 | preds=494 | centerness=[-5.960, 1.032] | train_seen=400
2026-05-25 11:28:02 | INFO | Epoch 31 | batch 250/1829 | loss=0.6894 | giou=0.3052 | bbox=0.0432 | ce=0.0358 | aux_giou=0.0000 | aux_bbox=0.0000 | aux_ce=0.0000 | mask=1720 | aux_mask=1852 | pos=425 | targets=425 | preds=709 | centerness=[-9.469, 0.241] | train_seen=500
2026-05-25 11:29:49 | INFO | Epoch 31 | batch 300/1829 | loss=0.5395 | giou=0.2462 | bbox=0.0247 | ce=0.0224 | aux_giou=0.0000 | aux_bbox=0.0000 | aux_ce=0.0000 | mask=1511 | aux_mask=1891 | pos=271 | targets=271 | preds=889 | centerness=[-10.463, 0.576] | train_seen=600
2026-05-25 11:31:35 | INFO | Epoch 31 | batch 350/1829 | loss=0.5166 | giou=0.2360 | bbox=0.0317 | ce=0.0130 | aux_giou=0.0000 | aux_bbox=0.0000 | aux_ce=0.0000 | mask=2269 | aux_mask=2250 | pos=116 | targets=116 | preds=491 | centerness=[-5.315, 0.337] | train_seen=700
2026-05-25 11:33:21 | INFO | Epoch 31 | batch 400/1829 | loss=0.6805 | giou=0.3147 | bbox=0.0317 | ce=0.0194 | aux_giou=0.0000 | aux_bbox=0.0000 | aux_ce=0.0000 | mask=1423 | aux_mask=1409 | pos=172 | targets=172 | preds=716 | centerness=[-7.138, 0.226] | train_seen=800
2026-05-25 11:35:08 | INFO | Epoch 31 | batch 450/1829 | loss=0.6766 | giou=0.3201 | bbox=0.0224 | ce=0.0140 | aux_giou=0.0000 | aux_bbox=0.0000 | aux_ce=0.0000 | mask=2405 | aux_mask=2107 | pos=164 | targets=164 | preds=1213 | centerness=[-4.941, 1.116] | train_seen=900
2026-05-25 11:36:54 | INFO | Epoch 31 | batch 500/1829 | loss=0.4706 | giou=0.2113 | bbox=0.0378 | ce=0.0101 | aux_giou=0.0000 | aux_bbox=0.0000 | aux_ce=0.0000 | mask=1606 | aux_mask=1594 | pos=66 | targets=66 | preds=265 | centerness=[-7.063, 0.581] | train_seen=1000
2026-05-25 11:38:40 | INFO | Epoch 31 | batch 550/1829 | loss=0.7368 | giou=0.3111 | bbox=0.0393 | ce=0.0213 | aux_giou=0.0246 | aux_bbox=0.0036 | aux_ce=0.0012 | mask=1423 | aux_mask=2097 | pos=92 | targets=92 | preds=407 | centerness=[-7.174, -0.318] | train_seen=1100
2026-05-25 11:40:26 | INFO | Epoch 31 | batch 600/1829 | loss=0.8782 | giou=0.3616 | bbox=0.0381 | ce=0.0287 | aux_giou=0.0401 | aux_bbox=0.0035 | aux_ce=0.0044 | mask=1544 | aux_mask=1539 | pos=475 | targets=475 | preds=739 | centerness=[-7.829, 0.551] | train_seen=1200
2026-05-25 11:42:13 | INFO | Epoch 31 | batch 650/1829 | loss=0.6851 | giou=0.3232 | bbox=0.0296 | ce=0.0090 | aux_giou=0.0000 | aux_bbox=0.0000 | aux_ce=0.0000 | mask=1234 | aux_mask=1411 | pos=44 | targets=44 | preds=248 | centerness=[-7.111, 0.722] | train_seen=1300
2026-05-25 11:43:59 | INFO | Epoch 31 | batch 700/1829 | loss=0.8079 | giou=0.3827 | bbox=0.0311 | ce=0.0115 | aux_giou=0.0000 | aux_bbox=0.0000 | aux_ce=0.0000 | mask=1482 | aux_mask=1466 | pos=69 | targets=69 | preds=757 | centerness=[-7.293, 0.001] | train_seen=1400
2026-05-25 11:45:45 | INFO | Epoch 31 | batch 750/1829 | loss=0.6934 | giou=0.2971 | bbox=0.0287 | ce=0.0166 | aux_giou=0.0250 | aux_bbox=0.0021 | aux_ce=0.0017 | mask=2434 | aux_mask=2498 | pos=184 | targets=184 | preds=776 | centerness=[-6.316, -0.031] | train_seen=1500
2026-05-25 11:47:32 | INFO | Epoch 31 | batch 800/1829 | loss=0.7728 | giou=0.3213 | bbox=0.0466 | ce=0.0085 | aux_giou=0.0351 | aux_bbox=0.0037 | aux_ce=0.0011 | mask=1407 | aux_mask=1520 | pos=87 | targets=87 | preds=211 | centerness=[-6.514, 0.575] | train_seen=1600
2026-05-25 11:49:18 | INFO | Epoch 31 | batch 850/1829 | loss=0.5896 | giou=0.2699 | bbox=0.0254 | ce=0.0245 | aux_giou=0.0000 | aux_bbox=0.0000 | aux_ce=0.0000 | mask=1443 | aux_mask=1496 | pos=165 | targets=165 | preds=499 | centerness=[-5.202, 0.587] | train_seen=1700
2026-05-25 11:51:04 | INFO | Epoch 31 | batch 900/1829 | loss=0.8356 | giou=0.3812 | bbox=0.0450 | ce=0.0282 | aux_giou=0.0000 | aux_bbox=0.0000 | aux_ce=0.0000 | mask=2199 | aux_mask=1862 | pos=217 | targets=217 | preds=939 | centerness=[-5.068, 0.429] | train_seen=1800
2026-05-25 11:52:51 | INFO | Epoch 31 | batch 950/1829 | loss=0.6800 | giou=0.3154 | bbox=0.0393 | ce=0.0099 | aux_giou=0.0000 | aux_bbox=0.0000 | aux_ce=0.0000 | mask=1483 | aux_mask=1442 | pos=58 | targets=58 | preds=322 | centerness=[-7.050, 0.733] | train_seen=1900
2026-05-25 11:54:37 | INFO | Epoch 31 | batch 1000/1829 | loss=1.1596 | giou=0.5058 | bbox=0.0294 | ce=0.0328 | aux_giou=0.0407 | aux_bbox=0.0019 | aux_ce=0.0026 | mask=1937 | aux_mask=1725 | pos=136 | targets=136 | preds=1453 | centerness=[-4.865, 0.847] | train_seen=2000
2026-05-25 11:56:23 | INFO | Epoch 31 | batch 1050/1829 | loss=1.0286 | giou=0.4148 | bbox=0.0406 | ce=0.0696 | aux_giou=0.0372 | aux_bbox=0.0037 | aux_ce=0.0107 | mask=3616 | aux_mask=3510 | pos=3271 | targets=1921 | preds=1198 | centerness=[-7.036, 0.227] | train_seen=2100
2026-05-25 11:58:09 | INFO | Epoch 31 | batch 1100/1829 | loss=0.6308 | giou=0.2913 | bbox=0.0358 | ce=0.0124 | aux_giou=0.0000 | aux_bbox=0.0000 | aux_ce=0.0000 | mask=1741 | aux_mask=1926 | pos=96 | targets=96 | preds=325 | centerness=[-4.973, 0.241] | train_seen=2200
2026-05-25 11:59:56 | INFO | Epoch 31 | batch 1150/1829 | loss=0.3751 | giou=0.1686 | bbox=0.0310 | ce=0.0069 | aux_giou=0.0000 | aux_bbox=0.0000 | aux_ce=0.0000 | mask=1600 | aux_mask=1796 | pos=42 | targets=42 | preds=178 | centerness=[-8.195, -0.098] | train_seen=2300
2026-05-25 12:01:42 | INFO | Epoch 31 | batch 1200/1829 | loss=0.6284 | giou=0.2815 | bbox=0.0531 | ce=0.0122 | aux_giou=0.0000 | aux_bbox=0.0000 | aux_ce=0.0000 | mask=1263 | aux_mask=1274 | pos=57 | targets=57 | preds=331 | centerness=[-8.618, 0.449] | train_seen=2400
2026-05-25 12:03:28 | INFO | Epoch 31 | batch 1250/1829 | loss=0.7402 | giou=0.3176 | bbox=0.0414 | ce=0.0067 | aux_giou=0.0276 | aux_bbox=0.0013 | aux_ce=0.0005 | mask=1075 | aux_mask=1432 | pos=76 | targets=76 | preds=167 | centerness=[-8.173, 1.726] | train_seen=2500
2026-05-25 12:05:15 | INFO | Epoch 31 | batch 1300/1829 | loss=0.9406 | giou=0.3986 | bbox=0.0268 | ce=0.0216 | aux_giou=0.0442 | aux_bbox=0.0031 | aux_ce=0.0037 | mask=1242 | aux_mask=1436 | pos=87 | targets=87 | preds=401 | centerness=[-5.468, 0.607] | train_seen=2600
2026-05-25 12:07:01 | INFO | Epoch 31 | batch 1350/1829 | loss=0.8363 | giou=0.3810 | bbox=0.0404 | ce=0.0339 | aux_giou=0.0000 | aux_bbox=0.0000 | aux_ce=0.0000 | mask=1494 | aux_mask=1360 | pos=318 | targets=318 | preds=839 | centerness=[-8.318, 1.050] | train_seen=2700
2026-05-25 12:08:47 | INFO | Epoch 31 | batch 1400/1829 | loss=1.1456 | giou=0.4641 | bbox=0.0456 | ce=0.0222 | aux_giou=0.0666 | aux_bbox=0.0133 | aux_ce=0.0031 | mask=2673 | aux_mask=2256 | pos=160 | targets=160 | preds=1760 | centerness=[-5.806, 0.757] | train_seen=2800
2026-05-25 12:10:33 | INFO | Epoch 31 | batch 1450/1829 | loss=1.0349 | giou=0.4960 | bbox=0.0234 | ce=0.0195 | aux_giou=0.0000 | aux_bbox=0.0000 | aux_ce=0.0000 | mask=2378 | aux_mask=2075 | pos=76 | targets=76 | preds=1665 | centerness=[-4.357, 0.753] | train_seen=2900
2026-05-25 12:12:20 | INFO | Epoch 31 | batch 1500/1829 | loss=1.0231 | giou=0.4275 | bbox=0.0427 | ce=0.0270 | aux_giou=0.0451 | aux_bbox=0.0066 | aux_ce=0.0016 | mask=1771 | aux_mask=1651 | pos=212 | targets=212 | preds=1135 | centerness=[-6.068, 0.160] | train_seen=3000
2026-05-25 12:14:06 | INFO | Epoch 31 | batch 1550/1829 | loss=0.7506 | giou=0.3436 | bbox=0.0379 | ce=0.0256 | aux_giou=0.0000 | aux_bbox=0.0000 | aux_ce=0.0000 | mask=2198 | aux_mask=1772 | pos=261 | targets=261 | preds=1046 | centerness=[-6.287, 0.136] | train_seen=3100
2026-05-25 12:15:52 | INFO | Epoch 31 | batch 1600/1829 | loss=0.5764 | giou=0.2724 | bbox=0.0224 | ce=0.0091 | aux_giou=0.0000 | aux_bbox=0.0000 | aux_ce=0.0000 | mask=1738 | aux_mask=1555 | pos=71 | targets=71 | preds=581 | centerness=[-5.304, 0.169] | train_seen=3200
2026-05-25 12:17:39 | INFO | Epoch 31 | batch 1650/1829 | loss=1.0786 | giou=0.5050 | bbox=0.0327 | ce=0.0359 | aux_giou=0.0000 | aux_bbox=0.0000 | aux_ce=0.0000 | mask=1500 | aux_mask=1620 | pos=674 | targets=674 | preds=792 | centerness=[-5.911, 0.755] | train_seen=3300
2026-05-25 12:19:25 | INFO | Epoch 31 | batch 1700/1829 | loss=0.6452 | giou=0.2884 | bbox=0.0519 | ce=0.0165 | aux_giou=0.0000 | aux_bbox=0.0000 | aux_ce=0.0000 | mask=1459 | aux_mask=1596 | pos=66 | targets=66 | preds=316 | centerness=[-6.808, -0.746] | train_seen=3400
2026-05-25 12:21:11 | INFO | Epoch 31 | batch 1750/1829 | loss=1.3231 | giou=0.5286 | bbox=0.1111 | ce=0.0410 | aux_giou=0.0508 | aux_bbox=0.0094 | aux_ce=0.0028 | mask=1437 | aux_mask=1300 | pos=354 | targets=354 | preds=891 | centerness=[-5.903, 0.947] | train_seen=3500
2026-05-25 12:22:57 | INFO | Epoch 31 | batch 1800/1829 | loss=0.7482 | giou=0.3449 | bbox=0.0289 | ce=0.0296 | aux_giou=0.0000 | aux_bbox=0.0000 | aux_ce=0.0000 | mask=2004 | aux_mask=2046 | pos=304 | targets=304 | preds=966 | centerness=[-3.956, 0.877] | train_seen=3600
2026-05-25 12:43:30 | INFO | Epoch 31 | train_loss=0.784 | val_loss=0.933 | train_mae=242.048 | val_mae=123.467 | val_rmse=177.12 | test_mae=137.113 | test_rmse=213.95 | time=5057.950s
2026-05-25 12:45:17 | INFO | Epoch 32 | batch 50/1829 | loss=0.6346 | giou=0.2840 | bbox=0.0433 | ce=0.0233 | aux_giou=0.0000 | aux_bbox=0.0000 | aux_ce=0.0000 | mask=1691 | aux_mask=1706 | pos=146 | targets=146 | preds=715 | centerness=[-6.630, -0.171] | train_seen=100
2026-05-25 12:47:03 | INFO | Epoch 32 | batch 100/1829 | loss=0.8932 | giou=0.4089 | bbox=0.0345 | ce=0.0409 | aux_giou=0.0000 | aux_bbox=0.0000 | aux_ce=0.0000 | mask=2023 | aux_mask=1783 | pos=652 | targets=652 | preds=1444 | centerness=[-7.593, 0.646] | train_seen=200
2026-05-25 12:48:49 | INFO | Epoch 32 | batch 150/1829 | loss=1.2046 | giou=0.4841 | bbox=0.0244 | ce=0.0442 | aux_giou=0.0775 | aux_bbox=0.0052 | aux_ce=0.0076 | mask=1805 | aux_mask=1527 | pos=580 | targets=580 | preds=1329 | centerness=[-5.183, 0.466] | train_seen=300
2026-05-25 12:50:36 | INFO | Epoch 32 | batch 200/1829 | loss=0.4731 | giou=0.2244 | bbox=0.0191 | ce=0.0051 | aux_giou=0.0000 | aux_bbox=0.0000 | aux_ce=0.0000 | mask=1311 | aux_mask=1393 | pos=48 | targets=48 | preds=125 | centerness=[-6.605, 1.487] | train_seen=400
2026-05-25 12:52:23 | INFO | Epoch 32 | batch 250/1829 | loss=1.2112 | giou=0.5074 | bbox=0.0806 | ce=0.0113 | aux_giou=0.0480 | aux_bbox=0.0075 | aux_ce=0.0009 | mask=1773 | aux_mask=1633 | pos=98 | targets=98 | preds=856 | centerness=[-4.587, 0.873] | train_seen=500
2026-05-25 12:54:12 | INFO | Epoch 32 | batch 300/1829 | loss=0.6461 | giou=0.2979 | bbox=0.0418 | ce=0.0085 | aux_giou=0.0000 | aux_bbox=0.0000 | aux_ce=0.0000 | mask=1641 | aux_mask=1817 | pos=56 | targets=56 | preds=372 | centerness=[-7.909, 0.346] | train_seen=600
2026-05-25 12:56:05 | INFO | Epoch 32 | batch 350/1829 | loss=0.7891 | giou=0.3701 | bbox=0.0303 | ce=0.0187 | aux_giou=0.0000 | aux_bbox=0.0000 | aux_ce=0.0000 | mask=2088 | aux_mask=1636 | pos=308 | targets=308 | preds=745 | centerness=[-4.798, 0.892] | train_seen=700
2026-05-25 12:57:55 | INFO | Epoch 32 | batch 400/1829 | loss=1.1368 | giou=0.4765 | bbox=0.0410 | ce=0.0341 | aux_giou=0.0497 | aux_bbox=0.0049 | aux_ce=0.0043 | mask=2026 | aux_mask=1534 | pos=354 | targets=354 | preds=1334 | centerness=[-4.883, 0.268] | train_seen=800
2026-05-25 12:59:47 | INFO | Epoch 32 | batch 450/1829 | loss=0.8074 | giou=0.3679 | bbox=0.0413 | ce=0.0302 | aux_giou=0.0000 | aux_bbox=0.0000 | aux_ce=0.0000 | mask=1970 | aux_mask=1803 | pos=244 | targets=244 | preds=861 | centerness=[-4.608, 0.144] | train_seen=900
2026-05-25 13:01:37 | INFO | Epoch 32 | batch 500/1829 | loss=1.0792 | giou=0.4647 | bbox=0.0304 | ce=0.0274 | aux_giou=0.0431 | aux_bbox=0.0022 | aux_ce=0.0036 | mask=1824 | aux_mask=1607 | pos=475 | targets=475 | preds=1034 | centerness=[-5.355, 0.568] | train_seen=1000
2026-05-25 13:03:26 | INFO | Epoch 32 | batch 550/1829 | loss=1.0908 | giou=0.4664 | bbox=0.0254 | ce=0.0334 | aux_giou=0.0475 | aux_bbox=0.0024 | aux_ce=0.0017 | mask=1791 | aux_mask=1776 | pos=316 | targets=316 | preds=544 | centerness=[-6.286, 0.518] | train_seen=1100
2026-05-25 13:05:16 | INFO | Epoch 32 | batch 600/1829 | loss=1.1878 | giou=0.4892 | bbox=0.0593 | ce=0.0479 | aux_giou=0.0459 | aux_bbox=0.0035 | aux_ce=0.0070 | mask=2518 | aux_mask=2690 | pos=1744 | targets=1744 | preds=1674 | centerness=[-8.750, 0.324] | train_seen=1200
2026-05-25 13:07:05 | INFO | Epoch 32 | batch 650/1829 | loss=0.7012 | giou=0.3231 | bbox=0.0306 | ce=0.0244 | aux_giou=0.0000 | aux_bbox=0.0000 | aux_ce=0.0000 | mask=2480 | aux_mask=2306 | pos=220 | targets=220 | preds=826 | centerness=[-4.596, 1.135] | train_seen=1300
2026-05-25 13:08:55 | INFO | Epoch 32 | batch 700/1829 | loss=0.6493 | giou=0.2935 | bbox=0.0359 | ce=0.0266 | aux_giou=0.0000 | aux_bbox=0.0000 | aux_ce=0.0000 | mask=1579 | aux_mask=1531 | pos=226 | targets=226 | preds=452 | centerness=[-5.442, 0.553] | train_seen=1400
2026-05-25 13:10:42 | INFO | Epoch 32 | batch 750/1829 | loss=1.2196 | giou=0.5414 | bbox=0.0258 | ce=0.0311 | aux_giou=0.0383 | aux_bbox=0.0015 | aux_ce=0.0018 | mask=2535 | aux_mask=2174 | pos=292 | targets=292 | preds=2083 | centerness=[-4.066, 0.501] | train_seen=1500
