2026-05-25 20:01:35 | INFO | Args: {'model_name': 'DGECO2FSCD', 'model_name_resumed': 'DGECO2FSCD', 'data_path': '/mnt/disk1/DINO-SAM-GECO2_3/data/FSC147_384_V2', 'dataset': 'fsc147', 'image_size': 1024, 'batch_size': 2, 'eval_batch_size': 2, 'val_batch_size': 2, 'test_batch_size': 2, 'num_workers': 8, 'max_train_batches': None, 'max_val_batches': None, 'max_test_batches': None, 'log_dir': '/mnt/disk1/DINO-SAM-GECO2_3/logs', 'run_name': None, 'log_interval': 50, 'model_path': '/mnt/disk1/DINO-SAM-GECO2_3/checkpoints', 'gpu': 0, 'max_grad_norm': 0.1, 'score_threshold': 0.1, 'score_ratio': 0.4, 'pre_nms_topk': 4096, 'max_detections': 4096, 'nms_iou': 0.5, 'dinov3_model_size': 'base', 'training': True, 'dinov3_pretrained_weights': '/mnt/disk1/DINO-SAM-GECO2_3/src/models/backbones/checkpoint/dinov3_vitb16_pretrain_lvd1689m-73cec8be.pth', 'backbone': 'DINOV3', 'reduction': 16, 'kernel_dim': 1, 'num_objects': 3, 'epochs': 200, 'resume_training': False, 'lr': 5e-05, 'backbone_lr': 5e-06, 'lr_drop': 10, 'weight_decay': 0.0001, 'tiling_p': 0.5, 'zero_shot': False, 'bbox_loss_coef': 1.0, 'giou_loss_coef': 2.0, 'ce_loss_coef': 2.0, 'aux_loss_coef': 0.5, 'cost_class': 2.0, 'cost_bbox': 1.0, 'cost_giou': 2.0, 'focal_alpha': 0.5, 'model_name_resume_from': 'base_3_shot_softmax1'}
2026-05-25 20:01:35 | INFO | Running pure single-GPU training on device: cuda:0
2026-05-25 20:01:35 | INFO | Logs will be saved to: /mnt/disk1/DINO-SAM-GECO2_3/logs/DGECO2FSCD_20260525_200135
2026-05-25 20:01:36 | INFO | Trainable parameter groups: non_backbone=54677258, dinov3_adapter=2561296, frozen_dinov3=85648128
2026-05-25 20:01:36 | INFO | AMP mixed precision enabled: False
2026-05-25 20:01:37 | INFO | Dataloader batch sizes: train=2, val=2, test=2
2026-05-25 20:03:24 | INFO | Epoch 1 | batch 50/1829 | loss=1.7559 | giou=0.7315 | bbox=0.1107 | ce=0.0911 | aux_giou=0.0000 | aux_bbox=0.0000 | aux_ce=0.0000 | mask=1267 | aux_mask=846 | pos=200 | targets=200 | preds=424 | centerness=[-2.611, 0.126] | train_seen=100
2026-05-25 20:05:11 | INFO | Epoch 1 | batch 100/1829 | loss=2.2119 | giou=0.6740 | bbox=0.2723 | ce=0.1466 | aux_giou=0.0287 | aux_bbox=0.0129 | aux_ce=0.1141 | mask=1800 | aux_mask=1844 | pos=1589 | targets=1096 | preds=103 | centerness=[-3.444, -0.225] | train_seen=200
2026-05-25 20:06:58 | INFO | Epoch 1 | batch 150/1829 | loss=1.8882 | giou=0.7376 | bbox=0.1645 | ce=0.1242 | aux_giou=0.0000 | aux_bbox=0.0000 | aux_ce=0.0000 | mask=1259 | aux_mask=1042 | pos=45 | targets=45 | preds=196 | centerness=[-1.107, 0.456] | train_seen=300
2026-05-25 20:08:44 | INFO | Epoch 1 | batch 200/1829 | loss=1.3564 | giou=0.4913 | bbox=0.1282 | ce=0.1228 | aux_giou=0.0000 | aux_bbox=0.0000 | aux_ce=0.0000 | mask=720 | aux_mask=1000 | pos=438 | targets=438 | preds=216 | centerness=[-1.238, 0.319] | train_seen=400
2026-05-25 20:10:30 | INFO | Epoch 1 | batch 250/1829 | loss=1.8688 | giou=0.7879 | bbox=0.1362 | ce=0.0784 | aux_giou=0.0000 | aux_bbox=0.0000 | aux_ce=0.0000 | mask=668 | aux_mask=1015 | pos=174 | targets=174 | preds=351 | centerness=[-1.757, -0.008] | train_seen=500
2026-05-25 20:12:17 | INFO | Epoch 1 | batch 300/1829 | loss=2.0357 | giou=0.7544 | bbox=0.1875 | ce=0.0751 | aux_giou=0.0736 | aux_bbox=0.0229 | aux_ce=0.0094 | mask=702 | aux_mask=924 | pos=436 | targets=436 | preds=371 | centerness=[-1.274, 0.756] | train_seen=600
2026-05-25 20:14:03 | INFO | Epoch 1 | batch 350/1829 | loss=2.1183 | giou=0.8740 | bbox=0.1357 | ce=0.1173 | aux_giou=0.0000 | aux_bbox=0.0000 | aux_ce=0.0000 | mask=825 | aux_mask=958 | pos=144 | targets=144 | preds=359 | centerness=[-1.030, 0.409] | train_seen=700
2026-05-25 20:15:49 | INFO | Epoch 1 | batch 400/1829 | loss=1.5656 | giou=0.6444 | bbox=0.0899 | ce=0.0935 | aux_giou=0.0000 | aux_bbox=0.0000 | aux_ce=0.0000 | mask=958 | aux_mask=933 | pos=786 | targets=457 | preds=327 | centerness=[-1.077, 0.768] | train_seen=800
2026-05-25 20:17:36 | INFO | Epoch 1 | batch 450/1829 | loss=1.7143 | giou=0.7667 | bbox=0.0855 | ce=0.0476 | aux_giou=0.0000 | aux_bbox=0.0000 | aux_ce=0.0000 | mask=1334 | aux_mask=509 | pos=152 | targets=152 | preds=766 | centerness=[-1.164, -0.222] | train_seen=900
2026-05-25 20:19:25 | INFO | Epoch 1 | batch 500/1829 | loss=2.0645 | giou=0.8787 | bbox=0.1507 | ce=0.0782 | aux_giou=0.0000 | aux_bbox=0.0000 | aux_ce=0.0000 | mask=482 | aux_mask=390 | pos=120 | targets=120 | preds=336 | centerness=[-1.643, -0.449] | train_seen=1000
2026-05-25 20:21:13 | INFO | Epoch 1 | batch 550/1829 | loss=2.5699 | giou=0.9648 | bbox=0.1295 | ce=0.0738 | aux_giou=0.1482 | aux_bbox=0.0279 | aux_ce=0.0195 | mask=1076 | aux_mask=1158 | pos=860 | targets=860 | preds=743 | centerness=[-1.057, 0.271] | train_seen=1100
2026-05-25 20:22:59 | INFO | Epoch 1 | batch 600/1829 | loss=2.0274 | giou=0.7811 | bbox=0.1150 | ce=0.1123 | aux_giou=0.0538 | aux_bbox=0.0051 | aux_ce=0.0066 | mask=697 | aux_mask=838 | pos=388 | targets=388 | preds=484 | centerness=[-1.615, -0.254] | train_seen=1200
2026-05-25 20:24:45 | INFO | Epoch 1 | batch 650/1829 | loss=1.3186 | giou=0.4717 | bbox=0.0781 | ce=0.0745 | aux_giou=0.0641 | aux_bbox=0.0080 | aux_ce=0.0059 | mask=699 | aux_mask=706 | pos=140 | targets=140 | preds=335 | centerness=[-1.900, -0.410] | train_seen=1300
2026-05-25 20:26:32 | INFO | Epoch 1 | batch 700/1829 | loss=1.3265 | giou=0.5675 | bbox=0.0747 | ce=0.0584 | aux_giou=0.0000 | aux_bbox=0.0000 | aux_ce=0.0000 | mask=734 | aux_mask=696 | pos=96 | targets=96 | preds=453 | centerness=[-1.523, -0.550] | train_seen=1400
2026-05-25 20:28:18 | INFO | Epoch 1 | batch 750/1829 | loss=1.1179 | giou=0.4775 | bbox=0.0742 | ce=0.0444 | aux_giou=0.0000 | aux_bbox=0.0000 | aux_ce=0.0000 | mask=660 | aux_mask=906 | pos=68 | targets=68 | preds=308 | centerness=[-1.633, -0.619] | train_seen=1500
2026-05-25 20:30:04 | INFO | Epoch 1 | batch 800/1829 | loss=1.3900 | giou=0.6430 | bbox=0.0638 | ce=0.0201 | aux_giou=0.0000 | aux_bbox=0.0000 | aux_ce=0.0000 | mask=1037 | aux_mask=905 | pos=44 | targets=44 | preds=510 | centerness=[-2.033, -0.502] | train_seen=1600
2026-05-25 20:31:50 | INFO | Epoch 1 | batch 850/1829 | loss=1.4718 | giou=0.6346 | bbox=0.0685 | ce=0.0670 | aux_giou=0.0000 | aux_bbox=0.0000 | aux_ce=0.0000 | mask=670 | aux_mask=847 | pos=203 | targets=203 | preds=456 | centerness=[-1.574, 0.159] | train_seen=1700
2026-05-25 20:33:36 | INFO | Epoch 1 | batch 900/1829 | loss=1.4893 | giou=0.6330 | bbox=0.0563 | ce=0.0834 | aux_giou=0.0000 | aux_bbox=0.0000 | aux_ce=0.0000 | mask=1036 | aux_mask=1047 | pos=312 | targets=312 | preds=777 | centerness=[-1.174, 0.293] | train_seen=1800
2026-05-25 20:35:23 | INFO | Epoch 1 | batch 950/1829 | loss=1.5445 | giou=0.6797 | bbox=0.0688 | ce=0.0581 | aux_giou=0.0000 | aux_bbox=0.0000 | aux_ce=0.0000 | mask=996 | aux_mask=991 | pos=228 | targets=228 | preds=739 | centerness=[-1.934, 0.239] | train_seen=1900
2026-05-25 20:37:09 | INFO | Epoch 1 | batch 1000/1829 | loss=1.1016 | giou=0.4760 | bbox=0.0594 | ce=0.0451 | aux_giou=0.0000 | aux_bbox=0.0000 | aux_ce=0.0000 | mask=712 | aux_mask=1142 | pos=63 | targets=63 | preds=515 | centerness=[-1.863, -0.107] | train_seen=2000
2026-05-25 20:38:55 | INFO | Epoch 1 | batch 1050/1829 | loss=1.2001 | giou=0.5151 | bbox=0.1115 | ce=0.0292 | aux_giou=0.0000 | aux_bbox=0.0000 | aux_ce=0.0000 | mask=727 | aux_mask=1486 | pos=32 | targets=32 | preds=223 | centerness=[-1.843, -0.412] | train_seen=2100
2026-05-25 20:40:41 | INFO | Epoch 1 | batch 1100/1829 | loss=1.3153 | giou=0.5517 | bbox=0.0662 | ce=0.0729 | aux_giou=0.0000 | aux_bbox=0.0000 | aux_ce=0.0000 | mask=547 | aux_mask=665 | pos=160 | targets=160 | preds=428 | centerness=[-1.490, 0.128] | train_seen=2200
2026-05-25 20:42:27 | INFO | Epoch 1 | batch 1150/1829 | loss=1.9790 | giou=0.7119 | bbox=0.1629 | ce=0.1188 | aux_giou=0.0582 | aux_bbox=0.0131 | aux_ce=0.0126 | mask=1052 | aux_mask=1238 | pos=442 | targets=442 | preds=548 | centerness=[-1.783, -0.322] | train_seen=2300
2026-05-25 20:44:13 | INFO | Epoch 1 | batch 1200/1829 | loss=1.2004 | giou=0.5290 | bbox=0.0583 | ce=0.0420 | aux_giou=0.0000 | aux_bbox=0.0000 | aux_ce=0.0000 | mask=1068 | aux_mask=1492 | pos=61 | targets=61 | preds=673 | centerness=[-1.940, -0.177] | train_seen=2400
2026-05-25 20:46:00 | INFO | Epoch 1 | batch 1250/1829 | loss=1.4452 | giou=0.5966 | bbox=0.1379 | ce=0.0570 | aux_giou=0.0000 | aux_bbox=0.0000 | aux_ce=0.0000 | mask=705 | aux_mask=1024 | pos=63 | targets=63 | preds=261 | centerness=[-3.346, -0.335] | train_seen=2500
2026-05-25 20:47:45 | INFO | Epoch 1 | batch 1300/1829 | loss=1.6131 | giou=0.6513 | bbox=0.0665 | ce=0.0704 | aux_giou=0.0441 | aux_bbox=0.0038 | aux_ce=0.0055 | mask=782 | aux_mask=1011 | pos=129 | targets=129 | preds=618 | centerness=[-2.268, -0.474] | train_seen=2600
2026-05-25 20:49:31 | INFO | Epoch 1 | batch 1350/1829 | loss=1.3094 | giou=0.5702 | bbox=0.0306 | ce=0.0692 | aux_giou=0.0000 | aux_bbox=0.0000 | aux_ce=0.0000 | mask=1042 | aux_mask=1122 | pos=268 | targets=268 | preds=894 | centerness=[-1.720, -0.223] | train_seen=2700
2026-05-25 20:51:18 | INFO | Epoch 1 | batch 1400/1829 | loss=1.0789 | giou=0.4471 | bbox=0.0974 | ce=0.0436 | aux_giou=0.0000 | aux_bbox=0.0000 | aux_ce=0.0000 | mask=709 | aux_mask=826 | pos=72 | targets=72 | preds=326 | centerness=[-2.018, -0.317] | train_seen=2800
2026-05-25 20:53:04 | INFO | Epoch 1 | batch 1450/1829 | loss=1.2808 | giou=0.5417 | bbox=0.0629 | ce=0.0672 | aux_giou=0.0000 | aux_bbox=0.0000 | aux_ce=0.0000 | mask=736 | aux_mask=872 | pos=206 | targets=206 | preds=601 | centerness=[-2.560, 0.486] | train_seen=2900
2026-05-25 20:54:50 | INFO | Epoch 1 | batch 1500/1829 | loss=1.2785 | giou=0.5838 | bbox=0.0330 | ce=0.0390 | aux_giou=0.0000 | aux_bbox=0.0000 | aux_ce=0.0000 | mask=799 | aux_mask=1063 | pos=82 | targets=82 | preds=705 | centerness=[-1.852, -0.131] | train_seen=3000
2026-05-25 20:56:36 | INFO | Epoch 1 | batch 1550/1829 | loss=1.2018 | giou=0.5100 | bbox=0.0664 | ce=0.0576 | aux_giou=0.0000 | aux_bbox=0.0000 | aux_ce=0.0000 | mask=826 | aux_mask=989 | pos=168 | targets=168 | preds=557 | centerness=[-2.290, -0.111] | train_seen=3100
2026-05-25 20:58:22 | INFO | Epoch 1 | batch 1600/1829 | loss=1.6347 | giou=0.6449 | bbox=0.0479 | ce=0.0737 | aux_giou=0.0677 | aux_bbox=0.0071 | aux_ce=0.0036 | mask=956 | aux_mask=1049 | pos=268 | targets=268 | preds=764 | centerness=[-1.563, 0.545] | train_seen=3200
2026-05-25 21:00:09 | INFO | Epoch 1 | batch 1650/1829 | loss=1.2626 | giou=0.5209 | bbox=0.0583 | ce=0.0813 | aux_giou=0.0000 | aux_bbox=0.0000 | aux_ce=0.0000 | mask=720 | aux_mask=865 | pos=188 | targets=188 | preds=449 | centerness=[-1.659, 0.794] | train_seen=3300
2026-05-25 21:01:55 | INFO | Epoch 1 | batch 1700/1829 | loss=1.5982 | giou=0.5601 | bbox=0.0392 | ce=0.0704 | aux_giou=0.1346 | aux_bbox=0.0093 | aux_ce=0.0097 | mask=1348 | aux_mask=1446 | pos=576 | targets=576 | preds=1125 | centerness=[-1.406, 0.188] | train_seen=3400
2026-05-25 21:03:42 | INFO | Epoch 1 | batch 1750/1829 | loss=1.2501 | giou=0.5379 | bbox=0.0576 | ce=0.0583 | aux_giou=0.0000 | aux_bbox=0.0000 | aux_ce=0.0000 | mask=762 | aux_mask=809 | pos=141 | targets=141 | preds=468 | centerness=[-2.048, 0.017] | train_seen=3500
2026-05-25 21:05:28 | INFO | Epoch 1 | batch 1800/1829 | loss=0.9386 | giou=0.4000 | bbox=0.0585 | ce=0.0401 | aux_giou=0.0000 | aux_bbox=0.0000 | aux_ce=0.0000 | mask=1003 | aux_mask=878 | pos=92 | targets=92 | preds=636 | centerness=[-1.783, -0.298] | train_seen=3600
2026-05-25 21:26:04 | INFO | Epoch 1 | train_loss=1.606 | val_loss=1.428 | train_mae=151.852 | val_mae=198.421 | val_rmse=219.37 | test_mae=200.387 | test_rmse=243.24 | time=5063.973s | best_rmse
2026-05-25 21:27:50 | INFO | Epoch 2 | batch 50/1829 | loss=1.2859 | giou=0.5518 | bbox=0.0755 | ce=0.0534 | aux_giou=0.0000 | aux_bbox=0.0000 | aux_ce=0.0000 | mask=986 | aux_mask=1191 | pos=112 | targets=112 | preds=490 | centerness=[-2.156, 0.094] | train_seen=100
2026-05-25 21:29:37 | INFO | Epoch 2 | batch 100/1829 | loss=0.9444 | giou=0.3862 | bbox=0.0301 | ce=0.0336 | aux_giou=0.0342 | aux_bbox=0.0011 | aux_ce=0.0025 | mask=1290 | aux_mask=1431 | pos=112 | targets=112 | preds=827 | centerness=[-2.055, 0.508] | train_seen=200
2026-05-25 21:31:23 | INFO | Epoch 2 | batch 150/1829 | loss=1.2186 | giou=0.5250 | bbox=0.0544 | ce=0.0571 | aux_giou=0.0000 | aux_bbox=0.0000 | aux_ce=0.0000 | mask=1687 | aux_mask=1695 | pos=284 | targets=284 | preds=1203 | centerness=[-1.608, -0.275] | train_seen=300
2026-05-25 21:33:09 | INFO | Epoch 2 | batch 200/1829 | loss=1.9146 | giou=0.7426 | bbox=0.2670 | ce=0.0409 | aux_giou=0.0350 | aux_bbox=0.0040 | aux_ce=0.0033 | mask=935 | aux_mask=2735 | pos=85 | targets=85 | preds=120 | centerness=[-2.024, 0.341] | train_seen=400
2026-05-25 21:34:55 | INFO | Epoch 2 | batch 250/1829 | loss=1.7067 | giou=0.6636 | bbox=0.1039 | ce=0.0620 | aux_giou=0.0579 | aux_bbox=0.0227 | aux_ce=0.0066 | mask=1503 | aux_mask=1357 | pos=292 | targets=292 | preds=632 | centerness=[-1.790, -0.196] | train_seen=500
2026-05-25 21:36:41 | INFO | Epoch 2 | batch 300/1829 | loss=1.2066 | giou=0.5083 | bbox=0.0695 | ce=0.0603 | aux_giou=0.0000 | aux_bbox=0.0000 | aux_ce=0.0000 | mask=1278 | aux_mask=1386 | pos=308 | targets=308 | preds=751 | centerness=[-2.127, -0.128] | train_seen=600
2026-05-25 21:38:27 | INFO | Epoch 2 | batch 350/1829 | loss=1.1967 | giou=0.5164 | bbox=0.0538 | ce=0.0550 | aux_giou=0.0000 | aux_bbox=0.0000 | aux_ce=0.0000 | mask=936 | aux_mask=933 | pos=155 | targets=155 | preds=682 | centerness=[-2.069, -0.315] | train_seen=700
2026-05-25 21:40:13 | INFO | Epoch 2 | batch 400/1829 | loss=1.2160 | giou=0.5201 | bbox=0.0464 | ce=0.0647 | aux_giou=0.0000 | aux_bbox=0.0000 | aux_ce=0.0000 | mask=1555 | aux_mask=1436 | pos=312 | targets=312 | preds=1122 | centerness=[-1.742, -0.006] | train_seen=800
2026-05-25 21:41:59 | INFO | Epoch 2 | batch 450/1829 | loss=1.1322 | giou=0.4755 | bbox=0.0807 | ce=0.0503 | aux_giou=0.0000 | aux_bbox=0.0000 | aux_ce=0.0000 | mask=677 | aux_mask=718 | pos=70 | targets=70 | preds=442 | centerness=[-2.110, -0.925] | train_seen=900
2026-05-25 21:43:45 | INFO | Epoch 2 | batch 500/1829 | loss=1.3067 | giou=0.5373 | bbox=0.0361 | ce=0.0980 | aux_giou=0.0000 | aux_bbox=0.0000 | aux_ce=0.0000 | mask=1725 | aux_mask=1823 | pos=1184 | targets=1184 | preds=1358 | centerness=[-1.795, 0.284] | train_seen=1000
2026-05-25 21:45:31 | INFO | Epoch 2 | batch 550/1829 | loss=1.1030 | giou=0.4912 | bbox=0.0451 | ce=0.0377 | aux_giou=0.0000 | aux_bbox=0.0000 | aux_ce=0.0000 | mask=770 | aux_mask=800 | pos=94 | targets=94 | preds=531 | centerness=[-2.867, -0.262] | train_seen=1100
2026-05-25 21:47:17 | INFO | Epoch 2 | batch 600/1829 | loss=1.1629 | giou=0.4814 | bbox=0.0242 | ce=0.0380 | aux_giou=0.0462 | aux_bbox=0.0017 | aux_ce=0.0030 | mask=750 | aux_mask=889 | pos=72 | targets=72 | preds=629 | centerness=[-2.050, 0.128] | train_seen=1200
2026-05-25 21:49:03 | INFO | Epoch 2 | batch 650/1829 | loss=0.9600 | giou=0.3985 | bbox=0.0541 | ce=0.0545 | aux_giou=0.0000 | aux_bbox=0.0000 | aux_ce=0.0000 | mask=684 | aux_mask=799 | pos=138 | targets=138 | preds=391 | centerness=[-2.917, -0.119] | train_seen=1300
2026-05-25 21:50:50 | INFO | Epoch 2 | batch 700/1829 | loss=1.1484 | giou=0.4880 | bbox=0.0746 | ce=0.0489 | aux_giou=0.0000 | aux_bbox=0.0000 | aux_ce=0.0000 | mask=1320 | aux_mask=1223 | pos=160 | targets=160 | preds=575 | centerness=[-2.259, -0.436] | train_seen=1400
2026-05-25 21:52:36 | INFO | Epoch 2 | batch 750/1829 | loss=1.3615 | giou=0.5717 | bbox=0.0735 | ce=0.0723 | aux_giou=0.0000 | aux_bbox=0.0000 | aux_ce=0.0000 | mask=805 | aux_mask=772 | pos=213 | targets=213 | preds=447 | centerness=[-2.520, 0.564] | train_seen=1500
2026-05-25 21:54:22 | INFO | Epoch 2 | batch 800/1829 | loss=1.4495 | giou=0.5728 | bbox=0.0534 | ce=0.0587 | aux_giou=0.0575 | aux_bbox=0.0025 | aux_ce=0.0078 | mask=978 | aux_mask=1033 | pos=185 | targets=185 | preds=867 | centerness=[-2.803, 0.272] | train_seen=1600
2026-05-25 21:56:08 | INFO | Epoch 2 | batch 850/1829 | loss=1.2840 | giou=0.5144 | bbox=0.0464 | ce=0.0482 | aux_giou=0.0506 | aux_bbox=0.0066 | aux_ce=0.0022 | mask=791 | aux_mask=1009 | pos=71 | targets=71 | preds=604 | centerness=[-2.679, 0.105] | train_seen=1700
2026-05-25 21:57:54 | INFO | Epoch 2 | batch 900/1829 | loss=1.0893 | giou=0.4712 | bbox=0.0380 | ce=0.0544 | aux_giou=0.0000 | aux_bbox=0.0000 | aux_ce=0.0000 | mask=1352 | aux_mask=1335 | pos=541 | targets=541 | preds=1073 | centerness=[-2.329, 0.573] | train_seen=1800
2026-05-25 21:59:40 | INFO | Epoch 2 | batch 950/1829 | loss=1.3345 | giou=0.5496 | bbox=0.1712 | ce=0.0321 | aux_giou=0.0000 | aux_bbox=0.0000 | aux_ce=0.0000 | mask=866 | aux_mask=1103 | pos=39 | targets=39 | preds=225 | centerness=[-3.708, -0.465] | train_seen=1900
2026-05-25 22:01:26 | INFO | Epoch 2 | batch 1000/1829 | loss=1.1971 | giou=0.4992 | bbox=0.0634 | ce=0.0677 | aux_giou=0.0000 | aux_bbox=0.0000 | aux_ce=0.0000 | mask=1052 | aux_mask=1000 | pos=296 | targets=296 | preds=665 | centerness=[-3.373, -0.289] | train_seen=2000
2026-05-25 22:03:12 | INFO | Epoch 2 | batch 1050/1829 | loss=1.4050 | giou=0.5627 | bbox=0.0652 | ce=0.1072 | aux_giou=0.0000 | aux_bbox=0.0000 | aux_ce=0.0000 | mask=1102 | aux_mask=1228 | pos=498 | targets=498 | preds=871 | centerness=[-2.285, -0.246] | train_seen=2100
2026-05-25 22:04:58 | INFO | Epoch 2 | batch 1100/1829 | loss=1.3917 | giou=0.5515 | bbox=0.0364 | ce=0.0436 | aux_giou=0.0803 | aux_bbox=0.0027 | aux_ce=0.0009 | mask=921 | aux_mask=1056 | pos=135 | targets=135 | preds=338 | centerness=[-2.013, 1.746] | train_seen=2200
2026-05-25 22:06:44 | INFO | Epoch 2 | batch 1150/1829 | loss=1.2738 | giou=0.5372 | bbox=0.1119 | ce=0.0437 | aux_giou=0.0000 | aux_bbox=0.0000 | aux_ce=0.0000 | mask=952 | aux_mask=1055 | pos=112 | targets=112 | preds=406 | centerness=[-2.684, -0.423] | train_seen=2300
2026-05-25 22:08:30 | INFO | Epoch 2 | batch 1200/1829 | loss=1.2383 | giou=0.5071 | bbox=0.0663 | ce=0.0789 | aux_giou=0.0000 | aux_bbox=0.0000 | aux_ce=0.0000 | mask=1005 | aux_mask=1042 | pos=292 | targets=292 | preds=718 | centerness=[-1.528, -0.285] | train_seen=2400
2026-05-25 22:10:17 | INFO | Epoch 2 | batch 1250/1829 | loss=0.6646 | giou=0.2790 | bbox=0.0555 | ce=0.0256 | aux_giou=0.0000 | aux_bbox=0.0000 | aux_ce=0.0000 | mask=898 | aux_mask=890 | pos=29 | targets=29 | preds=199 | centerness=[-2.254, -0.349] | train_seen=2500
2026-05-25 22:12:03 | INFO | Epoch 2 | batch 1300/1829 | loss=1.0870 | giou=0.4590 | bbox=0.0664 | ce=0.0513 | aux_giou=0.0000 | aux_bbox=0.0000 | aux_ce=0.0000 | mask=1480 | aux_mask=1409 | pos=182 | targets=182 | preds=890 | centerness=[-3.056, 0.530] | train_seen=2600
2026-05-25 22:13:49 | INFO | Epoch 2 | batch 1350/1829 | loss=0.9974 | giou=0.4382 | bbox=0.0596 | ce=0.0306 | aux_giou=0.0000 | aux_bbox=0.0000 | aux_ce=0.0000 | mask=668 | aux_mask=826 | pos=36 | targets=36 | preds=394 | centerness=[-3.329, -0.737] | train_seen=2700
2026-05-25 22:15:35 | INFO | Epoch 2 | batch 1400/1829 | loss=1.3303 | giou=0.5610 | bbox=0.0643 | ce=0.0720 | aux_giou=0.0000 | aux_bbox=0.0000 | aux_ce=0.0000 | mask=1455 | aux_mask=1382 | pos=372 | targets=372 | preds=1004 | centerness=[-2.044, -0.192] | train_seen=2800
2026-05-25 22:17:21 | INFO | Epoch 2 | batch 1450/1829 | loss=1.6211 | giou=0.6517 | bbox=0.0479 | ce=0.0567 | aux_giou=0.0677 | aux_bbox=0.0095 | aux_ce=0.0057 | mask=980 | aux_mask=966 | pos=211 | targets=211 | preds=769 | centerness=[-2.272, 0.084] | train_seen=2900
2026-05-25 22:19:08 | INFO | Epoch 2 | batch 1500/1829 | loss=1.0707 | giou=0.4368 | bbox=0.0566 | ce=0.0702 | aux_giou=0.0000 | aux_bbox=0.0000 | aux_ce=0.0000 | mask=847 | aux_mask=753 | pos=384 | targets=384 | preds=661 | centerness=[-2.520, 0.019] | train_seen=3000
2026-05-25 22:20:54 | INFO | Epoch 2 | batch 1550/1829 | loss=1.0367 | giou=0.4420 | bbox=0.0503 | ce=0.0512 | aux_giou=0.0000 | aux_bbox=0.0000 | aux_ce=0.0000 | mask=980 | aux_mask=940 | pos=124 | targets=124 | preds=499 | centerness=[-2.540, 0.504] | train_seen=3100
2026-05-25 22:22:40 | INFO | Epoch 2 | batch 1600/1829 | loss=1.5272 | giou=0.6733 | bbox=0.0516 | ce=0.0645 | aux_giou=0.0000 | aux_bbox=0.0000 | aux_ce=0.0000 | mask=1060 | aux_mask=970 | pos=208 | targets=208 | preds=908 | centerness=[-1.924, -0.025] | train_seen=3200
2026-05-25 22:24:26 | INFO | Epoch 2 | batch 1650/1829 | loss=1.5800 | giou=0.6607 | bbox=0.0942 | ce=0.0822 | aux_giou=0.0000 | aux_bbox=0.0000 | aux_ce=0.0000 | mask=897 | aux_mask=1054 | pos=468 | targets=468 | preds=677 | centerness=[-2.230, 0.646] | train_seen=3300
2026-05-25 22:26:12 | INFO | Epoch 2 | batch 1700/1829 | loss=1.4278 | giou=0.6097 | bbox=0.0708 | ce=0.0687 | aux_giou=0.0000 | aux_bbox=0.0000 | aux_ce=0.0000 | mask=740 | aux_mask=692 | pos=150 | targets=150 | preds=499 | centerness=[-2.340, -0.125] | train_seen=3400
2026-05-25 22:27:59 | INFO | Epoch 2 | batch 1750/1829 | loss=1.3765 | giou=0.5816 | bbox=0.0714 | ce=0.0709 | aux_giou=0.0000 | aux_bbox=0.0000 | aux_ce=0.0000 | mask=621 | aux_mask=712 | pos=197 | targets=197 | preds=505 | centerness=[-3.880, -0.005] | train_seen=3500
2026-05-25 22:29:45 | INFO | Epoch 2 | batch 1800/1829 | loss=1.5212 | giou=0.5908 | bbox=0.0530 | ce=0.0619 | aux_giou=0.0703 | aux_bbox=0.0086 | aux_ce=0.0069 | mask=1139 | aux_mask=942 | pos=180 | targets=180 | preds=849 | centerness=[-1.725, 0.324] | train_seen=3600
2026-05-25 22:50:20 | INFO | Epoch 2 | train_loss=1.277 | val_loss=1.296 | train_mae=234.095 | val_mae=162.037 | val_rmse=198.46 | test_mae=177.983 | test_rmse=238.03 | time=5052.989s | best_rmse
2026-05-25 22:52:07 | INFO | Epoch 3 | batch 50/1829 | loss=0.9180 | giou=0.3746 | bbox=0.0438 | ce=0.0625 | aux_giou=0.0000 | aux_bbox=0.0000 | aux_ce=0.0000 | mask=1275 | aux_mask=1249 | pos=208 | targets=208 | preds=810 | centerness=[-2.895, -0.526] | train_seen=100
2026-05-25 22:53:53 | INFO | Epoch 3 | batch 100/1829 | loss=1.4200 | giou=0.6112 | bbox=0.0506 | ce=0.0735 | aux_giou=0.0000 | aux_bbox=0.0000 | aux_ce=0.0000 | mask=1452 | aux_mask=1105 | pos=226 | targets=226 | preds=1335 | centerness=[-1.738, 0.344] | train_seen=200
2026-05-25 22:55:39 | INFO | Epoch 3 | batch 150/1829 | loss=1.2469 | giou=0.5532 | bbox=0.0687 | ce=0.0359 | aux_giou=0.0000 | aux_bbox=0.0000 | aux_ce=0.0000 | mask=694 | aux_mask=648 | pos=48 | targets=48 | preds=379 | centerness=[-3.180, -0.030] | train_seen=300
2026-05-25 22:57:25 | INFO | Epoch 3 | batch 200/1829 | loss=1.6273 | giou=0.6971 | bbox=0.1082 | ce=0.0624 | aux_giou=0.0000 | aux_bbox=0.0000 | aux_ce=0.0000 | mask=1442 | aux_mask=1414 | pos=632 | targets=632 | preds=1072 | centerness=[-1.653, 0.765] | train_seen=400
2026-05-25 22:59:11 | INFO | Epoch 3 | batch 250/1829 | loss=1.2201 | giou=0.4866 | bbox=0.0503 | ce=0.0983 | aux_giou=0.0000 | aux_bbox=0.0000 | aux_ce=0.0000 | mask=1608 | aux_mask=1478 | pos=609 | targets=609 | preds=1213 | centerness=[-2.957, -0.602] | train_seen=500
2026-05-25 23:00:57 | INFO | Epoch 3 | batch 300/1829 | loss=1.0590 | giou=0.4665 | bbox=0.0672 | ce=0.0294 | aux_giou=0.0000 | aux_bbox=0.0000 | aux_ce=0.0000 | mask=1164 | aux_mask=989 | pos=89 | targets=89 | preds=548 | centerness=[-3.260, -0.314] | train_seen=600
2026-05-25 23:02:44 | INFO | Epoch 3 | batch 350/1829 | loss=1.2225 | giou=0.5229 | bbox=0.0719 | ce=0.0524 | aux_giou=0.0000 | aux_bbox=0.0000 | aux_ce=0.0000 | mask=1167 | aux_mask=1004 | pos=136 | targets=136 | preds=605 | centerness=[-1.933, -0.008] | train_seen=700
2026-05-25 23:04:30 | INFO | Epoch 3 | batch 400/1829 | loss=1.1507 | giou=0.4949 | bbox=0.0569 | ce=0.0520 | aux_giou=0.0000 | aux_bbox=0.0000 | aux_ce=0.0000 | mask=1021 | aux_mask=865 | pos=110 | targets=110 | preds=785 | centerness=[-3.075, 0.047] | train_seen=800
2026-05-25 23:06:17 | INFO | Epoch 3 | batch 450/1829 | loss=1.0959 | giou=0.4902 | bbox=0.0392 | ce=0.0382 | aux_giou=0.0000 | aux_bbox=0.0000 | aux_ce=0.0000 | mask=820 | aux_mask=818 | pos=76 | targets=76 | preds=710 | centerness=[-3.023, 0.114] | train_seen=900
2026-05-25 23:08:03 | INFO | Epoch 3 | batch 500/1829 | loss=1.1253 | giou=0.4724 | bbox=0.1353 | ce=0.0226 | aux_giou=0.0000 | aux_bbox=0.0000 | aux_ce=0.0000 | mask=1544 | aux_mask=2362 | pos=64 | targets=64 | preds=269 | centerness=[-3.117, -0.657] | train_seen=1000
2026-05-25 23:09:49 | INFO | Epoch 3 | batch 550/1829 | loss=0.9705 | giou=0.4292 | bbox=0.0418 | ce=0.0351 | aux_giou=0.0000 | aux_bbox=0.0000 | aux_ce=0.0000 | mask=1052 | aux_mask=1043 | pos=63 | targets=63 | preds=746 | centerness=[-4.401, -0.271] | train_seen=1100
2026-05-25 23:11:36 | INFO | Epoch 3 | batch 600/1829 | loss=1.0256 | giou=0.4364 | bbox=0.0541 | ce=0.0494 | aux_giou=0.0000 | aux_bbox=0.0000 | aux_ce=0.0000 | mask=1307 | aux_mask=1012 | pos=208 | targets=208 | preds=820 | centerness=[-2.258, 0.025] | train_seen=1200
2026-05-25 23:13:22 | INFO | Epoch 3 | batch 650/1829 | loss=1.0129 | giou=0.4247 | bbox=0.0427 | ce=0.0605 | aux_giou=0.0000 | aux_bbox=0.0000 | aux_ce=0.0000 | mask=1878 | aux_mask=1702 | pos=558 | targets=558 | preds=1187 | centerness=[-2.278, 0.031] | train_seen=1300
2026-05-25 23:15:08 | INFO | Epoch 3 | batch 700/1829 | loss=1.0229 | giou=0.4256 | bbox=0.0835 | ce=0.0441 | aux_giou=0.0000 | aux_bbox=0.0000 | aux_ce=0.0000 | mask=1344 | aux_mask=1151 | pos=128 | targets=128 | preds=658 | centerness=[-3.639, -0.353] | train_seen=1400
2026-05-25 23:16:54 | INFO | Epoch 3 | batch 750/1829 | loss=1.3864 | giou=0.5774 | bbox=0.0539 | ce=0.0888 | aux_giou=0.0000 | aux_bbox=0.0000 | aux_ce=0.0000 | mask=1375 | aux_mask=1318 | pos=492 | targets=492 | preds=961 | centerness=[-3.234, -0.155] | train_seen=1500
2026-05-25 23:18:40 | INFO | Epoch 3 | batch 800/1829 | loss=1.3682 | giou=0.4976 | bbox=0.1328 | ce=0.0352 | aux_giou=0.0665 | aux_bbox=0.0316 | aux_ce=0.0026 | mask=1341 | aux_mask=1163 | pos=90 | targets=90 | preds=578 | centerness=[-2.382, -0.284] | train_seen=1600
2026-05-25 23:20:27 | INFO | Epoch 3 | batch 850/1829 | loss=1.3297 | giou=0.5153 | bbox=0.0433 | ce=0.0529 | aux_giou=0.0634 | aux_bbox=0.0090 | aux_ce=0.0071 | mask=1353 | aux_mask=913 | pos=156 | targets=156 | preds=764 | centerness=[-1.997, 0.294] | train_seen=1700
2026-05-25 23:22:13 | INFO | Epoch 3 | batch 900/1829 | loss=1.6770 | giou=0.6584 | bbox=0.0736 | ce=0.0533 | aux_giou=0.0761 | aux_bbox=0.0072 | aux_ce=0.0102 | mask=769 | aux_mask=550 | pos=86 | targets=86 | preds=507 | centerness=[-4.316, 0.276] | train_seen=1800
2026-05-25 23:23:59 | INFO | Epoch 3 | batch 950/1829 | loss=1.1808 | giou=0.5076 | bbox=0.0606 | ce=0.0525 | aux_giou=0.0000 | aux_bbox=0.0000 | aux_ce=0.0000 | mask=753 | aux_mask=571 | pos=128 | targets=128 | preds=420 | centerness=[-3.063, -0.006] | train_seen=1900
2026-05-25 23:25:46 | INFO | Epoch 3 | batch 1000/1829 | loss=1.1314 | giou=0.5047 | bbox=0.0557 | ce=0.0331 | aux_giou=0.0000 | aux_bbox=0.0000 | aux_ce=0.0000 | mask=1682 | aux_mask=1417 | pos=110 | targets=110 | preds=1008 | centerness=[-4.191, 0.230] | train_seen=2000
2026-05-25 23:27:32 | INFO | Epoch 3 | batch 1050/1829 | loss=0.9200 | giou=0.4090 | bbox=0.0514 | ce=0.0252 | aux_giou=0.0000 | aux_bbox=0.0000 | aux_ce=0.0000 | mask=580 | aux_mask=629 | pos=87 | targets=87 | preds=201 | centerness=[-4.418, 0.967] | train_seen=2100
2026-05-25 23:29:18 | INFO | Epoch 3 | batch 1100/1829 | loss=1.1025 | giou=0.4378 | bbox=0.0389 | ce=0.0591 | aux_giou=0.0275 | aux_bbox=0.0011 | aux_ce=0.0068 | mask=1286 | aux_mask=1225 | pos=545 | targets=545 | preds=1066 | centerness=[-2.917, 0.699] | train_seen=2200
2026-05-25 23:31:04 | INFO | Epoch 3 | batch 1150/1829 | loss=1.0029 | giou=0.4308 | bbox=0.0433 | ce=0.0490 | aux_giou=0.0000 | aux_bbox=0.0000 | aux_ce=0.0000 | mask=1698 | aux_mask=1603 | pos=324 | targets=324 | preds=1210 | centerness=[-3.097, -0.072] | train_seen=2300
2026-05-25 23:32:50 | INFO | Epoch 3 | batch 1200/1829 | loss=1.2147 | giou=0.5268 | bbox=0.0421 | ce=0.0595 | aux_giou=0.0000 | aux_bbox=0.0000 | aux_ce=0.0000 | mask=1129 | aux_mask=1089 | pos=318 | targets=318 | preds=961 | centerness=[-2.820, 0.526] | train_seen=2400
2026-05-25 23:34:36 | INFO | Epoch 3 | batch 1250/1829 | loss=1.5192 | giou=0.6108 | bbox=0.0476 | ce=0.0686 | aux_giou=0.0489 | aux_bbox=0.0020 | aux_ce=0.0065 | mask=1298 | aux_mask=1140 | pos=363 | targets=363 | preds=1042 | centerness=[-2.885, 0.121] | train_seen=2500
2026-05-25 23:36:22 | INFO | Epoch 3 | batch 1300/1829 | loss=0.8836 | giou=0.3915 | bbox=0.0463 | ce=0.0272 | aux_giou=0.0000 | aux_bbox=0.0000 | aux_ce=0.0000 | mask=1116 | aux_mask=1188 | pos=65 | targets=65 | preds=706 | centerness=[-2.410, 0.254] | train_seen=2600
2026-05-25 23:38:08 | INFO | Epoch 3 | batch 1350/1829 | loss=1.4218 | giou=0.6011 | bbox=0.0379 | ce=0.0374 | aux_giou=0.0501 | aux_bbox=0.0029 | aux_ce=0.0020 | mask=836 | aux_mask=763 | pos=87 | targets=87 | preds=663 | centerness=[-2.452, 0.524] | train_seen=2700
2026-05-25 23:39:54 | INFO | Epoch 3 | batch 1400/1829 | loss=1.1109 | giou=0.4599 | bbox=0.0596 | ce=0.0658 | aux_giou=0.0000 | aux_bbox=0.0000 | aux_ce=0.0000 | mask=1580 | aux_mask=1308 | pos=428 | targets=428 | preds=907 | centerness=[-1.949, -0.021] | train_seen=2800
2026-05-25 23:41:41 | INFO | Epoch 3 | batch 1450/1829 | loss=0.9755 | giou=0.4163 | bbox=0.0494 | ce=0.0467 | aux_giou=0.0000 | aux_bbox=0.0000 | aux_ce=0.0000 | mask=799 | aux_mask=877 | pos=111 | targets=111 | preds=431 | centerness=[-2.935, 0.438] | train_seen=2900
2026-05-25 23:43:27 | INFO | Epoch 3 | batch 1500/1829 | loss=0.9481 | giou=0.4087 | bbox=0.0365 | ce=0.0470 | aux_giou=0.0000 | aux_bbox=0.0000 | aux_ce=0.0000 | mask=985 | aux_mask=837 | pos=104 | targets=104 | preds=766 | centerness=[-2.682, -0.509] | train_seen=3000
2026-05-25 23:45:13 | INFO | Epoch 3 | batch 1550/1829 | loss=1.3735 | giou=0.5930 | bbox=0.0841 | ce=0.0517 | aux_giou=0.0000 | aux_bbox=0.0000 | aux_ce=0.0000 | mask=743 | aux_mask=829 | pos=116 | targets=116 | preds=432 | centerness=[-3.182, -0.043] | train_seen=3100
2026-05-25 23:46:59 | INFO | Epoch 3 | batch 1600/1829 | loss=1.0841 | giou=0.4266 | bbox=0.0568 | ce=0.0870 | aux_giou=0.0000 | aux_bbox=0.0000 | aux_ce=0.0000 | mask=1265 | aux_mask=1253 | pos=673 | targets=673 | preds=861 | centerness=[-3.457, 0.016] | train_seen=3200
2026-05-25 23:48:45 | INFO | Epoch 3 | batch 1650/1829 | loss=1.0837 | giou=0.4859 | bbox=0.0418 | ce=0.0351 | aux_giou=0.0000 | aux_bbox=0.0000 | aux_ce=0.0000 | mask=821 | aux_mask=785 | pos=79 | targets=79 | preds=608 | centerness=[-3.063, 0.125] | train_seen=3300
2026-05-25 23:50:32 | INFO | Epoch 3 | batch 1700/1829 | loss=0.8079 | giou=0.3366 | bbox=0.0534 | ce=0.0406 | aux_giou=0.0000 | aux_bbox=0.0000 | aux_ce=0.0000 | mask=688 | aux_mask=837 | pos=48 | targets=48 | preds=378 | centerness=[-2.889, 0.756] | train_seen=3400
2026-05-25 23:52:18 | INFO | Epoch 3 | batch 1750/1829 | loss=1.5734 | giou=0.5742 | bbox=0.0792 | ce=0.0976 | aux_giou=0.0597 | aux_bbox=0.0123 | aux_ce=0.0094 | mask=1600 | aux_mask=1586 | pos=984 | targets=984 | preds=1044 | centerness=[-4.673, -0.074] | train_seen=3500
2026-05-25 23:54:04 | INFO | Epoch 3 | batch 1800/1829 | loss=1.5688 | giou=0.6782 | bbox=0.0419 | ce=0.0853 | aux_giou=0.0000 | aux_bbox=0.0000 | aux_ce=0.0000 | mask=1603 | aux_mask=1636 | pos=580 | targets=580 | preds=1438 | centerness=[-2.327, 0.243] | train_seen=3600
2026-05-26 00:14:36 | INFO | Epoch 3 | train_loss=1.194 | val_loss=1.215 | train_mae=272.886 | val_mae=226.693 | val_rmse=253.71 | test_mae=226.598 | test_rmse=275.00 | time=5055.455s
2026-05-26 00:16:23 | INFO | Epoch 4 | batch 50/1829 | loss=1.1427 | giou=0.5010 | bbox=0.0364 | ce=0.0522 | aux_giou=0.0000 | aux_bbox=0.0000 | aux_ce=0.0000 | mask=1516 | aux_mask=1558 | pos=285 | targets=285 | preds=792 | centerness=[-2.663, 0.301] | train_seen=100
2026-05-26 00:18:09 | INFO | Epoch 4 | batch 100/1829 | loss=1.5456 | giou=0.6779 | bbox=0.0692 | ce=0.0603 | aux_giou=0.0000 | aux_bbox=0.0000 | aux_ce=0.0000 | mask=1033 | aux_mask=885 | pos=108 | targets=108 | preds=844 | centerness=[-2.201, 0.500] | train_seen=200
2026-05-26 00:19:55 | INFO | Epoch 4 | batch 150/1829 | loss=1.1845 | giou=0.4864 | bbox=0.0712 | ce=0.0703 | aux_giou=0.0000 | aux_bbox=0.0000 | aux_ce=0.0000 | mask=1198 | aux_mask=1191 | pos=244 | targets=244 | preds=721 | centerness=[-3.105, 0.405] | train_seen=300
2026-05-26 00:21:41 | INFO | Epoch 4 | batch 200/1829 | loss=1.1865 | giou=0.5147 | bbox=0.0412 | ce=0.0579 | aux_giou=0.0000 | aux_bbox=0.0000 | aux_ce=0.0000 | mask=1317 | aux_mask=1210 | pos=398 | targets=398 | preds=690 | centerness=[-2.956, 1.108] | train_seen=400
2026-05-26 00:23:28 | INFO | Epoch 4 | batch 250/1829 | loss=1.3680 | giou=0.5956 | bbox=0.0690 | ce=0.0539 | aux_giou=0.0000 | aux_bbox=0.0000 | aux_ce=0.0000 | mask=739 | aux_mask=882 | pos=136 | targets=136 | preds=526 | centerness=[-2.056, 1.132] | train_seen=500
2026-05-26 00:25:14 | INFO | Epoch 4 | batch 300/1829 | loss=1.0823 | giou=0.4588 | bbox=0.0338 | ce=0.0655 | aux_giou=0.0000 | aux_bbox=0.0000 | aux_ce=0.0000 | mask=930 | aux_mask=1126 | pos=404 | targets=404 | preds=705 | centerness=[-2.164, 0.310] | train_seen=600
2026-05-26 00:27:00 | INFO | Epoch 4 | batch 350/1829 | loss=0.8116 | giou=0.3443 | bbox=0.0636 | ce=0.0297 | aux_giou=0.0000 | aux_bbox=0.0000 | aux_ce=0.0000 | mask=1036 | aux_mask=1193 | pos=63 | targets=63 | preds=358 | centerness=[-2.143, -0.466] | train_seen=700
2026-05-26 00:28:46 | INFO | Epoch 4 | batch 400/1829 | loss=1.2561 | giou=0.5652 | bbox=0.0505 | ce=0.0376 | aux_giou=0.0000 | aux_bbox=0.0000 | aux_ce=0.0000 | mask=1282 | aux_mask=1218 | pos=53 | targets=53 | preds=1102 | centerness=[-2.202, -0.004] | train_seen=800
2026-05-26 00:30:32 | INFO | Epoch 4 | batch 450/1829 | loss=1.3550 | giou=0.5562 | bbox=0.1323 | ce=0.0551 | aux_giou=0.0000 | aux_bbox=0.0000 | aux_ce=0.0000 | mask=756 | aux_mask=1644 | pos=71 | targets=71 | preds=324 | centerness=[-2.470, 0.328] | train_seen=900
2026-05-26 00:32:18 | INFO | Epoch 4 | batch 500/1829 | loss=0.7209 | giou=0.2938 | bbox=0.0570 | ce=0.0381 | aux_giou=0.0000 | aux_bbox=0.0000 | aux_ce=0.0000 | mask=930 | aux_mask=1015 | pos=67 | targets=67 | preds=340 | centerness=[-3.263, -0.014] | train_seen=1000
2026-05-26 00:34:05 | INFO | Epoch 4 | batch 550/1829 | loss=1.0741 | giou=0.4340 | bbox=0.0365 | ce=0.0423 | aux_giou=0.0387 | aux_bbox=0.0021 | aux_ce=0.0026 | mask=857 | aux_mask=972 | pos=133 | targets=133 | preds=410 | centerness=[-2.645, 0.712] | train_seen=1100
2026-05-26 00:35:51 | INFO | Epoch 4 | batch 600/1829 | loss=0.9502 | giou=0.3948 | bbox=0.0505 | ce=0.0551 | aux_giou=0.0000 | aux_bbox=0.0000 | aux_ce=0.0000 | mask=1075 | aux_mask=1377 | pos=110 | targets=110 | preds=607 | centerness=[-2.449, 0.336] | train_seen=1200
2026-05-26 00:37:37 | INFO | Epoch 4 | batch 650/1829 | loss=1.1387 | giou=0.4875 | bbox=0.0490 | ce=0.0574 | aux_giou=0.0000 | aux_bbox=0.0000 | aux_ce=0.0000 | mask=936 | aux_mask=923 | pos=260 | targets=260 | preds=604 | centerness=[-2.943, 0.692] | train_seen=1300
2026-05-26 00:39:23 | INFO | Epoch 4 | batch 700/1829 | loss=0.7322 | giou=0.3125 | bbox=0.0587 | ce=0.0243 | aux_giou=0.0000 | aux_bbox=0.0000 | aux_ce=0.0000 | mask=943 | aux_mask=955 | pos=47 | targets=47 | preds=390 | centerness=[-3.016, -0.143] | train_seen=1400
2026-05-26 00:41:09 | INFO | Epoch 4 | batch 750/1829 | loss=0.9151 | giou=0.3725 | bbox=0.0498 | ce=0.0602 | aux_giou=0.0000 | aux_bbox=0.0000 | aux_ce=0.0000 | mask=945 | aux_mask=1224 | pos=252 | targets=252 | preds=497 | centerness=[-2.458, 0.314] | train_seen=1500
2026-05-26 00:42:55 | INFO | Epoch 4 | batch 800/1829 | loss=1.0659 | giou=0.4594 | bbox=0.0486 | ce=0.0493 | aux_giou=0.0000 | aux_bbox=0.0000 | aux_ce=0.0000 | mask=852 | aux_mask=820 | pos=173 | targets=173 | preds=630 | centerness=[-2.674, 0.513] | train_seen=1600
2026-05-26 00:44:41 | INFO | Epoch 4 | batch 850/1829 | loss=1.1944 | giou=0.4929 | bbox=0.0528 | ce=0.0779 | aux_giou=0.0000 | aux_bbox=0.0000 | aux_ce=0.0000 | mask=1151 | aux_mask=1363 | pos=505 | targets=505 | preds=854 | centerness=[-2.835, 0.430] | train_seen=1700
2026-05-26 00:46:28 | INFO | Epoch 4 | batch 900/1829 | loss=0.8215 | giou=0.3368 | bbox=0.0378 | ce=0.0550 | aux_giou=0.0000 | aux_bbox=0.0000 | aux_ce=0.0000 | mask=865 | aux_mask=999 | pos=204 | targets=204 | preds=625 | centerness=[-2.933, 0.529] | train_seen=1800
2026-05-26 00:48:14 | INFO | Epoch 4 | batch 950/1829 | loss=1.1103 | giou=0.4811 | bbox=0.0828 | ce=0.0326 | aux_giou=0.0000 | aux_bbox=0.0000 | aux_ce=0.0000 | mask=804 | aux_mask=926 | pos=62 | targets=62 | preds=472 | centerness=[-3.237, 0.073] | train_seen=1900
2026-05-26 00:50:00 | INFO | Epoch 4 | batch 1000/1829 | loss=2.0919 | giou=0.7550 | bbox=0.1903 | ce=0.0972 | aux_giou=0.0797 | aux_bbox=0.0145 | aux_ce=0.0117 | mask=998 | aux_mask=903 | pos=423 | targets=423 | preds=428 | centerness=[-3.469, 0.820] | train_seen=2000
2026-05-26 00:51:46 | INFO | Epoch 4 | batch 1050/1829 | loss=0.9259 | giou=0.4041 | bbox=0.0505 | ce=0.0336 | aux_giou=0.0000 | aux_bbox=0.0000 | aux_ce=0.0000 | mask=903 | aux_mask=1025 | pos=60 | targets=60 | preds=565 | centerness=[-3.345, 0.243] | train_seen=2100
2026-05-26 00:53:33 | INFO | Epoch 4 | batch 1100/1829 | loss=0.9364 | giou=0.4134 | bbox=0.0427 | ce=0.0334 | aux_giou=0.0000 | aux_bbox=0.0000 | aux_ce=0.0000 | mask=555 | aux_mask=723 | pos=39 | targets=39 | preds=425 | centerness=[-4.088, 0.116] | train_seen=2200
2026-05-26 00:55:19 | INFO | Epoch 4 | batch 1150/1829 | loss=1.4626 | giou=0.6362 | bbox=0.0724 | ce=0.0589 | aux_giou=0.0000 | aux_bbox=0.0000 | aux_ce=0.0000 | mask=1169 | aux_mask=1173 | pos=456 | targets=456 | preds=838 | centerness=[-2.700, 0.798] | train_seen=2300
2026-05-26 00:57:05 | INFO | Epoch 4 | batch 1200/1829 | loss=1.0585 | giou=0.4029 | bbox=0.0373 | ce=0.0473 | aux_giou=0.0532 | aux_bbox=0.0038 | aux_ce=0.0054 | mask=1049 | aux_mask=1003 | pos=93 | targets=93 | preds=835 | centerness=[-2.294, 0.591] | train_seen=2400
2026-05-26 00:58:51 | INFO | Epoch 4 | batch 1250/1829 | loss=1.2525 | giou=0.5435 | bbox=0.0744 | ce=0.0455 | aux_giou=0.0000 | aux_bbox=0.0000 | aux_ce=0.0000 | mask=759 | aux_mask=916 | pos=96 | targets=96 | preds=397 | centerness=[-3.256, 0.463] | train_seen=2500
2026-05-26 01:00:37 | INFO | Epoch 4 | batch 1300/1829 | loss=1.3933 | giou=0.5288 | bbox=0.0520 | ce=0.0672 | aux_giou=0.0663 | aux_bbox=0.0096 | aux_ce=0.0035 | mask=1102 | aux_mask=1185 | pos=157 | targets=157 | preds=854 | centerness=[-2.307, 0.508] | train_seen=2600
2026-05-26 01:02:24 | INFO | Epoch 4 | batch 1350/1829 | loss=0.6520 | giou=0.2721 | bbox=0.0346 | ce=0.0366 | aux_giou=0.0000 | aux_bbox=0.0000 | aux_ce=0.0000 | mask=955 | aux_mask=1110 | pos=112 | targets=112 | preds=628 | centerness=[-3.238, 0.242] | train_seen=2700
2026-05-26 01:04:10 | INFO | Epoch 4 | batch 1400/1829 | loss=1.0825 | giou=0.4397 | bbox=0.0373 | ce=0.0328 | aux_giou=0.0453 | aux_bbox=0.0044 | aux_ce=0.0026 | mask=1255 | aux_mask=1515 | pos=104 | targets=104 | preds=963 | centerness=[-2.953, 0.045] | train_seen=2800
2026-05-26 01:05:56 | INFO | Epoch 4 | batch 1450/1829 | loss=1.1633 | giou=0.5066 | bbox=0.0789 | ce=0.0356 | aux_giou=0.0000 | aux_bbox=0.0000 | aux_ce=0.0000 | mask=1054 | aux_mask=1213 | pos=80 | targets=80 | preds=403 | centerness=[-2.611, 0.498] | train_seen=2900
2026-05-26 01:07:42 | INFO | Epoch 4 | batch 1500/1829 | loss=1.2930 | giou=0.5380 | bbox=0.0751 | ce=0.0709 | aux_giou=0.0000 | aux_bbox=0.0000 | aux_ce=0.0000 | mask=1094 | aux_mask=1193 | pos=192 | targets=192 | preds=901 | centerness=[-2.463, 0.367] | train_seen=3000
2026-05-26 01:09:28 | INFO | Epoch 4 | batch 1550/1829 | loss=1.3595 | giou=0.5719 | bbox=0.0414 | ce=0.0871 | aux_giou=0.0000 | aux_bbox=0.0000 | aux_ce=0.0000 | mask=1230 | aux_mask=1662 | pos=884 | targets=884 | preds=1160 | centerness=[-2.558, 0.664] | train_seen=3100
2026-05-26 01:11:14 | INFO | Epoch 4 | batch 1600/1829 | loss=0.8812 | giou=0.3883 | bbox=0.0697 | ce=0.0174 | aux_giou=0.0000 | aux_bbox=0.0000 | aux_ce=0.0000 | mask=527 | aux_mask=652 | pos=21 | targets=21 | preds=263 | centerness=[-5.178, -0.272] | train_seen=3200
2026-05-26 01:13:00 | INFO | Epoch 4 | batch 1650/1829 | loss=0.8597 | giou=0.3702 | bbox=0.0473 | ce=0.0360 | aux_giou=0.0000 | aux_bbox=0.0000 | aux_ce=0.0000 | mask=1358 | aux_mask=1530 | pos=104 | targets=104 | preds=677 | centerness=[-3.846, -0.184] | train_seen=3300
2026-05-26 01:14:46 | INFO | Epoch 4 | batch 1700/1829 | loss=0.9606 | giou=0.4240 | bbox=0.0651 | ce=0.0237 | aux_giou=0.0000 | aux_bbox=0.0000 | aux_ce=0.0000 | mask=674 | aux_mask=843 | pos=22 | targets=22 | preds=435 | centerness=[-3.611, 0.167] | train_seen=3400
2026-05-26 01:16:32 | INFO | Epoch 4 | batch 1750/1829 | loss=1.0798 | giou=0.4531 | bbox=0.0676 | ce=0.0530 | aux_giou=0.0000 | aux_bbox=0.0000 | aux_ce=0.0000 | mask=1434 | aux_mask=1534 | pos=452 | targets=452 | preds=1157 | centerness=[-3.253, 0.417] | train_seen=3500
2026-05-26 01:18:18 | INFO | Epoch 4 | batch 1800/1829 | loss=1.4544 | giou=0.6160 | bbox=0.0463 | ce=0.0880 | aux_giou=0.0000 | aux_bbox=0.0000 | aux_ce=0.0000 | mask=1094 | aux_mask=1128 | pos=150 | targets=150 | preds=933 | centerness=[-2.385, 1.026] | train_seen=3600
2026-05-26 01:38:53 | INFO | Epoch 4 | train_loss=1.169 | val_loss=1.251 | train_mae=249.419 | val_mae=161.756 | val_rmse=190.80 | test_mae=163.118 | test_rmse=214.02 | time=5053.272s | best_rmse
2026-05-26 01:40:39 | INFO | Epoch 5 | batch 50/1829 | loss=2.0718 | giou=0.7584 | bbox=0.0919 | ce=0.0845 | aux_giou=0.1289 | aux_bbox=0.0079 | aux_ce=0.0141 | mask=2020 | aux_mask=2147 | pos=1648 | targets=1648 | preds=1694 | centerness=[-2.623, 0.645] | train_seen=100
2026-05-26 01:42:25 | INFO | Epoch 5 | batch 100/1829 | loss=1.2581 | giou=0.5044 | bbox=0.0688 | ce=0.0398 | aux_giou=0.0455 | aux_bbox=0.0038 | aux_ce=0.0031 | mask=1192 | aux_mask=1517 | pos=112 | targets=112 | preds=586 | centerness=[-3.172, -0.291] | train_seen=200
2026-05-26 01:44:11 | INFO | Epoch 5 | batch 150/1829 | loss=0.9896 | giou=0.4102 | bbox=0.0274 | ce=0.0709 | aux_giou=0.0000 | aux_bbox=0.0000 | aux_ce=0.0000 | mask=753 | aux_mask=1068 | pos=267 | targets=267 | preds=598 | centerness=[-2.837, 0.995] | train_seen=300
2026-05-26 01:45:57 | INFO | Epoch 5 | batch 200/1829 | loss=1.0450 | giou=0.4681 | bbox=0.0522 | ce=0.0282 | aux_giou=0.0000 | aux_bbox=0.0000 | aux_ce=0.0000 | mask=1045 | aux_mask=1194 | pos=76 | targets=76 | preds=539 | centerness=[-3.194, 0.610] | train_seen=400
2026-05-26 01:47:43 | INFO | Epoch 5 | batch 250/1829 | loss=1.2685 | giou=0.5328 | bbox=0.0462 | ce=0.0783 | aux_giou=0.0000 | aux_bbox=0.0000 | aux_ce=0.0000 | mask=1163 | aux_mask=1389 | pos=348 | targets=348 | preds=973 | centerness=[-2.611, 0.400] | train_seen=500
2026-05-26 01:49:29 | INFO | Epoch 5 | batch 300/1829 | loss=1.4987 | giou=0.5858 | bbox=0.0777 | ce=0.0613 | aux_giou=0.0532 | aux_bbox=0.0062 | aux_ce=0.0071 | mask=822 | aux_mask=931 | pos=392 | targets=392 | preds=585 | centerness=[-3.383, 0.496] | train_seen=600
2026-05-26 01:51:15 | INFO | Epoch 5 | batch 350/1829 | loss=1.3538 | giou=0.5378 | bbox=0.1038 | ce=0.0385 | aux_giou=0.0425 | aux_bbox=0.0059 | aux_ce=0.0031 | mask=777 | aux_mask=848 | pos=64 | targets=64 | preds=381 | centerness=[-4.115, -0.290] | train_seen=700
2026-05-26 01:53:01 | INFO | Epoch 5 | batch 400/1829 | loss=0.7549 | giou=0.3210 | bbox=0.0475 | ce=0.0327 | aux_giou=0.0000 | aux_bbox=0.0000 | aux_ce=0.0000 | mask=786 | aux_mask=926 | pos=56 | targets=56 | preds=447 | centerness=[-3.074, 0.217] | train_seen=800
2026-05-26 01:54:47 | INFO | Epoch 5 | batch 450/1829 | loss=1.0615 | giou=0.4778 | bbox=0.0429 | ce=0.0315 | aux_giou=0.0000 | aux_bbox=0.0000 | aux_ce=0.0000 | mask=870 | aux_mask=1066 | pos=56 | targets=56 | preds=518 | centerness=[-3.792, 0.922] | train_seen=900
2026-05-26 01:56:33 | INFO | Epoch 5 | batch 500/1829 | loss=1.2866 | giou=0.5033 | bbox=0.0346 | ce=0.0611 | aux_giou=0.0536 | aux_bbox=0.0034 | aux_ce=0.0064 | mask=1173 | aux_mask=1226 | pos=478 | targets=478 | preds=925 | centerness=[-2.761, 0.863] | train_seen=1000
2026-05-26 01:58:19 | INFO | Epoch 5 | batch 550/1829 | loss=0.9283 | giou=0.4030 | bbox=0.0426 | ce=0.0398 | aux_giou=0.0000 | aux_bbox=0.0000 | aux_ce=0.0000 | mask=800 | aux_mask=905 | pos=182 | targets=182 | preds=376 | centerness=[-3.253, 1.138] | train_seen=1100
2026-05-26 02:00:05 | INFO | Epoch 5 | batch 600/1829 | loss=1.2211 | giou=0.5258 | bbox=0.0542 | ce=0.0577 | aux_giou=0.0000 | aux_bbox=0.0000 | aux_ce=0.0000 | mask=991 | aux_mask=971 | pos=304 | targets=304 | preds=773 | centerness=[-3.151, 0.802] | train_seen=1200
2026-05-26 02:01:52 | INFO | Epoch 5 | batch 650/1829 | loss=1.6560 | giou=0.5507 | bbox=0.1592 | ce=0.0722 | aux_giou=0.1040 | aux_bbox=0.0220 | aux_ce=0.0104 | mask=1609 | aux_mask=1595 | pos=224 | targets=224 | preds=733 | centerness=[-2.528, -0.584] | train_seen=1300
2026-05-26 02:03:38 | INFO | Epoch 5 | batch 700/1829 | loss=0.9670 | giou=0.4305 | bbox=0.0517 | ce=0.0272 | aux_giou=0.0000 | aux_bbox=0.0000 | aux_ce=0.0000 | mask=607 | aux_mask=930 | pos=35 | targets=35 | preds=271 | centerness=[-3.245, 0.392] | train_seen=1400
2026-05-26 02:05:24 | INFO | Epoch 5 | batch 750/1829 | loss=1.3188 | giou=0.5616 | bbox=0.0581 | ce=0.0687 | aux_giou=0.0000 | aux_bbox=0.0000 | aux_ce=0.0000 | mask=526 | aux_mask=658 | pos=132 | targets=132 | preds=446 | centerness=[-2.100, 0.628] | train_seen=1500
2026-05-26 02:07:10 | INFO | Epoch 5 | batch 800/1829 | loss=1.3207 | giou=0.5459 | bbox=0.0505 | ce=0.0892 | aux_giou=0.0000 | aux_bbox=0.0000 | aux_ce=0.0000 | mask=910 | aux_mask=1004 | pos=224 | targets=224 | preds=816 | centerness=[-2.910, 0.630] | train_seen=1600
2026-05-26 02:08:56 | INFO | Epoch 5 | batch 850/1829 | loss=1.0047 | giou=0.4310 | bbox=0.0503 | ce=0.0462 | aux_giou=0.0000 | aux_bbox=0.0000 | aux_ce=0.0000 | mask=812 | aux_mask=1040 | pos=46 | targets=46 | preds=527 | centerness=[-3.178, 0.460] | train_seen=1700
2026-05-26 02:10:42 | INFO | Epoch 5 | batch 900/1829 | loss=0.8714 | giou=0.3510 | bbox=0.0798 | ce=0.0448 | aux_giou=0.0000 | aux_bbox=0.0000 | aux_ce=0.0000 | mask=573 | aux_mask=1127 | pos=60 | targets=60 | preds=225 | centerness=[-3.247, 0.333] | train_seen=1800
2026-05-26 02:12:28 | INFO | Epoch 5 | batch 950/1829 | loss=1.3615 | giou=0.5790 | bbox=0.0750 | ce=0.0642 | aux_giou=0.0000 | aux_bbox=0.0000 | aux_ce=0.0000 | mask=941 | aux_mask=1324 | pos=232 | targets=232 | preds=639 | centerness=[-3.259, 0.883] | train_seen=1900
2026-05-26 02:14:14 | INFO | Epoch 5 | batch 1000/1829 | loss=1.1453 | giou=0.5219 | bbox=0.0524 | ce=0.0245 | aux_giou=0.0000 | aux_bbox=0.0000 | aux_ce=0.0000 | mask=717 | aux_mask=969 | pos=27 | targets=27 | preds=416 | centerness=[-4.839, 0.793] | train_seen=2000
2026-05-26 02:16:00 | INFO | Epoch 5 | batch 1050/1829 | loss=1.8830 | giou=0.5059 | bbox=0.0455 | ce=0.3411 | aux_giou=0.0448 | aux_bbox=0.0059 | aux_ce=0.0239 | mask=2807 | aux_mask=2893 | pos=2574 | targets=1595 | preds=1236 | centerness=[-4.256, -0.322] | train_seen=2100
2026-05-26 02:17:47 | INFO | Epoch 5 | batch 1100/1829 | loss=1.4221 | giou=0.6112 | bbox=0.1166 | ce=0.0415 | aux_giou=0.0000 | aux_bbox=0.0000 | aux_ce=0.0000 | mask=970 | aux_mask=1178 | pos=150 | targets=150 | preds=392 | centerness=[-4.066, 0.281] | train_seen=2200
2026-05-26 02:19:33 | INFO | Epoch 5 | batch 1150/1829 | loss=1.9043 | giou=0.7027 | bbox=0.0875 | ce=0.0540 | aux_giou=0.1383 | aux_bbox=0.0121 | aux_ce=0.0074 | mask=958 | aux_mask=1111 | pos=483 | targets=483 | preds=551 | centerness=[-2.834, 1.006] | train_seen=2300
2026-05-26 02:21:19 | INFO | Epoch 5 | batch 1200/1829 | loss=1.4300 | giou=0.6257 | bbox=0.0434 | ce=0.0677 | aux_giou=0.0000 | aux_bbox=0.0000 | aux_ce=0.0000 | mask=1179 | aux_mask=1353 | pos=343 | targets=343 | preds=1096 | centerness=[-2.608, 0.447] | train_seen=2400
2026-05-26 02:23:05 | INFO | Epoch 5 | batch 1250/1829 | loss=1.2281 | giou=0.4765 | bbox=0.0405 | ce=0.0659 | aux_giou=0.0469 | aux_bbox=0.0037 | aux_ce=0.0027 | mask=1619 | aux_mask=2484 | pos=1350 | targets=1350 | preds=1075 | centerness=[-2.992, 0.660] | train_seen=2500
2026-05-26 02:24:51 | INFO | Epoch 5 | batch 1300/1829 | loss=1.3893 | giou=0.5511 | bbox=0.0691 | ce=0.0554 | aux_giou=0.0461 | aux_bbox=0.0049 | aux_ce=0.0051 | mask=1970 | aux_mask=1707 | pos=384 | targets=384 | preds=1037 | centerness=[-3.482, 0.295] | train_seen=2600
2026-05-26 02:26:37 | INFO | Epoch 5 | batch 1350/1829 | loss=1.2823 | giou=0.5391 | bbox=0.0604 | ce=0.0718 | aux_giou=0.0000 | aux_bbox=0.0000 | aux_ce=0.0000 | mask=1421 | aux_mask=1450 | pos=521 | targets=521 | preds=1041 | centerness=[-3.291, 1.015] | train_seen=2700
2026-05-26 02:28:23 | INFO | Epoch 5 | batch 1400/1829 | loss=1.0622 | giou=0.4381 | bbox=0.0477 | ce=0.0199 | aux_giou=0.0467 | aux_bbox=0.0024 | aux_ce=0.0014 | mask=575 | aux_mask=881 | pos=49 | targets=49 | preds=124 | centerness=[-5.023, 0.421] | train_seen=2800
2026-05-26 02:30:10 | INFO | Epoch 5 | batch 1450/1829 | loss=1.2842 | giou=0.5107 | bbox=0.0439 | ce=0.0584 | aux_giou=0.0469 | aux_bbox=0.0037 | aux_ce=0.0023 | mask=930 | aux_mask=976 | pos=349 | targets=349 | preds=533 | centerness=[-3.040, 0.979] | train_seen=2900
2026-05-26 02:31:56 | INFO | Epoch 5 | batch 1500/1829 | loss=1.2255 | giou=0.5177 | bbox=0.0348 | ce=0.0777 | aux_giou=0.0000 | aux_bbox=0.0000 | aux_ce=0.0000 | mask=1202 | aux_mask=1375 | pos=266 | targets=266 | preds=1100 | centerness=[-3.534, 1.356] | train_seen=3000
2026-05-26 02:33:42 | INFO | Epoch 5 | batch 1550/1829 | loss=1.4606 | giou=0.5701 | bbox=0.0570 | ce=0.1317 | aux_giou=0.0000 | aux_bbox=0.0000 | aux_ce=0.0000 | mask=1228 | aux_mask=1337 | pos=620 | targets=620 | preds=813 | centerness=[-3.047, 0.619] | train_seen=3100
2026-05-26 02:35:28 | INFO | Epoch 5 | batch 1600/1829 | loss=1.8828 | giou=0.7078 | bbox=0.0645 | ce=0.0949 | aux_giou=0.0923 | aux_bbox=0.0070 | aux_ce=0.0106 | mask=878 | aux_mask=1348 | pos=500 | targets=500 | preds=552 | centerness=[-3.258, 1.033] | train_seen=3200
2026-05-26 02:37:14 | INFO | Epoch 5 | batch 1650/1829 | loss=1.3467 | giou=0.5110 | bbox=0.0341 | ce=0.0906 | aux_giou=0.0464 | aux_bbox=0.0028 | aux_ce=0.0068 | mask=1630 | aux_mask=1792 | pos=625 | targets=625 | preds=1388 | centerness=[-3.093, 0.766] | train_seen=3300
2026-05-26 02:39:00 | INFO | Epoch 5 | batch 1700/1829 | loss=1.8319 | giou=0.7189 | bbox=0.0430 | ce=0.0427 | aux_giou=0.1219 | aux_bbox=0.0146 | aux_ce=0.0037 | mask=990 | aux_mask=1297 | pos=58 | targets=58 | preds=878 | centerness=[-3.994, 0.623] | train_seen=3400
2026-05-26 02:40:46 | INFO | Epoch 5 | batch 1750/1829 | loss=1.1651 | giou=0.5059 | bbox=0.0381 | ce=0.0576 | aux_giou=0.0000 | aux_bbox=0.0000 | aux_ce=0.0000 | mask=722 | aux_mask=948 | pos=225 | targets=225 | preds=616 | centerness=[-3.288, 0.513] | train_seen=3500
2026-05-26 02:42:33 | INFO | Epoch 5 | batch 1800/1829 | loss=1.4090 | giou=0.5864 | bbox=0.0748 | ce=0.0807 | aux_giou=0.0000 | aux_bbox=0.0000 | aux_ce=0.0000 | mask=1024 | aux_mask=1142 | pos=210 | targets=210 | preds=833 | centerness=[-5.829, 0.983] | train_seen=3600
2026-05-26 03:03:08 | INFO | Epoch 5 | train_loss=1.176 | val_loss=1.218 | train_mae=216.491 | val_mae=119.608 | val_rmse=160.48 | test_mae=131.362 | test_rmse=196.21 | time=5052.175s | best_rmse
2026-05-26 03:04:54 | INFO | Epoch 6 | batch 50/1829 | loss=1.8244 | giou=0.7163 | bbox=0.0624 | ce=0.0953 | aux_giou=0.0618 | aux_bbox=0.0074 | aux_ce=0.0039 | mask=1023 | aux_mask=983 | pos=536 | targets=536 | preds=807 | centerness=[-3.291, 1.200] | train_seen=100
2026-05-26 03:06:40 | INFO | Epoch 6 | batch 100/1829 | loss=0.8406 | giou=0.3659 | bbox=0.0522 | ce=0.0283 | aux_giou=0.0000 | aux_bbox=0.0000 | aux_ce=0.0000 | mask=668 | aux_mask=849 | pos=129 | targets=129 | preds=198 | centerness=[-5.032, 0.577] | train_seen=200
2026-05-26 03:08:27 | INFO | Epoch 6 | batch 150/1829 | loss=1.2054 | giou=0.5321 | bbox=0.0406 | ce=0.0503 | aux_giou=0.0000 | aux_bbox=0.0000 | aux_ce=0.0000 | mask=1209 | aux_mask=1453 | pos=220 | targets=220 | preds=820 | centerness=[-2.946, 0.404] | train_seen=300
2026-05-26 03:10:13 | INFO | Epoch 6 | batch 200/1829 | loss=1.1995 | giou=0.4773 | bbox=0.0522 | ce=0.0963 | aux_giou=0.0000 | aux_bbox=0.0000 | aux_ce=0.0000 | mask=571 | aux_mask=950 | pos=155 | targets=155 | preds=365 | centerness=[-3.975, -0.359] | train_seen=400
2026-05-26 03:11:59 | INFO | Epoch 6 | batch 250/1829 | loss=1.5514 | giou=0.6709 | bbox=0.1257 | ce=0.0419 | aux_giou=0.0000 | aux_bbox=0.0000 | aux_ce=0.0000 | mask=1248 | aux_mask=1376 | pos=137 | targets=137 | preds=717 | centerness=[-4.189, 0.351] | train_seen=500
2026-05-26 03:13:45 | INFO | Epoch 6 | batch 300/1829 | loss=1.2579 | giou=0.5637 | bbox=0.0602 | ce=0.0352 | aux_giou=0.0000 | aux_bbox=0.0000 | aux_ce=0.0000 | mask=955 | aux_mask=1154 | pos=156 | targets=156 | preds=434 | centerness=[-3.465, 1.585] | train_seen=600
2026-05-26 03:15:31 | INFO | Epoch 6 | batch 350/1829 | loss=1.6587 | giou=0.5720 | bbox=0.0456 | ce=0.1641 | aux_giou=0.0440 | aux_bbox=0.0054 | aux_ce=0.0237 | mask=2214 | aux_mask=2239 | pos=1845 | targets=1131 | preds=1076 | centerness=[-3.913, 0.245] | train_seen=700
2026-05-26 03:17:17 | INFO | Epoch 6 | batch 400/1829 | loss=1.0021 | giou=0.4287 | bbox=0.0363 | ce=0.0542 | aux_giou=0.0000 | aux_bbox=0.0000 | aux_ce=0.0000 | mask=1663 | aux_mask=1417 | pos=396 | targets=396 | preds=1222 | centerness=[-2.804, 0.573] | train_seen=800
2026-05-26 03:19:04 | INFO | Epoch 6 | batch 450/1829 | loss=0.9231 | giou=0.4145 | bbox=0.0286 | ce=0.0327 | aux_giou=0.0000 | aux_bbox=0.0000 | aux_ce=0.0000 | mask=778 | aux_mask=990 | pos=135 | targets=135 | preds=432 | centerness=[-4.365, 0.818] | train_seen=900
2026-05-26 03:20:50 | INFO | Epoch 6 | batch 500/1829 | loss=0.8736 | giou=0.3614 | bbox=0.0305 | ce=0.0602 | aux_giou=0.0000 | aux_bbox=0.0000 | aux_ce=0.0000 | mask=647 | aux_mask=711 | pos=56 | targets=56 | preds=430 | centerness=[-2.903, 0.919] | train_seen=1000
2026-05-26 03:22:36 | INFO | Epoch 6 | batch 550/1829 | loss=1.2750 | giou=0.5438 | bbox=0.0522 | ce=0.0676 | aux_giou=0.0000 | aux_bbox=0.0000 | aux_ce=0.0000 | mask=715 | aux_mask=844 | pos=316 | targets=316 | preds=418 | centerness=[-3.964, 0.613] | train_seen=1100
2026-05-26 03:24:22 | INFO | Epoch 6 | batch 600/1829 | loss=0.8983 | giou=0.3716 | bbox=0.0464 | ce=0.0543 | aux_giou=0.0000 | aux_bbox=0.0000 | aux_ce=0.0000 | mask=939 | aux_mask=1227 | pos=163 | targets=163 | preds=775 | centerness=[-2.991, 0.685] | train_seen=1200
2026-05-26 03:26:08 | INFO | Epoch 6 | batch 650/1829 | loss=0.8448 | giou=0.3774 | bbox=0.0329 | ce=0.0285 | aux_giou=0.0000 | aux_bbox=0.0000 | aux_ce=0.0000 | mask=953 | aux_mask=972 | pos=92 | targets=92 | preds=606 | centerness=[-3.508, 0.638] | train_seen=1300
2026-05-26 03:27:55 | INFO | Epoch 6 | batch 700/1829 | loss=1.0156 | giou=0.4456 | bbox=0.0405 | ce=0.0420 | aux_giou=0.0000 | aux_bbox=0.0000 | aux_ce=0.0000 | mask=894 | aux_mask=1025 | pos=87 | targets=87 | preds=466 | centerness=[-5.809, 0.954] | train_seen=1400
2026-05-26 03:29:41 | INFO | Epoch 6 | batch 750/1829 | loss=1.3473 | giou=0.5750 | bbox=0.0655 | ce=0.0659 | aux_giou=0.0000 | aux_bbox=0.0000 | aux_ce=0.0000 | mask=1228 | aux_mask=1279 | pos=276 | targets=276 | preds=844 | centerness=[-3.389, 0.714] | train_seen=1500
2026-05-26 03:31:27 | INFO | Epoch 6 | batch 800/1829 | loss=1.2554 | giou=0.5623 | bbox=0.0581 | ce=0.0364 | aux_giou=0.0000 | aux_bbox=0.0000 | aux_ce=0.0000 | mask=742 | aux_mask=1047 | pos=55 | targets=55 | preds=592 | centerness=[-4.360, 0.410] | train_seen=1600
2026-05-26 03:33:13 | INFO | Epoch 6 | batch 850/1829 | loss=1.0442 | giou=0.4335 | bbox=0.0609 | ce=0.0582 | aux_giou=0.0000 | aux_bbox=0.0000 | aux_ce=0.0000 | mask=895 | aux_mask=1057 | pos=315 | targets=315 | preds=589 | centerness=[-4.143, 0.457] | train_seen=1700
2026-05-26 03:34:59 | INFO | Epoch 6 | batch 900/1829 | loss=0.7833 | giou=0.2950 | bbox=0.0299 | ce=0.0452 | aux_giou=0.0313 | aux_bbox=0.0018 | aux_ce=0.0043 | mask=880 | aux_mask=1177 | pos=208 | targets=208 | preds=457 | centerness=[-6.521, 0.180] | train_seen=1800
2026-05-26 03:36:45 | INFO | Epoch 6 | batch 950/1829 | loss=0.9247 | giou=0.3818 | bbox=0.0860 | ce=0.0375 | aux_giou=0.0000 | aux_bbox=0.0000 | aux_ce=0.0000 | mask=792 | aux_mask=1069 | pos=104 | targets=104 | preds=425 | centerness=[-11.367, 0.573] | train_seen=1900
2026-05-26 03:38:32 | INFO | Epoch 6 | batch 1000/1829 | loss=1.3457 | giou=0.6074 | bbox=0.0563 | ce=0.0373 | aux_giou=0.0000 | aux_bbox=0.0000 | aux_ce=0.0000 | mask=728 | aux_mask=936 | pos=89 | targets=89 | preds=282 | centerness=[-6.859, 1.809] | train_seen=2000
2026-05-26 03:40:18 | INFO | Epoch 6 | batch 1050/1829 | loss=0.7493 | giou=0.3188 | bbox=0.0636 | ce=0.0241 | aux_giou=0.0000 | aux_bbox=0.0000 | aux_ce=0.0000 | mask=324 | aux_mask=415 | pos=28 | targets=28 | preds=118 | centerness=[-4.646, 0.343] | train_seen=2100
2026-05-26 03:42:04 | INFO | Epoch 6 | batch 1100/1829 | loss=1.1579 | giou=0.5037 | bbox=0.0476 | ce=0.0515 | aux_giou=0.0000 | aux_bbox=0.0000 | aux_ce=0.0000 | mask=1105 | aux_mask=1401 | pos=610 | targets=610 | preds=918 | centerness=[-3.403, 0.601] | train_seen=2200
2026-05-26 03:43:50 | INFO | Epoch 6 | batch 1150/1829 | loss=1.0566 | giou=0.4252 | bbox=0.0531 | ce=0.0345 | aux_giou=0.0374 | aux_bbox=0.0033 | aux_ce=0.0031 | mask=938 | aux_mask=1023 | pos=64 | targets=64 | preds=534 | centerness=[-4.121, 0.375] | train_seen=2300
2026-05-26 03:45:36 | INFO | Epoch 6 | batch 1200/1829 | loss=1.3275 | giou=0.5442 | bbox=0.0493 | ce=0.0371 | aux_giou=0.0549 | aux_bbox=0.0031 | aux_ce=0.0014 | mask=682 | aux_mask=1102 | pos=86 | targets=86 | preds=386 | centerness=[-2.997, 0.442] | train_seen=2400
2026-05-26 03:47:22 | INFO | Epoch 6 | batch 1250/1829 | loss=0.8480 | giou=0.3609 | bbox=0.0311 | ce=0.0475 | aux_giou=0.0000 | aux_bbox=0.0000 | aux_ce=0.0000 | mask=858 | aux_mask=1162 | pos=64 | targets=64 | preds=711 | centerness=[-4.218, 0.760] | train_seen=2500
2026-05-26 03:49:09 | INFO | Epoch 6 | batch 1300/1829 | loss=1.2753 | giou=0.5059 | bbox=0.0324 | ce=0.0678 | aux_giou=0.0411 | aux_bbox=0.0028 | aux_ce=0.0052 | mask=2249 | aux_mask=2053 | pos=612 | targets=612 | preds=1817 | centerness=[-2.936, 0.314] | train_seen=2600
2026-05-26 03:50:55 | INFO | Epoch 6 | batch 1350/1829 | loss=1.0584 | giou=0.4023 | bbox=0.0308 | ce=0.0635 | aux_giou=0.0418 | aux_bbox=0.0025 | aux_ce=0.0050 | mask=1007 | aux_mask=1149 | pos=188 | targets=188 | preds=830 | centerness=[-2.806, 1.004] | train_seen=2700
2026-05-26 03:52:41 | INFO | Epoch 6 | batch 1400/1829 | loss=1.7750 | giou=0.6986 | bbox=0.0655 | ce=0.0508 | aux_giou=0.0919 | aux_bbox=0.0104 | aux_ce=0.0083 | mask=1185 | aux_mask=1721 | pos=509 | targets=509 | preds=850 | centerness=[-3.299, 1.181] | train_seen=2800
2026-05-26 03:54:27 | INFO | Epoch 6 | batch 1450/1829 | loss=1.1807 | giou=0.5136 | bbox=0.0727 | ce=0.0404 | aux_giou=0.0000 | aux_bbox=0.0000 | aux_ce=0.0000 | mask=1440 | aux_mask=1459 | pos=156 | targets=156 | preds=597 | centerness=[-3.351, 0.014] | train_seen=2900
2026-05-26 03:56:13 | INFO | Epoch 6 | batch 1500/1829 | loss=1.2083 | giou=0.4697 | bbox=0.0423 | ce=0.0641 | aux_giou=0.0429 | aux_bbox=0.0029 | aux_ce=0.0048 | mask=959 | aux_mask=974 | pos=232 | targets=232 | preds=571 | centerness=[-3.849, 0.685] | train_seen=3000
2026-05-26 03:57:59 | INFO | Epoch 6 | batch 1550/1829 | loss=0.7822 | giou=0.3503 | bbox=0.0471 | ce=0.0172 | aux_giou=0.0000 | aux_bbox=0.0000 | aux_ce=0.0000 | mask=805 | aux_mask=1149 | pos=56 | targets=56 | preds=238 | centerness=[-4.162, 0.606] | train_seen=3100
2026-05-26 03:59:45 | INFO | Epoch 6 | batch 1600/1829 | loss=1.1082 | giou=0.4708 | bbox=0.0521 | ce=0.0572 | aux_giou=0.0000 | aux_bbox=0.0000 | aux_ce=0.0000 | mask=836 | aux_mask=1308 | pos=212 | targets=212 | preds=587 | centerness=[-4.944, 0.519] | train_seen=3200
2026-05-26 04:01:31 | INFO | Epoch 6 | batch 1650/1829 | loss=1.2709 | giou=0.5192 | bbox=0.1535 | ce=0.0395 | aux_giou=0.0000 | aux_bbox=0.0000 | aux_ce=0.0000 | mask=843 | aux_mask=1606 | pos=95 | targets=95 | preds=437 | centerness=[-4.781, 0.313] | train_seen=3300
2026-05-26 04:03:18 | INFO | Epoch 6 | batch 1700/1829 | loss=0.9822 | giou=0.3898 | bbox=0.0835 | ce=0.0596 | aux_giou=0.0000 | aux_bbox=0.0000 | aux_ce=0.0000 | mask=644 | aux_mask=974 | pos=83 | targets=83 | preds=355 | centerness=[-6.383, 0.847] | train_seen=3400
2026-05-26 04:05:04 | INFO | Epoch 6 | batch 1750/1829 | loss=1.0353 | giou=0.4458 | bbox=0.0489 | ce=0.0474 | aux_giou=0.0000 | aux_bbox=0.0000 | aux_ce=0.0000 | mask=616 | aux_mask=768 | pos=78 | targets=78 | preds=412 | centerness=[-6.640, 0.469] | train_seen=3500
2026-05-26 04:06:50 | INFO | Epoch 6 | batch 1800/1829 | loss=1.9885 | giou=0.7638 | bbox=0.0979 | ce=0.0558 | aux_giou=0.1119 | aux_bbox=0.0110 | aux_ce=0.0083 | mask=1338 | aux_mask=1682 | pos=752 | targets=752 | preds=980 | centerness=[-3.115, 0.923] | train_seen=3600
2026-05-26 04:27:25 | INFO | Epoch 6 | train_loss=1.150 | val_loss=1.204 | train_mae=182.695 | val_mae=102.405 | val_rmse=145.04 | test_mae=107.720 | test_rmse=175.73 | time=5054.590s | best_rmse
2026-05-26 04:29:12 | INFO | Epoch 7 | batch 50/1829 | loss=1.0315 | giou=0.4187 | bbox=0.0707 | ce=0.0617 | aux_giou=0.0000 | aux_bbox=0.0000 | aux_ce=0.0000 | mask=474 | aux_mask=711 | pos=102 | targets=102 | preds=309 | centerness=[-6.212, 1.442] | train_seen=100
2026-05-26 04:30:58 | INFO | Epoch 7 | batch 100/1829 | loss=1.5225 | giou=0.5568 | bbox=0.1545 | ce=0.0591 | aux_giou=0.0549 | aux_bbox=0.0175 | aux_ce=0.0045 | mask=723 | aux_mask=1477 | pos=135 | targets=135 | preds=293 | centerness=[-5.043, 0.604] | train_seen=200
2026-05-26 04:32:44 | INFO | Epoch 7 | batch 150/1829 | loss=1.3606 | giou=0.5421 | bbox=0.1030 | ce=0.0867 | aux_giou=0.0000 | aux_bbox=0.0000 | aux_ce=0.0000 | mask=874 | aux_mask=1138 | pos=560 | targets=560 | preds=580 | centerness=[-5.116, 0.354] | train_seen=300
2026-05-26 04:34:30 | INFO | Epoch 7 | batch 200/1829 | loss=0.8558 | giou=0.3616 | bbox=0.0317 | ce=0.0505 | aux_giou=0.0000 | aux_bbox=0.0000 | aux_ce=0.0000 | mask=746 | aux_mask=1065 | pos=143 | targets=143 | preds=464 | centerness=[-3.924, 0.346] | train_seen=400
2026-05-26 04:36:16 | INFO | Epoch 7 | batch 250/1829 | loss=0.8927 | giou=0.3685 | bbox=0.0465 | ce=0.0546 | aux_giou=0.0000 | aux_bbox=0.0000 | aux_ce=0.0000 | mask=967 | aux_mask=1448 | pos=208 | targets=208 | preds=684 | centerness=[-6.007, 0.793] | train_seen=500
2026-05-26 04:38:02 | INFO | Epoch 7 | batch 300/1829 | loss=0.8920 | giou=0.3800 | bbox=0.0685 | ce=0.0318 | aux_giou=0.0000 | aux_bbox=0.0000 | aux_ce=0.0000 | mask=758 | aux_mask=1003 | pos=100 | targets=100 | preds=357 | centerness=[-6.813, 0.706] | train_seen=600
2026-05-26 04:39:48 | INFO | Epoch 7 | batch 350/1829 | loss=0.8058 | giou=0.3528 | bbox=0.0572 | ce=0.0215 | aux_giou=0.0000 | aux_bbox=0.0000 | aux_ce=0.0000 | mask=453 | aux_mask=720 | pos=36 | targets=36 | preds=91 | centerness=[-8.449, 0.704] | train_seen=700
2026-05-26 04:41:35 | INFO | Epoch 7 | batch 400/1829 | loss=0.9451 | giou=0.4228 | bbox=0.0264 | ce=0.0366 | aux_giou=0.0000 | aux_bbox=0.0000 | aux_ce=0.0000 | mask=1043 | aux_mask=1399 | pos=204 | targets=204 | preds=286 | centerness=[-4.552, 0.544] | train_seen=800
2026-05-26 04:43:21 | INFO | Epoch 7 | batch 450/1829 | loss=1.1121 | giou=0.4814 | bbox=0.0479 | ce=0.0507 | aux_giou=0.0000 | aux_bbox=0.0000 | aux_ce=0.0000 | mask=699 | aux_mask=1010 | pos=131 | targets=131 | preds=617 | centerness=[-3.415, 0.873] | train_seen=900
2026-05-26 04:45:07 | INFO | Epoch 7 | batch 500/1829 | loss=0.8649 | giou=0.3854 | bbox=0.0350 | ce=0.0296 | aux_giou=0.0000 | aux_bbox=0.0000 | aux_ce=0.0000 | mask=750 | aux_mask=979 | pos=176 | targets=176 | preds=423 | centerness=[-4.356, 1.003] | train_seen=1000
2026-05-26 04:46:53 | INFO | Epoch 7 | batch 550/1829 | loss=1.3375 | giou=0.5722 | bbox=0.0518 | ce=0.0706 | aux_giou=0.0000 | aux_bbox=0.0000 | aux_ce=0.0000 | mask=1490 | aux_mask=1355 | pos=505 | targets=505 | preds=1094 | centerness=[-2.148, 0.761] | train_seen=1100
2026-05-26 04:48:39 | INFO | Epoch 7 | batch 600/1829 | loss=1.2841 | giou=0.5738 | bbox=0.0490 | ce=0.0437 | aux_giou=0.0000 | aux_bbox=0.0000 | aux_ce=0.0000 | mask=773 | aux_mask=824 | pos=62 | targets=62 | preds=631 | centerness=[-3.238, 0.570] | train_seen=1200
2026-05-26 04:50:25 | INFO | Epoch 7 | batch 650/1829 | loss=1.1493 | giou=0.4994 | bbox=0.0358 | ce=0.0574 | aux_giou=0.0000 | aux_bbox=0.0000 | aux_ce=0.0000 | mask=1256 | aux_mask=1301 | pos=515 | targets=515 | preds=833 | centerness=[-2.980, 1.078] | train_seen=1300
2026-05-26 04:52:11 | INFO | Epoch 7 | batch 700/1829 | loss=1.2406 | giou=0.5324 | bbox=0.0562 | ce=0.0598 | aux_giou=0.0000 | aux_bbox=0.0000 | aux_ce=0.0000 | mask=968 | aux_mask=1120 | pos=200 | targets=200 | preds=664 | centerness=[-4.936, 0.354] | train_seen=1400
2026-05-26 04:53:58 | INFO | Epoch 7 | batch 750/1829 | loss=0.8612 | giou=0.3812 | bbox=0.0228 | ce=0.0380 | aux_giou=0.0000 | aux_bbox=0.0000 | aux_ce=0.0000 | mask=714 | aux_mask=996 | pos=149 | targets=149 | preds=401 | centerness=[-3.937, 0.969] | train_seen=1500
2026-05-26 04:55:44 | INFO | Epoch 7 | batch 800/1829 | loss=1.1190 | giou=0.4398 | bbox=0.0505 | ce=0.0474 | aux_giou=0.0411 | aux_bbox=0.0025 | aux_ce=0.0048 | mask=1160 | aux_mask=1470 | pos=408 | targets=408 | preds=759 | centerness=[-4.188, 1.398] | train_seen=1600
2026-05-26 04:57:30 | INFO | Epoch 7 | batch 850/1829 | loss=1.0993 | giou=0.4680 | bbox=0.0900 | ce=0.0366 | aux_giou=0.0000 | aux_bbox=0.0000 | aux_ce=0.0000 | mask=604 | aux_mask=1185 | pos=55 | targets=55 | preds=266 | centerness=[-6.587, 0.511] | train_seen=1700
2026-05-26 04:59:16 | INFO | Epoch 7 | batch 900/1829 | loss=1.2415 | giou=0.5005 | bbox=0.0412 | ce=0.0521 | aux_giou=0.0423 | aux_bbox=0.0021 | aux_ce=0.0041 | mask=1068 | aux_mask=1304 | pos=274 | targets=274 | preds=755 | centerness=[-5.483, 0.367] | train_seen=1800
2026-05-26 05:01:02 | INFO | Epoch 7 | batch 950/1829 | loss=1.1047 | giou=0.4487 | bbox=0.1210 | ce=0.0432 | aux_giou=0.0000 | aux_bbox=0.0000 | aux_ce=0.0000 | mask=419 | aux_mask=960 | pos=66 | targets=66 | preds=132 | centerness=[-8.702, 0.570] | train_seen=1900
2026-05-26 05:02:48 | INFO | Epoch 7 | batch 1000/1829 | loss=0.8806 | giou=0.4043 | bbox=0.0341 | ce=0.0190 | aux_giou=0.0000 | aux_bbox=0.0000 | aux_ce=0.0000 | mask=601 | aux_mask=740 | pos=30 | targets=30 | preds=276 | centerness=[-6.419, 0.305] | train_seen=2000
2026-05-26 05:04:34 | INFO | Epoch 7 | batch 1050/1829 | loss=0.9458 | giou=0.3873 | bbox=0.1050 | ce=0.0330 | aux_giou=0.0000 | aux_bbox=0.0000 | aux_ce=0.0000 | mask=908 | aux_mask=1352 | pos=76 | targets=76 | preds=346 | centerness=[-5.663, 0.004] | train_seen=2100
2026-05-26 05:06:20 | INFO | Epoch 7 | batch 1100/1829 | loss=0.8549 | giou=0.3569 | bbox=0.0623 | ce=0.0394 | aux_giou=0.0000 | aux_bbox=0.0000 | aux_ce=0.0000 | mask=378 | aux_mask=702 | pos=79 | targets=79 | preds=178 | centerness=[-6.424, 0.533] | train_seen=2200
2026-05-26 05:08:07 | INFO | Epoch 7 | batch 1150/1829 | loss=1.4653 | giou=0.6254 | bbox=0.0738 | ce=0.0704 | aux_giou=0.0000 | aux_bbox=0.0000 | aux_ce=0.0000 | mask=732 | aux_mask=1018 | pos=142 | targets=142 | preds=571 | centerness=[-4.953, 0.356] | train_seen=2300
2026-05-26 05:09:53 | INFO | Epoch 7 | batch 1200/1829 | loss=1.1254 | giou=0.4750 | bbox=0.0754 | ce=0.0500 | aux_giou=0.0000 | aux_bbox=0.0000 | aux_ce=0.0000 | mask=760 | aux_mask=1057 | pos=205 | targets=205 | preds=391 | centerness=[-4.340, 1.058] | train_seen=2400
2026-05-26 05:11:39 | INFO | Epoch 7 | batch 1250/1829 | loss=1.2726 | giou=0.4967 | bbox=0.0309 | ce=0.0566 | aux_giou=0.0601 | aux_bbox=0.0057 | aux_ce=0.0046 | mask=1025 | aux_mask=1087 | pos=304 | targets=304 | preds=634 | centerness=[-4.456, 1.652] | train_seen=2500
2026-05-26 05:13:25 | INFO | Epoch 7 | batch 1300/1829 | loss=1.0543 | giou=0.4377 | bbox=0.1084 | ce=0.0353 | aux_giou=0.0000 | aux_bbox=0.0000 | aux_ce=0.0000 | mask=835 | aux_mask=1416 | pos=80 | targets=80 | preds=291 | centerness=[-4.547, 0.217] | train_seen=2600
2026-05-26 05:15:11 | INFO | Epoch 7 | batch 1350/1829 | loss=1.0660 | giou=0.4658 | bbox=0.0316 | ce=0.0179 | aux_giou=0.0322 | aux_bbox=0.0012 | aux_ce=0.0007 | mask=851 | aux_mask=1074 | pos=37 | targets=37 | preds=207 | centerness=[-6.478, 1.287] | train_seen=2700
2026-05-26 05:16:57 | INFO | Epoch 7 | batch 1400/1829 | loss=1.1926 | giou=0.4727 | bbox=0.0425 | ce=0.0550 | aux_giou=0.0442 | aux_bbox=0.0021 | aux_ce=0.0022 | mask=849 | aux_mask=966 | pos=281 | targets=281 | preds=471 | centerness=[-3.779, 1.733] | train_seen=2800
2026-05-26 05:18:43 | INFO | Epoch 7 | batch 1450/1829 | loss=0.8809 | giou=0.3816 | bbox=0.0384 | ce=0.0397 | aux_giou=0.0000 | aux_bbox=0.0000 | aux_ce=0.0000 | mask=755 | aux_mask=976 | pos=73 | targets=73 | preds=515 | centerness=[-6.586, 0.441] | train_seen=2900
2026-05-26 05:20:29 | INFO | Epoch 7 | batch 1500/1829 | loss=1.0481 | giou=0.4590 | bbox=0.0347 | ce=0.0476 | aux_giou=0.0000 | aux_bbox=0.0000 | aux_ce=0.0000 | mask=1188 | aux_mask=1121 | pos=496 | targets=496 | preds=911 | centerness=[-3.621, 0.472] | train_seen=3000
2026-05-26 05:22:15 | INFO | Epoch 7 | batch 1550/1829 | loss=0.8265 | giou=0.3605 | bbox=0.0376 | ce=0.0339 | aux_giou=0.0000 | aux_bbox=0.0000 | aux_ce=0.0000 | mask=1238 | aux_mask=1261 | pos=132 | targets=132 | preds=767 | centerness=[-5.702, 0.547] | train_seen=3100
2026-05-26 05:24:01 | INFO | Epoch 7 | batch 1600/1829 | loss=0.9896 | giou=0.4296 | bbox=0.0503 | ce=0.0400 | aux_giou=0.0000 | aux_bbox=0.0000 | aux_ce=0.0000 | mask=848 | aux_mask=935 | pos=98 | targets=98 | preds=359 | centerness=[-3.934, 0.353] | train_seen=3200
2026-05-26 05:25:48 | INFO | Epoch 7 | batch 1650/1829 | loss=0.7623 | giou=0.3218 | bbox=0.0483 | ce=0.0352 | aux_giou=0.0000 | aux_bbox=0.0000 | aux_ce=0.0000 | mask=815 | aux_mask=1219 | pos=98 | targets=98 | preds=376 | centerness=[-4.096, 0.549] | train_seen=3300
2026-05-26 05:27:34 | INFO | Epoch 7 | batch 1700/1829 | loss=1.0250 | giou=0.4293 | bbox=0.0945 | ce=0.0359 | aux_giou=0.0000 | aux_bbox=0.0000 | aux_ce=0.0000 | mask=716 | aux_mask=1033 | pos=71 | targets=71 | preds=320 | centerness=[-5.442, 0.462] | train_seen=3400
2026-05-26 05:29:20 | INFO | Epoch 7 | batch 1750/1829 | loss=0.5964 | giou=0.2553 | bbox=0.0424 | ce=0.0217 | aux_giou=0.0000 | aux_bbox=0.0000 | aux_ce=0.0000 | mask=633 | aux_mask=596 | pos=49 | targets=49 | preds=362 | centerness=[-5.327, -0.140] | train_seen=3500
2026-05-26 05:31:06 | INFO | Epoch 7 | batch 1800/1829 | loss=1.1071 | giou=0.4968 | bbox=0.0540 | ce=0.0298 | aux_giou=0.0000 | aux_bbox=0.0000 | aux_ce=0.0000 | mask=900 | aux_mask=1432 | pos=120 | targets=120 | preds=308 | centerness=[-4.100, 0.639] | train_seen=3600
2026-05-26 05:51:40 | INFO | Epoch 7 | train_loss=1.114 | val_loss=1.137 | train_mae=180.536 | val_mae=60.747 | val_rmse=98.13 | test_mae=67.861 | test_rmse=133.50 | time=5052.288s | best_rmse
2026-05-26 05:53:27 | INFO | Epoch 8 | batch 50/1829 | loss=1.0822 | giou=0.4684 | bbox=0.1000 | ce=0.0227 | aux_giou=0.0000 | aux_bbox=0.0000 | aux_ce=0.0000 | mask=720 | aux_mask=1050 | pos=31 | targets=31 | preds=288 | centerness=[-4.844, -0.056] | train_seen=100
2026-05-26 05:55:13 | INFO | Epoch 8 | batch 100/1829 | loss=1.2510 | giou=0.5172 | bbox=0.0267 | ce=0.0427 | aux_giou=0.0484 | aux_bbox=0.0023 | aux_ce=0.0027 | mask=2056 | aux_mask=1896 | pos=376 | targets=376 | preds=1889 | centerness=[-3.129, 1.178] | train_seen=200
2026-05-26 05:56:59 | INFO | Epoch 8 | batch 150/1829 | loss=1.3502 | giou=0.5930 | bbox=0.0425 | ce=0.0609 | aux_giou=0.0000 | aux_bbox=0.0000 | aux_ce=0.0000 | mask=1816 | aux_mask=1624 | pos=368 | targets=368 | preds=1536 | centerness=[-2.642, 0.982] | train_seen=300
2026-05-26 05:58:45 | INFO | Epoch 8 | batch 200/1829 | loss=0.7674 | giou=0.3440 | bbox=0.0419 | ce=0.0188 | aux_giou=0.0000 | aux_bbox=0.0000 | aux_ce=0.0000 | mask=610 | aux_mask=935 | pos=38 | targets=38 | preds=145 | centerness=[-4.373, 0.885] | train_seen=400
2026-05-26 06:00:32 | INFO | Epoch 8 | batch 250/1829 | loss=1.4175 | giou=0.5451 | bbox=0.0544 | ce=0.0647 | aux_giou=0.0592 | aux_bbox=0.0053 | aux_ce=0.0099 | mask=1249 | aux_mask=1486 | pos=556 | targets=556 | preds=1091 | centerness=[-3.603, 0.725] | train_seen=500
2026-05-26 06:02:18 | INFO | Epoch 8 | batch 300/1829 | loss=1.5811 | giou=0.6233 | bbox=0.0574 | ce=0.0845 | aux_giou=0.0441 | aux_bbox=0.0038 | aux_ce=0.0080 | mask=1261 | aux_mask=1733 | pos=350 | targets=350 | preds=784 | centerness=[-3.354, 0.456] | train_seen=600
2026-05-26 06:04:04 | INFO | Epoch 8 | batch 350/1829 | loss=1.1085 | giou=0.4579 | bbox=0.0254 | ce=0.0203 | aux_giou=0.0574 | aux_bbox=0.0018 | aux_ce=0.0051 | mask=922 | aux_mask=1016 | pos=85 | targets=85 | preds=312 | centerness=[-3.962, 1.095] | train_seen=700
2026-05-26 06:05:50 | INFO | Epoch 8 | batch 400/1829 | loss=0.6523 | giou=0.2701 | bbox=0.0646 | ce=0.0238 | aux_giou=0.0000 | aux_bbox=0.0000 | aux_ce=0.0000 | mask=490 | aux_mask=1010 | pos=45 | targets=45 | preds=109 | centerness=[-6.172, 0.963] | train_seen=800
2026-05-26 06:07:37 | INFO | Epoch 8 | batch 450/1829 | loss=0.7995 | giou=0.3304 | bbox=0.0647 | ce=0.0370 | aux_giou=0.0000 | aux_bbox=0.0000 | aux_ce=0.0000 | mask=465 | aux_mask=748 | pos=43 | targets=43 | preds=137 | centerness=[-5.978, 0.145] | train_seen=900
2026-05-26 06:09:23 | INFO | Epoch 8 | batch 500/1829 | loss=1.3894 | giou=0.5194 | bbox=0.0542 | ce=0.0684 | aux_giou=0.0715 | aux_bbox=0.0038 | aux_ce=0.0064 | mask=880 | aux_mask=1038 | pos=288 | targets=288 | preds=660 | centerness=[-5.631, 0.570] | train_seen=1000
2026-05-26 06:11:09 | INFO | Epoch 8 | batch 550/1829 | loss=0.7669 | giou=0.3345 | bbox=0.0660 | ce=0.0159 | aux_giou=0.0000 | aux_bbox=0.0000 | aux_ce=0.0000 | mask=572 | aux_mask=892 | pos=25 | targets=25 | preds=102 | centerness=[-5.917, 0.430] | train_seen=1100
2026-05-26 06:12:55 | INFO | Epoch 8 | batch 600/1829 | loss=0.6322 | giou=0.2744 | bbox=0.0364 | ce=0.0235 | aux_giou=0.0000 | aux_bbox=0.0000 | aux_ce=0.0000 | mask=561 | aux_mask=910 | pos=54 | targets=54 | preds=164 | centerness=[-4.433, 0.598] | train_seen=1200
2026-05-26 06:14:42 | INFO | Epoch 8 | batch 650/1829 | loss=0.9686 | giou=0.4123 | bbox=0.0694 | ce=0.0373 | aux_giou=0.0000 | aux_bbox=0.0000 | aux_ce=0.0000 | mask=715 | aux_mask=1000 | pos=111 | targets=111 | preds=275 | centerness=[-6.095, 0.962] | train_seen=1300
2026-05-26 06:16:28 | INFO | Epoch 8 | batch 700/1829 | loss=0.9432 | giou=0.3792 | bbox=0.0545 | ce=0.0279 | aux_giou=0.0345 | aux_bbox=0.0024 | aux_ce=0.0016 | mask=855 | aux_mask=1020 | pos=21 | targets=21 | preds=496 | centerness=[-5.976, 0.269] | train_seen=1400
2026-05-26 06:18:14 | INFO | Epoch 8 | batch 750/1829 | loss=0.9849 | giou=0.4123 | bbox=0.0551 | ce=0.0527 | aux_giou=0.0000 | aux_bbox=0.0000 | aux_ce=0.0000 | mask=997 | aux_mask=1087 | pos=186 | targets=186 | preds=550 | centerness=[-5.517, 1.054] | train_seen=1500
2026-05-26 06:20:00 | INFO | Epoch 8 | batch 800/1829 | loss=1.0739 | giou=0.4942 | bbox=0.0574 | ce=0.0141 | aux_giou=0.0000 | aux_bbox=0.0000 | aux_ce=0.0000 | mask=975 | aux_mask=1228 | pos=43 | targets=43 | preds=163 | centerness=[-4.354, 0.855] | train_seen=1600
2026-05-26 06:21:46 | INFO | Epoch 8 | batch 850/1829 | loss=1.0163 | giou=0.4408 | bbox=0.0523 | ce=0.0412 | aux_giou=0.0000 | aux_bbox=0.0000 | aux_ce=0.0000 | mask=965 | aux_mask=1037 | pos=138 | targets=138 | preds=513 | centerness=[-3.856, -0.126] | train_seen=1700
2026-05-26 06:23:32 | INFO | Epoch 8 | batch 900/1829 | loss=1.0200 | giou=0.4455 | bbox=0.0538 | ce=0.0376 | aux_giou=0.0000 | aux_bbox=0.0000 | aux_ce=0.0000 | mask=819 | aux_mask=1127 | pos=221 | targets=221 | preds=600 | centerness=[-6.590, 0.501] | train_seen=1800
2026-05-26 06:25:18 | INFO | Epoch 8 | batch 950/1829 | loss=0.8848 | giou=0.3819 | bbox=0.0547 | ce=0.0331 | aux_giou=0.0000 | aux_bbox=0.0000 | aux_ce=0.0000 | mask=805 | aux_mask=985 | pos=120 | targets=120 | preds=326 | centerness=[-5.123, 0.979] | train_seen=1900
2026-05-26 06:27:04 | INFO | Epoch 8 | batch 1000/1829 | loss=1.2963 | giou=0.5287 | bbox=0.1497 | ce=0.0446 | aux_giou=0.0000 | aux_bbox=0.0000 | aux_ce=0.0000 | mask=619 | aux_mask=1267 | pos=67 | targets=67 | preds=306 | centerness=[-3.648, 0.043] | train_seen=2000
2026-05-26 06:28:50 | INFO | Epoch 8 | batch 1050/1829 | loss=0.8564 | giou=0.3641 | bbox=0.0456 | ce=0.0413 | aux_giou=0.0000 | aux_bbox=0.0000 | aux_ce=0.0000 | mask=863 | aux_mask=1246 | pos=87 | targets=87 | preds=631 | centerness=[-4.822, 0.640] | train_seen=2100
2026-05-26 06:30:36 | INFO | Epoch 8 | batch 1100/1829 | loss=1.3197 | giou=0.5165 | bbox=0.0287 | ce=0.0785 | aux_giou=0.0476 | aux_bbox=0.0022 | aux_ce=0.0018 | mask=989 | aux_mask=1515 | pos=297 | targets=297 | preds=399 | centerness=[-4.868, 1.167] | train_seen=2200
2026-05-26 06:32:23 | INFO | Epoch 8 | batch 1150/1829 | loss=0.7004 | giou=0.3104 | bbox=0.0464 | ce=0.0167 | aux_giou=0.0000 | aux_bbox=0.0000 | aux_ce=0.0000 | mask=700 | aux_mask=1140 | pos=20 | targets=20 | preds=139 | centerness=[-5.399, 1.256] | train_seen=2300
2026-05-26 06:34:09 | INFO | Epoch 8 | batch 1200/1829 | loss=0.6305 | giou=0.2705 | bbox=0.0279 | ce=0.0308 | aux_giou=0.0000 | aux_bbox=0.0000 | aux_ce=0.0000 | mask=674 | aux_mask=802 | pos=144 | targets=144 | preds=317 | centerness=[-3.964, 1.548] | train_seen=2400
2026-05-26 06:35:55 | INFO | Epoch 8 | batch 1250/1829 | loss=1.0626 | giou=0.4424 | bbox=0.0468 | ce=0.0655 | aux_giou=0.0000 | aux_bbox=0.0000 | aux_ce=0.0000 | mask=962 | aux_mask=1538 | pos=172 | targets=172 | preds=737 | centerness=[-3.661, 1.279] | train_seen=2500
2026-05-26 06:37:41 | INFO | Epoch 8 | batch 1300/1829 | loss=1.0065 | giou=0.4452 | bbox=0.0777 | ce=0.0192 | aux_giou=0.0000 | aux_bbox=0.0000 | aux_ce=0.0000 | mask=846 | aux_mask=852 | pos=19 | targets=19 | preds=284 | centerness=[-5.027, 0.472] | train_seen=2600
2026-05-26 06:39:27 | INFO | Epoch 8 | batch 1350/1829 | loss=0.9720 | giou=0.4251 | bbox=0.0380 | ce=0.0419 | aux_giou=0.0000 | aux_bbox=0.0000 | aux_ce=0.0000 | mask=854 | aux_mask=1099 | pos=174 | targets=174 | preds=315 | centerness=[-4.587, 0.990] | train_seen=2700
2026-05-26 06:41:13 | INFO | Epoch 8 | batch 1400/1829 | loss=1.9584 | giou=0.8216 | bbox=0.0394 | ce=0.0293 | aux_giou=0.1015 | aux_bbox=0.0050 | aux_ce=0.0046 | mask=930 | aux_mask=1285 | pos=156 | targets=156 | preds=254 | centerness=[-4.457, 1.069] | train_seen=2800
2026-05-26 06:43:00 | INFO | Epoch 8 | batch 1450/1829 | loss=1.3259 | giou=0.5337 | bbox=0.0494 | ce=0.0458 | aux_giou=0.0511 | aux_bbox=0.0095 | aux_ce=0.0029 | mask=1266 | aux_mask=1286 | pos=131 | targets=131 | preds=780 | centerness=[-3.451, 0.127] | train_seen=2900
2026-05-26 06:44:46 | INFO | Epoch 8 | batch 1500/1829 | loss=0.9179 | giou=0.3897 | bbox=0.0450 | ce=0.0467 | aux_giou=0.0000 | aux_bbox=0.0000 | aux_ce=0.0000 | mask=818 | aux_mask=1102 | pos=138 | targets=138 | preds=541 | centerness=[-4.362, 1.162] | train_seen=3000
2026-05-26 06:46:32 | INFO | Epoch 8 | batch 1550/1829 | loss=1.1005 | giou=0.4814 | bbox=0.0618 | ce=0.0380 | aux_giou=0.0000 | aux_bbox=0.0000 | aux_ce=0.0000 | mask=577 | aux_mask=788 | pos=98 | targets=98 | preds=265 | centerness=[-5.112, 1.034] | train_seen=3100
2026-05-26 06:48:18 | INFO | Epoch 8 | batch 1600/1829 | loss=0.6755 | giou=0.2822 | bbox=0.0369 | ce=0.0371 | aux_giou=0.0000 | aux_bbox=0.0000 | aux_ce=0.0000 | mask=765 | aux_mask=972 | pos=118 | targets=118 | preds=441 | centerness=[-5.016, 1.093] | train_seen=3200
2026-05-26 06:50:04 | INFO | Epoch 8 | batch 1650/1829 | loss=1.1300 | giou=0.5164 | bbox=0.0359 | ce=0.0306 | aux_giou=0.0000 | aux_bbox=0.0000 | aux_ce=0.0000 | mask=1044 | aux_mask=1284 | pos=223 | targets=223 | preds=473 | centerness=[-4.194, 1.118] | train_seen=3300
2026-05-26 06:51:51 | INFO | Epoch 8 | batch 1700/1829 | loss=1.4616 | giou=0.5789 | bbox=0.0677 | ce=0.0546 | aux_giou=0.0548 | aux_bbox=0.0045 | aux_ce=0.0064 | mask=1256 | aux_mask=1457 | pos=396 | targets=396 | preds=772 | centerness=[-4.400, 1.541] | train_seen=3400
2026-05-26 06:53:37 | INFO | Epoch 8 | batch 1750/1829 | loss=0.7124 | giou=0.3139 | bbox=0.0341 | ce=0.0252 | aux_giou=0.0000 | aux_bbox=0.0000 | aux_ce=0.0000 | mask=1195 | aux_mask=1668 | pos=128 | targets=128 | preds=317 | centerness=[-3.431, 1.091] | train_seen=3500
2026-05-26 06:55:23 | INFO | Epoch 8 | batch 1800/1829 | loss=0.7195 | giou=0.3141 | bbox=0.0569 | ce=0.0173 | aux_giou=0.0000 | aux_bbox=0.0000 | aux_ce=0.0000 | mask=1224 | aux_mask=1536 | pos=44 | targets=44 | preds=367 | centerness=[-4.381, -0.111] | train_seen=3600
2026-05-26 07:15:57 | INFO | Epoch 8 | train_loss=1.075 | val_loss=1.155 | train_mae=180.897 | val_mae=62.247 | val_rmse=97.46 | test_mae=68.147 | test_rmse=134.71 | time=5054.406s | best_rmse
2026-05-26 07:17:44 | INFO | Epoch 9 | batch 50/1829 | loss=0.9343 | giou=0.3840 | bbox=0.0204 | ce=0.0279 | aux_giou=0.0404 | aux_bbox=0.0021 | aux_ce=0.0036 | mask=900 | aux_mask=1075 | pos=94 | targets=94 | preds=273 | centerness=[-4.187, 1.844] | train_seen=100
2026-05-26 07:19:30 | INFO | Epoch 9 | batch 100/1829 | loss=1.5629 | giou=0.6187 | bbox=0.0368 | ce=0.0787 | aux_giou=0.0581 | aux_bbox=0.0031 | aux_ce=0.0059 | mask=1647 | aux_mask=1626 | pos=860 | targets=860 | preds=1417 | centerness=[-3.169, 0.967] | train_seen=200
2026-05-26 07:21:16 | INFO | Epoch 9 | batch 150/1829 | loss=1.2057 | giou=0.5145 | bbox=0.0493 | ce=0.0637 | aux_giou=0.0000 | aux_bbox=0.0000 | aux_ce=0.0000 | mask=1213 | aux_mask=1324 | pos=272 | targets=272 | preds=950 | centerness=[-3.583, 1.073] | train_seen=300
2026-05-26 07:23:02 | INFO | Epoch 9 | batch 200/1829 | loss=1.0187 | giou=0.4174 | bbox=0.0408 | ce=0.0716 | aux_giou=0.0000 | aux_bbox=0.0000 | aux_ce=0.0000 | mask=777 | aux_mask=1164 | pos=333 | targets=333 | preds=374 | centerness=[-5.970, 0.453] | train_seen=400
2026-05-26 07:24:48 | INFO | Epoch 9 | batch 250/1829 | loss=0.8412 | giou=0.3420 | bbox=0.1390 | ce=0.0091 | aux_giou=0.0000 | aux_bbox=0.0000 | aux_ce=0.0000 | mask=810 | aux_mask=1278 | pos=16 | targets=16 | preds=210 | centerness=[-5.177, -0.384] | train_seen=500
2026-05-26 07:26:35 | INFO | Epoch 9 | batch 300/1829 | loss=1.0711 | giou=0.4489 | bbox=0.0479 | ce=0.0174 | aux_giou=0.0421 | aux_bbox=0.0021 | aux_ce=0.0021 | mask=844 | aux_mask=1065 | pos=80 | targets=80 | preds=199 | centerness=[-5.490, 0.827] | train_seen=600
2026-05-26 07:28:21 | INFO | Epoch 9 | batch 350/1829 | loss=1.0565 | giou=0.4701 | bbox=0.0576 | ce=0.0294 | aux_giou=0.0000 | aux_bbox=0.0000 | aux_ce=0.0000 | mask=830 | aux_mask=1064 | pos=67 | targets=67 | preds=220 | centerness=[-4.705, 1.273] | train_seen=700
2026-05-26 07:30:07 | INFO | Epoch 9 | batch 400/1829 | loss=1.0931 | giou=0.4548 | bbox=0.1459 | ce=0.0188 | aux_giou=0.0000 | aux_bbox=0.0000 | aux_ce=0.0000 | mask=816 | aux_mask=960 | pos=67 | targets=67 | preds=156 | centerness=[-3.149, 1.131] | train_seen=800
2026-05-26 07:31:53 | INFO | Epoch 9 | batch 450/1829 | loss=0.8349 | giou=0.3634 | bbox=0.0461 | ce=0.0311 | aux_giou=0.0000 | aux_bbox=0.0000 | aux_ce=0.0000 | mask=953 | aux_mask=1349 | pos=127 | targets=127 | preds=305 | centerness=[-7.443, 0.827] | train_seen=900
2026-05-26 07:33:39 | INFO | Epoch 9 | batch 500/1829 | loss=0.9894 | giou=0.4273 | bbox=0.0345 | ce=0.0501 | aux_giou=0.0000 | aux_bbox=0.0000 | aux_ce=0.0000 | mask=925 | aux_mask=1033 | pos=230 | targets=230 | preds=461 | centerness=[-5.955, 1.161] | train_seen=1000
2026-05-26 07:35:25 | INFO | Epoch 9 | batch 550/1829 | loss=1.3366 | giou=0.5357 | bbox=0.0352 | ce=0.0441 | aux_giou=0.0625 | aux_bbox=0.0048 | aux_ce=0.0059 | mask=1780 | aux_mask=1547 | pos=437 | targets=437 | preds=1355 | centerness=[-5.715, 0.857] | train_seen=1100
2026-05-26 07:37:11 | INFO | Epoch 9 | batch 600/1829 | loss=0.9765 | giou=0.4351 | bbox=0.0303 | ce=0.0380 | aux_giou=0.0000 | aux_bbox=0.0000 | aux_ce=0.0000 | mask=1172 | aux_mask=940 | pos=173 | targets=173 | preds=608 | centerness=[-3.174, 1.117] | train_seen=1200
2026-05-26 07:38:58 | INFO | Epoch 9 | batch 650/1829 | loss=1.2456 | giou=0.5611 | bbox=0.0378 | ce=0.0428 | aux_giou=0.0000 | aux_bbox=0.0000 | aux_ce=0.0000 | mask=1294 | aux_mask=1384 | pos=159 | targets=159 | preds=405 | centerness=[-5.253, 0.506] | train_seen=1300
2026-05-26 07:40:44 | INFO | Epoch 9 | batch 700/1829 | loss=1.1687 | giou=0.4994 | bbox=0.0431 | ce=0.0634 | aux_giou=0.0000 | aux_bbox=0.0000 | aux_ce=0.0000 | mask=1442 | aux_mask=1287 | pos=450 | targets=450 | preds=1035 | centerness=[-3.324, 0.679] | train_seen=1400
2026-05-26 07:42:30 | INFO | Epoch 9 | batch 750/1829 | loss=0.7723 | giou=0.3233 | bbox=0.0312 | ce=0.0472 | aux_giou=0.0000 | aux_bbox=0.0000 | aux_ce=0.0000 | mask=1476 | aux_mask=1432 | pos=260 | targets=260 | preds=915 | centerness=[-4.340, 1.052] | train_seen=1500
2026-05-26 07:44:16 | INFO | Epoch 9 | batch 800/1829 | loss=0.8353 | giou=0.3616 | bbox=0.0496 | ce=0.0312 | aux_giou=0.0000 | aux_bbox=0.0000 | aux_ce=0.0000 | mask=744 | aux_mask=1039 | pos=155 | targets=155 | preds=314 | centerness=[-6.071, 1.266] | train_seen=1600
2026-05-26 07:46:02 | INFO | Epoch 9 | batch 850/1829 | loss=1.1668 | giou=0.4970 | bbox=0.0479 | ce=0.0625 | aux_giou=0.0000 | aux_bbox=0.0000 | aux_ce=0.0000 | mask=783 | aux_mask=982 | pos=288 | targets=288 | preds=449 | centerness=[-9.018, 1.868] | train_seen=1700
2026-05-26 07:47:48 | INFO | Epoch 9 | batch 900/1829 | loss=0.8785 | giou=0.3396 | bbox=0.1112 | ce=0.0441 | aux_giou=0.0000 | aux_bbox=0.0000 | aux_ce=0.0000 | mask=674 | aux_mask=2738 | pos=66 | targets=66 | preds=215 | centerness=[-7.949, -0.312] | train_seen=1800
2026-05-26 07:49:34 | INFO | Epoch 9 | batch 950/1829 | loss=1.0240 | giou=0.4687 | bbox=0.0451 | ce=0.0207 | aux_giou=0.0000 | aux_bbox=0.0000 | aux_ce=0.0000 | mask=668 | aux_mask=998 | pos=64 | targets=64 | preds=205 | centerness=[-7.198, 1.067] | train_seen=1900
2026-05-26 07:51:20 | INFO | Epoch 9 | batch 1000/1829 | loss=1.3248 | giou=0.5320 | bbox=0.0397 | ce=0.0514 | aux_giou=0.0527 | aux_bbox=0.0048 | aux_ce=0.0040 | mask=1161 | aux_mask=1388 | pos=344 | targets=344 | preds=630 | centerness=[-5.624, 1.763] | train_seen=2000
2026-05-26 07:53:06 | INFO | Epoch 9 | batch 1050/1829 | loss=0.8565 | giou=0.3572 | bbox=0.1096 | ce=0.0163 | aux_giou=0.0000 | aux_bbox=0.0000 | aux_ce=0.0000 | mask=803 | aux_mask=1106 | pos=22 | targets=22 | preds=185 | centerness=[-6.112, -0.359] | train_seen=2100
2026-05-26 07:54:52 | INFO | Epoch 9 | batch 1100/1829 | loss=1.1987 | giou=0.5030 | bbox=0.0301 | ce=0.0246 | aux_giou=0.0528 | aux_bbox=0.0055 | aux_ce=0.0011 | mask=1720 | aux_mask=1827 | pos=114 | targets=114 | preds=1004 | centerness=[-4.813, 1.052] | train_seen=2200
2026-05-26 07:56:39 | INFO | Epoch 9 | batch 1150/1829 | loss=1.4045 | giou=0.5717 | bbox=0.0492 | ce=0.0170 | aux_giou=0.0823 | aux_bbox=0.0077 | aux_ce=0.0028 | mask=1213 | aux_mask=1644 | pos=48 | targets=48 | preds=467 | centerness=[-5.774, -0.328] | train_seen=2300
2026-05-26 07:58:25 | INFO | Epoch 9 | batch 1200/1829 | loss=1.3211 | giou=0.5855 | bbox=0.0534 | ce=0.0483 | aux_giou=0.0000 | aux_bbox=0.0000 | aux_ce=0.0000 | mask=807 | aux_mask=1104 | pos=147 | targets=147 | preds=219 | centerness=[-5.638, 0.312] | train_seen=2400
2026-05-26 08:00:11 | INFO | Epoch 9 | batch 1250/1829 | loss=1.1461 | giou=0.4723 | bbox=0.1480 | ce=0.0267 | aux_giou=0.0000 | aux_bbox=0.0000 | aux_ce=0.0000 | mask=681 | aux_mask=977 | pos=43 | targets=43 | preds=76 | centerness=[-6.826, 0.588] | train_seen=2500
2026-05-26 08:01:57 | INFO | Epoch 9 | batch 1300/1829 | loss=1.3245 | giou=0.5751 | bbox=0.0380 | ce=0.0682 | aux_giou=0.0000 | aux_bbox=0.0000 | aux_ce=0.0000 | mask=1515 | aux_mask=1394 | pos=464 | targets=464 | preds=1290 | centerness=[-4.128, 1.086] | train_seen=2600
2026-05-26 08:03:43 | INFO | Epoch 9 | batch 1350/1829 | loss=0.7445 | giou=0.3197 | bbox=0.0398 | ce=0.0326 | aux_giou=0.0000 | aux_bbox=0.0000 | aux_ce=0.0000 | mask=908 | aux_mask=934 | pos=98 | targets=98 | preds=466 | centerness=[-9.132, 0.492] | train_seen=2700
2026-05-26 08:05:29 | INFO | Epoch 9 | batch 1400/1829 | loss=0.9058 | giou=0.4033 | bbox=0.0296 | ce=0.0347 | aux_giou=0.0000 | aux_bbox=0.0000 | aux_ce=0.0000 | mask=833 | aux_mask=891 | pos=98 | targets=98 | preds=341 | centerness=[-7.112, 0.919] | train_seen=2800
2026-05-26 08:07:15 | INFO | Epoch 9 | batch 1450/1829 | loss=1.2643 | giou=0.4926 | bbox=0.0542 | ce=0.0469 | aux_giou=0.0575 | aux_bbox=0.0033 | aux_ce=0.0064 | mask=1110 | aux_mask=1279 | pos=386 | targets=386 | preds=596 | centerness=[-6.491, 1.083] | train_seen=2900
2026-05-26 08:09:02 | INFO | Epoch 9 | batch 1500/1829 | loss=1.0413 | giou=0.4566 | bbox=0.0420 | ce=0.0431 | aux_giou=0.0000 | aux_bbox=0.0000 | aux_ce=0.0000 | mask=1274 | aux_mask=1343 | pos=215 | targets=215 | preds=951 | centerness=[-5.506, 0.448] | train_seen=3000
2026-05-26 08:10:48 | INFO | Epoch 9 | batch 1550/1829 | loss=1.1334 | giou=0.4661 | bbox=0.0451 | ce=0.0781 | aux_giou=0.0000 | aux_bbox=0.0000 | aux_ce=0.0000 | mask=1002 | aux_mask=1263 | pos=354 | targets=354 | preds=579 | centerness=[-10.896, 1.513] | train_seen=3100
2026-05-26 08:12:34 | INFO | Epoch 9 | batch 1600/1829 | loss=0.9699 | giou=0.4377 | bbox=0.0342 | ce=0.0301 | aux_giou=0.0000 | aux_bbox=0.0000 | aux_ce=0.0000 | mask=826 | aux_mask=1068 | pos=98 | targets=98 | preds=362 | centerness=[-6.063, 1.060] | train_seen=3200
2026-05-26 08:14:20 | INFO | Epoch 9 | batch 1650/1829 | loss=1.1156 | giou=0.4834 | bbox=0.0502 | ce=0.0493 | aux_giou=0.0000 | aux_bbox=0.0000 | aux_ce=0.0000 | mask=1244 | aux_mask=1843 | pos=656 | targets=656 | preds=886 | centerness=[-3.968, 1.298] | train_seen=3300
2026-05-26 08:16:06 | INFO | Epoch 9 | batch 1700/1829 | loss=0.9712 | giou=0.4194 | bbox=0.0660 | ce=0.0333 | aux_giou=0.0000 | aux_bbox=0.0000 | aux_ce=0.0000 | mask=839 | aux_mask=1151 | pos=153 | targets=153 | preds=327 | centerness=[-6.418, 0.650] | train_seen=3400
2026-05-26 08:17:53 | INFO | Epoch 9 | batch 1750/1829 | loss=1.1409 | giou=0.5121 | bbox=0.0440 | ce=0.0363 | aux_giou=0.0000 | aux_bbox=0.0000 | aux_ce=0.0000 | mask=1972 | aux_mask=1963 | pos=292 | targets=292 | preds=1493 | centerness=[-4.041, 0.939] | train_seen=3500
2026-05-26 08:19:39 | INFO | Epoch 9 | batch 1800/1829 | loss=1.0152 | giou=0.4525 | bbox=0.0542 | ce=0.0280 | aux_giou=0.0000 | aux_bbox=0.0000 | aux_ce=0.0000 | mask=907 | aux_mask=1208 | pos=112 | targets=112 | preds=228 | centerness=[-6.076, 0.722] | train_seen=3600
2026-05-26 08:40:12 | INFO | Epoch 9 | train_loss=1.066 | val_loss=1.138 | train_mae=175.153 | val_mae=86.624 | val_rmse=129.15 | test_mae=92.485 | test_rmse=155.17 | time=5054.601s
2026-05-26 08:41:59 | INFO | Epoch 10 | batch 50/1829 | loss=1.1660 | giou=0.5026 | bbox=0.0540 | ce=0.0534 | aux_giou=0.0000 | aux_bbox=0.0000 | aux_ce=0.0000 | mask=1606 | aux_mask=1857 | pos=307 | targets=307 | preds=971 | centerness=[-3.665, 0.300] | train_seen=100
2026-05-26 08:43:45 | INFO | Epoch 10 | batch 100/1829 | loss=1.0512 | giou=0.4652 | bbox=0.0451 | ce=0.0378 | aux_giou=0.0000 | aux_bbox=0.0000 | aux_ce=0.0000 | mask=640 | aux_mask=1051 | pos=79 | targets=79 | preds=95 | centerness=[-11.813, 2.002] | train_seen=200
2026-05-26 08:45:31 | INFO | Epoch 10 | batch 150/1829 | loss=1.0914 | giou=0.4766 | bbox=0.0683 | ce=0.0349 | aux_giou=0.0000 | aux_bbox=0.0000 | aux_ce=0.0000 | mask=1088 | aux_mask=1242 | pos=125 | targets=125 | preds=420 | centerness=[-6.265, 0.606] | train_seen=300
2026-05-26 08:47:18 | INFO | Epoch 10 | batch 200/1829 | loss=1.2081 | giou=0.5188 | bbox=0.0286 | ce=0.0261 | aux_giou=0.0423 | aux_bbox=0.0034 | aux_ce=0.0009 | mask=1285 | aux_mask=1461 | pos=59 | targets=59 | preds=455 | centerness=[-6.361, 1.577] | train_seen=400
2026-05-26 08:49:04 | INFO | Epoch 10 | batch 250/1829 | loss=0.6605 | giou=0.2908 | bbox=0.0262 | ce=0.0263 | aux_giou=0.0000 | aux_bbox=0.0000 | aux_ce=0.0000 | mask=1005 | aux_mask=1404 | pos=97 | targets=97 | preds=384 | centerness=[-6.492, 0.569] | train_seen=500
2026-05-26 08:50:50 | INFO | Epoch 10 | batch 300/1829 | loss=1.2757 | giou=0.4931 | bbox=0.1103 | ce=0.0194 | aux_giou=0.0595 | aux_bbox=0.0136 | aux_ce=0.0039 | mask=1193 | aux_mask=1501 | pos=49 | targets=49 | preds=360 | centerness=[-3.972, 0.778] | train_seen=600
2026-05-26 08:52:36 | INFO | Epoch 10 | batch 350/1829 | loss=1.3941 | giou=0.5364 | bbox=0.0718 | ce=0.0512 | aux_giou=0.0645 | aux_bbox=0.0060 | aux_ce=0.0060 | mask=1836 | aux_mask=1803 | pos=374 | targets=374 | preds=1427 | centerness=[-7.222, 0.150] | train_seen=700
2026-05-26 08:54:23 | INFO | Epoch 10 | batch 400/1829 | loss=1.2143 | giou=0.4927 | bbox=0.0375 | ce=0.0381 | aux_giou=0.0526 | aux_bbox=0.0018 | aux_ce=0.0041 | mask=1510 | aux_mask=1918 | pos=224 | targets=224 | preds=640 | centerness=[-8.184, 0.673] | train_seen=800
2026-05-26 08:56:09 | INFO | Epoch 10 | batch 450/1829 | loss=1.0924 | giou=0.4811 | bbox=0.0497 | ce=0.0402 | aux_giou=0.0000 | aux_bbox=0.0000 | aux_ce=0.0000 | mask=1327 | aux_mask=1741 | pos=335 | targets=335 | preds=686 | centerness=[-8.740, 0.746] | train_seen=900
2026-05-26 08:57:55 | INFO | Epoch 10 | batch 500/1829 | loss=1.0973 | giou=0.4712 | bbox=0.0335 | ce=0.0607 | aux_giou=0.0000 | aux_bbox=0.0000 | aux_ce=0.0000 | mask=1960 | aux_mask=2341 | pos=535 | targets=535 | preds=1297 | centerness=[-6.063, 0.733] | train_seen=1000
2026-05-26 08:59:41 | INFO | Epoch 10 | batch 550/1829 | loss=0.8948 | giou=0.4046 | bbox=0.0405 | ce=0.0225 | aux_giou=0.0000 | aux_bbox=0.0000 | aux_ce=0.0000 | mask=895 | aux_mask=1171 | pos=90 | targets=90 | preds=278 | centerness=[-6.633, 0.949] | train_seen=1100
2026-05-26 09:01:28 | INFO | Epoch 10 | batch 600/1829 | loss=1.1589 | giou=0.4928 | bbox=0.0495 | ce=0.0619 | aux_giou=0.0000 | aux_bbox=0.0000 | aux_ce=0.0000 | mask=1412 | aux_mask=1589 | pos=346 | targets=346 | preds=1043 | centerness=[-5.232, 1.579] | train_seen=1200
2026-05-26 09:03:14 | INFO | Epoch 10 | batch 650/1829 | loss=0.8077 | giou=0.3433 | bbox=0.0424 | ce=0.0393 | aux_giou=0.0000 | aux_bbox=0.0000 | aux_ce=0.0000 | mask=1082 | aux_mask=1067 | pos=177 | targets=177 | preds=295 | centerness=[-5.920, 1.305] | train_seen=1300
2026-05-26 09:05:01 | INFO | Epoch 10 | batch 700/1829 | loss=0.8179 | giou=0.3491 | bbox=0.0815 | ce=0.0191 | aux_giou=0.0000 | aux_bbox=0.0000 | aux_ce=0.0000 | mask=588 | aux_mask=894 | pos=21 | targets=21 | preds=204 | centerness=[-8.329, -0.394] | train_seen=1400
2026-05-26 09:06:47 | INFO | Epoch 10 | batch 750/1829 | loss=0.9229 | giou=0.4301 | bbox=0.0263 | ce=0.0182 | aux_giou=0.0000 | aux_bbox=0.0000 | aux_ce=0.0000 | mask=1207 | aux_mask=1420 | pos=107 | targets=107 | preds=185 | centerness=[-5.760, 1.207] | train_seen=1500
2026-05-26 09:08:33 | INFO | Epoch 10 | batch 800/1829 | loss=0.7733 | giou=0.3359 | bbox=0.0482 | ce=0.0267 | aux_giou=0.0000 | aux_bbox=0.0000 | aux_ce=0.0000 | mask=659 | aux_mask=888 | pos=65 | targets=65 | preds=298 | centerness=[-6.329, 0.225] | train_seen=1600
2026-05-26 09:10:19 | INFO | Epoch 10 | batch 850/1829 | loss=1.1887 | giou=0.5442 | bbox=0.0465 | ce=0.0269 | aux_giou=0.0000 | aux_bbox=0.0000 | aux_ce=0.0000 | mask=1608 | aux_mask=1693 | pos=107 | targets=107 | preds=803 | centerness=[-4.619, 0.595] | train_seen=1700
2026-05-26 09:12:06 | INFO | Epoch 10 | batch 900/1829 | loss=0.8059 | giou=0.3485 | bbox=0.0306 | ce=0.0392 | aux_giou=0.0000 | aux_bbox=0.0000 | aux_ce=0.0000 | mask=1222 | aux_mask=1387 | pos=288 | targets=288 | preds=813 | centerness=[-6.604, 0.886] | train_seen=1800
2026-05-26 09:13:52 | INFO | Epoch 10 | batch 950/1829 | loss=1.2946 | giou=0.5729 | bbox=0.0474 | ce=0.0507 | aux_giou=0.0000 | aux_bbox=0.0000 | aux_ce=0.0000 | mask=1348 | aux_mask=1578 | pos=174 | targets=174 | preds=935 | centerness=[-5.656, 0.341] | train_seen=1900
2026-05-26 09:15:38 | INFO | Epoch 10 | batch 1000/1829 | loss=0.8408 | giou=0.3771 | bbox=0.0468 | ce=0.0199 | aux_giou=0.0000 | aux_bbox=0.0000 | aux_ce=0.0000 | mask=1328 | aux_mask=1715 | pos=155 | targets=155 | preds=407 | centerness=[-7.969, 0.693] | train_seen=2000
2026-05-26 09:17:25 | INFO | Epoch 10 | batch 1050/1829 | loss=1.1970 | giou=0.4539 | bbox=0.1020 | ce=0.0407 | aux_giou=0.0439 | aux_bbox=0.0136 | aux_ce=0.0022 | mask=1058 | aux_mask=1705 | pos=100 | targets=100 | preds=366 | centerness=[-6.378, 0.106] | train_seen=2100
2026-05-26 09:19:11 | INFO | Epoch 10 | batch 1100/1829 | loss=1.1967 | giou=0.5155 | bbox=0.0608 | ce=0.0524 | aux_giou=0.0000 | aux_bbox=0.0000 | aux_ce=0.0000 | mask=1137 | aux_mask=1449 | pos=136 | targets=136 | preds=232 | centerness=[-8.197, 0.512] | train_seen=2200
2026-05-26 09:20:57 | INFO | Epoch 10 | batch 1150/1829 | loss=0.8488 | giou=0.3714 | bbox=0.0501 | ce=0.0280 | aux_giou=0.0000 | aux_bbox=0.0000 | aux_ce=0.0000 | mask=1065 | aux_mask=1403 | pos=66 | targets=66 | preds=424 | centerness=[-6.550, 0.691] | train_seen=2300
2026-05-26 09:22:44 | INFO | Epoch 10 | batch 1200/1829 | loss=0.8566 | giou=0.3731 | bbox=0.0661 | ce=0.0221 | aux_giou=0.0000 | aux_bbox=0.0000 | aux_ce=0.0000 | mask=728 | aux_mask=934 | pos=74 | targets=74 | preds=170 | centerness=[-5.620, 0.464] | train_seen=2400
2026-05-26 09:24:30 | INFO | Epoch 10 | batch 1250/1829 | loss=0.9736 | giou=0.4224 | bbox=0.0473 | ce=0.0407 | aux_giou=0.0000 | aux_bbox=0.0000 | aux_ce=0.0000 | mask=1269 | aux_mask=1659 | pos=280 | targets=280 | preds=441 | centerness=[-4.546, 1.503] | train_seen=2500
2026-05-26 09:26:17 | INFO | Epoch 10 | batch 1300/1829 | loss=0.7196 | giou=0.3036 | bbox=0.0388 | ce=0.0367 | aux_giou=0.0000 | aux_bbox=0.0000 | aux_ce=0.0000 | mask=747 | aux_mask=1065 | pos=173 | targets=173 | preds=406 | centerness=[-5.955, 0.816] | train_seen=2600
2026-05-26 09:28:03 | INFO | Epoch 10 | batch 1350/1829 | loss=1.0692 | giou=0.4683 | bbox=0.0628 | ce=0.0349 | aux_giou=0.0000 | aux_bbox=0.0000 | aux_ce=0.0000 | mask=1169 | aux_mask=1337 | pos=168 | targets=168 | preds=473 | centerness=[-5.007, 0.825] | train_seen=2700
2026-05-26 09:29:49 | INFO | Epoch 10 | batch 1400/1829 | loss=0.9795 | giou=0.4170 | bbox=0.0759 | ce=0.0348 | aux_giou=0.0000 | aux_bbox=0.0000 | aux_ce=0.0000 | mask=763 | aux_mask=1146 | pos=79 | targets=79 | preds=210 | centerness=[-10.848, 0.284] | train_seen=2800
2026-05-26 09:31:35 | INFO | Epoch 10 | batch 1450/1829 | loss=0.9222 | giou=0.3896 | bbox=0.0752 | ce=0.0339 | aux_giou=0.0000 | aux_bbox=0.0000 | aux_ce=0.0000 | mask=719 | aux_mask=1079 | pos=34 | targets=34 | preds=188 | centerness=[-6.896, 0.545] | train_seen=2900
2026-05-26 09:33:21 | INFO | Epoch 10 | batch 1500/1829 | loss=1.0194 | giou=0.4429 | bbox=0.0407 | ce=0.0465 | aux_giou=0.0000 | aux_bbox=0.0000 | aux_ce=0.0000 | mask=1486 | aux_mask=1589 | pos=153 | targets=153 | preds=1096 | centerness=[-4.778, 0.455] | train_seen=3000
2026-05-26 09:35:07 | INFO | Epoch 10 | batch 1550/1829 | loss=1.2540 | giou=0.5215 | bbox=0.0270 | ce=0.0182 | aux_giou=0.0721 | aux_bbox=0.0025 | aux_ce=0.0006 | mask=871 | aux_mask=982 | pos=95 | targets=95 | preds=192 | centerness=[-5.027, 1.250] | train_seen=3100
2026-05-26 09:36:53 | INFO | Epoch 10 | batch 1600/1829 | loss=1.2350 | giou=0.4728 | bbox=0.0447 | ce=0.0504 | aux_giou=0.0617 | aux_bbox=0.0038 | aux_ce=0.0083 | mask=1506 | aux_mask=1822 | pos=472 | targets=472 | preds=715 | centerness=[-12.450, 1.134] | train_seen=3200
2026-05-26 09:38:39 | INFO | Epoch 10 | batch 1650/1829 | loss=1.2967 | giou=0.5062 | bbox=0.0296 | ce=0.0714 | aux_giou=0.0490 | aux_bbox=0.0030 | aux_ce=0.0055 | mask=1863 | aux_mask=1913 | pos=715 | targets=715 | preds=1492 | centerness=[-3.443, 0.914] | train_seen=3300
2026-05-26 09:40:26 | INFO | Epoch 10 | batch 1700/1829 | loss=1.2328 | giou=0.5256 | bbox=0.0559 | ce=0.0628 | aux_giou=0.0000 | aux_bbox=0.0000 | aux_ce=0.0000 | mask=1161 | aux_mask=1791 | pos=430 | targets=430 | preds=754 | centerness=[-4.883, 1.724] | train_seen=3400
2026-05-26 09:42:12 | INFO | Epoch 10 | batch 1750/1829 | loss=0.5510 | giou=0.2445 | bbox=0.0455 | ce=0.0083 | aux_giou=0.0000 | aux_bbox=0.0000 | aux_ce=0.0000 | mask=834 | aux_mask=1098 | pos=39 | targets=39 | preds=76 | centerness=[-8.055, 1.237] | train_seen=3500
2026-05-26 09:43:58 | INFO | Epoch 10 | batch 1800/1829 | loss=1.0173 | giou=0.4381 | bbox=0.0498 | ce=0.0457 | aux_giou=0.0000 | aux_bbox=0.0000 | aux_ce=0.0000 | mask=1435 | aux_mask=1840 | pos=324 | targets=324 | preds=792 | centerness=[-5.794, 0.804] | train_seen=3600
2026-05-26 10:04:30 | INFO | Epoch 10 | train_loss=1.025 | val_loss=1.087 | train_mae=171.684 | val_mae=93.789 | val_rmse=146.58 | test_mae=99.755 | test_rmse=174.61 | time=5057.254s
2026-05-26 10:06:17 | INFO | Epoch 11 | batch 50/1829 | loss=1.0881 | giou=0.4784 | bbox=0.0335 | ce=0.0489 | aux_giou=0.0000 | aux_bbox=0.0000 | aux_ce=0.0000 | mask=1134 | aux_mask=1969 | pos=235 | targets=235 | preds=476 | centerness=[-6.776, 1.363] | train_seen=100
2026-05-26 10:08:03 | INFO | Epoch 11 | batch 100/1829 | loss=0.7497 | giou=0.3263 | bbox=0.0409 | ce=0.0281 | aux_giou=0.0000 | aux_bbox=0.0000 | aux_ce=0.0000 | mask=1250 | aux_mask=1549 | pos=268 | targets=268 | preds=412 | centerness=[-6.707, 1.680] | train_seen=200
2026-05-26 10:09:49 | INFO | Epoch 11 | batch 150/1829 | loss=0.5315 | giou=0.2269 | bbox=0.0458 | ce=0.0160 | aux_giou=0.0000 | aux_bbox=0.0000 | aux_ce=0.0000 | mask=753 | aux_mask=1052 | pos=19 | targets=19 | preds=151 | centerness=[-8.262, 0.802] | train_seen=300
2026-05-26 10:11:35 | INFO | Epoch 11 | batch 200/1829 | loss=0.7994 | giou=0.3603 | bbox=0.0454 | ce=0.0167 | aux_giou=0.0000 | aux_bbox=0.0000 | aux_ce=0.0000 | mask=599 | aux_mask=1041 | pos=25 | targets=25 | preds=101 | centerness=[-10.098, 1.312] | train_seen=400
2026-05-26 10:13:21 | INFO | Epoch 11 | batch 250/1829 | loss=0.7800 | giou=0.3186 | bbox=0.0240 | ce=0.0138 | aux_giou=0.0423 | aux_bbox=0.0022 | aux_ce=0.0023 | mask=744 | aux_mask=1067 | pos=30 | targets=30 | preds=270 | centerness=[-6.692, 0.743] | train_seen=500
2026-05-26 10:15:07 | INFO | Epoch 11 | batch 300/1829 | loss=0.8589 | giou=0.3615 | bbox=0.0690 | ce=0.0334 | aux_giou=0.0000 | aux_bbox=0.0000 | aux_ce=0.0000 | mask=722 | aux_mask=1103 | pos=49 | targets=49 | preds=191 | centerness=[-10.243, 0.386] | train_seen=600
2026-05-26 10:16:53 | INFO | Epoch 11 | batch 350/1829 | loss=0.9665 | giou=0.4135 | bbox=0.0984 | ce=0.0205 | aux_giou=0.0000 | aux_bbox=0.0000 | aux_ce=0.0000 | mask=645 | aux_mask=1101 | pos=30 | targets=30 | preds=185 | centerness=[-7.992, 0.588] | train_seen=700
2026-05-26 10:18:40 | INFO | Epoch 11 | batch 400/1829 | loss=0.5490 | giou=0.2425 | bbox=0.0378 | ce=0.0131 | aux_giou=0.0000 | aux_bbox=0.0000 | aux_ce=0.0000 | mask=809 | aux_mask=1043 | pos=44 | targets=44 | preds=146 | centerness=[-8.877, 0.659] | train_seen=800
2026-05-26 10:20:30 | INFO | Epoch 11 | batch 450/1829 | loss=0.5512 | giou=0.2263 | bbox=0.0450 | ce=0.0268 | aux_giou=0.0000 | aux_bbox=0.0000 | aux_ce=0.0000 | mask=1045 | aux_mask=1445 | pos=88 | targets=88 | preds=301 | centerness=[-8.231, 0.917] | train_seen=900
2026-05-26 10:22:20 | INFO | Epoch 11 | batch 500/1829 | loss=0.9407 | giou=0.4152 | bbox=0.0430 | ce=0.0337 | aux_giou=0.0000 | aux_bbox=0.0000 | aux_ce=0.0000 | mask=1273 | aux_mask=1436 | pos=222 | targets=222 | preds=877 | centerness=[-7.681, 1.080] | train_seen=1000
2026-05-26 10:24:09 | INFO | Epoch 11 | batch 550/1829 | loss=0.8256 | giou=0.3635 | bbox=0.0477 | ce=0.0254 | aux_giou=0.0000 | aux_bbox=0.0000 | aux_ce=0.0000 | mask=1478 | aux_mask=1790 | pos=56 | targets=56 | preds=564 | centerness=[-6.361, 0.780] | train_seen=1100
2026-05-26 10:25:56 | INFO | Epoch 11 | batch 600/1829 | loss=0.9827 | giou=0.4281 | bbox=0.0328 | ce=0.0469 | aux_giou=0.0000 | aux_bbox=0.0000 | aux_ce=0.0000 | mask=1103 | aux_mask=1106 | pos=273 | targets=273 | preds=740 | centerness=[-6.234, 0.494] | train_seen=1200
2026-05-26 10:27:42 | INFO | Epoch 11 | batch 650/1829 | loss=0.7690 | giou=0.3363 | bbox=0.0461 | ce=0.0252 | aux_giou=0.0000 | aux_bbox=0.0000 | aux_ce=0.0000 | mask=975 | aux_mask=1001 | pos=222 | targets=222 | preds=468 | centerness=[-10.060, 1.400] | train_seen=1300
2026-05-26 10:29:29 | INFO | Epoch 11 | batch 700/1829 | loss=1.2285 | giou=0.5268 | bbox=0.0224 | ce=0.0266 | aux_giou=0.0473 | aux_bbox=0.0020 | aux_ce=0.0013 | mask=1499 | aux_mask=1596 | pos=122 | targets=122 | preds=505 | centerness=[-5.114, 1.744] | train_seen=1400
2026-05-26 10:31:16 | INFO | Epoch 11 | batch 750/1829 | loss=0.7895 | giou=0.3409 | bbox=0.0318 | ce=0.0380 | aux_giou=0.0000 | aux_bbox=0.0000 | aux_ce=0.0000 | mask=1355 | aux_mask=1680 | pos=110 | targets=110 | preds=668 | centerness=[-4.989, 1.826] | train_seen=1500
2026-05-26 10:33:04 | INFO | Epoch 11 | batch 800/1829 | loss=0.6181 | giou=0.2633 | bbox=0.0390 | ce=0.0263 | aux_giou=0.0000 | aux_bbox=0.0000 | aux_ce=0.0000 | mask=1019 | aux_mask=1253 | pos=81 | targets=81 | preds=324 | centerness=[-7.753, 0.412] | train_seen=1600
2026-05-26 10:34:51 | INFO | Epoch 11 | batch 850/1829 | loss=1.5665 | giou=0.6240 | bbox=0.0239 | ce=0.0346 | aux_giou=0.1046 | aux_bbox=0.0046 | aux_ce=0.0058 | mask=1536 | aux_mask=1826 | pos=418 | targets=418 | preds=933 | centerness=[-5.106, 1.628] | train_seen=1700
2026-05-26 10:36:38 | INFO | Epoch 11 | batch 900/1829 | loss=1.0239 | giou=0.4108 | bbox=0.0811 | ce=0.0330 | aux_giou=0.0234 | aux_bbox=0.0025 | aux_ce=0.0030 | mask=921 | aux_mask=1369 | pos=108 | targets=108 | preds=383 | centerness=[-7.301, 0.515] | train_seen=1800
2026-05-26 10:38:24 | INFO | Epoch 11 | batch 950/1829 | loss=0.8346 | giou=0.3581 | bbox=0.0535 | ce=0.0325 | aux_giou=0.0000 | aux_bbox=0.0000 | aux_ce=0.0000 | mask=843 | aux_mask=1161 | pos=129 | targets=129 | preds=271 | centerness=[-7.045, 1.505] | train_seen=1900
2026-05-26 10:40:10 | INFO | Epoch 11 | batch 1000/1829 | loss=1.1085 | giou=0.4779 | bbox=0.0329 | ce=0.0599 | aux_giou=0.0000 | aux_bbox=0.0000 | aux_ce=0.0000 | mask=1631 | aux_mask=1659 | pos=416 | targets=416 | preds=937 | centerness=[-4.894, 1.341] | train_seen=2000
2026-05-26 10:41:56 | INFO | Epoch 11 | batch 1050/1829 | loss=0.9813 | giou=0.4001 | bbox=0.0350 | ce=0.0210 | aux_giou=0.0488 | aux_bbox=0.0024 | aux_ce=0.0021 | mask=1124 | aux_mask=1507 | pos=112 | targets=112 | preds=282 | centerness=[-6.243, 1.050] | train_seen=2100
2026-05-26 10:43:45 | INFO | Epoch 11 | batch 1100/1829 | loss=0.7029 | giou=0.3016 | bbox=0.0289 | ce=0.0354 | aux_giou=0.0000 | aux_bbox=0.0000 | aux_ce=0.0000 | mask=1166 | aux_mask=1433 | pos=312 | targets=312 | preds=540 | centerness=[-9.822, 1.254] | train_seen=2200
2026-05-26 10:45:35 | INFO | Epoch 11 | batch 1150/1829 | loss=0.5916 | giou=0.2515 | bbox=0.0252 | ce=0.0317 | aux_giou=0.0000 | aux_bbox=0.0000 | aux_ce=0.0000 | mask=1160 | aux_mask=1184 | pos=216 | targets=216 | preds=554 | centerness=[-6.301, 1.099] | train_seen=2300
2026-05-26 10:47:25 | INFO | Epoch 11 | batch 1200/1829 | loss=0.9538 | giou=0.3958 | bbox=0.0491 | ce=0.0566 | aux_giou=0.0000 | aux_bbox=0.0000 | aux_ce=0.0000 | mask=2227 | aux_mask=2590 | pos=476 | targets=476 | preds=1479 | centerness=[-4.167, 0.832] | train_seen=2400
2026-05-26 10:49:14 | INFO | Epoch 11 | batch 1250/1829 | loss=0.7655 | giou=0.3391 | bbox=0.0398 | ce=0.0237 | aux_giou=0.0000 | aux_bbox=0.0000 | aux_ce=0.0000 | mask=1087 | aux_mask=1152 | pos=135 | targets=135 | preds=246 | centerness=[-11.237, 1.446] | train_seen=2500
2026-05-26 10:51:04 | INFO | Epoch 11 | batch 1300/1829 | loss=0.4498 | giou=0.1977 | bbox=0.0411 | ce=0.0066 | aux_giou=0.0000 | aux_bbox=0.0000 | aux_ce=0.0000 | mask=771 | aux_mask=801 | pos=29 | targets=29 | preds=32 | centerness=[-8.290, 1.377] | train_seen=2600
2026-05-26 10:52:54 | INFO | Epoch 11 | batch 1350/1829 | loss=1.3460 | giou=0.5646 | bbox=0.0356 | ce=0.0444 | aux_giou=0.0407 | aux_bbox=0.0035 | aux_ce=0.0037 | mask=1225 | aux_mask=1147 | pos=195 | targets=195 | preds=764 | centerness=[-3.984, 0.933] | train_seen=2700
2026-05-26 10:54:45 | INFO | Epoch 11 | batch 1400/1829 | loss=0.7769 | giou=0.3297 | bbox=0.0400 | ce=0.0387 | aux_giou=0.0000 | aux_bbox=0.0000 | aux_ce=0.0000 | mask=1208 | aux_mask=1400 | pos=201 | targets=201 | preds=400 | centerness=[-7.804, 1.810] | train_seen=2800
2026-05-26 10:56:36 | INFO | Epoch 11 | batch 1450/1829 | loss=0.6801 | giou=0.2862 | bbox=0.0291 | ce=0.0393 | aux_giou=0.0000 | aux_bbox=0.0000 | aux_ce=0.0000 | mask=910 | aux_mask=1284 | pos=122 | targets=122 | preds=271 | centerness=[-6.437, 0.865] | train_seen=2900
2026-05-26 10:58:25 | INFO | Epoch 11 | batch 1500/1829 | loss=0.8943 | giou=0.4101 | bbox=0.0322 | ce=0.0210 | aux_giou=0.0000 | aux_bbox=0.0000 | aux_ce=0.0000 | mask=951 | aux_mask=1215 | pos=88 | targets=88 | preds=145 | centerness=[-5.634, 1.954] | train_seen=3000
2026-05-26 11:00:15 | INFO | Epoch 11 | batch 1550/1829 | loss=0.9901 | giou=0.4446 | bbox=0.0353 | ce=0.0328 | aux_giou=0.0000 | aux_bbox=0.0000 | aux_ce=0.0000 | mask=1290 | aux_mask=1383 | pos=171 | targets=171 | preds=428 | centerness=[-6.149, 1.354] | train_seen=3100
2026-05-26 11:02:05 | INFO | Epoch 11 | batch 1600/1829 | loss=1.3770 | giou=0.5350 | bbox=0.0299 | ce=0.0362 | aux_giou=0.0922 | aux_bbox=0.0085 | aux_ce=0.0059 | mask=1783 | aux_mask=1808 | pos=552 | targets=552 | preds=634 | centerness=[-5.278, 1.793] | train_seen=3200
2026-05-26 11:03:52 | INFO | Epoch 11 | batch 1650/1829 | loss=0.8163 | giou=0.3302 | bbox=0.0546 | ce=0.0507 | aux_giou=0.0000 | aux_bbox=0.0000 | aux_ce=0.0000 | mask=683 | aux_mask=922 | pos=120 | targets=120 | preds=193 | centerness=[-7.344, 0.490] | train_seen=3300
2026-05-26 11:05:38 | INFO | Epoch 11 | batch 1700/1829 | loss=0.9844 | giou=0.4017 | bbox=0.0634 | ce=0.0587 | aux_giou=0.0000 | aux_bbox=0.0000 | aux_ce=0.0000 | mask=1069 | aux_mask=1503 | pos=260 | targets=260 | preds=259 | centerness=[-7.520, 1.161] | train_seen=3400
2026-05-26 11:07:24 | INFO | Epoch 11 | batch 1750/1829 | loss=0.9055 | giou=0.3855 | bbox=0.0576 | ce=0.0385 | aux_giou=0.0000 | aux_bbox=0.0000 | aux_ce=0.0000 | mask=925 | aux_mask=1312 | pos=127 | targets=127 | preds=202 | centerness=[-9.372, 1.351] | train_seen=3500
2026-05-26 11:09:11 | INFO | Epoch 11 | batch 1800/1829 | loss=0.6871 | giou=0.2979 | bbox=0.0383 | ce=0.0265 | aux_giou=0.0000 | aux_bbox=0.0000 | aux_ce=0.0000 | mask=1419 | aux_mask=1599 | pos=104 | targets=104 | preds=564 | centerness=[-6.682, 0.674] | train_seen=3600
2026-05-26 11:29:46 | INFO | Epoch 11 | train_loss=0.930 | val_loss=1.050 | train_mae=159.999 | val_mae=76.661 | val_rmse=127.89 | test_mae=81.911 | test_rmse=159.92 | time=5115.456s
2026-05-26 11:31:33 | INFO | Epoch 12 | batch 50/1829 | loss=0.8934 | giou=0.3758 | bbox=0.0260 | ce=0.0119 | aux_giou=0.0435 | aux_bbox=0.0024 | aux_ce=0.0013 | mask=1117 | aux_mask=1249 | pos=125 | targets=125 | preds=213 | centerness=[-4.941, 1.467] | train_seen=100
2026-05-26 11:33:19 | INFO | Epoch 12 | batch 100/1829 | loss=0.9714 | giou=0.3836 | bbox=0.0719 | ce=0.0662 | aux_giou=0.0000 | aux_bbox=0.0000 | aux_ce=0.0000 | mask=822 | aux_mask=1094 | pos=184 | targets=184 | preds=168 | centerness=[-8.241, 1.217] | train_seen=200
2026-05-26 11:35:06 | INFO | Epoch 12 | batch 150/1829 | loss=1.4761 | giou=0.5570 | bbox=0.1348 | ce=0.0289 | aux_giou=0.0725 | aux_bbox=0.0147 | aux_ce=0.0050 | mask=901 | aux_mask=1008 | pos=90 | targets=90 | preds=307 | centerness=[-5.682, 0.040] | train_seen=300
2026-05-26 11:36:52 | INFO | Epoch 12 | batch 200/1829 | loss=1.1648 | giou=0.5212 | bbox=0.0523 | ce=0.0351 | aux_giou=0.0000 | aux_bbox=0.0000 | aux_ce=0.0000 | mask=1168 | aux_mask=1290 | pos=201 | targets=201 | preds=462 | centerness=[-6.108, 1.775] | train_seen=400
2026-05-26 11:38:38 | INFO | Epoch 12 | batch 250/1829 | loss=0.7947 | giou=0.3616 | bbox=0.0418 | ce=0.0148 | aux_giou=0.0000 | aux_bbox=0.0000 | aux_ce=0.0000 | mask=842 | aux_mask=1234 | pos=55 | targets=55 | preds=170 | centerness=[-6.267, 0.140] | train_seen=500
2026-05-26 11:40:25 | INFO | Epoch 12 | batch 300/1829 | loss=0.7698 | giou=0.3186 | bbox=0.0864 | ce=0.0231 | aux_giou=0.0000 | aux_bbox=0.0000 | aux_ce=0.0000 | mask=590 | aux_mask=1219 | pos=33 | targets=33 | preds=97 | centerness=[-7.893, 0.236] | train_seen=600
2026-05-26 11:42:11 | INFO | Epoch 12 | batch 350/1829 | loss=1.1896 | giou=0.4971 | bbox=0.0382 | ce=0.0356 | aux_giou=0.0404 | aux_bbox=0.0026 | aux_ce=0.0013 | mask=1523 | aux_mask=1567 | pos=432 | targets=432 | preds=416 | centerness=[-5.148, 1.163] | train_seen=700
2026-05-26 11:43:57 | INFO | Epoch 12 | batch 400/1829 | loss=0.8763 | giou=0.3749 | bbox=0.0713 | ce=0.0276 | aux_giou=0.0000 | aux_bbox=0.0000 | aux_ce=0.0000 | mask=1179 | aux_mask=1308 | pos=76 | targets=76 | preds=298 | centerness=[-5.862, 0.461] | train_seen=800
2026-05-26 11:45:44 | INFO | Epoch 12 | batch 450/1829 | loss=1.0129 | giou=0.4522 | bbox=0.0321 | ce=0.0382 | aux_giou=0.0000 | aux_bbox=0.0000 | aux_ce=0.0000 | mask=1494 | aux_mask=1652 | pos=266 | targets=266 | preds=591 | centerness=[-5.979, 0.925] | train_seen=900
2026-05-26 11:47:30 | INFO | Epoch 12 | batch 500/1829 | loss=1.0677 | giou=0.4611 | bbox=0.0315 | ce=0.0569 | aux_giou=0.0000 | aux_bbox=0.0000 | aux_ce=0.0000 | mask=1891 | aux_mask=1735 | pos=536 | targets=536 | preds=1257 | centerness=[-4.523, 1.360] | train_seen=1000
2026-05-26 11:49:16 | INFO | Epoch 12 | batch 550/1829 | loss=1.0064 | giou=0.3793 | bbox=0.0343 | ce=0.0447 | aux_giou=0.0470 | aux_bbox=0.0035 | aux_ce=0.0134 | mask=1961 | aux_mask=2450 | pos=1299 | targets=1299 | preds=1218 | centerness=[-6.352, 0.635] | train_seen=1100
2026-05-26 11:51:03 | INFO | Epoch 12 | batch 600/1829 | loss=0.6718 | giou=0.2856 | bbox=0.0464 | ce=0.0270 | aux_giou=0.0000 | aux_bbox=0.0000 | aux_ce=0.0000 | mask=981 | aux_mask=1235 | pos=154 | targets=154 | preds=301 | centerness=[-7.814, 1.329] | train_seen=1200
2026-05-26 11:52:49 | INFO | Epoch 12 | batch 650/1829 | loss=1.3711 | giou=0.5526 | bbox=0.0250 | ce=0.0571 | aux_giou=0.0585 | aux_bbox=0.0024 | aux_ce=0.0036 | mask=1884 | aux_mask=1811 | pos=322 | targets=322 | preds=1633 | centerness=[-5.491, 0.494] | train_seen=1300
2026-05-26 11:54:35 | INFO | Epoch 12 | batch 700/1829 | loss=1.0514 | giou=0.4670 | bbox=0.0447 | ce=0.0363 | aux_giou=0.0000 | aux_bbox=0.0000 | aux_ce=0.0000 | mask=2057 | aux_mask=1765 | pos=196 | targets=196 | preds=1344 | centerness=[-5.976, 0.724] | train_seen=1400
2026-05-26 11:56:21 | INFO | Epoch 12 | batch 750/1829 | loss=1.2076 | giou=0.5195 | bbox=0.0398 | ce=0.0644 | aux_giou=0.0000 | aux_bbox=0.0000 | aux_ce=0.0000 | mask=1544 | aux_mask=1557 | pos=252 | targets=252 | preds=633 | centerness=[-5.758, 1.215] | train_seen=1500
2026-05-26 11:58:08 | INFO | Epoch 12 | batch 800/1829 | loss=0.8295 | giou=0.3557 | bbox=0.0161 | ce=0.0057 | aux_giou=0.0426 | aux_bbox=0.0016 | aux_ce=0.0018 | mask=1136 | aux_mask=1095 | pos=47 | targets=47 | preds=122 | centerness=[-6.866, 1.289] | train_seen=1600
2026-05-26 11:59:54 | INFO | Epoch 12 | batch 850/1829 | loss=0.8058 | giou=0.3562 | bbox=0.0503 | ce=0.0216 | aux_giou=0.0000 | aux_bbox=0.0000 | aux_ce=0.0000 | mask=607 | aux_mask=843 | pos=64 | targets=64 | preds=88 | centerness=[-8.130, 1.634] | train_seen=1700
2026-05-26 12:01:40 | INFO | Epoch 12 | batch 900/1829 | loss=1.0531 | giou=0.4750 | bbox=0.0596 | ce=0.0217 | aux_giou=0.0000 | aux_bbox=0.0000 | aux_ce=0.0000 | mask=1184 | aux_mask=1368 | pos=61 | targets=61 | preds=299 | centerness=[-7.088, 1.046] | train_seen=1800
2026-05-26 12:03:27 | INFO | Epoch 12 | batch 950/1829 | loss=0.9149 | giou=0.3784 | bbox=0.0422 | ce=0.0579 | aux_giou=0.0000 | aux_bbox=0.0000 | aux_ce=0.0000 | mask=1078 | aux_mask=1188 | pos=440 | targets=440 | preds=348 | centerness=[-7.826, 1.799] | train_seen=1900
2026-05-26 12:05:13 | INFO | Epoch 12 | batch 1000/1829 | loss=0.9533 | giou=0.4155 | bbox=0.0506 | ce=0.0358 | aux_giou=0.0000 | aux_bbox=0.0000 | aux_ce=0.0000 | mask=1228 | aux_mask=1237 | pos=156 | targets=156 | preds=461 | centerness=[-7.017, 1.051] | train_seen=2000
2026-05-26 12:07:00 | INFO | Epoch 12 | batch 1050/1829 | loss=0.9095 | giou=0.3919 | bbox=0.1082 | ce=0.0087 | aux_giou=0.0000 | aux_bbox=0.0000 | aux_ce=0.0000 | mask=734 | aux_mask=1027 | pos=18 | targets=18 | preds=54 | centerness=[-6.966, 0.612] | train_seen=2100
2026-05-26 12:08:46 | INFO | Epoch 12 | batch 1100/1829 | loss=1.0308 | giou=0.4348 | bbox=0.0345 | ce=0.0634 | aux_giou=0.0000 | aux_bbox=0.0000 | aux_ce=0.0000 | mask=1991 | aux_mask=2090 | pos=600 | targets=600 | preds=1102 | centerness=[-4.209, 1.786] | train_seen=2200
2026-05-26 12:10:32 | INFO | Epoch 12 | batch 1150/1829 | loss=0.6449 | giou=0.2803 | bbox=0.0373 | ce=0.0235 | aux_giou=0.0000 | aux_bbox=0.0000 | aux_ce=0.0000 | mask=1329 | aux_mask=1551 | pos=56 | targets=56 | preds=661 | centerness=[-9.078, 0.811] | train_seen=2300
2026-05-26 12:12:19 | INFO | Epoch 12 | batch 1200/1829 | loss=1.0324 | giou=0.4376 | bbox=0.0423 | ce=0.0161 | aux_giou=0.0377 | aux_bbox=0.0036 | aux_ce=0.0018 | mask=1114 | aux_mask=1088 | pos=64 | targets=64 | preds=423 | centerness=[-8.063, 1.419] | train_seen=2400
2026-05-26 12:14:05 | INFO | Epoch 12 | batch 1250/1829 | loss=1.0345 | giou=0.4117 | bbox=0.0509 | ce=0.0304 | aux_giou=0.0449 | aux_bbox=0.0033 | aux_ce=0.0031 | mask=998 | aux_mask=1332 | pos=89 | targets=89 | preds=442 | centerness=[-10.537, 0.583] | train_seen=2500
2026-05-26 12:15:51 | INFO | Epoch 12 | batch 1300/1829 | loss=0.9088 | giou=0.3978 | bbox=0.0514 | ce=0.0309 | aux_giou=0.0000 | aux_bbox=0.0000 | aux_ce=0.0000 | mask=1142 | aux_mask=1120 | pos=191 | targets=191 | preds=374 | centerness=[-9.348, 1.851] | train_seen=2600
2026-05-26 12:17:38 | INFO | Epoch 12 | batch 1350/1829 | loss=0.7560 | giou=0.3353 | bbox=0.0450 | ce=0.0202 | aux_giou=0.0000 | aux_bbox=0.0000 | aux_ce=0.0000 | mask=965 | aux_mask=1191 | pos=127 | targets=127 | preds=171 | centerness=[-8.301, 1.706] | train_seen=2700
2026-05-26 12:19:24 | INFO | Epoch 12 | batch 1400/1829 | loss=1.0329 | giou=0.4581 | bbox=0.0273 | ce=0.0447 | aux_giou=0.0000 | aux_bbox=0.0000 | aux_ce=0.0000 | mask=1247 | aux_mask=1188 | pos=515 | targets=515 | preds=613 | centerness=[-6.413, 1.137] | train_seen=2800
2026-05-26 12:21:10 | INFO | Epoch 12 | batch 1450/1829 | loss=0.7185 | giou=0.3067 | bbox=0.0526 | ce=0.0263 | aux_giou=0.0000 | aux_bbox=0.0000 | aux_ce=0.0000 | mask=1050 | aux_mask=1383 | pos=82 | targets=82 | preds=255 | centerness=[-7.930, 0.275] | train_seen=2900
2026-05-26 12:22:57 | INFO | Epoch 12 | batch 1500/1829 | loss=0.8943 | giou=0.3880 | bbox=0.0233 | ce=0.0078 | aux_giou=0.0377 | aux_bbox=0.0027 | aux_ce=0.0007 | mask=744 | aux_mask=926 | pos=35 | targets=35 | preds=77 | centerness=[-6.794, 1.431] | train_seen=3000
2026-05-26 12:24:43 | INFO | Epoch 12 | batch 1550/1829 | loss=1.3015 | giou=0.4939 | bbox=0.0236 | ce=0.0570 | aux_giou=0.0770 | aux_bbox=0.0043 | aux_ce=0.0090 | mask=2532 | aux_mask=2426 | pos=690 | targets=690 | preds=1753 | centerness=[-4.333, 1.336] | train_seen=3100
2026-05-26 12:26:29 | INFO | Epoch 12 | batch 1600/1829 | loss=0.9082 | giou=0.3849 | bbox=0.0411 | ce=0.0487 | aux_giou=0.0000 | aux_bbox=0.0000 | aux_ce=0.0000 | mask=1574 | aux_mask=1246 | pos=311 | targets=311 | preds=668 | centerness=[-7.702, 0.741] | train_seen=3200
2026-05-26 12:28:15 | INFO | Epoch 12 | batch 1650/1829 | loss=1.0350 | giou=0.4640 | bbox=0.0273 | ce=0.0399 | aux_giou=0.0000 | aux_bbox=0.0000 | aux_ce=0.0000 | mask=1528 | aux_mask=1670 | pos=280 | targets=280 | preds=826 | centerness=[-5.374, 2.022] | train_seen=3300
2026-05-26 12:30:02 | INFO | Epoch 12 | batch 1700/1829 | loss=0.6588 | giou=0.2872 | bbox=0.0323 | ce=0.0260 | aux_giou=0.0000 | aux_bbox=0.0000 | aux_ce=0.0000 | mask=914 | aux_mask=1022 | pos=78 | targets=78 | preds=258 | centerness=[-6.981, 0.301] | train_seen=3400
2026-05-26 12:31:48 | INFO | Epoch 12 | batch 1750/1829 | loss=0.9785 | giou=0.4347 | bbox=0.0303 | ce=0.0394 | aux_giou=0.0000 | aux_bbox=0.0000 | aux_ce=0.0000 | mask=1540 | aux_mask=1433 | pos=144 | targets=144 | preds=761 | centerness=[-5.763, 0.400] | train_seen=3500
2026-05-26 12:33:34 | INFO | Epoch 12 | batch 1800/1829 | loss=0.8121 | giou=0.3671 | bbox=0.0391 | ce=0.0194 | aux_giou=0.0000 | aux_bbox=0.0000 | aux_ce=0.0000 | mask=1043 | aux_mask=1018 | pos=67 | targets=67 | preds=255 | centerness=[-7.667, 1.523] | train_seen=3600
2026-05-26 12:54:09 | INFO | Epoch 12 | train_loss=0.912 | val_loss=1.030 | train_mae=145.241 | val_mae=85.037 | val_rmse=147.22 | test_mae=86.982 | test_rmse=174.83 | time=5061.702s
2026-05-26 12:55:56 | INFO | Epoch 13 | batch 50/1829 | loss=1.0180 | giou=0.4452 | bbox=0.0248 | ce=0.0052 | aux_giou=0.0446 | aux_bbox=0.0023 | aux_ce=0.0005 | mask=740 | aux_mask=1381 | pos=57 | targets=57 | preds=77 | centerness=[-5.917, 1.266] | train_seen=100
2026-05-26 12:57:42 | INFO | Epoch 13 | batch 100/1829 | loss=0.7189 | giou=0.3224 | bbox=0.0271 | ce=0.0235 | aux_giou=0.0000 | aux_bbox=0.0000 | aux_ce=0.0000 | mask=1040 | aux_mask=1675 | pos=113 | targets=113 | preds=310 | centerness=[-5.782, 1.350] | train_seen=200
2026-05-26 12:59:29 | INFO | Epoch 13 | batch 150/1829 | loss=1.2962 | giou=0.4924 | bbox=0.0456 | ce=0.0691 | aux_giou=0.0561 | aux_bbox=0.0044 | aux_ce=0.0055 | mask=1451 | aux_mask=1367 | pos=422 | targets=422 | preds=685 | centerness=[-8.630, 0.696] | train_seen=300
2026-05-26 13:01:15 | INFO | Epoch 13 | batch 200/1829 | loss=1.0012 | giou=0.4247 | bbox=0.0978 | ce=0.0270 | aux_giou=0.0000 | aux_bbox=0.0000 | aux_ce=0.0000 | mask=1511 | aux_mask=1861 | pos=118 | targets=118 | preds=416 | centerness=[-7.741, 0.947] | train_seen=400
2026-05-26 13:03:01 | INFO | Epoch 13 | batch 250/1829 | loss=0.7527 | giou=0.3262 | bbox=0.0385 | ce=0.0309 | aux_giou=0.0000 | aux_bbox=0.0000 | aux_ce=0.0000 | mask=962 | aux_mask=1203 | pos=273 | targets=273 | preds=424 | centerness=[-8.718, 0.873] | train_seen=500
2026-05-26 13:04:47 | INFO | Epoch 13 | batch 300/1829 | loss=1.2202 | giou=0.4825 | bbox=0.0575 | ce=0.0411 | aux_giou=0.0485 | aux_bbox=0.0035 | aux_ce=0.0074 | mask=1243 | aux_mask=1381 | pos=440 | targets=440 | preds=890 | centerness=[-11.166, 0.607] | train_seen=600
2026-05-26 13:06:34 | INFO | Epoch 13 | batch 350/1829 | loss=0.9077 | giou=0.3731 | bbox=0.1091 | ce=0.0262 | aux_giou=0.0000 | aux_bbox=0.0000 | aux_ce=0.0000 | mask=819 | aux_mask=1564 | pos=89 | targets=89 | preds=70 | centerness=[-8.625, 1.039] | train_seen=700
2026-05-26 13:08:20 | INFO | Epoch 13 | batch 400/1829 | loss=1.1583 | giou=0.4746 | bbox=0.0379 | ce=0.0359 | aux_giou=0.0459 | aux_bbox=0.0047 | aux_ce=0.0015 | mask=921 | aux_mask=1265 | pos=128 | targets=128 | preds=361 | centerness=[-6.352, 0.471] | train_seen=800
2026-05-26 13:10:06 | INFO | Epoch 13 | batch 450/1829 | loss=0.8915 | giou=0.3884 | bbox=0.0546 | ce=0.0301 | aux_giou=0.0000 | aux_bbox=0.0000 | aux_ce=0.0000 | mask=1280 | aux_mask=1722 | pos=144 | targets=144 | preds=392 | centerness=[-6.333, 0.923] | train_seen=900
2026-05-26 13:11:53 | INFO | Epoch 13 | batch 500/1829 | loss=1.0476 | giou=0.4592 | bbox=0.0441 | ce=0.0426 | aux_giou=0.0000 | aux_bbox=0.0000 | aux_ce=0.0000 | mask=1369 | aux_mask=1549 | pos=368 | targets=368 | preds=538 | centerness=[-5.564, 1.062] | train_seen=1000
2026-05-26 13:13:39 | INFO | Epoch 13 | batch 550/1829 | loss=0.8665 | giou=0.3761 | bbox=0.0454 | ce=0.0344 | aux_giou=0.0000 | aux_bbox=0.0000 | aux_ce=0.0000 | mask=970 | aux_mask=980 | pos=108 | targets=108 | preds=200 | centerness=[-6.556, 1.428] | train_seen=1100
2026-05-26 13:15:25 | INFO | Epoch 13 | batch 600/1829 | loss=1.1817 | giou=0.4616 | bbox=0.0549 | ce=0.0543 | aux_giou=0.0415 | aux_bbox=0.0032 | aux_ce=0.0045 | mask=1470 | aux_mask=1651 | pos=361 | targets=361 | preds=690 | centerness=[-8.700, 0.847] | train_seen=1200
2026-05-26 13:17:11 | INFO | Epoch 13 | batch 650/1829 | loss=0.8287 | giou=0.3633 | bbox=0.0585 | ce=0.0218 | aux_giou=0.0000 | aux_bbox=0.0000 | aux_ce=0.0000 | mask=760 | aux_mask=1202 | pos=53 | targets=53 | preds=163 | centerness=[-7.276, 1.546] | train_seen=1300
2026-05-26 13:18:57 | INFO | Epoch 13 | batch 700/1829 | loss=1.0247 | giou=0.4566 | bbox=0.0424 | ce=0.0345 | aux_giou=0.0000 | aux_bbox=0.0000 | aux_ce=0.0000 | mask=1206 | aux_mask=1382 | pos=158 | targets=158 | preds=576 | centerness=[-6.454, 1.757] | train_seen=1400
2026-05-26 13:20:44 | INFO | Epoch 13 | batch 750/1829 | loss=1.0627 | giou=0.4187 | bbox=0.0294 | ce=0.0521 | aux_giou=0.0403 | aux_bbox=0.0018 | aux_ce=0.0046 | mask=2176 | aux_mask=1994 | pos=532 | targets=532 | preds=1644 | centerness=[-5.353, 0.966] | train_seen=1500
2026-05-26 13:22:30 | INFO | Epoch 13 | batch 800/1829 | loss=1.2012 | giou=0.4934 | bbox=0.0331 | ce=0.0245 | aux_giou=0.0595 | aux_bbox=0.0055 | aux_ce=0.0039 | mask=1398 | aux_mask=1451 | pos=112 | targets=112 | preds=700 | centerness=[-8.805, 0.980] | train_seen=1600
2026-05-26 13:24:16 | INFO | Epoch 13 | batch 850/1829 | loss=0.9635 | giou=0.4421 | bbox=0.0393 | ce=0.0200 | aux_giou=0.0000 | aux_bbox=0.0000 | aux_ce=0.0000 | mask=1105 | aux_mask=1256 | pos=184 | targets=184 | preds=213 | centerness=[-8.160, 1.287] | train_seen=1700
2026-05-26 13:26:02 | INFO | Epoch 13 | batch 900/1829 | loss=1.0196 | giou=0.4346 | bbox=0.0257 | ce=0.0623 | aux_giou=0.0000 | aux_bbox=0.0000 | aux_ce=0.0000 | mask=1698 | aux_mask=1761 | pos=680 | targets=680 | preds=1071 | centerness=[-5.982, 0.914] | train_seen=1800
2026-05-26 13:27:49 | INFO | Epoch 13 | batch 950/1829 | loss=0.7417 | giou=0.3307 | bbox=0.0428 | ce=0.0188 | aux_giou=0.0000 | aux_bbox=0.0000 | aux_ce=0.0000 | mask=940 | aux_mask=1319 | pos=53 | targets=53 | preds=250 | centerness=[-6.263, 0.607] | train_seen=1900
2026-05-26 13:29:35 | INFO | Epoch 13 | batch 1000/1829 | loss=0.7206 | giou=0.3161 | bbox=0.0496 | ce=0.0194 | aux_giou=0.0000 | aux_bbox=0.0000 | aux_ce=0.0000 | mask=701 | aux_mask=1022 | pos=48 | targets=48 | preds=124 | centerness=[-7.411, 0.724] | train_seen=2000
2026-05-26 13:31:21 | INFO | Epoch 13 | batch 1050/1829 | loss=0.6985 | giou=0.3014 | bbox=0.0559 | ce=0.0199 | aux_giou=0.0000 | aux_bbox=0.0000 | aux_ce=0.0000 | mask=881 | aux_mask=1796 | pos=65 | targets=65 | preds=249 | centerness=[-10.175, 1.149] | train_seen=2100
2026-05-26 13:33:08 | INFO | Epoch 13 | batch 1100/1829 | loss=0.9276 | giou=0.4029 | bbox=0.0302 | ce=0.0458 | aux_giou=0.0000 | aux_bbox=0.0000 | aux_ce=0.0000 | mask=2117 | aux_mask=2206 | pos=439 | targets=439 | preds=1099 | centerness=[-3.913, 1.442] | train_seen=2200
2026-05-26 13:34:54 | INFO | Epoch 13 | batch 1150/1829 | loss=0.7724 | giou=0.3455 | bbox=0.0237 | ce=0.0289 | aux_giou=0.0000 | aux_bbox=0.0000 | aux_ce=0.0000 | mask=1208 | aux_mask=1189 | pos=134 | targets=134 | preds=532 | centerness=[-4.614, 1.253] | train_seen=2300
2026-05-26 13:36:40 | INFO | Epoch 13 | batch 1200/1829 | loss=0.8525 | giou=0.3652 | bbox=0.0227 | ce=0.0497 | aux_giou=0.0000 | aux_bbox=0.0000 | aux_ce=0.0000 | mask=2245 | aux_mask=2484 | pos=760 | targets=760 | preds=1577 | centerness=[-3.312, 1.099] | train_seen=2400
2026-05-26 13:38:27 | INFO | Epoch 13 | batch 1250/1829 | loss=1.0376 | giou=0.4531 | bbox=0.0228 | ce=0.0141 | aux_giou=0.0387 | aux_bbox=0.0016 | aux_ce=0.0008 | mask=2144 | aux_mask=2763 | pos=125 | targets=125 | preds=457 | centerness=[-6.298, 2.292] | train_seen=2500
2026-05-26 13:40:13 | INFO | Epoch 13 | batch 1300/1829 | loss=0.6967 | giou=0.3158 | bbox=0.0445 | ce=0.0103 | aux_giou=0.0000 | aux_bbox=0.0000 | aux_ce=0.0000 | mask=1026 | aux_mask=1089 | pos=92 | targets=92 | preds=147 | centerness=[-7.218, 1.106] | train_seen=2600
2026-05-26 13:41:59 | INFO | Epoch 13 | batch 1350/1829 | loss=0.7060 | giou=0.3148 | bbox=0.0264 | ce=0.0250 | aux_giou=0.0000 | aux_bbox=0.0000 | aux_ce=0.0000 | mask=1314 | aux_mask=1532 | pos=238 | targets=238 | preds=335 | centerness=[-6.189, 1.356] | train_seen=2700
2026-05-26 13:43:46 | INFO | Epoch 13 | batch 1400/1829 | loss=1.1809 | giou=0.4635 | bbox=0.0292 | ce=0.0577 | aux_giou=0.0485 | aux_bbox=0.0059 | aux_ce=0.0033 | mask=1682 | aux_mask=1902 | pos=410 | targets=410 | preds=771 | centerness=[-4.191, 0.653] | train_seen=2800
2026-05-26 13:45:32 | INFO | Epoch 13 | batch 1450/1829 | loss=0.9716 | giou=0.3897 | bbox=0.0747 | ce=0.0588 | aux_giou=0.0000 | aux_bbox=0.0000 | aux_ce=0.0000 | mask=825 | aux_mask=934 | pos=151 | targets=151 | preds=243 | centerness=[-7.192, 0.685] | train_seen=2900
2026-05-26 13:47:18 | INFO | Epoch 13 | batch 1500/1829 | loss=0.8596 | giou=0.3795 | bbox=0.0340 | ce=0.0332 | aux_giou=0.0000 | aux_bbox=0.0000 | aux_ce=0.0000 | mask=1772 | aux_mask=1555 | pos=172 | targets=172 | preds=822 | centerness=[-7.233, 1.180] | train_seen=3000
2026-05-26 13:49:05 | INFO | Epoch 13 | batch 1550/1829 | loss=1.1780 | giou=0.5039 | bbox=0.0393 | ce=0.0163 | aux_giou=0.0457 | aux_bbox=0.0038 | aux_ce=0.0015 | mask=1145 | aux_mask=1496 | pos=79 | targets=79 | preds=231 | centerness=[-5.354, 1.807] | train_seen=3100
2026-05-26 13:50:51 | INFO | Epoch 13 | batch 1600/1829 | loss=0.7714 | giou=0.3415 | bbox=0.0455 | ce=0.0215 | aux_giou=0.0000 | aux_bbox=0.0000 | aux_ce=0.0000 | mask=1096 | aux_mask=1386 | pos=105 | targets=105 | preds=301 | centerness=[-7.791, 1.139] | train_seen=3200
2026-05-26 13:52:37 | INFO | Epoch 13 | batch 1650/1829 | loss=0.7012 | giou=0.3154 | bbox=0.0422 | ce=0.0141 | aux_giou=0.0000 | aux_bbox=0.0000 | aux_ce=0.0000 | mask=961 | aux_mask=1318 | pos=55 | targets=55 | preds=154 | centerness=[-8.131, 1.022] | train_seen=3300
2026-05-26 13:54:24 | INFO | Epoch 13 | batch 1700/1829 | loss=1.1592 | giou=0.4701 | bbox=0.0240 | ce=0.0340 | aux_giou=0.0586 | aux_bbox=0.0025 | aux_ce=0.0036 | mask=2432 | aux_mask=2134 | pos=296 | targets=296 | preds=1213 | centerness=[-4.331, 1.527] | train_seen=3400
2026-05-26 13:56:10 | INFO | Epoch 13 | batch 1750/1829 | loss=0.8849 | giou=0.3264 | bbox=0.0237 | ce=0.0528 | aux_giou=0.0448 | aux_bbox=0.0025 | aux_ce=0.0054 | mask=1758 | aux_mask=1673 | pos=572 | targets=572 | preds=1125 | centerness=[-5.658, 0.559] | train_seen=3500
2026-05-26 13:57:56 | INFO | Epoch 13 | batch 1800/1829 | loss=1.0190 | giou=0.3999 | bbox=0.0707 | ce=0.0743 | aux_giou=0.0000 | aux_bbox=0.0000 | aux_ce=0.0000 | mask=1041 | aux_mask=2105 | pos=331 | targets=331 | preds=357 | centerness=[-5.316, 1.061] | train_seen=3600
2026-05-26 14:18:33 | INFO | Epoch 13 | train_loss=0.902 | val_loss=1.035 | train_mae=144.867 | val_mae=67.483 | val_rmse=121.57 | test_mae=74.241 | test_rmse=154.94 | time=5062.812s
2026-05-26 14:20:19 | INFO | Epoch 14 | batch 50/1829 | loss=0.7288 | giou=0.3146 | bbox=0.0316 | ce=0.0339 | aux_giou=0.0000 | aux_bbox=0.0000 | aux_ce=0.0000 | mask=1407 | aux_mask=2178 | pos=160 | targets=160 | preds=461 | centerness=[-6.475, 0.493] | train_seen=100
2026-05-26 14:22:05 | INFO | Epoch 14 | batch 100/1829 | loss=0.6389 | giou=0.2741 | bbox=0.0599 | ce=0.0154 | aux_giou=0.0000 | aux_bbox=0.0000 | aux_ce=0.0000 | mask=957 | aux_mask=1694 | pos=44 | targets=44 | preds=123 | centerness=[-10.183, 1.270] | train_seen=200
2026-05-26 14:23:52 | INFO | Epoch 14 | batch 150/1829 | loss=1.2190 | giou=0.5479 | bbox=0.0406 | ce=0.0412 | aux_giou=0.0000 | aux_bbox=0.0000 | aux_ce=0.0000 | mask=2161 | aux_mask=2383 | pos=920 | targets=920 | preds=1462 | centerness=[-6.276, 1.404] | train_seen=300
2026-05-26 14:25:38 | INFO | Epoch 14 | batch 200/1829 | loss=0.8926 | giou=0.3889 | bbox=0.0167 | ce=0.0071 | aux_giou=0.0400 | aux_bbox=0.0027 | aux_ce=0.0005 | mask=1246 | aux_mask=1997 | pos=44 | targets=44 | preds=85 | centerness=[-6.133, 1.047] | train_seen=400
2026-05-26 14:27:24 | INFO | Epoch 14 | batch 250/1829 | loss=0.9857 | giou=0.3972 | bbox=0.0298 | ce=0.0313 | aux_giou=0.0440 | aux_bbox=0.0040 | aux_ce=0.0035 | mask=1248 | aux_mask=1274 | pos=190 | targets=190 | preds=360 | centerness=[-6.065, 1.021] | train_seen=500
2026-05-26 14:29:11 | INFO | Epoch 14 | batch 300/1829 | loss=0.6916 | giou=0.2953 | bbox=0.0499 | ce=0.0256 | aux_giou=0.0000 | aux_bbox=0.0000 | aux_ce=0.0000 | mask=1175 | aux_mask=1416 | pos=64 | targets=64 | preds=398 | centerness=[-7.895, 1.092] | train_seen=600
2026-05-26 14:30:57 | INFO | Epoch 14 | batch 350/1829 | loss=0.8462 | giou=0.3494 | bbox=0.0239 | ce=0.0180 | aux_giou=0.0419 | aux_bbox=0.0018 | aux_ce=0.0010 | mask=1339 | aux_mask=1593 | pos=124 | targets=124 | preds=225 | centerness=[-6.157, 1.417] | train_seen=700
2026-05-26 14:32:43 | INFO | Epoch 14 | batch 400/1829 | loss=1.1005 | giou=0.4733 | bbox=0.0382 | ce=0.0258 | aux_giou=0.0303 | aux_bbox=0.0010 | aux_ce=0.0013 | mask=1361 | aux_mask=1383 | pos=153 | targets=153 | preds=480 | centerness=[-6.133, 1.446] | train_seen=800
2026-05-26 14:34:30 | INFO | Epoch 14 | batch 450/1829 | loss=0.5218 | giou=0.2249 | bbox=0.0487 | ce=0.0117 | aux_giou=0.0000 | aux_bbox=0.0000 | aux_ce=0.0000 | mask=760 | aux_mask=1184 | pos=34 | targets=34 | preds=73 | centerness=[-8.802, 0.718] | train_seen=900
2026-05-26 14:36:16 | INFO | Epoch 14 | batch 500/1829 | loss=0.7873 | giou=0.3502 | bbox=0.0233 | ce=0.0318 | aux_giou=0.0000 | aux_bbox=0.0000 | aux_ce=0.0000 | mask=965 | aux_mask=1190 | pos=140 | targets=140 | preds=346 | centerness=[-5.110, 1.959] | train_seen=1000
2026-05-26 14:38:02 | INFO | Epoch 14 | batch 550/1829 | loss=1.2144 | giou=0.4985 | bbox=0.0298 | ce=0.0379 | aux_giou=0.0498 | aux_bbox=0.0028 | aux_ce=0.0046 | mask=1622 | aux_mask=1696 | pos=433 | targets=433 | preds=833 | centerness=[-4.570, 1.533] | train_seen=1100
2026-05-26 14:39:48 | INFO | Epoch 14 | batch 600/1829 | loss=0.6446 | giou=0.2930 | bbox=0.0346 | ce=0.0120 | aux_giou=0.0000 | aux_bbox=0.0000 | aux_ce=0.0000 | mask=1389 | aux_mask=1916 | pos=84 | targets=84 | preds=185 | centerness=[-5.887, 2.159] | train_seen=1200
2026-05-26 14:41:34 | INFO | Epoch 14 | batch 650/1829 | loss=0.5467 | giou=0.2483 | bbox=0.0242 | ce=0.0129 | aux_giou=0.0000 | aux_bbox=0.0000 | aux_ce=0.0000 | mask=1150 | aux_mask=1269 | pos=80 | targets=80 | preds=177 | centerness=[-4.889, 1.115] | train_seen=1300
2026-05-26 14:43:21 | INFO | Epoch 14 | batch 700/1829 | loss=1.1951 | giou=0.4767 | bbox=0.0289 | ce=0.0469 | aux_giou=0.0518 | aux_bbox=0.0055 | aux_ce=0.0049 | mask=1513 | aux_mask=1267 | pos=512 | targets=512 | preds=577 | centerness=[-4.466, 0.937] | train_seen=1400
2026-05-26 14:45:07 | INFO | Epoch 14 | batch 750/1829 | loss=1.1035 | giou=0.4649 | bbox=0.0174 | ce=0.0256 | aux_giou=0.0486 | aux_bbox=0.0028 | aux_ce=0.0025 | mask=1767 | aux_mask=1984 | pos=138 | targets=138 | preds=563 | centerness=[-3.995, 1.669] | train_seen=1500
2026-05-26 14:46:53 | INFO | Epoch 14 | batch 800/1829 | loss=1.1288 | giou=0.5142 | bbox=0.0442 | ce=0.0281 | aux_giou=0.0000 | aux_bbox=0.0000 | aux_ce=0.0000 | mask=2007 | aux_mask=2001 | pos=432 | targets=432 | preds=620 | centerness=[-5.125, 1.222] | train_seen=1600
2026-05-26 14:48:39 | INFO | Epoch 14 | batch 850/1829 | loss=0.9640 | giou=0.4273 | bbox=0.0348 | ce=0.0373 | aux_giou=0.0000 | aux_bbox=0.0000 | aux_ce=0.0000 | mask=1032 | aux_mask=1135 | pos=120 | targets=120 | preds=328 | centerness=[-4.510, 1.317] | train_seen=1700
2026-05-26 14:50:25 | INFO | Epoch 14 | batch 900/1829 | loss=0.7412 | giou=0.3283 | bbox=0.0343 | ce=0.0252 | aux_giou=0.0000 | aux_bbox=0.0000 | aux_ce=0.0000 | mask=1152 | aux_mask=1491 | pos=219 | targets=219 | preds=343 | centerness=[-5.053, 1.345] | train_seen=1800
2026-05-26 14:52:11 | INFO | Epoch 14 | batch 950/1829 | loss=0.8731 | giou=0.3748 | bbox=0.0445 | ce=0.0396 | aux_giou=0.0000 | aux_bbox=0.0000 | aux_ce=0.0000 | mask=1165 | aux_mask=1437 | pos=385 | targets=385 | preds=507 | centerness=[-8.927, 1.880] | train_seen=1900
2026-05-26 14:53:58 | INFO | Epoch 14 | batch 1000/1829 | loss=0.7237 | giou=0.3292 | bbox=0.0352 | ce=0.0151 | aux_giou=0.0000 | aux_bbox=0.0000 | aux_ce=0.0000 | mask=779 | aux_mask=1250 | pos=60 | targets=60 | preds=94 | centerness=[-8.100, 1.154] | train_seen=2000
2026-05-26 14:55:44 | INFO | Epoch 14 | batch 1050/1829 | loss=0.9198 | giou=0.3765 | bbox=0.1098 | ce=0.0285 | aux_giou=0.0000 | aux_bbox=0.0000 | aux_ce=0.0000 | mask=909 | aux_mask=1667 | pos=51 | targets=51 | preds=119 | centerness=[-8.332, 0.643] | train_seen=2100
2026-05-26 14:57:30 | INFO | Epoch 14 | batch 1100/1829 | loss=0.6985 | giou=0.3044 | bbox=0.0257 | ce=0.0320 | aux_giou=0.0000 | aux_bbox=0.0000 | aux_ce=0.0000 | mask=1309 | aux_mask=1332 | pos=435 | targets=435 | preds=527 | centerness=[-4.839, 1.911] | train_seen=2200
2026-05-26 14:59:16 | INFO | Epoch 14 | batch 1150/1829 | loss=1.1152 | giou=0.4591 | bbox=0.0209 | ce=0.0345 | aux_giou=0.0481 | aux_bbox=0.0041 | aux_ce=0.0034 | mask=1877 | aux_mask=1743 | pos=488 | targets=488 | preds=764 | centerness=[-3.983, 1.535] | train_seen=2300
2026-05-26 15:01:03 | INFO | Epoch 14 | batch 1200/1829 | loss=0.9401 | giou=0.4043 | bbox=0.0382 | ce=0.0467 | aux_giou=0.0000 | aux_bbox=0.0000 | aux_ce=0.0000 | mask=1267 | aux_mask=1416 | pos=220 | targets=220 | preds=398 | centerness=[-5.242, 1.269] | train_seen=2400
2026-05-26 15:02:49 | INFO | Epoch 14 | batch 1250/1829 | loss=0.8162 | giou=0.3612 | bbox=0.0336 | ce=0.0301 | aux_giou=0.0000 | aux_bbox=0.0000 | aux_ce=0.0000 | mask=1154 | aux_mask=1179 | pos=143 | targets=143 | preds=307 | centerness=[-5.960, 2.115] | train_seen=2500
2026-05-26 15:04:35 | INFO | Epoch 14 | batch 1300/1829 | loss=0.9907 | giou=0.4314 | bbox=0.0857 | ce=0.0211 | aux_giou=0.0000 | aux_bbox=0.0000 | aux_ce=0.0000 | mask=862 | aux_mask=769 | pos=36 | targets=36 | preds=221 | centerness=[-7.993, 0.573] | train_seen=2600
2026-05-26 15:06:21 | INFO | Epoch 14 | batch 1350/1829 | loss=1.0089 | giou=0.3955 | bbox=0.0387 | ce=0.0398 | aux_giou=0.0421 | aux_bbox=0.0033 | aux_ce=0.0060 | mask=1404 | aux_mask=1437 | pos=412 | targets=412 | preds=733 | centerness=[-9.139, 1.162] | train_seen=2700
2026-05-26 15:08:08 | INFO | Epoch 14 | batch 1400/1829 | loss=0.9293 | giou=0.4070 | bbox=0.0510 | ce=0.0321 | aux_giou=0.0000 | aux_bbox=0.0000 | aux_ce=0.0000 | mask=1096 | aux_mask=1204 | pos=165 | targets=165 | preds=188 | centerness=[-5.525, 1.092] | train_seen=2800
2026-05-26 15:09:54 | INFO | Epoch 14 | batch 1450/1829 | loss=0.5293 | giou=0.2350 | bbox=0.0381 | ce=0.0107 | aux_giou=0.0000 | aux_bbox=0.0000 | aux_ce=0.0000 | mask=910 | aux_mask=1275 | pos=32 | targets=32 | preds=146 | centerness=[-8.689, 0.690] | train_seen=2900
2026-05-26 15:11:40 | INFO | Epoch 14 | batch 1500/1829 | loss=1.6345 | giou=0.6138 | bbox=0.0316 | ce=0.0752 | aux_giou=0.0978 | aux_bbox=0.0052 | aux_ce=0.0120 | mask=2835 | aux_mask=2655 | pos=716 | targets=716 | preds=2277 | centerness=[-3.697, 0.855] | train_seen=3000
2026-05-26 15:13:27 | INFO | Epoch 14 | batch 1550/1829 | loss=1.0422 | giou=0.4543 | bbox=0.0492 | ce=0.0422 | aux_giou=0.0000 | aux_bbox=0.0000 | aux_ce=0.0000 | mask=1203 | aux_mask=1649 | pos=589 | targets=589 | preds=672 | centerness=[-8.356, 1.793] | train_seen=3100
2026-05-26 15:15:13 | INFO | Epoch 14 | batch 1600/1829 | loss=0.7004 | giou=0.3015 | bbox=0.0512 | ce=0.0231 | aux_giou=0.0000 | aux_bbox=0.0000 | aux_ce=0.0000 | mask=1073 | aux_mask=1303 | pos=108 | targets=108 | preds=212 | centerness=[-7.263, 1.491] | train_seen=3200
2026-05-26 15:16:59 | INFO | Epoch 14 | batch 1650/1829 | loss=0.8677 | giou=0.3923 | bbox=0.0458 | ce=0.0186 | aux_giou=0.0000 | aux_bbox=0.0000 | aux_ce=0.0000 | mask=1015 | aux_mask=1468 | pos=72 | targets=72 | preds=176 | centerness=[-6.586, 0.781] | train_seen=3300
2026-05-26 15:18:46 | INFO | Epoch 14 | batch 1700/1829 | loss=0.8694 | giou=0.3705 | bbox=0.0400 | ce=0.0078 | aux_giou=0.0354 | aux_bbox=0.0014 | aux_ce=0.0003 | mask=808 | aux_mask=1265 | pos=22 | targets=22 | preds=80 | centerness=[-7.870, 1.071] | train_seen=3400
2026-05-26 15:20:32 | INFO | Epoch 14 | batch 1750/1829 | loss=0.6263 | giou=0.2695 | bbox=0.0506 | ce=0.0184 | aux_giou=0.0000 | aux_bbox=0.0000 | aux_ce=0.0000 | mask=946 | aux_mask=1247 | pos=52 | targets=52 | preds=258 | centerness=[-7.775, 0.570] | train_seen=3500
2026-05-26 15:22:18 | INFO | Epoch 14 | batch 1800/1829 | loss=0.7378 | giou=0.3235 | bbox=0.0394 | ce=0.0258 | aux_giou=0.0000 | aux_bbox=0.0000 | aux_ce=0.0000 | mask=952 | aux_mask=1158 | pos=64 | targets=64 | preds=267 | centerness=[-4.881, 0.805] | train_seen=3600
2026-05-26 15:42:52 | INFO | Epoch 14 | train_loss=0.892 | val_loss=1.013 | train_mae=141.185 | val_mae=65.865 | val_rmse=116.31 | test_mae=72.377 | test_rmse=153.19 | time=5058.914s
2026-05-26 15:44:39 | INFO | Epoch 15 | batch 50/1829 | loss=0.9217 | giou=0.3863 | bbox=0.0206 | ce=0.0183 | aux_giou=0.0423 | aux_bbox=0.0020 | aux_ce=0.0027 | mask=1171 | aux_mask=1058 | pos=145 | targets=145 | preds=231 | centerness=[-5.258, 1.116] | train_seen=100
2026-05-26 15:46:25 | INFO | Epoch 15 | batch 100/1829 | loss=0.9639 | giou=0.4205 | bbox=0.0285 | ce=0.0135 | aux_giou=0.0316 | aux_bbox=0.0013 | aux_ce=0.0014 | mask=1364 | aux_mask=1704 | pos=29 | targets=29 | preds=195 | centerness=[-5.552, 1.859] | train_seen=200
2026-05-26 15:48:11 | INFO | Epoch 15 | batch 150/1829 | loss=0.5848 | giou=0.2544 | bbox=0.0338 | ce=0.0211 | aux_giou=0.0000 | aux_bbox=0.0000 | aux_ce=0.0000 | mask=890 | aux_mask=1025 | pos=123 | targets=123 | preds=221 | centerness=[-9.284, 1.144] | train_seen=300
2026-05-26 15:49:57 | INFO | Epoch 15 | batch 200/1829 | loss=0.7957 | giou=0.3421 | bbox=0.0708 | ce=0.0204 | aux_giou=0.0000 | aux_bbox=0.0000 | aux_ce=0.0000 | mask=1008 | aux_mask=1263 | pos=50 | targets=50 | preds=191 | centerness=[-7.609, 1.218] | train_seen=400
2026-05-26 15:51:44 | INFO | Epoch 15 | batch 250/1829 | loss=0.8002 | giou=0.3413 | bbox=0.0666 | ce=0.0255 | aux_giou=0.0000 | aux_bbox=0.0000 | aux_ce=0.0000 | mask=1021 | aux_mask=1414 | pos=98 | targets=98 | preds=270 | centerness=[-8.195, 0.767] | train_seen=500
2026-05-26 15:53:30 | INFO | Epoch 15 | batch 300/1829 | loss=1.1320 | giou=0.4664 | bbox=0.0510 | ce=0.0333 | aux_giou=0.0365 | aux_bbox=0.0030 | aux_ce=0.0028 | mask=1487 | aux_mask=1949 | pos=116 | targets=116 | preds=695 | centerness=[-6.084, 0.661] | train_seen=600
2026-05-26 15:55:16 | INFO | Epoch 15 | batch 350/1829 | loss=0.7262 | giou=0.3144 | bbox=0.0390 | ce=0.0292 | aux_giou=0.0000 | aux_bbox=0.0000 | aux_ce=0.0000 | mask=1282 | aux_mask=1194 | pos=212 | targets=212 | preds=373 | centerness=[-4.752, 2.750] | train_seen=700
2026-05-26 15:57:03 | INFO | Epoch 15 | batch 400/1829 | loss=0.5318 | giou=0.2424 | bbox=0.0254 | ce=0.0108 | aux_giou=0.0000 | aux_bbox=0.0000 | aux_ce=0.0000 | mask=1108 | aux_mask=1101 | pos=121 | targets=121 | preds=137 | centerness=[-6.861, 1.720] | train_seen=800
2026-05-26 15:58:49 | INFO | Epoch 15 | batch 450/1829 | loss=0.7805 | giou=0.3365 | bbox=0.0730 | ce=0.0172 | aux_giou=0.0000 | aux_bbox=0.0000 | aux_ce=0.0000 | mask=993 | aux_mask=1558 | pos=40 | targets=40 | preds=316 | centerness=[-8.934, 0.515] | train_seen=900
2026-05-26 16:00:35 | INFO | Epoch 15 | batch 500/1829 | loss=0.7511 | giou=0.3300 | bbox=0.0568 | ce=0.0171 | aux_giou=0.0000 | aux_bbox=0.0000 | aux_ce=0.0000 | mask=825 | aux_mask=1493 | pos=24 | targets=24 | preds=233 | centerness=[-6.321, 0.183] | train_seen=1000
2026-05-26 16:02:22 | INFO | Epoch 15 | batch 550/1829 | loss=0.6684 | giou=0.3048 | bbox=0.0233 | ce=0.0177 | aux_giou=0.0000 | aux_bbox=0.0000 | aux_ce=0.0000 | mask=1364 | aux_mask=1694 | pos=88 | targets=88 | preds=276 | centerness=[-5.090, 0.388] | train_seen=1100
2026-05-26 16:04:08 | INFO | Epoch 15 | batch 600/1829 | loss=0.8335 | giou=0.3642 | bbox=0.0307 | ce=0.0372 | aux_giou=0.0000 | aux_bbox=0.0000 | aux_ce=0.0000 | mask=1299 | aux_mask=1435 | pos=204 | targets=204 | preds=359 | centerness=[-5.908, 0.770] | train_seen=1200
2026-05-26 16:05:54 | INFO | Epoch 15 | batch 650/1829 | loss=0.5396 | giou=0.2448 | bbox=0.0234 | ce=0.0133 | aux_giou=0.0000 | aux_bbox=0.0000 | aux_ce=0.0000 | mask=981 | aux_mask=1109 | pos=73 | targets=73 | preds=144 | centerness=[-5.367, 2.224] | train_seen=1300
2026-05-26 16:07:40 | INFO | Epoch 15 | batch 700/1829 | loss=0.8045 | giou=0.3472 | bbox=0.0294 | ce=0.0404 | aux_giou=0.0000 | aux_bbox=0.0000 | aux_ce=0.0000 | mask=912 | aux_mask=1144 | pos=182 | targets=182 | preds=340 | centerness=[-4.692, 1.490] | train_seen=1400
2026-05-26 16:09:26 | INFO | Epoch 15 | batch 750/1829 | loss=1.0698 | giou=0.4838 | bbox=0.0539 | ce=0.0241 | aux_giou=0.0000 | aux_bbox=0.0000 | aux_ce=0.0000 | mask=1024 | aux_mask=1234 | pos=45 | targets=45 | preds=421 | centerness=[-6.008, 0.217] | train_seen=1500
2026-05-26 16:11:13 | INFO | Epoch 15 | batch 800/1829 | loss=0.6091 | giou=0.2650 | bbox=0.0404 | ce=0.0194 | aux_giou=0.0000 | aux_bbox=0.0000 | aux_ce=0.0000 | mask=1054 | aux_mask=1315 | pos=152 | targets=152 | preds=219 | centerness=[-7.939, 1.458] | train_seen=1600
2026-05-26 16:12:59 | INFO | Epoch 15 | batch 850/1829 | loss=0.7749 | giou=0.3467 | bbox=0.0297 | ce=0.0259 | aux_giou=0.0000 | aux_bbox=0.0000 | aux_ce=0.0000 | mask=1571 | aux_mask=1537 | pos=238 | targets=238 | preds=719 | centerness=[-6.559, 1.189] | train_seen=1700
2026-05-26 16:14:45 | INFO | Epoch 15 | batch 900/1829 | loss=0.8883 | giou=0.3934 | bbox=0.0521 | ce=0.0247 | aux_giou=0.0000 | aux_bbox=0.0000 | aux_ce=0.0000 | mask=1720 | aux_mask=1563 | pos=172 | targets=172 | preds=578 | centerness=[-7.342, 1.397] | train_seen=1800
2026-05-26 16:16:31 | INFO | Epoch 15 | batch 950/1829 | loss=0.6289 | giou=0.2799 | bbox=0.0296 | ce=0.0198 | aux_giou=0.0000 | aux_bbox=0.0000 | aux_ce=0.0000 | mask=909 | aux_mask=1215 | pos=102 | targets=102 | preds=139 | centerness=[-8.466, 1.448] | train_seen=1900
2026-05-26 16:18:18 | INFO | Epoch 15 | batch 1000/1829 | loss=0.6648 | giou=0.3038 | bbox=0.0240 | ce=0.0167 | aux_giou=0.0000 | aux_bbox=0.0000 | aux_ce=0.0000 | mask=1085 | aux_mask=1455 | pos=94 | targets=94 | preds=218 | centerness=[-4.556, 1.553] | train_seen=2000
2026-05-26 16:20:04 | INFO | Epoch 15 | batch 1050/1829 | loss=0.7366 | giou=0.3025 | bbox=0.0381 | ce=0.0468 | aux_giou=0.0000 | aux_bbox=0.0000 | aux_ce=0.0000 | mask=1010 | aux_mask=1052 | pos=130 | targets=130 | preds=343 | centerness=[-6.484, 1.176] | train_seen=2100
2026-05-26 16:21:50 | INFO | Epoch 15 | batch 1100/1829 | loss=1.0089 | giou=0.4372 | bbox=0.0559 | ce=0.0393 | aux_giou=0.0000 | aux_bbox=0.0000 | aux_ce=0.0000 | mask=1568 | aux_mask=1952 | pos=304 | targets=304 | preds=696 | centerness=[-5.731, 1.146] | train_seen=2200
2026-05-26 16:23:36 | INFO | Epoch 15 | batch 1150/1829 | loss=0.8985 | giou=0.3422 | bbox=0.0213 | ce=0.0347 | aux_giou=0.0554 | aux_bbox=0.0027 | aux_ce=0.0049 | mask=2058 | aux_mask=2253 | pos=196 | targets=196 | preds=1421 | centerness=[-5.082, 1.064] | train_seen=2300
2026-05-26 16:25:23 | INFO | Epoch 15 | batch 1200/1829 | loss=0.6874 | giou=0.3028 | bbox=0.0473 | ce=0.0173 | aux_giou=0.0000 | aux_bbox=0.0000 | aux_ce=0.0000 | mask=818 | aux_mask=1060 | pos=109 | targets=109 | preds=194 | centerness=[-8.812, 1.745] | train_seen=2400
2026-05-26 16:27:09 | INFO | Epoch 15 | batch 1250/1829 | loss=0.6474 | giou=0.2772 | bbox=0.0413 | ce=0.0258 | aux_giou=0.0000 | aux_bbox=0.0000 | aux_ce=0.0000 | mask=1080 | aux_mask=1325 | pos=130 | targets=130 | preds=233 | centerness=[-6.553, 0.978] | train_seen=2500
2026-05-26 16:28:55 | INFO | Epoch 15 | batch 1300/1829 | loss=1.0591 | giou=0.4913 | bbox=0.0442 | ce=0.0162 | aux_giou=0.0000 | aux_bbox=0.0000 | aux_ce=0.0000 | mask=1359 | aux_mask=1522 | pos=165 | targets=165 | preds=320 | centerness=[-6.735, 1.178] | train_seen=2600
2026-05-26 16:30:41 | INFO | Epoch 15 | batch 1350/1829 | loss=0.8203 | giou=0.3908 | bbox=0.0182 | ce=0.0103 | aux_giou=0.0000 | aux_bbox=0.0000 | aux_ce=0.0000 | mask=1182 | aux_mask=1572 | pos=40 | targets=40 | preds=140 | centerness=[-5.041, 1.554] | train_seen=2700
2026-05-26 16:32:27 | INFO | Epoch 15 | batch 1400/1829 | loss=0.9086 | giou=0.3601 | bbox=0.0547 | ce=0.0253 | aux_giou=0.0351 | aux_bbox=0.0061 | aux_ce=0.0034 | mask=1030 | aux_mask=1448 | pos=112 | targets=112 | preds=275 | centerness=[-7.065, 0.791] | train_seen=2800
2026-05-26 16:34:13 | INFO | Epoch 15 | batch 1450/1829 | loss=1.2370 | giou=0.4549 | bbox=0.0219 | ce=0.0467 | aux_giou=0.0951 | aux_bbox=0.0054 | aux_ce=0.0081 | mask=1637 | aux_mask=1983 | pos=516 | targets=516 | preds=943 | centerness=[-4.491, 1.500] | train_seen=2900
2026-05-26 16:36:00 | INFO | Epoch 15 | batch 1500/1829 | loss=0.5381 | giou=0.2277 | bbox=0.0430 | ce=0.0199 | aux_giou=0.0000 | aux_bbox=0.0000 | aux_ce=0.0000 | mask=864 | aux_mask=963 | pos=91 | targets=91 | preds=195 | centerness=[-8.109, 2.169] | train_seen=3000
2026-05-26 16:37:46 | INFO | Epoch 15 | batch 1550/1829 | loss=1.1028 | giou=0.4714 | bbox=0.0355 | ce=0.0623 | aux_giou=0.0000 | aux_bbox=0.0000 | aux_ce=0.0000 | mask=1593 | aux_mask=1769 | pos=420 | targets=420 | preds=881 | centerness=[-4.418, 0.903] | train_seen=3100
2026-05-26 16:39:32 | INFO | Epoch 15 | batch 1600/1829 | loss=1.1369 | giou=0.4844 | bbox=0.0300 | ce=0.0345 | aux_giou=0.0307 | aux_bbox=0.0026 | aux_ce=0.0026 | mask=1135 | aux_mask=1256 | pos=164 | targets=164 | preds=543 | centerness=[-5.930, 1.281] | train_seen=3200
2026-05-26 16:41:18 | INFO | Epoch 15 | batch 1650/1829 | loss=1.0514 | giou=0.4735 | bbox=0.0318 | ce=0.0363 | aux_giou=0.0000 | aux_bbox=0.0000 | aux_ce=0.0000 | mask=1600 | aux_mask=1759 | pos=240 | targets=240 | preds=796 | centerness=[-5.875, 0.854] | train_seen=3300
2026-05-26 16:43:05 | INFO | Epoch 15 | batch 1700/1829 | loss=0.8278 | giou=0.3571 | bbox=0.0629 | ce=0.0253 | aux_giou=0.0000 | aux_bbox=0.0000 | aux_ce=0.0000 | mask=860 | aux_mask=1084 | pos=56 | targets=56 | preds=123 | centerness=[-8.915, 0.569] | train_seen=3400
2026-05-26 16:44:51 | INFO | Epoch 15 | batch 1750/1829 | loss=0.6465 | giou=0.2809 | bbox=0.0457 | ce=0.0195 | aux_giou=0.0000 | aux_bbox=0.0000 | aux_ce=0.0000 | mask=763 | aux_mask=1224 | pos=46 | targets=46 | preds=134 | centerness=[-11.655, 1.265] | train_seen=3500
2026-05-26 16:46:37 | INFO | Epoch 15 | batch 1800/1829 | loss=0.8324 | giou=0.3619 | bbox=0.0302 | ce=0.0393 | aux_giou=0.0000 | aux_bbox=0.0000 | aux_ce=0.0000 | mask=1630 | aux_mask=1691 | pos=252 | targets=252 | preds=537 | centerness=[-4.019, 1.179] | train_seen=3600
2026-05-26 17:07:12 | INFO | Epoch 15 | train_loss=0.885 | val_loss=0.999 | train_mae=133.769 | val_mae=74.391 | val_rmse=135.41 | test_mae=80.745 | test_rmse=171.91 | time=5058.747s
2026-05-26 17:08:58 | INFO | Epoch 16 | batch 50/1829 | loss=0.9341 | giou=0.4226 | bbox=0.0336 | ce=0.0276 | aux_giou=0.0000 | aux_bbox=0.0000 | aux_ce=0.0000 | mask=2028 | aux_mask=2231 | pos=344 | targets=344 | preds=476 | centerness=[-5.060, 1.173] | train_seen=100
2026-05-26 17:10:45 | INFO | Epoch 16 | batch 100/1829 | loss=0.9201 | giou=0.4077 | bbox=0.0444 | ce=0.0301 | aux_giou=0.0000 | aux_bbox=0.0000 | aux_ce=0.0000 | mask=1147 | aux_mask=1380 | pos=75 | targets=75 | preds=341 | centerness=[-6.332, 0.255] | train_seen=200
2026-05-26 17:12:31 | INFO | Epoch 16 | batch 150/1829 | loss=0.9455 | giou=0.3987 | bbox=0.0451 | ce=0.0515 | aux_giou=0.0000 | aux_bbox=0.0000 | aux_ce=0.0000 | mask=1084 | aux_mask=1292 | pos=164 | targets=164 | preds=349 | centerness=[-5.500, 0.830] | train_seen=300
2026-05-26 17:14:17 | INFO | Epoch 16 | batch 200/1829 | loss=0.8166 | giou=0.3669 | bbox=0.0563 | ce=0.0133 | aux_giou=0.0000 | aux_bbox=0.0000 | aux_ce=0.0000 | mask=930 | aux_mask=924 | pos=21 | targets=21 | preds=123 | centerness=[-8.527, 1.779] | train_seen=400
2026-05-26 17:16:03 | INFO | Epoch 16 | batch 250/1829 | loss=1.1933 | giou=0.4693 | bbox=0.0273 | ce=0.0572 | aux_giou=0.0489 | aux_bbox=0.0022 | aux_ce=0.0065 | mask=2894 | aux_mask=2841 | pos=1292 | targets=1292 | preds=2379 | centerness=[-4.614, 0.934] | train_seen=500
2026-05-26 17:17:50 | INFO | Epoch 16 | batch 300/1829 | loss=0.9252 | giou=0.3844 | bbox=0.0960 | ce=0.0302 | aux_giou=0.0000 | aux_bbox=0.0000 | aux_ce=0.0000 | mask=1379 | aux_mask=1668 | pos=168 | targets=168 | preds=273 | centerness=[-7.364, 0.698] | train_seen=600
2026-05-26 17:19:36 | INFO | Epoch 16 | batch 350/1829 | loss=0.8169 | giou=0.3580 | bbox=0.0510 | ce=0.0249 | aux_giou=0.0000 | aux_bbox=0.0000 | aux_ce=0.0000 | mask=1071 | aux_mask=1442 | pos=76 | targets=76 | preds=189 | centerness=[-6.310, 1.051] | train_seen=700
2026-05-26 17:21:22 | INFO | Epoch 16 | batch 400/1829 | loss=1.1299 | giou=0.4830 | bbox=0.0241 | ce=0.0262 | aux_giou=0.0428 | aux_bbox=0.0014 | aux_ce=0.0001 | mask=1042 | aux_mask=1682 | pos=123 | targets=123 | preds=249 | centerness=[-5.319, 1.488] | train_seen=800
2026-05-26 17:23:08 | INFO | Epoch 16 | batch 450/1829 | loss=0.7733 | giou=0.3298 | bbox=0.0568 | ce=0.0285 | aux_giou=0.0000 | aux_bbox=0.0000 | aux_ce=0.0000 | mask=1202 | aux_mask=1389 | pos=91 | targets=91 | preds=202 | centerness=[-8.790, 0.781] | train_seen=900
2026-05-26 17:24:55 | INFO | Epoch 16 | batch 500/1829 | loss=0.7356 | giou=0.3270 | bbox=0.0370 | ce=0.0222 | aux_giou=0.0000 | aux_bbox=0.0000 | aux_ce=0.0000 | mask=1079 | aux_mask=1292 | pos=191 | targets=191 | preds=255 | centerness=[-8.891, 1.670] | train_seen=1000
2026-05-26 17:26:41 | INFO | Epoch 16 | batch 550/1829 | loss=0.5766 | giou=0.2554 | bbox=0.0211 | ce=0.0223 | aux_giou=0.0000 | aux_bbox=0.0000 | aux_ce=0.0000 | mask=1065 | aux_mask=1075 | pos=155 | targets=155 | preds=289 | centerness=[-5.270, 1.716] | train_seen=1100
2026-05-26 17:28:27 | INFO | Epoch 16 | batch 600/1829 | loss=0.5418 | giou=0.2458 | bbox=0.0288 | ce=0.0107 | aux_giou=0.0000 | aux_bbox=0.0000 | aux_ce=0.0000 | mask=1155 | aux_mask=1199 | pos=108 | targets=108 | preds=129 | centerness=[-7.964, 1.349] | train_seen=1200
2026-05-26 17:30:14 | INFO | Epoch 16 | batch 650/1829 | loss=0.7858 | giou=0.3421 | bbox=0.0203 | ce=0.0406 | aux_giou=0.0000 | aux_bbox=0.0000 | aux_ce=0.0000 | mask=1703 | aux_mask=1740 | pos=378 | targets=378 | preds=1049 | centerness=[-5.003, 1.049] | train_seen=1300
2026-05-26 17:32:00 | INFO | Epoch 16 | batch 700/1829 | loss=0.8098 | giou=0.3213 | bbox=0.0334 | ce=0.0227 | aux_giou=0.0383 | aux_bbox=0.0039 | aux_ce=0.0039 | mask=1129 | aux_mask=1171 | pos=120 | targets=120 | preds=519 | centerness=[-4.688, 1.261] | train_seen=1400
2026-05-26 17:33:46 | INFO | Epoch 16 | batch 750/1829 | loss=0.8334 | giou=0.3763 | bbox=0.0463 | ce=0.0172 | aux_giou=0.0000 | aux_bbox=0.0000 | aux_ce=0.0000 | mask=927 | aux_mask=1133 | pos=80 | targets=80 | preds=175 | centerness=[-6.543, 1.487] | train_seen=1500
2026-05-26 17:35:33 | INFO | Epoch 16 | batch 800/1829 | loss=1.0695 | giou=0.4340 | bbox=0.0310 | ce=0.0388 | aux_giou=0.0404 | aux_bbox=0.0013 | aux_ce=0.0053 | mask=2298 | aux_mask=1992 | pos=112 | targets=112 | preds=1588 | centerness=[-5.367, 1.284] | train_seen=1600
2026-05-26 17:37:19 | INFO | Epoch 16 | batch 850/1829 | loss=0.8673 | giou=0.3929 | bbox=0.0418 | ce=0.0198 | aux_giou=0.0000 | aux_bbox=0.0000 | aux_ce=0.0000 | mask=1187 | aux_mask=1050 | pos=179 | targets=179 | preds=310 | centerness=[-7.180, 1.700] | train_seen=1700
2026-05-26 17:39:05 | INFO | Epoch 16 | batch 900/1829 | loss=0.9050 | giou=0.3363 | bbox=0.0424 | ce=0.0484 | aux_giou=0.0393 | aux_bbox=0.0035 | aux_ce=0.0056 | mask=2103 | aux_mask=2298 | pos=424 | targets=424 | preds=1147 | centerness=[-7.616, 0.547] | train_seen=1800
2026-05-26 17:40:51 | INFO | Epoch 16 | batch 950/1829 | loss=0.9028 | giou=0.3629 | bbox=0.0415 | ce=0.0341 | aux_giou=0.0283 | aux_bbox=0.0052 | aux_ce=0.0027 | mask=1555 | aux_mask=1286 | pos=256 | targets=256 | preds=590 | centerness=[-8.430, 1.418] | train_seen=1900
2026-05-26 17:42:38 | INFO | Epoch 16 | batch 1000/1829 | loss=0.8271 | giou=0.3519 | bbox=0.0278 | ce=0.0137 | aux_giou=0.0321 | aux_bbox=0.0012 | aux_ce=0.0014 | mask=1005 | aux_mask=1221 | pos=23 | targets=23 | preds=123 | centerness=[-7.428, 1.551] | train_seen=2000
2026-05-26 17:44:24 | INFO | Epoch 16 | batch 1050/1829 | loss=0.9717 | giou=0.4361 | bbox=0.0425 | ce=0.0285 | aux_giou=0.0000 | aux_bbox=0.0000 | aux_ce=0.0000 | mask=1008 | aux_mask=1103 | pos=135 | targets=135 | preds=285 | centerness=[-7.343, 0.854] | train_seen=2100
2026-05-26 17:46:10 | INFO | Epoch 16 | batch 1100/1829 | loss=0.7925 | giou=0.3623 | bbox=0.0389 | ce=0.0145 | aux_giou=0.0000 | aux_bbox=0.0000 | aux_ce=0.0000 | mask=1336 | aux_mask=1601 | pos=60 | targets=60 | preds=238 | centerness=[-5.789, 1.092] | train_seen=2200
2026-05-26 17:47:56 | INFO | Epoch 16 | batch 1150/1829 | loss=0.5438 | giou=0.2405 | bbox=0.0435 | ce=0.0097 | aux_giou=0.0000 | aux_bbox=0.0000 | aux_ce=0.0000 | mask=970 | aux_mask=1147 | pos=28 | targets=28 | preds=52 | centerness=[-8.765, 2.383] | train_seen=2300
2026-05-26 17:49:42 | INFO | Epoch 16 | batch 1200/1829 | loss=0.7425 | giou=0.2948 | bbox=0.0245 | ce=0.0280 | aux_giou=0.0307 | aux_bbox=0.0020 | aux_ce=0.0044 | mask=2067 | aux_mask=2666 | pos=324 | targets=324 | preds=854 | centerness=[-9.401, 0.499] | train_seen=2400
2026-05-26 17:51:29 | INFO | Epoch 16 | batch 1250/1829 | loss=1.3011 | giou=0.5321 | bbox=0.0395 | ce=0.0987 | aux_giou=0.0000 | aux_bbox=0.0000 | aux_ce=0.0000 | mask=1620 | aux_mask=1307 | pos=541 | targets=541 | preds=857 | centerness=[-4.220, 1.486] | train_seen=2500
2026-05-26 17:53:15 | INFO | Epoch 16 | batch 1300/1829 | loss=0.7048 | giou=0.3101 | bbox=0.0420 | ce=0.0213 | aux_giou=0.0000 | aux_bbox=0.0000 | aux_ce=0.0000 | mask=903 | aux_mask=1255 | pos=104 | targets=104 | preds=228 | centerness=[-6.953, 1.199] | train_seen=2600
2026-05-26 17:55:01 | INFO | Epoch 16 | batch 1350/1829 | loss=0.6795 | giou=0.2907 | bbox=0.0376 | ce=0.0303 | aux_giou=0.0000 | aux_bbox=0.0000 | aux_ce=0.0000 | mask=1404 | aux_mask=1525 | pos=196 | targets=196 | preds=531 | centerness=[-8.677, 1.323] | train_seen=2700
2026-05-26 17:56:47 | INFO | Epoch 16 | batch 1400/1829 | loss=0.9577 | giou=0.4173 | bbox=0.0278 | ce=0.0056 | aux_giou=0.0408 | aux_bbox=0.0018 | aux_ce=0.0005 | mask=1361 | aux_mask=2012 | pos=68 | targets=68 | preds=72 | centerness=[-7.074, 1.586] | train_seen=2800
2026-05-26 17:58:33 | INFO | Epoch 16 | batch 1450/1829 | loss=0.5433 | giou=0.2357 | bbox=0.0517 | ce=0.0101 | aux_giou=0.0000 | aux_bbox=0.0000 | aux_ce=0.0000 | mask=992 | aux_mask=1502 | pos=38 | targets=38 | preds=89 | centerness=[-9.184, 0.595] | train_seen=2900
2026-05-26 18:00:20 | INFO | Epoch 16 | batch 1500/1829 | loss=0.6505 | giou=0.2847 | bbox=0.0436 | ce=0.0188 | aux_giou=0.0000 | aux_bbox=0.0000 | aux_ce=0.0000 | mask=844 | aux_mask=1154 | pos=41 | targets=41 | preds=165 | centerness=[-7.569, 0.894] | train_seen=3000
2026-05-26 18:02:06 | INFO | Epoch 16 | batch 1550/1829 | loss=1.1014 | giou=0.4554 | bbox=0.0343 | ce=0.0276 | aux_giou=0.0490 | aux_bbox=0.0019 | aux_ce=0.0006 | mask=1329 | aux_mask=1894 | pos=156 | targets=156 | preds=343 | centerness=[-6.097, 1.057] | train_seen=3100
2026-05-26 18:03:52 | INFO | Epoch 16 | batch 1600/1829 | loss=0.9242 | giou=0.3918 | bbox=0.0233 | ce=0.0166 | aux_giou=0.0406 | aux_bbox=0.0019 | aux_ce=0.0005 | mask=978 | aux_mask=1515 | pos=150 | targets=150 | preds=218 | centerness=[-5.124, 1.419] | train_seen=3200
2026-05-26 18:05:38 | INFO | Epoch 16 | batch 1650/1829 | loss=0.7780 | giou=0.3210 | bbox=0.0323 | ce=0.0519 | aux_giou=0.0000 | aux_bbox=0.0000 | aux_ce=0.0000 | mask=1465 | aux_mask=1552 | pos=384 | targets=384 | preds=427 | centerness=[-5.512, 1.689] | train_seen=3300
2026-05-26 18:07:24 | INFO | Epoch 16 | batch 1700/1829 | loss=0.8124 | giou=0.3566 | bbox=0.0709 | ce=0.0141 | aux_giou=0.0000 | aux_bbox=0.0000 | aux_ce=0.0000 | mask=1115 | aux_mask=1662 | pos=55 | targets=55 | preds=150 | centerness=[-6.827, 0.959] | train_seen=3400
2026-05-26 18:09:11 | INFO | Epoch 16 | batch 1750/1829 | loss=1.4426 | giou=0.5679 | bbox=0.0373 | ce=0.0724 | aux_giou=0.0533 | aux_bbox=0.0044 | aux_ce=0.0069 | mask=2868 | aux_mask=2638 | pos=836 | targets=836 | preds=1980 | centerness=[-4.394, 1.008] | train_seen=3500
2026-05-26 18:10:57 | INFO | Epoch 16 | batch 1800/1829 | loss=0.9260 | giou=0.4103 | bbox=0.0482 | ce=0.0287 | aux_giou=0.0000 | aux_bbox=0.0000 | aux_ce=0.0000 | mask=1271 | aux_mask=1525 | pos=119 | targets=119 | preds=304 | centerness=[-7.568, 0.408] | train_seen=3600
2026-05-26 18:31:32 | INFO | Epoch 16 | train_loss=0.868 | val_loss=0.988 | train_mae=127.988 | val_mae=74.205 | val_rmse=125.33 | test_mae=83.448 | test_rmse=167.58 | time=5059.508s
2026-05-26 18:33:19 | INFO | Epoch 17 | batch 50/1829 | loss=1.0045 | giou=0.4154 | bbox=0.0279 | ce=0.0211 | aux_giou=0.0456 | aux_bbox=0.0019 | aux_ce=0.0052 | mask=1201 | aux_mask=1471 | pos=150 | targets=150 | preds=395 | centerness=[-6.827, 0.384] | train_seen=100
2026-05-26 18:35:05 | INFO | Epoch 17 | batch 100/1829 | loss=0.9450 | giou=0.4224 | bbox=0.0400 | ce=0.0301 | aux_giou=0.0000 | aux_bbox=0.0000 | aux_ce=0.0000 | mask=1311 | aux_mask=1429 | pos=204 | targets=204 | preds=321 | centerness=[-5.481, 1.957] | train_seen=200
2026-05-26 18:36:52 | INFO | Epoch 17 | batch 150/1829 | loss=0.7240 | giou=0.3287 | bbox=0.0332 | ce=0.0167 | aux_giou=0.0000 | aux_bbox=0.0000 | aux_ce=0.0000 | mask=1085 | aux_mask=1445 | pos=35 | targets=35 | preds=243 | centerness=[-8.311, 1.173] | train_seen=300
2026-05-26 18:38:38 | INFO | Epoch 17 | batch 200/1829 | loss=0.8710 | giou=0.3891 | bbox=0.0376 | ce=0.0276 | aux_giou=0.0000 | aux_bbox=0.0000 | aux_ce=0.0000 | mask=1344 | aux_mask=1506 | pos=197 | targets=197 | preds=594 | centerness=[-7.470, 1.289] | train_seen=400
2026-05-26 18:40:24 | INFO | Epoch 17 | batch 250/1829 | loss=1.1182 | giou=0.4891 | bbox=0.0180 | ce=0.0148 | aux_giou=0.0446 | aux_bbox=0.0017 | aux_ce=0.0007 | mask=1866 | aux_mask=2273 | pos=126 | targets=126 | preds=474 | centerness=[-5.161, 2.068] | train_seen=500
2026-05-26 18:42:14 | INFO | Epoch 17 | batch 300/1829 | loss=0.9210 | giou=0.3898 | bbox=0.0195 | ce=0.0173 | aux_giou=0.0417 | aux_bbox=0.0019 | aux_ce=0.0011 | mask=1539 | aux_mask=1654 | pos=169 | targets=169 | preds=479 | centerness=[-5.643, 2.369] | train_seen=600
2026-05-26 18:44:03 | INFO | Epoch 17 | batch 350/1829 | loss=0.7514 | giou=0.3554 | bbox=0.0281 | ce=0.0063 | aux_giou=0.0000 | aux_bbox=0.0000 | aux_ce=0.0000 | mask=910 | aux_mask=1329 | pos=43 | targets=43 | preds=56 | centerness=[-5.784, 0.996] | train_seen=700
2026-05-26 18:45:50 | INFO | Epoch 17 | batch 400/1829 | loss=0.6618 | giou=0.2862 | bbox=0.0370 | ce=0.0262 | aux_giou=0.0000 | aux_bbox=0.0000 | aux_ce=0.0000 | mask=911 | aux_mask=1077 | pos=134 | targets=134 | preds=168 | centerness=[-6.106, 1.941] | train_seen=800
2026-05-26 18:47:36 | INFO | Epoch 17 | batch 450/1829 | loss=1.1396 | giou=0.4697 | bbox=0.0291 | ce=0.0332 | aux_giou=0.0470 | aux_bbox=0.0026 | aux_ce=0.0041 | mask=1671 | aux_mask=1835 | pos=102 | targets=102 | preds=924 | centerness=[-4.954, 1.185] | train_seen=900
2026-05-26 18:49:22 | INFO | Epoch 17 | batch 500/1829 | loss=1.0174 | giou=0.4067 | bbox=0.0582 | ce=0.0205 | aux_giou=0.0492 | aux_bbox=0.0035 | aux_ce=0.0015 | mask=1201 | aux_mask=1744 | pos=94 | targets=94 | preds=245 | centerness=[-8.218, 0.789] | train_seen=1000
2026-05-26 18:51:09 | INFO | Epoch 17 | batch 550/1829 | loss=0.9866 | giou=0.4030 | bbox=0.0319 | ce=0.0337 | aux_giou=0.0363 | aux_bbox=0.0017 | aux_ce=0.0035 | mask=1610 | aux_mask=1770 | pos=277 | targets=277 | preds=528 | centerness=[-5.241, 1.338] | train_seen=1100
2026-05-26 18:52:55 | INFO | Epoch 17 | batch 600/1829 | loss=1.0515 | giou=0.4735 | bbox=0.0252 | ce=0.0397 | aux_giou=0.0000 | aux_bbox=0.0000 | aux_ce=0.0000 | mask=2060 | aux_mask=2196 | pos=516 | targets=516 | preds=1133 | centerness=[-4.366, 1.427] | train_seen=1200
2026-05-26 18:54:41 | INFO | Epoch 17 | batch 650/1829 | loss=0.8053 | giou=0.3634 | bbox=0.0224 | ce=0.0280 | aux_giou=0.0000 | aux_bbox=0.0000 | aux_ce=0.0000 | mask=1636 | aux_mask=1867 | pos=162 | targets=162 | preds=433 | centerness=[-5.281, 1.856] | train_seen=1300
2026-05-26 18:56:27 | INFO | Epoch 17 | batch 700/1829 | loss=0.9148 | giou=0.3840 | bbox=0.0673 | ce=0.0398 | aux_giou=0.0000 | aux_bbox=0.0000 | aux_ce=0.0000 | mask=1295 | aux_mask=1469 | pos=241 | targets=241 | preds=240 | centerness=[-8.709, 1.625] | train_seen=1400
2026-05-26 18:58:13 | INFO | Epoch 17 | batch 750/1829 | loss=0.8695 | giou=0.3893 | bbox=0.0516 | ce=0.0196 | aux_giou=0.0000 | aux_bbox=0.0000 | aux_ce=0.0000 | mask=1052 | aux_mask=1681 | pos=70 | targets=70 | preds=141 | centerness=[-7.285, 0.800] | train_seen=1500
2026-05-26 19:00:00 | INFO | Epoch 17 | batch 800/1829 | loss=1.0205 | giou=0.3980 | bbox=0.0504 | ce=0.0350 | aux_giou=0.0447 | aux_bbox=0.0020 | aux_ce=0.0063 | mask=2497 | aux_mask=2487 | pos=443 | targets=443 | preds=1855 | centerness=[-9.253, 1.228] | train_seen=1600
2026-05-26 19:01:46 | INFO | Epoch 17 | batch 850/1829 | loss=0.6343 | giou=0.2770 | bbox=0.0488 | ce=0.0158 | aux_giou=0.0000 | aux_bbox=0.0000 | aux_ce=0.0000 | mask=817 | aux_mask=1532 | pos=70 | targets=70 | preds=113 | centerness=[-8.662, 1.351] | train_seen=1700
2026-05-26 19:03:32 | INFO | Epoch 17 | batch 900/1829 | loss=1.0289 | giou=0.4643 | bbox=0.0355 | ce=0.0324 | aux_giou=0.0000 | aux_bbox=0.0000 | aux_ce=0.0000 | mask=1412 | aux_mask=1947 | pos=390 | targets=390 | preds=457 | centerness=[-6.246, 1.055] | train_seen=1800
2026-05-26 19:05:19 | INFO | Epoch 17 | batch 950/1829 | loss=0.7275 | giou=0.3209 | bbox=0.0359 | ce=0.0249 | aux_giou=0.0000 | aux_bbox=0.0000 | aux_ce=0.0000 | mask=792 | aux_mask=905 | pos=81 | targets=81 | preds=151 | centerness=[-9.092, 0.997] | train_seen=1900
2026-05-26 19:07:05 | INFO | Epoch 17 | batch 1000/1829 | loss=0.5539 | giou=0.2463 | bbox=0.0466 | ce=0.0074 | aux_giou=0.0000 | aux_bbox=0.0000 | aux_ce=0.0000 | mask=1164 | aux_mask=1435 | pos=24 | targets=24 | preds=62 | centerness=[-8.861, 1.058] | train_seen=2000
2026-05-26 19:08:52 | INFO | Epoch 17 | batch 1050/1829 | loss=1.2601 | giou=0.5028 | bbox=0.0309 | ce=0.0494 | aux_giou=0.0567 | aux_bbox=0.0025 | aux_ce=0.0044 | mask=2549 | aux_mask=2657 | pos=400 | targets=400 | preds=1796 | centerness=[-4.069, 1.240] | train_seen=2100
2026-05-26 19:10:38 | INFO | Epoch 17 | batch 1100/1829 | loss=0.7339 | giou=0.3253 | bbox=0.0414 | ce=0.0210 | aux_giou=0.0000 | aux_bbox=0.0000 | aux_ce=0.0000 | mask=1611 | aux_mask=2046 | pos=187 | targets=187 | preds=211 | centerness=[-6.386, 1.318] | train_seen=2200
2026-05-26 19:12:24 | INFO | Epoch 17 | batch 1150/1829 | loss=0.8343 | giou=0.3609 | bbox=0.0430 | ce=0.0348 | aux_giou=0.0000 | aux_bbox=0.0000 | aux_ce=0.0000 | mask=1047 | aux_mask=1451 | pos=167 | targets=167 | preds=169 | centerness=[-6.788, 1.514] | train_seen=2300
2026-05-26 19:14:10 | INFO | Epoch 17 | batch 1200/1829 | loss=1.2258 | giou=0.5272 | bbox=0.0478 | ce=0.0618 | aux_giou=0.0000 | aux_bbox=0.0000 | aux_ce=0.0000 | mask=1807 | aux_mask=2113 | pos=838 | targets=838 | preds=863 | centerness=[-3.827, 1.453] | train_seen=2400
2026-05-26 19:15:57 | INFO | Epoch 17 | batch 1250/1829 | loss=0.9044 | giou=0.4065 | bbox=0.0245 | ce=0.0334 | aux_giou=0.0000 | aux_bbox=0.0000 | aux_ce=0.0000 | mask=1836 | aux_mask=1636 | pos=290 | targets=290 | preds=731 | centerness=[-4.317, 1.204] | train_seen=2500
2026-05-26 19:17:43 | INFO | Epoch 17 | batch 1300/1829 | loss=0.5610 | giou=0.2362 | bbox=0.0498 | ce=0.0194 | aux_giou=0.0000 | aux_bbox=0.0000 | aux_ce=0.0000 | mask=613 | aux_mask=844 | pos=61 | targets=61 | preds=73 | centerness=[-9.401, 1.833] | train_seen=2600
2026-05-26 19:19:29 | INFO | Epoch 17 | batch 1350/1829 | loss=0.7778 | giou=0.3378 | bbox=0.0562 | ce=0.0230 | aux_giou=0.0000 | aux_bbox=0.0000 | aux_ce=0.0000 | mask=747 | aux_mask=850 | pos=232 | targets=232 | preds=302 | centerness=[-8.421, 1.828] | train_seen=2700
2026-05-26 19:21:15 | INFO | Epoch 17 | batch 1400/1829 | loss=0.6534 | giou=0.3108 | bbox=0.0211 | ce=0.0053 | aux_giou=0.0000 | aux_bbox=0.0000 | aux_ce=0.0000 | mask=1208 | aux_mask=1765 | pos=67 | targets=67 | preds=86 | centerness=[-5.483, 1.398] | train_seen=2800
2026-05-26 19:23:02 | INFO | Epoch 17 | batch 1450/1829 | loss=0.7136 | giou=0.3203 | bbox=0.0385 | ce=0.0173 | aux_giou=0.0000 | aux_bbox=0.0000 | aux_ce=0.0000 | mask=1050 | aux_mask=1473 | pos=72 | targets=72 | preds=207 | centerness=[-8.917, 0.706] | train_seen=2900
2026-05-26 19:24:48 | INFO | Epoch 17 | batch 1500/1829 | loss=0.8729 | giou=0.4002 | bbox=0.0497 | ce=0.0114 | aux_giou=0.0000 | aux_bbox=0.0000 | aux_ce=0.0000 | mask=1306 | aux_mask=1464 | pos=64 | targets=64 | preds=200 | centerness=[-7.380, 1.167] | train_seen=3000
2026-05-26 19:26:34 | INFO | Epoch 17 | batch 1550/1829 | loss=0.6439 | giou=0.2941 | bbox=0.0233 | ce=0.0161 | aux_giou=0.0000 | aux_bbox=0.0000 | aux_ce=0.0000 | mask=924 | aux_mask=1374 | pos=40 | targets=40 | preds=126 | centerness=[-9.864, 1.502] | train_seen=3100
2026-05-26 19:28:20 | INFO | Epoch 17 | batch 1600/1829 | loss=0.7906 | giou=0.3353 | bbox=0.0719 | ce=0.0241 | aux_giou=0.0000 | aux_bbox=0.0000 | aux_ce=0.0000 | mask=565 | aux_mask=1508 | pos=62 | targets=62 | preds=92 | centerness=[-10.816, 1.228] | train_seen=3200
2026-05-26 19:30:07 | INFO | Epoch 17 | batch 1650/1829 | loss=0.6970 | giou=0.3123 | bbox=0.0358 | ce=0.0183 | aux_giou=0.0000 | aux_bbox=0.0000 | aux_ce=0.0000 | mask=956 | aux_mask=1240 | pos=179 | targets=179 | preds=226 | centerness=[-8.090, 1.705] | train_seen=3300
2026-05-26 19:31:53 | INFO | Epoch 17 | batch 1700/1829 | loss=1.0599 | giou=0.4604 | bbox=0.0482 | ce=0.0454 | aux_giou=0.0000 | aux_bbox=0.0000 | aux_ce=0.0000 | mask=1158 | aux_mask=1265 | pos=144 | targets=144 | preds=353 | centerness=[-5.533, 1.226] | train_seen=3400
2026-05-26 19:33:39 | INFO | Epoch 17 | batch 1750/1829 | loss=1.1244 | giou=0.4583 | bbox=0.0238 | ce=0.0437 | aux_giou=0.0457 | aux_bbox=0.0018 | aux_ce=0.0018 | mask=1444 | aux_mask=1722 | pos=377 | targets=377 | preds=529 | centerness=[-5.837, 1.259] | train_seen=3500
2026-05-26 19:35:25 | INFO | Epoch 17 | batch 1800/1829 | loss=0.8897 | giou=0.4003 | bbox=0.0398 | ce=0.0247 | aux_giou=0.0000 | aux_bbox=0.0000 | aux_ce=0.0000 | mask=1463 | aux_mask=1489 | pos=86 | targets=86 | preds=621 | centerness=[-5.555, 1.040] | train_seen=3600
2026-05-26 19:56:00 | INFO | Epoch 17 | train_loss=0.860 | val_loss=0.993 | train_mae=120.568 | val_mae=62.880 | val_rmse=110.20 | test_mae=70.892 | test_rmse=146.97 | time=5067.263s
2026-05-26 19:57:46 | INFO | Epoch 18 | batch 50/1829 | loss=1.5108 | giou=0.5667 | bbox=0.0700 | ce=0.0397 | aux_giou=0.0991 | aux_bbox=0.0157 | aux_ce=0.0070 | mask=1332 | aux_mask=1584 | pos=116 | targets=116 | preds=867 | centerness=[-8.002, 1.008] | train_seen=100
2026-05-26 19:59:33 | INFO | Epoch 18 | batch 100/1829 | loss=0.8019 | giou=0.3653 | bbox=0.0273 | ce=0.0220 | aux_giou=0.0000 | aux_bbox=0.0000 | aux_ce=0.0000 | mask=1174 | aux_mask=1417 | pos=179 | targets=179 | preds=260 | centerness=[-6.699, 1.581] | train_seen=200
2026-05-26 20:01:19 | INFO | Epoch 18 | batch 150/1829 | loss=1.0398 | giou=0.4168 | bbox=0.0504 | ce=0.0347 | aux_giou=0.0354 | aux_bbox=0.0060 | aux_ce=0.0047 | mask=983 | aux_mask=1318 | pos=130 | targets=130 | preds=317 | centerness=[-5.905, 0.815] | train_seen=300
2026-05-26 20:03:05 | INFO | Epoch 18 | batch 200/1829 | loss=0.7430 | giou=0.3349 | bbox=0.0258 | ce=0.0237 | aux_giou=0.0000 | aux_bbox=0.0000 | aux_ce=0.0000 | mask=1389 | aux_mask=1565 | pos=68 | targets=68 | preds=549 | centerness=[-5.467, 0.936] | train_seen=400
2026-05-26 20:04:51 | INFO | Epoch 18 | batch 250/1829 | loss=0.6005 | giou=0.2627 | bbox=0.0446 | ce=0.0152 | aux_giou=0.0000 | aux_bbox=0.0000 | aux_ce=0.0000 | mask=987 | aux_mask=1515 | pos=28 | targets=28 | preds=123 | centerness=[-7.187, 0.175] | train_seen=500
2026-05-26 20:06:37 | INFO | Epoch 18 | batch 300/1829 | loss=1.1357 | giou=0.4724 | bbox=0.0505 | ce=0.0319 | aux_giou=0.0326 | aux_bbox=0.0050 | aux_ce=0.0032 | mask=1231 | aux_mask=1547 | pos=128 | targets=128 | preds=422 | centerness=[-6.611, 1.015] | train_seen=600
2026-05-26 20:08:24 | INFO | Epoch 18 | batch 350/1829 | loss=1.1707 | giou=0.4421 | bbox=0.0487 | ce=0.0579 | aux_giou=0.0527 | aux_bbox=0.0046 | aux_ce=0.0060 | mask=2162 | aux_mask=2203 | pos=455 | targets=455 | preds=1171 | centerness=[-6.378, 1.061] | train_seen=700
2026-05-26 20:10:10 | INFO | Epoch 18 | batch 400/1829 | loss=0.5797 | giou=0.2627 | bbox=0.0270 | ce=0.0136 | aux_giou=0.0000 | aux_bbox=0.0000 | aux_ce=0.0000 | mask=1045 | aux_mask=1182 | pos=57 | targets=57 | preds=119 | centerness=[-6.324, 1.115] | train_seen=800
2026-05-26 20:11:56 | INFO | Epoch 18 | batch 450/1829 | loss=0.9121 | giou=0.4149 | bbox=0.0282 | ce=0.0271 | aux_giou=0.0000 | aux_bbox=0.0000 | aux_ce=0.0000 | mask=1302 | aux_mask=1479 | pos=52 | targets=52 | preds=369 | centerness=[-5.409, 1.399] | train_seen=900
2026-05-26 20:13:43 | INFO | Epoch 18 | batch 500/1829 | loss=0.6133 | giou=0.2806 | bbox=0.0286 | ce=0.0118 | aux_giou=0.0000 | aux_bbox=0.0000 | aux_ce=0.0000 | mask=1096 | aux_mask=1098 | pos=53 | targets=53 | preds=174 | centerness=[-5.638, 1.150] | train_seen=1000
2026-05-26 20:15:29 | INFO | Epoch 18 | batch 550/1829 | loss=0.6518 | giou=0.2834 | bbox=0.0210 | ce=0.0321 | aux_giou=0.0000 | aux_bbox=0.0000 | aux_ce=0.0000 | mask=1937 | aux_mask=1667 | pos=268 | targets=268 | preds=948 | centerness=[-6.929, 1.226] | train_seen=1100
2026-05-26 20:17:15 | INFO | Epoch 18 | batch 600/1829 | loss=0.7736 | giou=0.3372 | bbox=0.0232 | ce=0.0380 | aux_giou=0.0000 | aux_bbox=0.0000 | aux_ce=0.0000 | mask=1550 | aux_mask=1722 | pos=375 | targets=375 | preds=601 | centerness=[-4.966, 1.356] | train_seen=1200
2026-05-26 20:19:02 | INFO | Epoch 18 | batch 650/1829 | loss=0.9612 | giou=0.4457 | bbox=0.0449 | ce=0.0124 | aux_giou=0.0000 | aux_bbox=0.0000 | aux_ce=0.0000 | mask=945 | aux_mask=1119 | pos=24 | targets=24 | preds=255 | centerness=[-5.900, 0.534] | train_seen=1300
2026-05-26 20:20:48 | INFO | Epoch 18 | batch 700/1829 | loss=0.6313 | giou=0.2713 | bbox=0.0542 | ce=0.0172 | aux_giou=0.0000 | aux_bbox=0.0000 | aux_ce=0.0000 | mask=692 | aux_mask=1005 | pos=58 | targets=58 | preds=92 | centerness=[-7.706, 1.355] | train_seen=1400
2026-05-26 20:22:34 | INFO | Epoch 18 | batch 750/1829 | loss=1.0770 | giou=0.4184 | bbox=0.0172 | ce=0.0159 | aux_giou=0.0908 | aux_bbox=0.0049 | aux_ce=0.0025 | mask=1407 | aux_mask=1917 | pos=121 | targets=121 | preds=220 | centerness=[-5.449, 1.374] | train_seen=1500
2026-05-26 20:24:20 | INFO | Epoch 18 | batch 800/1829 | loss=0.8975 | giou=0.3937 | bbox=0.0282 | ce=0.0410 | aux_giou=0.0000 | aux_bbox=0.0000 | aux_ce=0.0000 | mask=1574 | aux_mask=1726 | pos=712 | targets=712 | preds=945 | centerness=[-4.354, 1.966] | train_seen=1600
2026-05-26 20:26:06 | INFO | Epoch 18 | batch 850/1829 | loss=0.7285 | giou=0.3315 | bbox=0.0271 | ce=0.0192 | aux_giou=0.0000 | aux_bbox=0.0000 | aux_ce=0.0000 | mask=1167 | aux_mask=1557 | pos=141 | targets=141 | preds=202 | centerness=[-7.235, 0.695] | train_seen=1700
2026-05-26 20:27:53 | INFO | Epoch 18 | batch 900/1829 | loss=0.8627 | giou=0.3889 | bbox=0.0255 | ce=0.0297 | aux_giou=0.0000 | aux_bbox=0.0000 | aux_ce=0.0000 | mask=1497 | aux_mask=1745 | pos=253 | targets=253 | preds=517 | centerness=[-5.887, 1.409] | train_seen=1800
2026-05-26 20:29:39 | INFO | Epoch 18 | batch 950/1829 | loss=1.0774 | giou=0.4271 | bbox=0.0262 | ce=0.0518 | aux_giou=0.0414 | aux_bbox=0.0016 | aux_ce=0.0046 | mask=2965 | aux_mask=2598 | pos=85 | targets=85 | preds=2156 | centerness=[-5.193, 1.280] | train_seen=1900
2026-05-26 20:31:25 | INFO | Epoch 18 | batch 1000/1829 | loss=0.7343 | giou=0.3213 | bbox=0.0366 | ce=0.0275 | aux_giou=0.0000 | aux_bbox=0.0000 | aux_ce=0.0000 | mask=1305 | aux_mask=1491 | pos=136 | targets=136 | preds=228 | centerness=[-6.263, 1.163] | train_seen=2000
2026-05-26 20:33:11 | INFO | Epoch 18 | batch 1050/1829 | loss=0.8105 | giou=0.3458 | bbox=0.0515 | ce=0.0337 | aux_giou=0.0000 | aux_bbox=0.0000 | aux_ce=0.0000 | mask=1609 | aux_mask=2142 | pos=231 | targets=231 | preds=524 | centerness=[-8.883, 0.834] | train_seen=2100
2026-05-26 20:34:58 | INFO | Epoch 18 | batch 1100/1829 | loss=1.0193 | giou=0.4084 | bbox=0.0302 | ce=0.0388 | aux_giou=0.0398 | aux_bbox=0.0041 | aux_ce=0.0055 | mask=2124 | aux_mask=2310 | pos=305 | targets=305 | preds=1126 | centerness=[-4.833, 1.006] | train_seen=2200
2026-05-26 20:36:44 | INFO | Epoch 18 | batch 1150/1829 | loss=0.6636 | giou=0.2849 | bbox=0.0511 | ce=0.0214 | aux_giou=0.0000 | aux_bbox=0.0000 | aux_ce=0.0000 | mask=741 | aux_mask=1377 | pos=47 | targets=47 | preds=151 | centerness=[-7.507, 0.297] | train_seen=2300
2026-05-26 20:38:30 | INFO | Epoch 18 | batch 1200/1829 | loss=0.6433 | giou=0.2898 | bbox=0.0242 | ce=0.0198 | aux_giou=0.0000 | aux_bbox=0.0000 | aux_ce=0.0000 | mask=1589 | aux_mask=1696 | pos=69 | targets=69 | preds=581 | centerness=[-5.657, 1.359] | train_seen=2400
2026-05-26 20:40:17 | INFO | Epoch 18 | batch 1250/1829 | loss=1.6471 | giou=0.6398 | bbox=0.0627 | ce=0.0651 | aux_giou=0.0710 | aux_bbox=0.0114 | aux_ce=0.0105 | mask=1883 | aux_mask=1574 | pos=821 | targets=821 | preds=1045 | centerness=[-5.100, 1.687] | train_seen=2500
2026-05-26 20:42:03 | INFO | Epoch 18 | batch 1300/1829 | loss=0.7992 | giou=0.3513 | bbox=0.0575 | ce=0.0195 | aux_giou=0.0000 | aux_bbox=0.0000 | aux_ce=0.0000 | mask=1296 | aux_mask=1739 | pos=72 | targets=72 | preds=232 | centerness=[-6.691, 1.381] | train_seen=2600
2026-05-26 20:43:49 | INFO | Epoch 18 | batch 1350/1829 | loss=1.0628 | giou=0.4564 | bbox=0.0226 | ce=0.0637 | aux_giou=0.0000 | aux_bbox=0.0000 | aux_ce=0.0000 | mask=2418 | aux_mask=2411 | pos=256 | targets=256 | preds=1696 | centerness=[-4.760, 1.847] | train_seen=2700
2026-05-26 20:45:36 | INFO | Epoch 18 | batch 1400/1829 | loss=1.2427 | giou=0.4981 | bbox=0.0427 | ce=0.0461 | aux_giou=0.0515 | aux_bbox=0.0034 | aux_ce=0.0027 | mask=930 | aux_mask=1128 | pos=201 | targets=201 | preds=551 | centerness=[-4.957, 2.051] | train_seen=2800
2026-05-26 20:47:22 | INFO | Epoch 18 | batch 1450/1829 | loss=0.9860 | giou=0.3980 | bbox=0.0400 | ce=0.0304 | aux_giou=0.0419 | aux_bbox=0.0016 | aux_ce=0.0020 | mask=1308 | aux_mask=1492 | pos=75 | targets=75 | preds=244 | centerness=[-8.813, 0.852] | train_seen=2900
2026-05-26 20:49:08 | INFO | Epoch 18 | batch 1500/1829 | loss=0.7055 | giou=0.3056 | bbox=0.0452 | ce=0.0246 | aux_giou=0.0000 | aux_bbox=0.0000 | aux_ce=0.0000 | mask=1367 | aux_mask=1640 | pos=98 | targets=98 | preds=312 | centerness=[-6.841, 1.538] | train_seen=3000
2026-05-26 20:50:55 | INFO | Epoch 18 | batch 1550/1829 | loss=0.4976 | giou=0.2083 | bbox=0.0275 | ce=0.0268 | aux_giou=0.0000 | aux_bbox=0.0000 | aux_ce=0.0000 | mask=844 | aux_mask=1049 | pos=82 | targets=82 | preds=157 | centerness=[-7.390, 1.048] | train_seen=3100
2026-05-26 20:52:41 | INFO | Epoch 18 | batch 1600/1829 | loss=0.8268 | giou=0.3621 | bbox=0.0569 | ce=0.0229 | aux_giou=0.0000 | aux_bbox=0.0000 | aux_ce=0.0000 | mask=1073 | aux_mask=1375 | pos=133 | targets=133 | preds=209 | centerness=[-8.781, 0.891] | train_seen=3200
2026-05-26 20:54:27 | INFO | Epoch 18 | batch 1650/1829 | loss=0.6526 | giou=0.2873 | bbox=0.0378 | ce=0.0201 | aux_giou=0.0000 | aux_bbox=0.0000 | aux_ce=0.0000 | mask=1089 | aux_mask=1240 | pos=71 | targets=71 | preds=202 | centerness=[-6.876, 1.054] | train_seen=3300
2026-05-26 20:56:14 | INFO | Epoch 18 | batch 1700/1829 | loss=0.7350 | giou=0.3180 | bbox=0.0351 | ce=0.0319 | aux_giou=0.0000 | aux_bbox=0.0000 | aux_ce=0.0000 | mask=1427 | aux_mask=1585 | pos=217 | targets=217 | preds=575 | centerness=[-5.990, 0.391] | train_seen=3400
2026-05-26 20:58:00 | INFO | Epoch 18 | batch 1750/1829 | loss=0.9260 | giou=0.3926 | bbox=0.0456 | ce=0.0476 | aux_giou=0.0000 | aux_bbox=0.0000 | aux_ce=0.0000 | mask=794 | aux_mask=983 | pos=127 | targets=127 | preds=174 | centerness=[-6.293, 1.930] | train_seen=3500
2026-05-26 20:59:46 | INFO | Epoch 18 | batch 1800/1829 | loss=0.7534 | giou=0.3398 | bbox=0.0267 | ce=0.0236 | aux_giou=0.0000 | aux_bbox=0.0000 | aux_ce=0.0000 | mask=1311 | aux_mask=1363 | pos=197 | targets=197 | preds=315 | centerness=[-4.405, 1.777] | train_seen=3600
2026-05-26 21:20:22 | INFO | Epoch 18 | train_loss=0.854 | val_loss=0.993 | train_mae=124.165 | val_mae=49.149 | val_rmse=98.71 | test_mae=53.164 | test_rmse=130.61 | time=5060.611s | best_mae
2026-05-26 21:22:09 | INFO | Epoch 19 | batch 50/1829 | loss=0.6545 | giou=0.2719 | bbox=0.0196 | ce=0.0455 | aux_giou=0.0000 | aux_bbox=0.0000 | aux_ce=0.0000 | mask=2242 | aux_mask=2173 | pos=200 | targets=200 | preds=1363 | centerness=[-4.574, 1.248] | train_seen=100
2026-05-26 21:23:55 | INFO | Epoch 19 | batch 100/1829 | loss=0.9276 | giou=0.3744 | bbox=0.0386 | ce=0.0236 | aux_giou=0.0422 | aux_bbox=0.0025 | aux_ce=0.0030 | mask=1681 | aux_mask=1690 | pos=148 | targets=148 | preds=340 | centerness=[-7.993, 1.026] | train_seen=200
2026-05-26 21:25:41 | INFO | Epoch 19 | batch 150/1829 | loss=0.8257 | giou=0.3127 | bbox=0.0210 | ce=0.0345 | aux_giou=0.0484 | aux_bbox=0.0028 | aux_ce=0.0054 | mask=1794 | aux_mask=1600 | pos=412 | targets=412 | preds=717 | centerness=[-4.919, 1.452] | train_seen=300
2026-05-26 21:27:27 | INFO | Epoch 19 | batch 200/1829 | loss=0.8563 | giou=0.3588 | bbox=0.0267 | ce=0.0244 | aux_giou=0.0303 | aux_bbox=0.0012 | aux_ce=0.0007 | mask=1180 | aux_mask=1663 | pos=136 | targets=136 | preds=387 | centerness=[-6.172, 1.344] | train_seen=400
2026-05-26 21:29:13 | INFO | Epoch 19 | batch 250/1829 | loss=0.8245 | giou=0.3621 | bbox=0.0299 | ce=0.0352 | aux_giou=0.0000 | aux_bbox=0.0000 | aux_ce=0.0000 | mask=1242 | aux_mask=1263 | pos=116 | targets=116 | preds=425 | centerness=[-5.719, 0.460] | train_seen=500
2026-05-26 21:31:00 | INFO | Epoch 19 | batch 300/1829 | loss=0.8182 | giou=0.3784 | bbox=0.0223 | ce=0.0196 | aux_giou=0.0000 | aux_bbox=0.0000 | aux_ce=0.0000 | mask=1934 | aux_mask=1946 | pos=102 | targets=102 | preds=638 | centerness=[-4.200, 1.223] | train_seen=600
2026-05-26 21:32:46 | INFO | Epoch 19 | batch 350/1829 | loss=0.7229 | giou=0.3279 | bbox=0.0556 | ce=0.0057 | aux_giou=0.0000 | aux_bbox=0.0000 | aux_ce=0.0000 | mask=1061 | aux_mask=1624 | pos=24 | targets=24 | preds=43 | centerness=[-8.083, 0.694] | train_seen=700
2026-05-26 21:34:32 | INFO | Epoch 19 | batch 400/1829 | loss=0.9679 | giou=0.4072 | bbox=0.0236 | ce=0.0201 | aux_giou=0.0431 | aux_bbox=0.0015 | aux_ce=0.0009 | mask=1633 | aux_mask=2202 | pos=168 | targets=168 | preds=282 | centerness=[-5.317, 1.387] | train_seen=800
2026-05-26 21:36:18 | INFO | Epoch 19 | batch 450/1829 | loss=0.7426 | giou=0.3363 | bbox=0.0382 | ce=0.0159 | aux_giou=0.0000 | aux_bbox=0.0000 | aux_ce=0.0000 | mask=1019 | aux_mask=1302 | pos=122 | targets=122 | preds=244 | centerness=[-8.175, 0.982] | train_seen=900
2026-05-26 21:38:04 | INFO | Epoch 19 | batch 500/1829 | loss=0.6486 | giou=0.3038 | bbox=0.0317 | ce=0.0046 | aux_giou=0.0000 | aux_bbox=0.0000 | aux_ce=0.0000 | mask=830 | aux_mask=890 | pos=21 | targets=21 | preds=23 | centerness=[-7.388, 1.301] | train_seen=1000
2026-05-26 21:39:50 | INFO | Epoch 19 | batch 550/1829 | loss=0.7549 | giou=0.3529 | bbox=0.0382 | ce=0.0055 | aux_giou=0.0000 | aux_bbox=0.0000 | aux_ce=0.0000 | mask=1151 | aux_mask=1291 | pos=32 | targets=32 | preds=90 | centerness=[-10.763, 1.961] | train_seen=1100
2026-05-26 21:41:37 | INFO | Epoch 19 | batch 600/1829 | loss=0.9237 | giou=0.3924 | bbox=0.0329 | ce=0.0530 | aux_giou=0.0000 | aux_bbox=0.0000 | aux_ce=0.0000 | mask=1595 | aux_mask=1949 | pos=346 | targets=346 | preds=854 | centerness=[-8.950, 1.211] | train_seen=1200
2026-05-26 21:43:23 | INFO | Epoch 19 | batch 650/1829 | loss=0.9523 | giou=0.4034 | bbox=0.0490 | ce=0.0164 | aux_giou=0.0300 | aux_bbox=0.0018 | aux_ce=0.0009 | mask=994 | aux_mask=1236 | pos=49 | targets=49 | preds=157 | centerness=[-9.989, 1.011] | train_seen=1300
2026-05-26 21:45:09 | INFO | Epoch 19 | batch 700/1829 | loss=0.8332 | giou=0.3630 | bbox=0.0254 | ce=0.0409 | aux_giou=0.0000 | aux_bbox=0.0000 | aux_ce=0.0000 | mask=1863 | aux_mask=2577 | pos=377 | targets=377 | preds=774 | centerness=[-5.457, 1.708] | train_seen=1400
2026-05-26 21:46:55 | INFO | Epoch 19 | batch 750/1829 | loss=0.8406 | giou=0.3544 | bbox=0.0394 | ce=0.0461 | aux_giou=0.0000 | aux_bbox=0.0000 | aux_ce=0.0000 | mask=1431 | aux_mask=1654 | pos=632 | targets=632 | preds=601 | centerness=[-5.672, 2.290] | train_seen=1500
2026-05-26 21:48:42 | INFO | Epoch 19 | batch 800/1829 | loss=1.0365 | giou=0.4258 | bbox=0.0576 | ce=0.0205 | aux_giou=0.0391 | aux_bbox=0.0017 | aux_ce=0.0032 | mask=1247 | aux_mask=1605 | pos=141 | targets=141 | preds=231 | centerness=[-5.652, 0.914] | train_seen=1600
2026-05-26 21:50:28 | INFO | Epoch 19 | batch 850/1829 | loss=0.8108 | giou=0.3690 | bbox=0.0286 | ce=0.0220 | aux_giou=0.0000 | aux_bbox=0.0000 | aux_ce=0.0000 | mask=1170 | aux_mask=1529 | pos=152 | targets=152 | preds=219 | centerness=[-6.445, 1.216] | train_seen=1700
2026-05-26 21:52:15 | INFO | Epoch 19 | batch 900/1829 | loss=0.6884 | giou=0.2919 | bbox=0.0207 | ce=0.0420 | aux_giou=0.0000 | aux_bbox=0.0000 | aux_ce=0.0000 | mask=1891 | aux_mask=2158 | pos=408 | targets=408 | preds=805 | centerness=[-5.024, 0.991] | train_seen=1800
2026-05-26 21:54:01 | INFO | Epoch 19 | batch 950/1829 | loss=0.6900 | giou=0.3020 | bbox=0.0442 | ce=0.0209 | aux_giou=0.0000 | aux_bbox=0.0000 | aux_ce=0.0000 | mask=1018 | aux_mask=1255 | pos=68 | targets=68 | preds=174 | centerness=[-7.525, 0.942] | train_seen=1900
2026-05-26 21:55:47 | INFO | Epoch 19 | batch 1000/1829 | loss=1.2679 | giou=0.4983 | bbox=0.0272 | ce=0.0685 | aux_giou=0.0482 | aux_bbox=0.0024 | aux_ce=0.0041 | mask=2056 | aux_mask=2115 | pos=579 | targets=579 | preds=1317 | centerness=[-5.712, 0.910] | train_seen=2000
2026-05-26 21:57:33 | INFO | Epoch 19 | batch 1050/1829 | loss=1.0085 | giou=0.4262 | bbox=0.0413 | ce=0.0574 | aux_giou=0.0000 | aux_bbox=0.0000 | aux_ce=0.0000 | mask=1281 | aux_mask=1167 | pos=376 | targets=376 | preds=366 | centerness=[-5.509, 1.223] | train_seen=2100
2026-05-26 21:59:19 | INFO | Epoch 19 | batch 1100/1829 | loss=0.8961 | giou=0.3522 | bbox=0.0530 | ce=0.0276 | aux_giou=0.0375 | aux_bbox=0.0018 | aux_ce=0.0034 | mask=1498 | aux_mask=1765 | pos=192 | targets=192 | preds=352 | centerness=[-8.386, 1.382] | train_seen=2200
2026-05-26 22:01:06 | INFO | Epoch 19 | batch 1150/1829 | loss=0.9247 | giou=0.4107 | bbox=0.0275 | ce=0.0379 | aux_giou=0.0000 | aux_bbox=0.0000 | aux_ce=0.0000 | mask=2021 | aux_mask=2528 | pos=672 | targets=672 | preds=996 | centerness=[-4.187, 1.361] | train_seen=2300
2026-05-26 22:02:52 | INFO | Epoch 19 | batch 1200/1829 | loss=0.6815 | giou=0.3230 | bbox=0.0219 | ce=0.0068 | aux_giou=0.0000 | aux_bbox=0.0000 | aux_ce=0.0000 | mask=1065 | aux_mask=1276 | pos=59 | targets=59 | preds=57 | centerness=[-6.434, 1.204] | train_seen=2400
2026-05-26 22:04:38 | INFO | Epoch 19 | batch 1250/1829 | loss=0.9421 | giou=0.4136 | bbox=0.0611 | ce=0.0269 | aux_giou=0.0000 | aux_bbox=0.0000 | aux_ce=0.0000 | mask=836 | aux_mask=1214 | pos=89 | targets=89 | preds=241 | centerness=[-8.114, 0.750] | train_seen=2500
2026-05-26 22:06:24 | INFO | Epoch 19 | batch 1300/1829 | loss=0.7742 | giou=0.3483 | bbox=0.0312 | ce=0.0232 | aux_giou=0.0000 | aux_bbox=0.0000 | aux_ce=0.0000 | mask=887 | aux_mask=1267 | pos=87 | targets=87 | preds=150 | centerness=[-5.625, 1.485] | train_seen=2600
2026-05-26 22:08:10 | INFO | Epoch 19 | batch 1350/1829 | loss=1.1597 | giou=0.4573 | bbox=0.0289 | ce=0.0316 | aux_giou=0.0687 | aux_bbox=0.0040 | aux_ce=0.0058 | mask=1696 | aux_mask=1921 | pos=201 | targets=201 | preds=728 | centerness=[-6.218, 1.248] | train_seen=2700
2026-05-26 22:09:57 | INFO | Epoch 19 | batch 1400/1829 | loss=0.8455 | giou=0.3525 | bbox=0.0144 | ce=0.0214 | aux_giou=0.0405 | aux_bbox=0.0015 | aux_ce=0.0005 | mask=1773 | aux_mask=1965 | pos=272 | targets=272 | preds=724 | centerness=[-4.691, 1.985] | train_seen=2800
2026-05-26 22:11:43 | INFO | Epoch 19 | batch 1450/1829 | loss=1.1223 | giou=0.4316 | bbox=0.0457 | ce=0.0596 | aux_giou=0.0402 | aux_bbox=0.0037 | aux_ce=0.0051 | mask=1804 | aux_mask=2169 | pos=404 | targets=404 | preds=1069 | centerness=[-5.253, 1.185] | train_seen=2900
2026-05-26 22:13:29 | INFO | Epoch 19 | batch 1500/1829 | loss=0.6976 | giou=0.3067 | bbox=0.0472 | ce=0.0185 | aux_giou=0.0000 | aux_bbox=0.0000 | aux_ce=0.0000 | mask=1010 | aux_mask=1468 | pos=76 | targets=76 | preds=160 | centerness=[-6.757, 0.866] | train_seen=3000
2026-05-26 22:15:15 | INFO | Epoch 19 | batch 1550/1829 | loss=0.7458 | giou=0.3441 | bbox=0.0189 | ce=0.0194 | aux_giou=0.0000 | aux_bbox=0.0000 | aux_ce=0.0000 | mask=1618 | aux_mask=1862 | pos=104 | targets=104 | preds=555 | centerness=[-4.888, 1.725] | train_seen=3100
2026-05-26 22:17:01 | INFO | Epoch 19 | batch 1600/1829 | loss=0.6802 | giou=0.3086 | bbox=0.0338 | ce=0.0146 | aux_giou=0.0000 | aux_bbox=0.0000 | aux_ce=0.0000 | mask=937 | aux_mask=1435 | pos=62 | targets=62 | preds=131 | centerness=[-5.829, 1.004] | train_seen=3200
2026-05-26 22:18:48 | INFO | Epoch 19 | batch 1650/1829 | loss=0.5229 | giou=0.2243 | bbox=0.0323 | ce=0.0210 | aux_giou=0.0000 | aux_bbox=0.0000 | aux_ce=0.0000 | mask=965 | aux_mask=1220 | pos=81 | targets=81 | preds=77 | centerness=[-6.008, 2.323] | train_seen=3300
2026-05-26 22:20:34 | INFO | Epoch 19 | batch 1700/1829 | loss=0.8784 | giou=0.3945 | bbox=0.0377 | ce=0.0258 | aux_giou=0.0000 | aux_bbox=0.0000 | aux_ce=0.0000 | mask=1088 | aux_mask=1587 | pos=132 | targets=132 | preds=344 | centerness=[-5.394, 1.568] | train_seen=3400
2026-05-26 22:22:20 | INFO | Epoch 19 | batch 1750/1829 | loss=1.0005 | giou=0.4062 | bbox=0.0229 | ce=0.0340 | aux_giou=0.0464 | aux_bbox=0.0024 | aux_ce=0.0011 | mask=1415 | aux_mask=1774 | pos=192 | targets=192 | preds=304 | centerness=[-6.178, 1.277] | train_seen=3500
2026-05-26 22:24:06 | INFO | Epoch 19 | batch 1800/1829 | loss=0.9186 | giou=0.3707 | bbox=0.0534 | ce=0.0618 | aux_giou=0.0000 | aux_bbox=0.0000 | aux_ce=0.0000 | mask=1074 | aux_mask=1257 | pos=365 | targets=365 | preds=290 | centerness=[-6.694, 1.229] | train_seen=3600
2026-05-26 22:44:39 | INFO | Epoch 19 | train_loss=0.856 | val_loss=0.972 | train_mae=118.117 | val_mae=57.074 | val_rmse=104.63 | test_mae=68.755 | test_rmse=155.00 | time=5055.907s
2026-05-26 22:46:25 | INFO | Epoch 20 | batch 50/1829 | loss=1.0506 | giou=0.4077 | bbox=0.0349 | ce=0.0510 | aux_giou=0.0427 | aux_bbox=0.0025 | aux_ce=0.0052 | mask=1506 | aux_mask=1737 | pos=440 | targets=440 | preds=538 | centerness=[-6.173, 1.108] | train_seen=100
2026-05-26 22:48:12 | INFO | Epoch 20 | batch 100/1829 | loss=0.7216 | giou=0.2998 | bbox=0.0299 | ce=0.0460 | aux_giou=0.0000 | aux_bbox=0.0000 | aux_ce=0.0000 | mask=1734 | aux_mask=2274 | pos=348 | targets=348 | preds=678 | centerness=[-7.579, 1.291] | train_seen=200
2026-05-26 22:49:58 | INFO | Epoch 20 | batch 150/1829 | loss=0.9601 | giou=0.4124 | bbox=0.0204 | ce=0.0272 | aux_giou=0.0293 | aux_bbox=0.0011 | aux_ce=0.0005 | mask=1374 | aux_mask=1765 | pos=196 | targets=196 | preds=513 | centerness=[-5.669, 1.773] | train_seen=300
2026-05-26 22:51:44 | INFO | Epoch 20 | batch 200/1829 | loss=1.0343 | giou=0.4241 | bbox=0.0468 | ce=0.0696 | aux_giou=0.0000 | aux_bbox=0.0000 | aux_ce=0.0000 | mask=944 | aux_mask=1346 | pos=432 | targets=432 | preds=409 | centerness=[-6.208, 1.305] | train_seen=400
2026-05-26 22:53:30 | INFO | Epoch 20 | batch 250/1829 | loss=0.7212 | giou=0.3180 | bbox=0.0626 | ce=0.0113 | aux_giou=0.0000 | aux_bbox=0.0000 | aux_ce=0.0000 | mask=970 | aux_mask=1446 | pos=34 | targets=34 | preds=78 | centerness=[-8.279, 0.979] | train_seen=500
2026-05-26 22:55:17 | INFO | Epoch 20 | batch 300/1829 | loss=0.9049 | giou=0.3874 | bbox=0.0491 | ce=0.0406 | aux_giou=0.0000 | aux_bbox=0.0000 | aux_ce=0.0000 | mask=1526 | aux_mask=1712 | pos=244 | targets=244 | preds=719 | centerness=[-9.598, 0.989] | train_seen=600
2026-05-26 22:57:03 | INFO | Epoch 20 | batch 350/1829 | loss=0.9736 | giou=0.4237 | bbox=0.0315 | ce=0.0473 | aux_giou=0.0000 | aux_bbox=0.0000 | aux_ce=0.0000 | mask=1813 | aux_mask=1863 | pos=792 | targets=792 | preds=813 | centerness=[-6.609, 1.778] | train_seen=700
2026-05-26 22:58:50 | INFO | Epoch 20 | batch 400/1829 | loss=1.0743 | giou=0.4820 | bbox=0.0358 | ce=0.0373 | aux_giou=0.0000 | aux_bbox=0.0000 | aux_ce=0.0000 | mask=1994 | aux_mask=2239 | pos=312 | targets=312 | preds=681 | centerness=[-4.010, 2.355] | train_seen=800
2026-05-26 23:00:36 | INFO | Epoch 20 | batch 450/1829 | loss=0.8229 | giou=0.3720 | bbox=0.0334 | ce=0.0228 | aux_giou=0.0000 | aux_bbox=0.0000 | aux_ce=0.0000 | mask=1238 | aux_mask=1346 | pos=89 | targets=89 | preds=236 | centerness=[-7.847, 0.898] | train_seen=900
2026-05-26 23:02:22 | INFO | Epoch 20 | batch 500/1829 | loss=0.7689 | giou=0.3402 | bbox=0.0312 | ce=0.0287 | aux_giou=0.0000 | aux_bbox=0.0000 | aux_ce=0.0000 | mask=1840 | aux_mask=1927 | pos=512 | targets=512 | preds=906 | centerness=[-7.036, 1.225] | train_seen=1000
2026-05-26 23:04:08 | INFO | Epoch 20 | batch 550/1829 | loss=0.7594 | giou=0.3189 | bbox=0.0725 | ce=0.0246 | aux_giou=0.0000 | aux_bbox=0.0000 | aux_ce=0.0000 | mask=809 | aux_mask=1045 | pos=73 | targets=73 | preds=153 | centerness=[-7.879, 1.154] | train_seen=1100
2026-05-26 23:05:54 | INFO | Epoch 20 | batch 600/1829 | loss=0.9135 | giou=0.3868 | bbox=0.0304 | ce=0.0548 | aux_giou=0.0000 | aux_bbox=0.0000 | aux_ce=0.0000 | mask=1073 | aux_mask=1467 | pos=483 | targets=483 | preds=648 | centerness=[-6.190, 1.502] | train_seen=1200
2026-05-26 23:07:41 | INFO | Epoch 20 | batch 650/1829 | loss=0.3326 | giou=0.1505 | bbox=0.0222 | ce=0.0047 | aux_giou=0.0000 | aux_bbox=0.0000 | aux_ce=0.0000 | mask=1334 | aux_mask=2097 | pos=68 | targets=68 | preds=80 | centerness=[-7.064, 1.564] | train_seen=1300
2026-05-26 23:09:27 | INFO | Epoch 20 | batch 700/1829 | loss=1.0560 | giou=0.4562 | bbox=0.0259 | ce=0.0187 | aux_giou=0.0369 | aux_bbox=0.0019 | aux_ce=0.0023 | mask=1509 | aux_mask=1648 | pos=128 | targets=128 | preds=410 | centerness=[-5.867, 1.759] | train_seen=1400
2026-05-26 23:11:13 | INFO | Epoch 20 | batch 750/1829 | loss=0.7295 | giou=0.3141 | bbox=0.0325 | ce=0.0344 | aux_giou=0.0000 | aux_bbox=0.0000 | aux_ce=0.0000 | mask=1295 | aux_mask=1433 | pos=168 | targets=168 | preds=394 | centerness=[-6.504, 0.880] | train_seen=1500
2026-05-26 23:12:59 | INFO | Epoch 20 | batch 800/1829 | loss=0.7124 | giou=0.3139 | bbox=0.0409 | ce=0.0219 | aux_giou=0.0000 | aux_bbox=0.0000 | aux_ce=0.0000 | mask=1007 | aux_mask=1198 | pos=126 | targets=126 | preds=191 | centerness=[-5.765, 1.876] | train_seen=1600
2026-05-26 23:14:45 | INFO | Epoch 20 | batch 850/1829 | loss=0.7084 | giou=0.3168 | bbox=0.0306 | ce=0.0221 | aux_giou=0.0000 | aux_bbox=0.0000 | aux_ce=0.0000 | mask=1353 | aux_mask=1738 | pos=133 | targets=133 | preds=334 | centerness=[-5.459, 1.358] | train_seen=1700
2026-05-26 23:16:32 | INFO | Epoch 20 | batch 900/1829 | loss=0.8440 | giou=0.3703 | bbox=0.0293 | ce=0.0370 | aux_giou=0.0000 | aux_bbox=0.0000 | aux_ce=0.0000 | mask=1874 | aux_mask=1869 | pos=144 | targets=144 | preds=831 | centerness=[-4.515, 0.847] | train_seen=1800
2026-05-26 23:18:18 | INFO | Epoch 20 | batch 950/1829 | loss=0.9662 | giou=0.4114 | bbox=0.0555 | ce=0.0439 | aux_giou=0.0000 | aux_bbox=0.0000 | aux_ce=0.0000 | mask=1225 | aux_mask=1418 | pos=301 | targets=301 | preds=382 | centerness=[-10.600, 1.400] | train_seen=1900
2026-05-26 23:20:04 | INFO | Epoch 20 | batch 1000/1829 | loss=0.8142 | giou=0.3441 | bbox=0.0150 | ce=0.0112 | aux_giou=0.0400 | aux_bbox=0.0022 | aux_ce=0.0032 | mask=2168 | aux_mask=2103 | pos=95 | targets=95 | preds=381 | centerness=[-5.562, 1.297] | train_seen=2000
2026-05-26 23:21:50 | INFO | Epoch 20 | batch 1050/1829 | loss=1.1164 | giou=0.4613 | bbox=0.0220 | ce=0.0325 | aux_giou=0.0503 | aux_bbox=0.0030 | aux_ce=0.0016 | mask=1580 | aux_mask=1934 | pos=341 | targets=341 | preds=504 | centerness=[-5.036, 1.471] | train_seen=2100
2026-05-26 23:23:37 | INFO | Epoch 20 | batch 1100/1829 | loss=0.8242 | giou=0.3598 | bbox=0.0584 | ce=0.0231 | aux_giou=0.0000 | aux_bbox=0.0000 | aux_ce=0.0000 | mask=835 | aux_mask=1296 | pos=60 | targets=60 | preds=249 | centerness=[-8.232, 0.902] | train_seen=2200
2026-05-26 23:25:23 | INFO | Epoch 20 | batch 1150/1829 | loss=0.8348 | giou=0.3448 | bbox=0.0344 | ce=0.0554 | aux_giou=0.0000 | aux_bbox=0.0000 | aux_ce=0.0000 | mask=1275 | aux_mask=1707 | pos=247 | targets=247 | preds=338 | centerness=[-6.376, 0.921] | train_seen=2300
2026-05-26 23:27:09 | INFO | Epoch 20 | batch 1200/1829 | loss=0.7910 | giou=0.3483 | bbox=0.0410 | ce=0.0267 | aux_giou=0.0000 | aux_bbox=0.0000 | aux_ce=0.0000 | mask=1472 | aux_mask=1844 | pos=114 | targets=114 | preds=294 | centerness=[-9.212, 1.457] | train_seen=2400
2026-05-26 23:28:56 | INFO | Epoch 20 | batch 1250/1829 | loss=0.5374 | giou=0.2395 | bbox=0.0342 | ce=0.0121 | aux_giou=0.0000 | aux_bbox=0.0000 | aux_ce=0.0000 | mask=977 | aux_mask=1016 | pos=84 | targets=84 | preds=87 | centerness=[-5.160, 1.477] | train_seen=2500
2026-05-26 23:30:42 | INFO | Epoch 20 | batch 1300/1829 | loss=0.9193 | giou=0.4101 | bbox=0.0312 | ce=0.0340 | aux_giou=0.0000 | aux_bbox=0.0000 | aux_ce=0.0000 | mask=1609 | aux_mask=1466 | pos=239 | targets=239 | preds=606 | centerness=[-6.102, 2.634] | train_seen=2600
2026-05-26 23:32:28 | INFO | Epoch 20 | batch 1350/1829 | loss=0.5075 | giou=0.2295 | bbox=0.0332 | ce=0.0077 | aux_giou=0.0000 | aux_bbox=0.0000 | aux_ce=0.0000 | mask=1291 | aux_mask=1731 | pos=89 | targets=89 | preds=146 | centerness=[-10.128, 1.526] | train_seen=2700
2026-05-26 23:34:14 | INFO | Epoch 20 | batch 1400/1829 | loss=0.8875 | giou=0.3677 | bbox=0.0208 | ce=0.0284 | aux_giou=0.0361 | aux_bbox=0.0013 | aux_ce=0.0005 | mask=1411 | aux_mask=2342 | pos=255 | targets=255 | preds=630 | centerness=[-6.785, 1.639] | train_seen=2800
2026-05-26 23:36:00 | INFO | Epoch 20 | batch 1450/1829 | loss=0.5914 | giou=0.2588 | bbox=0.0472 | ce=0.0133 | aux_giou=0.0000 | aux_bbox=0.0000 | aux_ce=0.0000 | mask=930 | aux_mask=1525 | pos=99 | targets=99 | preds=150 | centerness=[-9.025, 1.342] | train_seen=2900
2026-05-26 23:37:47 | INFO | Epoch 20 | batch 1500/1829 | loss=1.0685 | giou=0.4567 | bbox=0.0489 | ce=0.0531 | aux_giou=0.0000 | aux_bbox=0.0000 | aux_ce=0.0000 | mask=1711 | aux_mask=1869 | pos=425 | targets=425 | preds=828 | centerness=[-7.691, 0.714] | train_seen=3000
2026-05-26 23:39:33 | INFO | Epoch 20 | batch 1550/1829 | loss=0.7042 | giou=0.3120 | bbox=0.0259 | ce=0.0272 | aux_giou=0.0000 | aux_bbox=0.0000 | aux_ce=0.0000 | mask=1405 | aux_mask=1786 | pos=274 | targets=274 | preds=374 | centerness=[-7.081, 1.795] | train_seen=3100
2026-05-26 23:41:19 | INFO | Epoch 20 | batch 1600/1829 | loss=0.8240 | giou=0.3766 | bbox=0.0420 | ce=0.0144 | aux_giou=0.0000 | aux_bbox=0.0000 | aux_ce=0.0000 | mask=1165 | aux_mask=1514 | pos=164 | targets=164 | preds=190 | centerness=[-7.095, 1.620] | train_seen=3200
2026-05-26 23:43:05 | INFO | Epoch 20 | batch 1650/1829 | loss=0.8340 | giou=0.3524 | bbox=0.0248 | ce=0.0073 | aux_giou=0.0430 | aux_bbox=0.0017 | aux_ce=0.0010 | mask=1016 | aux_mask=1425 | pos=105 | targets=105 | preds=101 | centerness=[-8.634, 1.968] | train_seen=3300
2026-05-26 23:44:51 | INFO | Epoch 20 | batch 1700/1829 | loss=1.0233 | giou=0.4184 | bbox=0.0278 | ce=0.0303 | aux_giou=0.0460 | aux_bbox=0.0019 | aux_ce=0.0020 | mask=1855 | aux_mask=2155 | pos=156 | targets=156 | preds=667 | centerness=[-3.906, 1.103] | train_seen=3400
2026-05-26 23:46:38 | INFO | Epoch 20 | batch 1750/1829 | loss=0.7517 | giou=0.3304 | bbox=0.0509 | ce=0.0199 | aux_giou=0.0000 | aux_bbox=0.0000 | aux_ce=0.0000 | mask=1429 | aux_mask=2006 | pos=92 | targets=92 | preds=346 | centerness=[-7.562, 1.841] | train_seen=3500
2026-05-26 23:48:24 | INFO | Epoch 20 | batch 1800/1829 | loss=1.1111 | giou=0.4965 | bbox=0.0481 | ce=0.0351 | aux_giou=0.0000 | aux_bbox=0.0000 | aux_ce=0.0000 | mask=1889 | aux_mask=2100 | pos=496 | targets=496 | preds=888 | centerness=[-5.225, 1.350] | train_seen=3600
2026-05-27 00:08:57 | INFO | Epoch 20 | train_loss=0.848 | val_loss=0.987 | train_mae=114.966 | val_mae=55.265 | val_rmse=99.02 | test_mae=64.445 | test_rmse=146.81 | time=5057.881s
2026-05-27 00:10:44 | INFO | Epoch 21 | batch 50/1829 | loss=0.8628 | giou=0.3705 | bbox=0.0301 | ce=0.0137 | aux_giou=0.0312 | aux_bbox=0.0011 | aux_ce=0.0003 | mask=1320 | aux_mask=1634 | pos=126 | targets=126 | preds=212 | centerness=[-7.114, 2.114] | train_seen=100
2026-05-27 00:12:30 | INFO | Epoch 21 | batch 100/1829 | loss=0.7989 | giou=0.3390 | bbox=0.0144 | ce=0.0108 | aux_giou=0.0390 | aux_bbox=0.0052 | aux_ce=0.0008 | mask=1726 | aux_mask=2019 | pos=176 | targets=176 | preds=244 | centerness=[-5.015, 1.962] | train_seen=200
2026-05-27 00:14:16 | INFO | Epoch 21 | batch 150/1829 | loss=0.8230 | giou=0.3517 | bbox=0.0195 | ce=0.0108 | aux_giou=0.0374 | aux_bbox=0.0023 | aux_ce=0.0007 | mask=1051 | aux_mask=1268 | pos=102 | targets=102 | preds=121 | centerness=[-5.214, 1.598] | train_seen=300
2026-05-27 00:16:03 | INFO | Epoch 21 | batch 200/1829 | loss=0.6058 | giou=0.2785 | bbox=0.0277 | ce=0.0105 | aux_giou=0.0000 | aux_bbox=0.0000 | aux_ce=0.0000 | mask=1323 | aux_mask=1417 | pos=99 | targets=99 | preds=156 | centerness=[-4.771, 2.167] | train_seen=400
2026-05-27 00:17:49 | INFO | Epoch 21 | batch 250/1829 | loss=0.7323 | giou=0.3057 | bbox=0.0208 | ce=0.0143 | aux_giou=0.0334 | aux_bbox=0.0023 | aux_ce=0.0012 | mask=1509 | aux_mask=1761 | pos=96 | targets=96 | preds=254 | centerness=[-5.075, 1.848] | train_seen=500
2026-05-27 00:19:35 | INFO | Epoch 21 | batch 300/1829 | loss=1.0399 | giou=0.4459 | bbox=0.0220 | ce=0.0183 | aux_giou=0.0414 | aux_bbox=0.0021 | aux_ce=0.0023 | mask=1492 | aux_mask=1497 | pos=56 | targets=56 | preds=386 | centerness=[-5.666, 0.426] | train_seen=600
2026-05-27 00:21:21 | INFO | Epoch 21 | batch 350/1829 | loss=0.9529 | giou=0.4124 | bbox=0.0198 | ce=0.0541 | aux_giou=0.0000 | aux_bbox=0.0000 | aux_ce=0.0000 | mask=1869 | aux_mask=2304 | pos=992 | targets=992 | preds=1095 | centerness=[-4.358, 1.946] | train_seen=700
2026-05-27 00:23:07 | INFO | Epoch 21 | batch 400/1829 | loss=1.2543 | giou=0.4964 | bbox=0.0231 | ce=0.0252 | aux_giou=0.0869 | aux_bbox=0.0055 | aux_ce=0.0043 | mask=1707 | aux_mask=1985 | pos=208 | targets=208 | preds=387 | centerness=[-3.683, 1.992] | train_seen=800
2026-05-27 00:24:53 | INFO | Epoch 21 | batch 450/1829 | loss=0.7512 | giou=0.3235 | bbox=0.0469 | ce=0.0287 | aux_giou=0.0000 | aux_bbox=0.0000 | aux_ce=0.0000 | mask=1148 | aux_mask=1687 | pos=160 | targets=160 | preds=176 | centerness=[-5.587, 2.092] | train_seen=900
2026-05-27 00:26:39 | INFO | Epoch 21 | batch 500/1829 | loss=1.1304 | giou=0.4891 | bbox=0.0293 | ce=0.0165 | aux_giou=0.0435 | aux_bbox=0.0018 | aux_ce=0.0005 | mask=1171 | aux_mask=1791 | pos=148 | targets=148 | preds=285 | centerness=[-5.706, 1.207] | train_seen=1000
2026-05-27 00:28:26 | INFO | Epoch 21 | batch 550/1829 | loss=0.7766 | giou=0.3122 | bbox=0.0306 | ce=0.0202 | aux_giou=0.0369 | aux_bbox=0.0026 | aux_ce=0.0023 | mask=1166 | aux_mask=1367 | pos=72 | targets=72 | preds=254 | centerness=[-7.883, 1.607] | train_seen=1100
2026-05-27 00:30:12 | INFO | Epoch 21 | batch 600/1829 | loss=0.5686 | giou=0.2439 | bbox=0.0250 | ce=0.0279 | aux_giou=0.0000 | aux_bbox=0.0000 | aux_ce=0.0000 | mask=1001 | aux_mask=1258 | pos=139 | targets=139 | preds=264 | centerness=[-5.200, 1.306] | train_seen=1200
2026-05-27 00:31:58 | INFO | Epoch 21 | batch 650/1829 | loss=0.7809 | giou=0.3323 | bbox=0.0529 | ce=0.0318 | aux_giou=0.0000 | aux_bbox=0.0000 | aux_ce=0.0000 | mask=861 | aux_mask=1132 | pos=91 | targets=91 | preds=194 | centerness=[-7.265, 0.921] | train_seen=1300
2026-05-27 00:33:44 | INFO | Epoch 21 | batch 700/1829 | loss=0.8359 | giou=0.3632 | bbox=0.0258 | ce=0.0418 | aux_giou=0.0000 | aux_bbox=0.0000 | aux_ce=0.0000 | mask=1350 | aux_mask=1687 | pos=462 | targets=462 | preds=862 | centerness=[-5.601, 1.582] | train_seen=1400
2026-05-27 00:35:30 | INFO | Epoch 21 | batch 750/1829 | loss=0.7647 | giou=0.3300 | bbox=0.0788 | ce=0.0129 | aux_giou=0.0000 | aux_bbox=0.0000 | aux_ce=0.0000 | mask=1051 | aux_mask=1641 | pos=57 | targets=57 | preds=98 | centerness=[-8.170, 1.169] | train_seen=1500
2026-05-27 00:37:16 | INFO | Epoch 21 | batch 800/1829 | loss=0.8247 | giou=0.3641 | bbox=0.0238 | ce=0.0363 | aux_giou=0.0000 | aux_bbox=0.0000 | aux_ce=0.0000 | mask=1727 | aux_mask=1616 | pos=528 | targets=528 | preds=664 | centerness=[-3.779, 1.973] | train_seen=1600
2026-05-27 00:39:03 | INFO | Epoch 21 | batch 850/1829 | loss=0.9326 | giou=0.3917 | bbox=0.0188 | ce=0.0196 | aux_giou=0.0435 | aux_bbox=0.0020 | aux_ce=0.0010 | mask=1439 | aux_mask=1719 | pos=105 | targets=105 | preds=472 | centerness=[-5.446, 1.112] | train_seen=1700
2026-05-27 00:40:49 | INFO | Epoch 21 | batch 900/1829 | loss=0.8440 | giou=0.3864 | bbox=0.0224 | ce=0.0244 | aux_giou=0.0000 | aux_bbox=0.0000 | aux_ce=0.0000 | mask=1771 | aux_mask=2257 | pos=241 | targets=241 | preds=465 | centerness=[-4.444, 1.056] | train_seen=1800
2026-05-27 00:42:35 | INFO | Epoch 21 | batch 950/1829 | loss=1.1644 | giou=0.4833 | bbox=0.0470 | ce=0.0214 | aux_giou=0.0485 | aux_bbox=0.0073 | aux_ce=0.0018 | mask=1260 | aux_mask=1737 | pos=158 | targets=158 | preds=194 | centerness=[-5.619, 1.696] | train_seen=1900
2026-05-27 00:44:21 | INFO | Epoch 21 | batch 1000/1829 | loss=0.4534 | giou=0.2035 | bbox=0.0189 | ce=0.0138 | aux_giou=0.0000 | aux_bbox=0.0000 | aux_ce=0.0000 | mask=1236 | aux_mask=1634 | pos=140 | targets=140 | preds=247 | centerness=[-5.529, 1.310] | train_seen=2000
2026-05-27 00:46:07 | INFO | Epoch 21 | batch 1050/1829 | loss=0.7040 | giou=0.3195 | bbox=0.0270 | ce=0.0190 | aux_giou=0.0000 | aux_bbox=0.0000 | aux_ce=0.0000 | mask=980 | aux_mask=1384 | pos=107 | targets=107 | preds=107 | centerness=[-7.260, 1.284] | train_seen=2100
2026-05-27 00:47:54 | INFO | Epoch 21 | batch 1100/1829 | loss=0.7830 | giou=0.3359 | bbox=0.0388 | ce=0.0363 | aux_giou=0.0000 | aux_bbox=0.0000 | aux_ce=0.0000 | mask=1483 | aux_mask=1468 | pos=222 | targets=222 | preds=463 | centerness=[-5.309, 1.597] | train_seen=2200
2026-05-27 00:49:40 | INFO | Epoch 21 | batch 1150/1829 | loss=0.8699 | giou=0.3845 | bbox=0.0288 | ce=0.0361 | aux_giou=0.0000 | aux_bbox=0.0000 | aux_ce=0.0000 | mask=1863 | aux_mask=1845 | pos=296 | targets=296 | preds=520 | centerness=[-4.403, 1.285] | train_seen=2300
2026-05-27 00:51:26 | INFO | Epoch 21 | batch 1200/1829 | loss=0.9846 | giou=0.4232 | bbox=0.0790 | ce=0.0296 | aux_giou=0.0000 | aux_bbox=0.0000 | aux_ce=0.0000 | mask=1214 | aux_mask=1547 | pos=96 | targets=96 | preds=308 | centerness=[-12.147, 0.321] | train_seen=2400
2026-05-27 00:53:12 | INFO | Epoch 21 | batch 1250/1829 | loss=0.7214 | giou=0.3135 | bbox=0.0393 | ce=0.0276 | aux_giou=0.0000 | aux_bbox=0.0000 | aux_ce=0.0000 | mask=1130 | aux_mask=1243 | pos=184 | targets=184 | preds=230 | centerness=[-5.604, 1.497] | train_seen=2500
2026-05-27 00:54:58 | INFO | Epoch 21 | batch 1300/1829 | loss=0.6475 | giou=0.2905 | bbox=0.0195 | ce=0.0235 | aux_giou=0.0000 | aux_bbox=0.0000 | aux_ce=0.0000 | mask=1581 | aux_mask=1571 | pos=448 | targets=448 | preds=724 | centerness=[-6.256, 2.034] | train_seen=2600
2026-05-27 00:56:45 | INFO | Epoch 21 | batch 1350/1829 | loss=0.8091 | giou=0.3595 | bbox=0.0493 | ce=0.0204 | aux_giou=0.0000 | aux_bbox=0.0000 | aux_ce=0.0000 | mask=1047 | aux_mask=1354 | pos=43 | targets=43 | preds=133 | centerness=[-7.807, 1.589] | train_seen=2700
2026-05-27 00:58:31 | INFO | Epoch 21 | batch 1400/1829 | loss=0.7322 | giou=0.3230 | bbox=0.0202 | ce=0.0330 | aux_giou=0.0000 | aux_bbox=0.0000 | aux_ce=0.0000 | mask=2081 | aux_mask=1909 | pos=468 | targets=468 | preds=762 | centerness=[-3.617, 1.805] | train_seen=2800
2026-05-27 01:00:17 | INFO | Epoch 21 | batch 1450/1829 | loss=0.9078 | giou=0.3989 | bbox=0.0400 | ce=0.0351 | aux_giou=0.0000 | aux_bbox=0.0000 | aux_ce=0.0000 | mask=1448 | aux_mask=1842 | pos=255 | targets=255 | preds=755 | centerness=[-9.401, 0.622] | train_seen=2900
2026-05-27 01:02:03 | INFO | Epoch 21 | batch 1500/1829 | loss=0.7070 | giou=0.3121 | bbox=0.0412 | ce=0.0209 | aux_giou=0.0000 | aux_bbox=0.0000 | aux_ce=0.0000 | mask=1087 | aux_mask=1747 | pos=63 | targets=63 | preds=87 | centerness=[-6.331, 1.615] | train_seen=3000
2026-05-27 01:03:50 | INFO | Epoch 21 | batch 1550/1829 | loss=0.6338 | giou=0.2775 | bbox=0.0475 | ce=0.0156 | aux_giou=0.0000 | aux_bbox=0.0000 | aux_ce=0.0000 | mask=768 | aux_mask=1612 | pos=53 | targets=53 | preds=144 | centerness=[-8.747, 0.439] | train_seen=3100
2026-05-27 01:05:36 | INFO | Epoch 21 | batch 1600/1829 | loss=0.6023 | giou=0.2796 | bbox=0.0256 | ce=0.0087 | aux_giou=0.0000 | aux_bbox=0.0000 | aux_ce=0.0000 | mask=1485 | aux_mask=1559 | pos=156 | targets=156 | preds=225 | centerness=[-7.214, 2.024] | train_seen=3200
2026-05-27 01:07:22 | INFO | Epoch 21 | batch 1650/1829 | loss=0.8529 | giou=0.3305 | bbox=0.0473 | ce=0.0363 | aux_giou=0.0306 | aux_bbox=0.0045 | aux_ce=0.0033 | mask=1319 | aux_mask=1596 | pos=185 | targets=185 | preds=372 | centerness=[-7.488, 1.624] | train_seen=3300
2026-05-27 01:09:09 | INFO | Epoch 21 | batch 1700/1829 | loss=0.8213 | giou=0.3600 | bbox=0.0147 | ce=0.0073 | aux_giou=0.0337 | aux_bbox=0.0012 | aux_ce=0.0018 | mask=1095 | aux_mask=1294 | pos=79 | targets=79 | preds=132 | centerness=[-5.723, 2.232] | train_seen=3400
2026-05-27 01:10:55 | INFO | Epoch 21 | batch 1750/1829 | loss=0.8258 | giou=0.3876 | bbox=0.0274 | ce=0.0116 | aux_giou=0.0000 | aux_bbox=0.0000 | aux_ce=0.0000 | mask=1532 | aux_mask=1657 | pos=23 | targets=23 | preds=490 | centerness=[-5.255, 0.509] | train_seen=3500
2026-05-27 01:12:41 | INFO | Epoch 21 | batch 1800/1829 | loss=0.4350 | giou=0.2046 | bbox=0.0185 | ce=0.0037 | aux_giou=0.0000 | aux_bbox=0.0000 | aux_ce=0.0000 | mask=874 | aux_mask=1050 | pos=20 | targets=20 | preds=27 | centerness=[-6.908, 1.303] | train_seen=3600
2026-05-27 01:33:18 | INFO | Epoch 21 | train_loss=0.815 | val_loss=0.969 | train_mae=112.742 | val_mae=46.881 | val_rmse=90.47 | test_mae=53.201 | test_rmse=133.16 | time=5057.000s | best_rmse
2026-05-27 01:35:04 | INFO | Epoch 22 | batch 50/1829 | loss=0.8952 | giou=0.3579 | bbox=0.0602 | ce=0.0253 | aux_giou=0.0288 | aux_bbox=0.0051 | aux_ce=0.0029 | mask=1136 | aux_mask=1688 | pos=97 | targets=97 | preds=198 | centerness=[-8.784, 0.328] | train_seen=100
2026-05-27 01:36:50 | INFO | Epoch 22 | batch 100/1829 | loss=0.7103 | giou=0.3244 | bbox=0.0252 | ce=0.0181 | aux_giou=0.0000 | aux_bbox=0.0000 | aux_ce=0.0000 | mask=835 | aux_mask=1396 | pos=125 | targets=125 | preds=171 | centerness=[-6.629, 1.333] | train_seen=200
2026-05-27 01:38:36 | INFO | Epoch 22 | batch 150/1829 | loss=0.9730 | giou=0.4238 | bbox=0.0202 | ce=0.0206 | aux_giou=0.0301 | aux_bbox=0.0010 | aux_ce=0.0015 | mask=1233 | aux_mask=1224 | pos=261 | targets=261 | preds=364 | centerness=[-5.576, 1.367] | train_seen=300
2026-05-27 01:40:23 | INFO | Epoch 22 | batch 200/1829 | loss=0.7632 | giou=0.3264 | bbox=0.0351 | ce=0.0376 | aux_giou=0.0000 | aux_bbox=0.0000 | aux_ce=0.0000 | mask=1437 | aux_mask=1827 | pos=408 | targets=408 | preds=380 | centerness=[-6.550, 1.902] | train_seen=400
2026-05-27 01:42:09 | INFO | Epoch 22 | batch 250/1829 | loss=1.1050 | giou=0.4966 | bbox=0.0774 | ce=0.0173 | aux_giou=0.0000 | aux_bbox=0.0000 | aux_ce=0.0000 | mask=1796 | aux_mask=2016 | pos=59 | targets=59 | preds=823 | centerness=[-7.401, 0.660] | train_seen=500
2026-05-27 01:43:55 | INFO | Epoch 22 | batch 300/1829 | loss=0.6529 | giou=0.2900 | bbox=0.0324 | ce=0.0202 | aux_giou=0.0000 | aux_bbox=0.0000 | aux_ce=0.0000 | mask=1042 | aux_mask=1394 | pos=113 | targets=113 | preds=173 | centerness=[-6.358, 1.050] | train_seen=600
2026-05-27 01:45:41 | INFO | Epoch 22 | batch 350/1829 | loss=0.8110 | giou=0.3550 | bbox=0.0362 | ce=0.0324 | aux_giou=0.0000 | aux_bbox=0.0000 | aux_ce=0.0000 | mask=1405 | aux_mask=1535 | pos=480 | targets=480 | preds=755 | centerness=[-5.873, 1.344] | train_seen=700
2026-05-27 01:47:27 | INFO | Epoch 22 | batch 400/1829 | loss=0.7624 | giou=0.3288 | bbox=0.0346 | ce=0.0351 | aux_giou=0.0000 | aux_bbox=0.0000 | aux_ce=0.0000 | mask=1478 | aux_mask=1476 | pos=167 | targets=167 | preds=398 | centerness=[-7.265, 1.192] | train_seen=800
2026-05-27 01:49:14 | INFO | Epoch 22 | batch 450/1829 | loss=0.7603 | giou=0.3507 | bbox=0.0375 | ce=0.0107 | aux_giou=0.0000 | aux_bbox=0.0000 | aux_ce=0.0000 | mask=1156 | aux_mask=1838 | pos=94 | targets=94 | preds=105 | centerness=[-6.838, 2.207] | train_seen=900
2026-05-27 01:51:00 | INFO | Epoch 22 | batch 500/1829 | loss=0.6105 | giou=0.2770 | bbox=0.0357 | ce=0.0104 | aux_giou=0.0000 | aux_bbox=0.0000 | aux_ce=0.0000 | mask=1155 | aux_mask=1627 | pos=66 | targets=66 | preds=129 | centerness=[-10.344, 1.273] | train_seen=1000
2026-05-27 01:52:46 | INFO | Epoch 22 | batch 550/1829 | loss=0.8282 | giou=0.3721 | bbox=0.0322 | ce=0.0259 | aux_giou=0.0000 | aux_bbox=0.0000 | aux_ce=0.0000 | mask=1494 | aux_mask=1920 | pos=128 | targets=128 | preds=470 | centerness=[-4.293, 1.452] | train_seen=1100
2026-05-27 01:54:32 | INFO | Epoch 22 | batch 600/1829 | loss=0.8772 | giou=0.3790 | bbox=0.0242 | ce=0.0475 | aux_giou=0.0000 | aux_bbox=0.0000 | aux_ce=0.0000 | mask=1778 | aux_mask=1833 | pos=612 | targets=612 | preds=975 | centerness=[-4.313, 1.683] | train_seen=1200
2026-05-27 01:56:19 | INFO | Epoch 22 | batch 650/1829 | loss=0.6353 | giou=0.3015 | bbox=0.0176 | ce=0.0073 | aux_giou=0.0000 | aux_bbox=0.0000 | aux_ce=0.0000 | mask=898 | aux_mask=1254 | pos=49 | targets=49 | preds=82 | centerness=[-5.176, 1.253] | train_seen=1300
2026-05-27 01:58:05 | INFO | Epoch 22 | batch 700/1829 | loss=0.9312 | giou=0.4206 | bbox=0.0303 | ce=0.0298 | aux_giou=0.0000 | aux_bbox=0.0000 | aux_ce=0.0000 | mask=2005 | aux_mask=2117 | pos=360 | targets=360 | preds=614 | centerness=[-4.129, 1.591] | train_seen=1400
2026-05-27 01:59:51 | INFO | Epoch 22 | batch 750/1829 | loss=1.0274 | giou=0.4162 | bbox=0.0360 | ce=0.0231 | aux_giou=0.0513 | aux_bbox=0.0041 | aux_ce=0.0030 | mask=1639 | aux_mask=1716 | pos=135 | targets=135 | preds=555 | centerness=[-6.291, 1.574] | train_seen=1500
2026-05-27 02:01:38 | INFO | Epoch 22 | batch 800/1829 | loss=0.8769 | giou=0.3930 | bbox=0.0440 | ce=0.0234 | aux_giou=0.0000 | aux_bbox=0.0000 | aux_ce=0.0000 | mask=1093 | aux_mask=1594 | pos=120 | targets=120 | preds=254 | centerness=[-6.637, 0.825] | train_seen=1600
2026-05-27 02:03:24 | INFO | Epoch 22 | batch 850/1829 | loss=0.6498 | giou=0.2873 | bbox=0.0364 | ce=0.0194 | aux_giou=0.0000 | aux_bbox=0.0000 | aux_ce=0.0000 | mask=1524 | aux_mask=1543 | pos=120 | targets=120 | preds=274 | centerness=[-4.786, 1.752] | train_seen=1700
2026-05-27 02:05:10 | INFO | Epoch 22 | batch 900/1829 | loss=0.7615 | giou=0.3469 | bbox=0.0197 | ce=0.0240 | aux_giou=0.0000 | aux_bbox=0.0000 | aux_ce=0.0000 | mask=1837 | aux_mask=1802 | pos=120 | targets=120 | preds=543 | centerness=[-4.268, 1.182] | train_seen=1800
2026-05-27 02:06:56 | INFO | Epoch 22 | batch 950/1829 | loss=1.0119 | giou=0.3820 | bbox=0.0465 | ce=0.0482 | aux_giou=0.0453 | aux_bbox=0.0035 | aux_ce=0.0054 | mask=1091 | aux_mask=1444 | pos=387 | targets=387 | preds=355 | centerness=[-8.725, 0.892] | train_seen=1900
2026-05-27 02:08:43 | INFO | Epoch 22 | batch 1000/1829 | loss=0.6786 | giou=0.2867 | bbox=0.0275 | ce=0.0080 | aux_giou=0.0300 | aux_bbox=0.0010 | aux_ce=0.0004 | mask=991 | aux_mask=1592 | pos=88 | targets=88 | preds=94 | centerness=[-7.639, 2.025] | train_seen=2000
2026-05-27 02:10:29 | INFO | Epoch 22 | batch 1050/1829 | loss=0.8832 | giou=0.3890 | bbox=0.0498 | ce=0.0277 | aux_giou=0.0000 | aux_bbox=0.0000 | aux_ce=0.0000 | mask=1163 | aux_mask=1366 | pos=225 | targets=225 | preds=220 | centerness=[-8.370, 1.777] | train_seen=2100
2026-05-27 02:12:15 | INFO | Epoch 22 | batch 1100/1829 | loss=0.9849 | giou=0.3993 | bbox=0.0464 | ce=0.0196 | aux_giou=0.0457 | aux_bbox=0.0056 | aux_ce=0.0018 | mask=1537 | aux_mask=1569 | pos=148 | targets=148 | preds=200 | centerness=[-5.712, 2.147] | train_seen=2200
2026-05-27 02:14:02 | INFO | Epoch 22 | batch 1150/1829 | loss=1.1044 | giou=0.4474 | bbox=0.0228 | ce=0.0530 | aux_giou=0.0362 | aux_bbox=0.0011 | aux_ce=0.0036 | mask=2650 | aux_mask=2772 | pos=592 | targets=592 | preds=1420 | centerness=[-4.733, 1.567] | train_seen=2300
2026-05-27 02:15:48 | INFO | Epoch 22 | batch 1200/1829 | loss=1.2303 | giou=0.5092 | bbox=0.0417 | ce=0.0436 | aux_giou=0.0359 | aux_bbox=0.0022 | aux_ce=0.0044 | mask=2298 | aux_mask=2389 | pos=496 | targets=496 | preds=1286 | centerness=[-4.909, 0.706] | train_seen=2400
2026-05-27 02:17:34 | INFO | Epoch 22 | batch 1250/1829 | loss=0.6839 | giou=0.2856 | bbox=0.0673 | ce=0.0228 | aux_giou=0.0000 | aux_bbox=0.0000 | aux_ce=0.0000 | mask=947 | aux_mask=1662 | pos=60 | targets=60 | preds=105 | centerness=[-8.097, 0.186] | train_seen=2500
2026-05-27 02:19:20 | INFO | Epoch 22 | batch 1300/1829 | loss=0.5922 | giou=0.2702 | bbox=0.0388 | ce=0.0065 | aux_giou=0.0000 | aux_bbox=0.0000 | aux_ce=0.0000 | mask=752 | aux_mask=1095 | pos=36 | targets=36 | preds=44 | centerness=[-6.539, 1.278] | train_seen=2600
2026-05-27 02:21:07 | INFO | Epoch 22 | batch 1350/1829 | loss=1.0777 | giou=0.4360 | bbox=0.0509 | ce=0.0205 | aux_giou=0.0532 | aux_bbox=0.0038 | aux_ce=0.0018 | mask=2506 | aux_mask=2403 | pos=72 | targets=72 | preds=1648 | centerness=[-8.021, 0.590] | train_seen=2700
2026-05-27 02:22:53 | INFO | Epoch 22 | batch 1400/1829 | loss=0.7408 | giou=0.3361 | bbox=0.0268 | ce=0.0209 | aux_giou=0.0000 | aux_bbox=0.0000 | aux_ce=0.0000 | mask=1261 | aux_mask=1213 | pos=114 | targets=114 | preds=214 | centerness=[-4.800, 1.311] | train_seen=2800
2026-05-27 02:24:39 | INFO | Epoch 22 | batch 1450/1829 | loss=0.9896 | giou=0.4516 | bbox=0.0233 | ce=0.0316 | aux_giou=0.0000 | aux_bbox=0.0000 | aux_ce=0.0000 | mask=1705 | aux_mask=1850 | pos=102 | targets=102 | preds=950 | centerness=[-4.216, 1.633] | train_seen=2900
2026-05-27 02:26:25 | INFO | Epoch 22 | batch 1500/1829 | loss=0.7461 | giou=0.3407 | bbox=0.0402 | ce=0.0123 | aux_giou=0.0000 | aux_bbox=0.0000 | aux_ce=0.0000 | mask=1169 | aux_mask=1391 | pos=64 | targets=64 | preds=147 | centerness=[-7.087, 1.075] | train_seen=3000
2026-05-27 02:28:12 | INFO | Epoch 22 | batch 1550/1829 | loss=0.6910 | giou=0.2944 | bbox=0.0585 | ce=0.0219 | aux_giou=0.0000 | aux_bbox=0.0000 | aux_ce=0.0000 | mask=1440 | aux_mask=1639 | pos=123 | targets=123 | preds=287 | centerness=[-6.819, 1.420] | train_seen=3100
2026-05-27 02:29:58 | INFO | Epoch 22 | batch 1600/1829 | loss=0.8455 | giou=0.3716 | bbox=0.0349 | ce=0.0337 | aux_giou=0.0000 | aux_bbox=0.0000 | aux_ce=0.0000 | mask=1742 | aux_mask=1727 | pos=209 | targets=209 | preds=592 | centerness=[-6.667, 1.201] | train_seen=3200
2026-05-27 02:31:44 | INFO | Epoch 22 | batch 1650/1829 | loss=0.8505 | giou=0.3524 | bbox=0.0208 | ce=0.0213 | aux_giou=0.0386 | aux_bbox=0.0015 | aux_ce=0.0019 | mask=1347 | aux_mask=1545 | pos=88 | targets=88 | preds=400 | centerness=[-5.080, 1.290] | train_seen=3300
2026-05-27 02:33:30 | INFO | Epoch 22 | batch 1700/1829 | loss=0.8967 | giou=0.3910 | bbox=0.0519 | ce=0.0314 | aux_giou=0.0000 | aux_bbox=0.0000 | aux_ce=0.0000 | mask=1303 | aux_mask=1546 | pos=151 | targets=151 | preds=387 | centerness=[-6.398, 1.279] | train_seen=3400
2026-05-27 02:35:17 | INFO | Epoch 22 | batch 1750/1829 | loss=0.9062 | giou=0.4104 | bbox=0.0337 | ce=0.0258 | aux_giou=0.0000 | aux_bbox=0.0000 | aux_ce=0.0000 | mask=1509 | aux_mask=1980 | pos=157 | targets=157 | preds=387 | centerness=[-5.019, 1.434] | train_seen=3500
2026-05-27 02:37:03 | INFO | Epoch 22 | batch 1800/1829 | loss=1.0069 | giou=0.4195 | bbox=0.0364 | ce=0.0657 | aux_giou=0.0000 | aux_bbox=0.0000 | aux_ce=0.0000 | mask=1826 | aux_mask=1969 | pos=388 | targets=388 | preds=600 | centerness=[-4.687, 1.020] | train_seen=3600
2026-05-27 02:57:37 | INFO | Epoch 22 | train_loss=0.805 | val_loss=0.961 | train_mae=105.779 | val_mae=52.759 | val_rmse=97.35 | test_mae=62.319 | test_rmse=144.08 | time=5058.929s
2026-05-27 02:59:24 | INFO | Epoch 23 | batch 50/1829 | loss=1.0197 | giou=0.4499 | bbox=0.0267 | ce=0.0466 | aux_giou=0.0000 | aux_bbox=0.0000 | aux_ce=0.0000 | mask=2692 | aux_mask=2452 | pos=660 | targets=660 | preds=1242 | centerness=[-3.600, 1.220] | train_seen=100
2026-05-27 03:01:11 | INFO | Epoch 23 | batch 100/1829 | loss=0.7120 | giou=0.3179 | bbox=0.0239 | ce=0.0262 | aux_giou=0.0000 | aux_bbox=0.0000 | aux_ce=0.0000 | mask=1285 | aux_mask=1345 | pos=177 | targets=177 | preds=264 | centerness=[-7.576, 1.413] | train_seen=200
2026-05-27 03:02:57 | INFO | Epoch 23 | batch 150/1829 | loss=0.9847 | giou=0.3950 | bbox=0.0408 | ce=0.0279 | aux_giou=0.0439 | aux_bbox=0.0029 | aux_ce=0.0037 | mask=1121 | aux_mask=1097 | pos=286 | targets=286 | preds=386 | centerness=[-8.969, 1.412] | train_seen=300
2026-05-27 03:04:43 | INFO | Epoch 23 | batch 200/1829 | loss=0.7016 | giou=0.3095 | bbox=0.0486 | ce=0.0170 | aux_giou=0.0000 | aux_bbox=0.0000 | aux_ce=0.0000 | mask=1136 | aux_mask=1644 | pos=58 | targets=58 | preds=212 | centerness=[-6.268, 1.257] | train_seen=400
2026-05-27 03:06:29 | INFO | Epoch 23 | batch 250/1829 | loss=1.2179 | giou=0.4969 | bbox=0.0411 | ce=0.0476 | aux_giou=0.0399 | aux_bbox=0.0023 | aux_ce=0.0028 | mask=1654 | aux_mask=1822 | pos=208 | targets=208 | preds=613 | centerness=[-4.441, 1.787] | train_seen=500
2026-05-27 03:08:16 | INFO | Epoch 23 | batch 300/1829 | loss=0.8759 | giou=0.3747 | bbox=0.0406 | ce=0.0429 | aux_giou=0.0000 | aux_bbox=0.0000 | aux_ce=0.0000 | mask=1559 | aux_mask=1448 | pos=324 | targets=324 | preds=428 | centerness=[-4.972, 1.970] | train_seen=600
2026-05-27 03:10:02 | INFO | Epoch 23 | batch 350/1829 | loss=0.6642 | giou=0.2995 | bbox=0.0212 | ce=0.0220 | aux_giou=0.0000 | aux_bbox=0.0000 | aux_ce=0.0000 | mask=1604 | aux_mask=1450 | pos=180 | targets=180 | preds=424 | centerness=[-5.404, 1.350] | train_seen=700
2026-05-27 03:11:48 | INFO | Epoch 23 | batch 400/1829 | loss=0.9705 | giou=0.3731 | bbox=0.0586 | ce=0.0464 | aux_giou=0.0300 | aux_bbox=0.0036 | aux_ce=0.0045 | mask=1292 | aux_mask=1634 | pos=282 | targets=282 | preds=582 | centerness=[-7.684, 0.875] | train_seen=800
2026-05-27 03:13:34 | INFO | Epoch 23 | batch 450/1829 | loss=1.0810 | giou=0.4397 | bbox=0.0430 | ce=0.0793 | aux_giou=0.0000 | aux_bbox=0.0000 | aux_ce=0.0000 | mask=2310 | aux_mask=2056 | pos=1009 | targets=1009 | preds=1433 | centerness=[-5.361, 1.142] | train_seen=900
2026-05-27 03:15:21 | INFO | Epoch 23 | batch 500/1829 | loss=0.7365 | giou=0.3374 | bbox=0.0290 | ce=0.0164 | aux_giou=0.0000 | aux_bbox=0.0000 | aux_ce=0.0000 | mask=1023 | aux_mask=1356 | pos=46 | targets=46 | preds=114 | centerness=[-5.904, 1.820] | train_seen=1000
2026-05-27 03:17:07 | INFO | Epoch 23 | batch 550/1829 | loss=0.4435 | giou=0.1866 | bbox=0.0454 | ce=0.0125 | aux_giou=0.0000 | aux_bbox=0.0000 | aux_ce=0.0000 | mask=959 | aux_mask=1209 | pos=40 | targets=40 | preds=101 | centerness=[-7.767, 1.266] | train_seen=1100
2026-05-27 03:18:53 | INFO | Epoch 23 | batch 600/1829 | loss=1.1474 | giou=0.4785 | bbox=0.0219 | ce=0.0283 | aux_giou=0.0534 | aux_bbox=0.0023 | aux_ce=0.0015 | mask=2039 | aux_mask=2376 | pos=300 | targets=300 | preds=437 | centerness=[-4.108, 1.535] | train_seen=1200
2026-05-27 03:20:40 | INFO | Epoch 23 | batch 650/1829 | loss=1.2948 | giou=0.5490 | bbox=0.0233 | ce=0.0417 | aux_giou=0.0428 | aux_bbox=0.0015 | aux_ce=0.0015 | mask=2124 | aux_mask=2330 | pos=369 | targets=369 | preds=1287 | centerness=[-4.611, 1.221] | train_seen=1300
2026-05-27 03:22:26 | INFO | Epoch 23 | batch 700/1829 | loss=0.4967 | giou=0.2256 | bbox=0.0216 | ce=0.0119 | aux_giou=0.0000 | aux_bbox=0.0000 | aux_ce=0.0000 | mask=1362 | aux_mask=1566 | pos=116 | targets=116 | preds=156 | centerness=[-4.668, 1.935] | train_seen=1400
2026-05-27 03:24:13 | INFO | Epoch 23 | batch 750/1829 | loss=0.7724 | giou=0.3318 | bbox=0.0574 | ce=0.0258 | aux_giou=0.0000 | aux_bbox=0.0000 | aux_ce=0.0000 | mask=1227 | aux_mask=1601 | pos=126 | targets=126 | preds=163 | centerness=[-8.452, 1.513] | train_seen=1500
2026-05-27 03:25:59 | INFO | Epoch 23 | batch 800/1829 | loss=0.6410 | giou=0.2883 | bbox=0.0441 | ce=0.0102 | aux_giou=0.0000 | aux_bbox=0.0000 | aux_ce=0.0000 | mask=1161 | aux_mask=1448 | pos=45 | targets=45 | preds=109 | centerness=[-7.464, 1.511] | train_seen=1600
2026-05-27 03:27:45 | INFO | Epoch 23 | batch 850/1829 | loss=0.7660 | giou=0.3409 | bbox=0.0410 | ce=0.0216 | aux_giou=0.0000 | aux_bbox=0.0000 | aux_ce=0.0000 | mask=1233 | aux_mask=1510 | pos=122 | targets=122 | preds=141 | centerness=[-6.434, 2.255] | train_seen=1700
2026-05-27 03:29:32 | INFO | Epoch 23 | batch 900/1829 | loss=0.7865 | giou=0.3469 | bbox=0.0351 | ce=0.0288 | aux_giou=0.0000 | aux_bbox=0.0000 | aux_ce=0.0000 | mask=917 | aux_mask=1143 | pos=223 | targets=223 | preds=323 | centerness=[-5.751, 1.573] | train_seen=1800
2026-05-27 03:31:18 | INFO | Epoch 23 | batch 950/1829 | loss=0.7867 | giou=0.3296 | bbox=0.0366 | ce=0.0455 | aux_giou=0.0000 | aux_bbox=0.0000 | aux_ce=0.0000 | mask=1930 | aux_mask=2207 | pos=344 | targets=344 | preds=803 | centerness=[-5.784, 1.076] | train_seen=1900
2026-05-27 03:33:04 | INFO | Epoch 23 | batch 1000/1829 | loss=0.7114 | giou=0.3204 | bbox=0.0276 | ce=0.0215 | aux_giou=0.0000 | aux_bbox=0.0000 | aux_ce=0.0000 | mask=1658 | aux_mask=1577 | pos=429 | targets=429 | preds=424 | centerness=[-6.665, 2.303] | train_seen=2000
2026-05-27 03:34:50 | INFO | Epoch 23 | batch 1050/1829 | loss=1.0713 | giou=0.4170 | bbox=0.0295 | ce=0.0488 | aux_giou=0.0507 | aux_bbox=0.0021 | aux_ce=0.0034 | mask=2956 | aux_mask=2652 | pos=452 | targets=452 | preds=1910 | centerness=[-4.269, 0.971] | train_seen=2100
2026-05-27 03:36:36 | INFO | Epoch 23 | batch 1100/1829 | loss=0.9139 | giou=0.4015 | bbox=0.0513 | ce=0.0298 | aux_giou=0.0000 | aux_bbox=0.0000 | aux_ce=0.0000 | mask=1949 | aux_mask=2062 | pos=196 | targets=196 | preds=626 | centerness=[-7.160, 0.908] | train_seen=2200
2026-05-27 03:38:23 | INFO | Epoch 23 | batch 1150/1829 | loss=0.7762 | giou=0.3587 | bbox=0.0459 | ce=0.0064 | aux_giou=0.0000 | aux_bbox=0.0000 | aux_ce=0.0000 | mask=804 | aux_mask=800 | pos=35 | targets=35 | preds=68 | centerness=[-8.605, 2.059] | train_seen=2300
2026-05-27 03:40:09 | INFO | Epoch 23 | batch 1200/1829 | loss=0.7596 | giou=0.3346 | bbox=0.0439 | ce=0.0233 | aux_giou=0.0000 | aux_bbox=0.0000 | aux_ce=0.0000 | mask=1096 | aux_mask=1385 | pos=172 | targets=172 | preds=186 | centerness=[-5.421, 1.202] | train_seen=2400
2026-05-27 03:41:55 | INFO | Epoch 23 | batch 1250/1829 | loss=0.9635 | giou=0.4100 | bbox=0.0293 | ce=0.0192 | aux_giou=0.0368 | aux_bbox=0.0012 | aux_ce=0.0004 | mask=1258 | aux_mask=1670 | pos=141 | targets=141 | preds=202 | centerness=[-5.404, 2.224] | train_seen=2500
2026-05-27 03:43:41 | INFO | Epoch 23 | batch 1300/1829 | loss=0.7667 | giou=0.3390 | bbox=0.0199 | ce=0.0344 | aux_giou=0.0000 | aux_bbox=0.0000 | aux_ce=0.0000 | mask=1555 | aux_mask=1802 | pos=392 | targets=392 | preds=625 | centerness=[-4.380, 1.814] | train_seen=2600
2026-05-27 03:45:27 | INFO | Epoch 23 | batch 1350/1829 | loss=0.9035 | giou=0.4165 | bbox=0.0201 | ce=0.0252 | aux_giou=0.0000 | aux_bbox=0.0000 | aux_ce=0.0000 | mask=1983 | aux_mask=2718 | pos=187 | targets=187 | preds=530 | centerness=[-4.856, 1.440] | train_seen=2700
2026-05-27 03:47:14 | INFO | Epoch 23 | batch 1400/1829 | loss=0.7872 | giou=0.3506 | bbox=0.0369 | ce=0.0245 | aux_giou=0.0000 | aux_bbox=0.0000 | aux_ce=0.0000 | mask=1253 | aux_mask=1176 | pos=132 | targets=132 | preds=216 | centerness=[-6.151, 1.893] | train_seen=2800
2026-05-27 03:49:00 | INFO | Epoch 23 | batch 1450/1829 | loss=0.5565 | giou=0.2462 | bbox=0.0248 | ce=0.0196 | aux_giou=0.0000 | aux_bbox=0.0000 | aux_ce=0.0000 | mask=1246 | aux_mask=1711 | pos=101 | targets=101 | preds=272 | centerness=[-6.358, 0.882] | train_seen=2900
2026-05-27 03:50:46 | INFO | Epoch 23 | batch 1500/1829 | loss=0.8319 | giou=0.3725 | bbox=0.0262 | ce=0.0303 | aux_giou=0.0000 | aux_bbox=0.0000 | aux_ce=0.0000 | mask=1359 | aux_mask=1367 | pos=114 | targets=114 | preds=473 | centerness=[-5.160, 1.392] | train_seen=3000
2026-05-27 03:52:32 | INFO | Epoch 23 | batch 1550/1829 | loss=0.7806 | giou=0.3394 | bbox=0.0219 | ce=0.0399 | aux_giou=0.0000 | aux_bbox=0.0000 | aux_ce=0.0000 | mask=1423 | aux_mask=1423 | pos=455 | targets=455 | preds=609 | centerness=[-4.994, 1.441] | train_seen=3100
2026-05-27 03:54:18 | INFO | Epoch 23 | batch 1600/1829 | loss=1.1594 | giou=0.4705 | bbox=0.0384 | ce=0.0413 | aux_giou=0.0430 | aux_bbox=0.0026 | aux_ce=0.0044 | mask=2251 | aux_mask=2222 | pos=384 | targets=384 | preds=950 | centerness=[-5.304, 0.536] | train_seen=3200
2026-05-27 03:56:05 | INFO | Epoch 23 | batch 1650/1829 | loss=1.0308 | giou=0.4508 | bbox=0.0227 | ce=0.0186 | aux_giou=0.0335 | aux_bbox=0.0014 | aux_ce=0.0005 | mask=998 | aux_mask=1935 | pos=96 | targets=96 | preds=260 | centerness=[-5.646, 1.779] | train_seen=3300
2026-05-27 03:57:51 | INFO | Epoch 23 | batch 1700/1829 | loss=0.5735 | giou=0.2494 | bbox=0.0389 | ce=0.0178 | aux_giou=0.0000 | aux_bbox=0.0000 | aux_ce=0.0000 | mask=794 | aux_mask=1000 | pos=64 | targets=64 | preds=93 | centerness=[-6.895, 1.265] | train_seen=3400
2026-05-27 03:59:37 | INFO | Epoch 23 | batch 1750/1829 | loss=0.7930 | giou=0.3546 | bbox=0.0265 | ce=0.0287 | aux_giou=0.0000 | aux_bbox=0.0000 | aux_ce=0.0000 | mask=1710 | aux_mask=1855 | pos=488 | targets=488 | preds=511 | centerness=[-5.365, 2.276] | train_seen=3500
2026-05-27 04:01:23 | INFO | Epoch 23 | batch 1800/1829 | loss=0.4298 | giou=0.1972 | bbox=0.0231 | ce=0.0061 | aux_giou=0.0000 | aux_bbox=0.0000 | aux_ce=0.0000 | mask=1288 | aux_mask=1379 | pos=68 | targets=68 | preds=116 | centerness=[-5.340, 1.220] | train_seen=3600
2026-05-27 04:21:58 | INFO | Epoch 23 | train_loss=0.806 | val_loss=0.968 | train_mae=103.305 | val_mae=50.624 | val_rmse=90.98 | test_mae=60.714 | test_rmse=140.22 | time=5060.324s
2026-05-27 04:23:45 | INFO | Epoch 24 | batch 50/1829 | loss=0.5525 | giou=0.2475 | bbox=0.0254 | ce=0.0161 | aux_giou=0.0000 | aux_bbox=0.0000 | aux_ce=0.0000 | mask=1393 | aux_mask=2154 | pos=131 | targets=131 | preds=230 | centerness=[-5.721, 1.104] | train_seen=100
2026-05-27 04:25:32 | INFO | Epoch 24 | batch 100/1829 | loss=0.6435 | giou=0.2879 | bbox=0.0228 | ce=0.0225 | aux_giou=0.0000 | aux_bbox=0.0000 | aux_ce=0.0000 | mask=1658 | aux_mask=2076 | pos=168 | targets=168 | preds=333 | centerness=[-7.647, 1.133] | train_seen=200
2026-05-27 04:27:18 | INFO | Epoch 24 | batch 150/1829 | loss=0.9599 | giou=0.4065 | bbox=0.0367 | ce=0.0551 | aux_giou=0.0000 | aux_bbox=0.0000 | aux_ce=0.0000 | mask=1753 | aux_mask=1805 | pos=676 | targets=676 | preds=822 | centerness=[-4.722, 1.695] | train_seen=300
2026-05-27 04:29:04 | INFO | Epoch 24 | batch 200/1829 | loss=1.1029 | giou=0.4227 | bbox=0.0643 | ce=0.0492 | aux_giou=0.0385 | aux_bbox=0.0077 | aux_ce=0.0050 | mask=1213 | aux_mask=1821 | pos=198 | targets=198 | preds=271 | centerness=[-8.728, 0.774] | train_seen=400
2026-05-27 04:30:51 | INFO | Epoch 24 | batch 250/1829 | loss=0.7787 | giou=0.3070 | bbox=0.0230 | ce=0.0324 | aux_giou=0.0349 | aux_bbox=0.0027 | aux_ce=0.0021 | mask=1839 | aux_mask=1699 | pos=240 | targets=240 | preds=963 | centerness=[-7.288, 2.124] | train_seen=500
2026-05-27 04:32:37 | INFO | Epoch 24 | batch 300/1829 | loss=0.6609 | giou=0.3090 | bbox=0.0211 | ce=0.0109 | aux_giou=0.0000 | aux_bbox=0.0000 | aux_ce=0.0000 | mask=1130 | aux_mask=1147 | pos=61 | targets=61 | preds=149 | centerness=[-6.403, 1.096] | train_seen=600
2026-05-27 04:34:23 | INFO | Epoch 24 | batch 350/1829 | loss=0.7151 | giou=0.3202 | bbox=0.0267 | ce=0.0240 | aux_giou=0.0000 | aux_bbox=0.0000 | aux_ce=0.0000 | mask=1316 | aux_mask=1484 | pos=197 | targets=197 | preds=286 | centerness=[-5.317, 2.052] | train_seen=700
2026-05-27 04:36:09 | INFO | Epoch 24 | batch 400/1829 | loss=0.6860 | giou=0.3220 | bbox=0.0176 | ce=0.0122 | aux_giou=0.0000 | aux_bbox=0.0000 | aux_ce=0.0000 | mask=1891 | aux_mask=1874 | pos=177 | targets=177 | preds=358 | centerness=[-4.712, 2.229] | train_seen=800
2026-05-27 04:37:56 | INFO | Epoch 24 | batch 450/1829 | loss=0.5536 | giou=0.2455 | bbox=0.0265 | ce=0.0181 | aux_giou=0.0000 | aux_bbox=0.0000 | aux_ce=0.0000 | mask=993 | aux_mask=1329 | pos=232 | targets=232 | preds=290 | centerness=[-6.844, 1.765] | train_seen=900
2026-05-27 04:39:42 | INFO | Epoch 24 | batch 500/1829 | loss=0.7246 | giou=0.3188 | bbox=0.0385 | ce=0.0243 | aux_giou=0.0000 | aux_bbox=0.0000 | aux_ce=0.0000 | mask=1039 | aux_mask=1359 | pos=94 | targets=94 | preds=89 | centerness=[-5.944, 1.639] | train_seen=1000
2026-05-27 04:41:28 | INFO | Epoch 24 | batch 550/1829 | loss=0.9012 | giou=0.3988 | bbox=0.0356 | ce=0.0339 | aux_giou=0.0000 | aux_bbox=0.0000 | aux_ce=0.0000 | mask=1693 | aux_mask=1597 | pos=237 | targets=237 | preds=532 | centerness=[-6.784, 1.353] | train_seen=1100
2026-05-27 04:43:14 | INFO | Epoch 24 | batch 600/1829 | loss=0.9318 | giou=0.3498 | bbox=0.0438 | ce=0.0470 | aux_giou=0.0372 | aux_bbox=0.0023 | aux_ce=0.0089 | mask=1029 | aux_mask=1641 | pos=305 | targets=305 | preds=471 | centerness=[-8.564, 0.789] | train_seen=1200
2026-05-27 04:45:00 | INFO | Epoch 24 | batch 650/1829 | loss=0.5751 | giou=0.2667 | bbox=0.0235 | ce=0.0091 | aux_giou=0.0000 | aux_bbox=0.0000 | aux_ce=0.0000 | mask=845 | aux_mask=996 | pos=60 | targets=60 | preds=92 | centerness=[-7.089, 1.602] | train_seen=1300
2026-05-27 04:46:47 | INFO | Epoch 24 | batch 700/1829 | loss=0.9311 | giou=0.3573 | bbox=0.0411 | ce=0.0366 | aux_giou=0.0453 | aux_bbox=0.0019 | aux_ce=0.0049 | mask=1622 | aux_mask=1483 | pos=446 | targets=446 | preds=786 | centerness=[-8.597, 1.360] | train_seen=1400
2026-05-27 04:48:33 | INFO | Epoch 24 | batch 750/1829 | loss=0.7303 | giou=0.3248 | bbox=0.0259 | ce=0.0274 | aux_giou=0.0000 | aux_bbox=0.0000 | aux_ce=0.0000 | mask=909 | aux_mask=1031 | pos=66 | targets=66 | preds=104 | centerness=[-6.175, 1.519] | train_seen=1500
2026-05-27 04:50:19 | INFO | Epoch 24 | batch 800/1829 | loss=0.8394 | giou=0.3441 | bbox=0.0248 | ce=0.0306 | aux_giou=0.0314 | aux_bbox=0.0012 | aux_ce=0.0007 | mask=1313 | aux_mask=1966 | pos=164 | targets=164 | preds=361 | centerness=[-5.465, 2.250] | train_seen=1600
2026-05-27 04:52:05 | INFO | Epoch 24 | batch 850/1829 | loss=0.6877 | giou=0.3106 | bbox=0.0175 | ce=0.0245 | aux_giou=0.0000 | aux_bbox=0.0000 | aux_ce=0.0000 | mask=2126 | aux_mask=1953 | pos=225 | targets=225 | preds=1206 | centerness=[-4.655, 1.811] | train_seen=1700
2026-05-27 04:53:51 | INFO | Epoch 24 | batch 900/1829 | loss=0.6339 | giou=0.2902 | bbox=0.0303 | ce=0.0116 | aux_giou=0.0000 | aux_bbox=0.0000 | aux_ce=0.0000 | mask=1103 | aux_mask=1531 | pos=74 | targets=74 | preds=57 | centerness=[-6.110, 1.633] | train_seen=1800
2026-05-27 04:55:38 | INFO | Epoch 24 | batch 950/1829 | loss=0.7781 | giou=0.3183 | bbox=0.0172 | ce=0.0228 | aux_giou=0.0350 | aux_bbox=0.0014 | aux_ce=0.0036 | mask=1290 | aux_mask=1076 | pos=328 | targets=328 | preds=521 | centerness=[-6.612, 1.659] | train_seen=1900
2026-05-27 04:57:24 | INFO | Epoch 24 | batch 1000/1829 | loss=0.9155 | giou=0.3782 | bbox=0.0256 | ce=0.0203 | aux_giou=0.0436 | aux_bbox=0.0020 | aux_ce=0.0019 | mask=1638 | aux_mask=1980 | pos=147 | targets=147 | preds=384 | centerness=[-5.145, 1.318] | train_seen=2000
2026-05-27 04:59:10 | INFO | Epoch 24 | batch 1050/1829 | loss=0.7910 | giou=0.3600 | bbox=0.0326 | ce=0.0192 | aux_giou=0.0000 | aux_bbox=0.0000 | aux_ce=0.0000 | mask=1242 | aux_mask=1181 | pos=145 | targets=145 | preds=200 | centerness=[-6.358, 1.801] | train_seen=2100
2026-05-27 05:00:57 | INFO | Epoch 24 | batch 1100/1829 | loss=1.0307 | giou=0.4061 | bbox=0.0236 | ce=0.0532 | aux_giou=0.0398 | aux_bbox=0.0016 | aux_ce=0.0036 | mask=1945 | aux_mask=2005 | pos=366 | targets=366 | preds=949 | centerness=[-4.925, 1.485] | train_seen=2200
2026-05-27 05:02:43 | INFO | Epoch 24 | batch 1150/1829 | loss=0.4991 | giou=0.2284 | bbox=0.0247 | ce=0.0088 | aux_giou=0.0000 | aux_bbox=0.0000 | aux_ce=0.0000 | mask=1241 | aux_mask=1393 | pos=40 | targets=40 | preds=108 | centerness=[-7.356, 2.045] | train_seen=2300
2026-05-27 05:04:29 | INFO | Epoch 24 | batch 1200/1829 | loss=1.0741 | giou=0.4509 | bbox=0.0203 | ce=0.0394 | aux_giou=0.0350 | aux_bbox=0.0011 | aux_ce=0.0012 | mask=2187 | aux_mask=2593 | pos=327 | targets=327 | preds=784 | centerness=[-4.975, 1.756] | train_seen=2400
2026-05-27 05:06:15 | INFO | Epoch 24 | batch 1250/1829 | loss=0.6409 | giou=0.2914 | bbox=0.0197 | ce=0.0192 | aux_giou=0.0000 | aux_bbox=0.0000 | aux_ce=0.0000 | mask=1167 | aux_mask=1252 | pos=120 | targets=120 | preds=184 | centerness=[-4.744, 1.763] | train_seen=2500
2026-05-27 05:08:01 | INFO | Epoch 24 | batch 1300/1829 | loss=1.1427 | giou=0.4732 | bbox=0.0600 | ce=0.0336 | aux_giou=0.0300 | aux_bbox=0.0024 | aux_ce=0.0034 | mask=2148 | aux_mask=2459 | pos=296 | targets=296 | preds=869 | centerness=[-7.114, 0.882] | train_seen=2600
2026-05-27 05:09:48 | INFO | Epoch 24 | batch 1350/1829 | loss=0.5603 | giou=0.2598 | bbox=0.0253 | ce=0.0077 | aux_giou=0.0000 | aux_bbox=0.0000 | aux_ce=0.0000 | mask=1176 | aux_mask=1746 | pos=66 | targets=66 | preds=114 | centerness=[-5.716, 1.974] | train_seen=2700
2026-05-27 05:11:34 | INFO | Epoch 24 | batch 1400/1829 | loss=0.6994 | giou=0.3142 | bbox=0.0286 | ce=0.0211 | aux_giou=0.0000 | aux_bbox=0.0000 | aux_ce=0.0000 | mask=1521 | aux_mask=1790 | pos=120 | targets=120 | preds=237 | centerness=[-6.000, 1.727] | train_seen=2800
2026-05-27 05:13:20 | INFO | Epoch 24 | batch 1450/1829 | loss=0.7358 | giou=0.3324 | bbox=0.0292 | ce=0.0209 | aux_giou=0.0000 | aux_bbox=0.0000 | aux_ce=0.0000 | mask=1302 | aux_mask=1734 | pos=104 | targets=104 | preds=214 | centerness=[-5.440, 1.283] | train_seen=2900
2026-05-27 05:15:06 | INFO | Epoch 24 | batch 1500/1829 | loss=1.3511 | giou=0.5467 | bbox=0.0317 | ce=0.0631 | aux_giou=0.0452 | aux_bbox=0.0018 | aux_ce=0.0039 | mask=1908 | aux_mask=2131 | pos=729 | targets=729 | preds=1486 | centerness=[-3.995, 0.882] | train_seen=3000
2026-05-27 05:16:52 | INFO | Epoch 24 | batch 1550/1829 | loss=1.4643 | giou=0.5750 | bbox=0.0257 | ce=0.0373 | aux_giou=0.0987 | aux_bbox=0.0068 | aux_ce=0.0050 | mask=1884 | aux_mask=2215 | pos=335 | targets=335 | preds=562 | centerness=[-4.763, 1.940] | train_seen=3100
2026-05-27 05:18:39 | INFO | Epoch 24 | batch 1600/1829 | loss=0.9613 | giou=0.4163 | bbox=0.0268 | ce=0.0509 | aux_giou=0.0000 | aux_bbox=0.0000 | aux_ce=0.0000 | mask=1920 | aux_mask=1988 | pos=794 | targets=794 | preds=985 | centerness=[-5.103, 2.445] | train_seen=3200
2026-05-27 05:20:25 | INFO | Epoch 24 | batch 1650/1829 | loss=0.8221 | giou=0.3603 | bbox=0.0386 | ce=0.0314 | aux_giou=0.0000 | aux_bbox=0.0000 | aux_ce=0.0000 | mask=1820 | aux_mask=2138 | pos=780 | targets=780 | preds=1298 | centerness=[-7.506, 1.363] | train_seen=3300
2026-05-27 05:22:11 | INFO | Epoch 24 | batch 1700/1829 | loss=0.7228 | giou=0.3392 | bbox=0.0231 | ce=0.0107 | aux_giou=0.0000 | aux_bbox=0.0000 | aux_ce=0.0000 | mask=853 | aux_mask=1648 | pos=47 | targets=47 | preds=66 | centerness=[-5.776, 1.407] | train_seen=3400
2026-05-27 05:23:57 | INFO | Epoch 24 | batch 1750/1829 | loss=0.8553 | giou=0.3508 | bbox=0.0611 | ce=0.0463 | aux_giou=0.0000 | aux_bbox=0.0000 | aux_ce=0.0000 | mask=1093 | aux_mask=1785 | pos=197 | targets=197 | preds=234 | centerness=[-8.214, 1.215] | train_seen=3500
2026-05-27 05:25:44 | INFO | Epoch 24 | batch 1800/1829 | loss=0.8203 | giou=0.3386 | bbox=0.0953 | ce=0.0239 | aux_giou=0.0000 | aux_bbox=0.0000 | aux_ce=0.0000 | mask=1334 | aux_mask=1814 | pos=103 | targets=103 | preds=212 | centerness=[-7.637, 0.811] | train_seen=3600
2026-05-27 05:46:19 | INFO | Epoch 24 | train_loss=0.810 | val_loss=0.967 | train_mae=102.788 | val_mae=57.661 | val_rmse=103.32 | test_mae=67.938 | test_rmse=149.41 | time=5059.751s
2026-05-27 05:48:06 | INFO | Epoch 25 | batch 50/1829 | loss=0.6477 | giou=0.2838 | bbox=0.0193 | ce=0.0303 | aux_giou=0.0000 | aux_bbox=0.0000 | aux_ce=0.0000 | mask=1275 | aux_mask=1530 | pos=394 | targets=394 | preds=680 | centerness=[-5.618, 1.385] | train_seen=100
2026-05-27 05:49:52 | INFO | Epoch 25 | batch 100/1829 | loss=0.7875 | giou=0.3539 | bbox=0.0361 | ce=0.0218 | aux_giou=0.0000 | aux_bbox=0.0000 | aux_ce=0.0000 | mask=1241 | aux_mask=1225 | pos=99 | targets=99 | preds=284 | centerness=[-4.249, 1.621] | train_seen=200
2026-05-27 05:51:38 | INFO | Epoch 25 | batch 150/1829 | loss=0.8695 | giou=0.3724 | bbox=0.0400 | ce=0.0424 | aux_giou=0.0000 | aux_bbox=0.0000 | aux_ce=0.0000 | mask=1378 | aux_mask=1888 | pos=316 | targets=316 | preds=369 | centerness=[-5.232, 1.798] | train_seen=300
2026-05-27 05:53:24 | INFO | Epoch 25 | batch 200/1829 | loss=0.8925 | giou=0.4008 | bbox=0.0388 | ce=0.0261 | aux_giou=0.0000 | aux_bbox=0.0000 | aux_ce=0.0000 | mask=1963 | aux_mask=2408 | pos=93 | targets=93 | preds=699 | centerness=[-4.220, 0.888] | train_seen=400
2026-05-27 05:55:10 | INFO | Epoch 25 | batch 250/1829 | loss=0.6444 | giou=0.2855 | bbox=0.0340 | ce=0.0197 | aux_giou=0.0000 | aux_bbox=0.0000 | aux_ce=0.0000 | mask=869 | aux_mask=1078 | pos=77 | targets=77 | preds=128 | centerness=[-6.136, 1.498] | train_seen=500
2026-05-27 05:56:57 | INFO | Epoch 25 | batch 300/1829 | loss=0.7888 | giou=0.3545 | bbox=0.0470 | ce=0.0164 | aux_giou=0.0000 | aux_bbox=0.0000 | aux_ce=0.0000 | mask=1351 | aux_mask=1849 | pos=73 | targets=73 | preds=266 | centerness=[-6.744, 0.485] | train_seen=600
2026-05-27 05:58:43 | INFO | Epoch 25 | batch 350/1829 | loss=0.6501 | giou=0.2691 | bbox=0.0303 | ce=0.0070 | aux_giou=0.0321 | aux_bbox=0.0025 | aux_ce=0.0004 | mask=783 | aux_mask=1379 | pos=35 | targets=35 | preds=52 | centerness=[-7.007, 2.063] | train_seen=700
2026-05-27 06:00:29 | INFO | Epoch 25 | batch 400/1829 | loss=0.8566 | giou=0.3763 | bbox=0.0386 | ce=0.0327 | aux_giou=0.0000 | aux_bbox=0.0000 | aux_ce=0.0000 | mask=1444 | aux_mask=1590 | pos=160 | targets=160 | preds=409 | centerness=[-4.971, 1.262] | train_seen=800
2026-05-27 06:02:15 | INFO | Epoch 25 | batch 450/1829 | loss=0.6100 | giou=0.2646 | bbox=0.0496 | ce=0.0156 | aux_giou=0.0000 | aux_bbox=0.0000 | aux_ce=0.0000 | mask=1386 | aux_mask=2067 | pos=78 | targets=78 | preds=194 | centerness=[-7.096, 1.766] | train_seen=900
2026-05-27 06:04:02 | INFO | Epoch 25 | batch 500/1829 | loss=0.5901 | giou=0.2681 | bbox=0.0335 | ce=0.0102 | aux_giou=0.0000 | aux_bbox=0.0000 | aux_ce=0.0000 | mask=991 | aux_mask=1398 | pos=37 | targets=37 | preds=61 | centerness=[-7.422, 2.439] | train_seen=1000
2026-05-27 06:05:48 | INFO | Epoch 25 | batch 550/1829 | loss=0.7214 | giou=0.3229 | bbox=0.0327 | ce=0.0215 | aux_giou=0.0000 | aux_bbox=0.0000 | aux_ce=0.0000 | mask=1476 | aux_mask=2132 | pos=156 | targets=156 | preds=219 | centerness=[-5.909, 1.246] | train_seen=1100
2026-05-27 06:07:34 | INFO | Epoch 25 | batch 600/1829 | loss=0.9541 | giou=0.4057 | bbox=0.0519 | ce=0.0455 | aux_giou=0.0000 | aux_bbox=0.0000 | aux_ce=0.0000 | mask=1310 | aux_mask=1476 | pos=500 | targets=500 | preds=550 | centerness=[-7.887, 1.348] | train_seen=1200
2026-05-27 06:09:20 | INFO | Epoch 25 | batch 650/1829 | loss=0.3430 | giou=0.1576 | bbox=0.0215 | ce=0.0032 | aux_giou=0.0000 | aux_bbox=0.0000 | aux_ce=0.0000 | mask=864 | aux_mask=1597 | pos=40 | targets=40 | preds=42 | centerness=[-7.730, 1.519] | train_seen=1300
2026-05-27 06:11:06 | INFO | Epoch 25 | batch 700/1829 | loss=0.4984 | giou=0.2181 | bbox=0.0363 | ce=0.0129 | aux_giou=0.0000 | aux_bbox=0.0000 | aux_ce=0.0000 | mask=987 | aux_mask=1358 | pos=57 | targets=57 | preds=102 | centerness=[-7.837, 1.381] | train_seen=1400
2026-05-27 06:12:53 | INFO | Epoch 25 | batch 750/1829 | loss=0.9237 | giou=0.4159 | bbox=0.0281 | ce=0.0319 | aux_giou=0.0000 | aux_bbox=0.0000 | aux_ce=0.0000 | mask=1660 | aux_mask=1710 | pos=285 | targets=285 | preds=292 | centerness=[-7.196, 1.743] | train_seen=1500
2026-05-27 06:14:39 | INFO | Epoch 25 | batch 800/1829 | loss=0.9630 | giou=0.4201 | bbox=0.0388 | ce=0.0130 | aux_giou=0.0259 | aux_bbox=0.0031 | aux_ce=0.0015 | mask=1775 | aux_mask=1904 | pos=40 | targets=40 | preds=365 | centerness=[-6.280, 0.623] | train_seen=1600
2026-05-27 06:16:25 | INFO | Epoch 25 | batch 850/1829 | loss=0.9780 | giou=0.4202 | bbox=0.0310 | ce=0.0073 | aux_giou=0.0452 | aux_bbox=0.0012 | aux_ce=0.0002 | mask=812 | aux_mask=1418 | pos=35 | targets=35 | preds=98 | centerness=[-8.066, 1.859] | train_seen=1700
2026-05-27 06:18:11 | INFO | Epoch 25 | batch 900/1829 | loss=0.8710 | giou=0.3838 | bbox=0.0414 | ce=0.0310 | aux_giou=0.0000 | aux_bbox=0.0000 | aux_ce=0.0000 | mask=1800 | aux_mask=2040 | pos=148 | targets=148 | preds=403 | centerness=[-6.409, 1.187] | train_seen=1800
2026-05-27 06:19:57 | INFO | Epoch 25 | batch 950/1829 | loss=0.8040 | giou=0.3470 | bbox=0.0743 | ce=0.0178 | aux_giou=0.0000 | aux_bbox=0.0000 | aux_ce=0.0000 | mask=740 | aux_mask=1336 | pos=33 | targets=33 | preds=82 | centerness=[-7.721, 0.497] | train_seen=1900
2026-05-27 06:21:44 | INFO | Epoch 25 | batch 1000/1829 | loss=0.7099 | giou=0.3167 | bbox=0.0315 | ce=0.0225 | aux_giou=0.0000 | aux_bbox=0.0000 | aux_ce=0.0000 | mask=1625 | aux_mask=1861 | pos=192 | targets=192 | preds=348 | centerness=[-5.969, 1.962] | train_seen=2000
2026-05-27 06:23:30 | INFO | Epoch 25 | batch 1050/1829 | loss=0.6923 | giou=0.3050 | bbox=0.0510 | ce=0.0156 | aux_giou=0.0000 | aux_bbox=0.0000 | aux_ce=0.0000 | mask=845 | aux_mask=1460 | pos=41 | targets=41 | preds=79 | centerness=[-7.157, 1.021] | train_seen=2100
2026-05-27 06:25:16 | INFO | Epoch 25 | batch 1100/1829 | loss=0.9915 | giou=0.3986 | bbox=0.0231 | ce=0.0376 | aux_giou=0.0412 | aux_bbox=0.0024 | aux_ce=0.0056 | mask=2162 | aux_mask=2517 | pos=680 | targets=680 | preds=1449 | centerness=[-5.764, 1.020] | train_seen=2200
2026-05-27 06:27:03 | INFO | Epoch 25 | batch 1150/1829 | loss=1.0177 | giou=0.4162 | bbox=0.0173 | ce=0.0211 | aux_giou=0.0574 | aux_bbox=0.0074 | aux_ce=0.0018 | mask=1385 | aux_mask=2047 | pos=222 | targets=222 | preds=265 | centerness=[-5.608, 1.329] | train_seen=2300
2026-05-27 06:28:49 | INFO | Epoch 25 | batch 1200/1829 | loss=0.9424 | giou=0.3658 | bbox=0.0363 | ce=0.0436 | aux_giou=0.0362 | aux_bbox=0.0016 | aux_ce=0.0067 | mask=1434 | aux_mask=1561 | pos=420 | targets=420 | preds=538 | centerness=[-8.390, 1.486] | train_seen=2400
2026-05-27 06:30:35 | INFO | Epoch 25 | batch 1250/1829 | loss=0.9626 | giou=0.3867 | bbox=0.0282 | ce=0.0383 | aux_giou=0.0368 | aux_bbox=0.0023 | aux_ce=0.0042 | mask=2000 | aux_mask=2170 | pos=496 | targets=496 | preds=1072 | centerness=[-4.922, 1.549] | train_seen=2500
2026-05-27 06:32:21 | INFO | Epoch 25 | batch 1300/1829 | loss=1.2031 | giou=0.4898 | bbox=0.0440 | ce=0.0369 | aux_giou=0.0479 | aux_bbox=0.0026 | aux_ce=0.0037 | mask=1749 | aux_mask=1883 | pos=302 | targets=302 | preds=615 | centerness=[-5.876, 1.421] | train_seen=2600
2026-05-27 06:34:08 | INFO | Epoch 25 | batch 1350/1829 | loss=0.6189 | giou=0.2905 | bbox=0.0254 | ce=0.0063 | aux_giou=0.0000 | aux_bbox=0.0000 | aux_ce=0.0000 | mask=798 | aux_mask=1485 | pos=32 | targets=32 | preds=46 | centerness=[-7.094, 1.308] | train_seen=2700
2026-05-27 06:35:54 | INFO | Epoch 25 | batch 1400/1829 | loss=0.6590 | giou=0.2909 | bbox=0.0421 | ce=0.0176 | aux_giou=0.0000 | aux_bbox=0.0000 | aux_ce=0.0000 | mask=1119 | aux_mask=1668 | pos=91 | targets=91 | preds=140 | centerness=[-6.669, 1.206] | train_seen=2800
2026-05-27 06:37:40 | INFO | Epoch 25 | batch 1450/1829 | loss=0.7951 | giou=0.3562 | bbox=0.0551 | ce=0.0138 | aux_giou=0.0000 | aux_bbox=0.0000 | aux_ce=0.0000 | mask=848 | aux_mask=1182 | pos=39 | targets=39 | preds=82 | centerness=[-7.937, 0.855] | train_seen=2900
2026-05-27 06:39:26 | INFO | Epoch 25 | batch 1500/1829 | loss=0.7343 | giou=0.3233 | bbox=0.0334 | ce=0.0272 | aux_giou=0.0000 | aux_bbox=0.0000 | aux_ce=0.0000 | mask=1586 | aux_mask=1801 | pos=402 | targets=402 | preds=550 | centerness=[-7.238, 2.666] | train_seen=3000
2026-05-27 06:41:13 | INFO | Epoch 25 | batch 1550/1829 | loss=0.8096 | giou=0.3183 | bbox=0.0246 | ce=0.0279 | aux_giou=0.0410 | aux_bbox=0.0023 | aux_ce=0.0041 | mask=1384 | aux_mask=1786 | pos=252 | targets=252 | preds=640 | centerness=[-5.643, 0.792] | train_seen=3100
2026-05-27 06:42:59 | INFO | Epoch 25 | batch 1600/1829 | loss=0.6139 | giou=0.2661 | bbox=0.0484 | ce=0.0166 | aux_giou=0.0000 | aux_bbox=0.0000 | aux_ce=0.0000 | mask=1116 | aux_mask=1430 | pos=40 | targets=40 | preds=358 | centerness=[-6.988, 1.743] | train_seen=3200
2026-05-27 06:44:46 | INFO | Epoch 25 | batch 1650/1829 | loss=0.7894 | giou=0.3611 | bbox=0.0280 | ce=0.0196 | aux_giou=0.0000 | aux_bbox=0.0000 | aux_ce=0.0000 | mask=2011 | aux_mask=2186 | pos=116 | targets=116 | preds=364 | centerness=[-6.108, 1.665] | train_seen=3300
2026-05-27 06:46:32 | INFO | Epoch 25 | batch 1700/1829 | loss=0.7296 | giou=0.3153 | bbox=0.0323 | ce=0.0333 | aux_giou=0.0000 | aux_bbox=0.0000 | aux_ce=0.0000 | mask=1335 | aux_mask=1512 | pos=205 | targets=205 | preds=310 | centerness=[-6.044, 1.942] | train_seen=3400
2026-05-27 06:48:18 | INFO | Epoch 25 | batch 1750/1829 | loss=0.7862 | giou=0.3520 | bbox=0.0473 | ce=0.0174 | aux_giou=0.0000 | aux_bbox=0.0000 | aux_ce=0.0000 | mask=1387 | aux_mask=1887 | pos=200 | targets=200 | preds=302 | centerness=[-10.566, 1.885] | train_seen=3500
2026-05-27 06:50:05 | INFO | Epoch 25 | batch 1800/1829 | loss=0.6353 | giou=0.2837 | bbox=0.0246 | ce=0.0217 | aux_giou=0.0000 | aux_bbox=0.0000 | aux_ce=0.0000 | mask=1181 | aux_mask=1757 | pos=114 | targets=114 | preds=206 | centerness=[-7.067, 1.026] | train_seen=3600
2026-05-27 07:10:40 | INFO | Epoch 25 | train_loss=0.805 | val_loss=0.961 | train_mae=98.149 | val_mae=48.186 | val_rmse=91.30 | test_mae=55.978 | test_rmse=137.50 | time=5060.292s
2026-05-27 07:12:26 | INFO | Epoch 26 | batch 50/1829 | loss=0.6966 | giou=0.3020 | bbox=0.0506 | ce=0.0210 | aux_giou=0.0000 | aux_bbox=0.0000 | aux_ce=0.0000 | mask=915 | aux_mask=1394 | pos=51 | targets=51 | preds=120 | centerness=[-7.556, 1.271] | train_seen=100
2026-05-27 07:14:13 | INFO | Epoch 26 | batch 100/1829 | loss=0.6608 | giou=0.2918 | bbox=0.0321 | ce=0.0226 | aux_giou=0.0000 | aux_bbox=0.0000 | aux_ce=0.0000 | mask=1798 | aux_mask=1982 | pos=228 | targets=228 | preds=333 | centerness=[-5.877, 1.348] | train_seen=200
2026-05-27 07:15:59 | INFO | Epoch 26 | batch 150/1829 | loss=0.6148 | giou=0.2795 | bbox=0.0295 | ce=0.0131 | aux_giou=0.0000 | aux_bbox=0.0000 | aux_ce=0.0000 | mask=1296 | aux_mask=1945 | pos=71 | targets=71 | preds=171 | centerness=[-5.878, 0.917] | train_seen=300
2026-05-27 07:17:45 | INFO | Epoch 26 | batch 200/1829 | loss=0.5949 | giou=0.2759 | bbox=0.0340 | ce=0.0046 | aux_giou=0.0000 | aux_bbox=0.0000 | aux_ce=0.0000 | mask=812 | aux_mask=1139 | pos=22 | targets=22 | preds=31 | centerness=[-7.731, 1.441] | train_seen=400
2026-05-27 07:19:32 | INFO | Epoch 26 | batch 250/1829 | loss=1.2063 | giou=0.4874 | bbox=0.0277 | ce=0.0439 | aux_giou=0.0524 | aux_bbox=0.0026 | aux_ce=0.0042 | mask=1665 | aux_mask=1611 | pos=480 | targets=480 | preds=701 | centerness=[-4.453, 1.406] | train_seen=500
2026-05-27 07:21:18 | INFO | Epoch 26 | batch 300/1829 | loss=1.1485 | giou=0.4499 | bbox=0.0451 | ce=0.0371 | aux_giou=0.0566 | aux_bbox=0.0044 | aux_ce=0.0059 | mask=1915 | aux_mask=2127 | pos=436 | targets=436 | preds=1264 | centerness=[-6.395, 1.747] | train_seen=600
2026-05-27 07:23:04 | INFO | Epoch 26 | batch 350/1829 | loss=0.6723 | giou=0.3200 | bbox=0.0244 | ce=0.0039 | aux_giou=0.0000 | aux_bbox=0.0000 | aux_ce=0.0000 | mask=1023 | aux_mask=1704 | pos=54 | targets=54 | preds=55 | centerness=[-6.604, 1.754] | train_seen=700
2026-05-27 07:24:51 | INFO | Epoch 26 | batch 400/1829 | loss=0.4553 | giou=0.2152 | bbox=0.0207 | ce=0.0022 | aux_giou=0.0000 | aux_bbox=0.0000 | aux_ce=0.0000 | mask=936 | aux_mask=1230 | pos=28 | targets=28 | preds=30 | centerness=[-7.207, 1.618] | train_seen=800
2026-05-27 07:26:37 | INFO | Epoch 26 | batch 450/1829 | loss=0.4922 | giou=0.2205 | bbox=0.0247 | ce=0.0132 | aux_giou=0.0000 | aux_bbox=0.0000 | aux_ce=0.0000 | mask=1273 | aux_mask=1548 | pos=132 | targets=132 | preds=220 | centerness=[-6.278, 1.258] | train_seen=900
2026-05-27 07:28:23 | INFO | Epoch 26 | batch 500/1829 | loss=0.8841 | giou=0.3706 | bbox=0.0764 | ce=0.0333 | aux_giou=0.0000 | aux_bbox=0.0000 | aux_ce=0.0000 | mask=825 | aux_mask=1538 | pos=95 | targets=95 | preds=112 | centerness=[-8.977, 1.150] | train_seen=1000
2026-05-27 07:30:09 | INFO | Epoch 26 | batch 550/1829 | loss=1.1074 | giou=0.4349 | bbox=0.0362 | ce=0.0548 | aux_giou=0.0395 | aux_bbox=0.0023 | aux_ce=0.0054 | mask=2566 | aux_mask=2779 | pos=748 | targets=748 | preds=1616 | centerness=[-5.193, 0.970] | train_seen=1100
2026-05-27 07:31:55 | INFO | Epoch 26 | batch 600/1829 | loss=0.9448 | giou=0.4296 | bbox=0.0340 | ce=0.0258 | aux_giou=0.0000 | aux_bbox=0.0000 | aux_ce=0.0000 | mask=1065 | aux_mask=1065 | pos=203 | targets=203 | preds=259 | centerness=[-5.301, 2.056] | train_seen=1200
2026-05-27 07:33:42 | INFO | Epoch 26 | batch 650/1829 | loss=0.7245 | giou=0.3092 | bbox=0.0588 | ce=0.0237 | aux_giou=0.0000 | aux_bbox=0.0000 | aux_ce=0.0000 | mask=845 | aux_mask=1420 | pos=66 | targets=66 | preds=79 | centerness=[-6.746, 1.347] | train_seen=1300
2026-05-27 07:35:28 | INFO | Epoch 26 | batch 700/1829 | loss=1.0291 | giou=0.4438 | bbox=0.0353 | ce=0.0532 | aux_giou=0.0000 | aux_bbox=0.0000 | aux_ce=0.0000 | mask=1784 | aux_mask=2288 | pos=444 | targets=444 | preds=908 | centerness=[-5.479, 1.646] | train_seen=1400
2026-05-27 07:37:14 | INFO | Epoch 26 | batch 750/1829 | loss=0.7369 | giou=0.3290 | bbox=0.0569 | ce=0.0110 | aux_giou=0.0000 | aux_bbox=0.0000 | aux_ce=0.0000 | mask=974 | aux_mask=1208 | pos=53 | targets=53 | preds=108 | centerness=[-8.886, 1.578] | train_seen=1500
2026-05-27 07:39:00 | INFO | Epoch 26 | batch 800/1829 | loss=0.7495 | giou=0.3255 | bbox=0.0177 | ce=0.0097 | aux_giou=0.0283 | aux_bbox=0.0018 | aux_ce=0.0015 | mask=1423 | aux_mask=1520 | pos=296 | targets=296 | preds=291 | centerness=[-5.410, 2.290] | train_seen=1600
2026-05-27 07:40:47 | INFO | Epoch 26 | batch 850/1829 | loss=0.7515 | giou=0.3017 | bbox=0.0203 | ce=0.0267 | aux_giou=0.0324 | aux_bbox=0.0012 | aux_ce=0.0042 | mask=1381 | aux_mask=1759 | pos=507 | targets=507 | preds=656 | centerness=[-6.321, 1.062] | train_seen=1700
2026-05-27 07:42:33 | INFO | Epoch 26 | batch 900/1829 | loss=0.6824 | giou=0.2918 | bbox=0.0457 | ce=0.0266 | aux_giou=0.0000 | aux_bbox=0.0000 | aux_ce=0.0000 | mask=1095 | aux_mask=1237 | pos=177 | targets=177 | preds=235 | centerness=[-8.126, 1.672] | train_seen=1800
2026-05-27 07:44:19 | INFO | Epoch 26 | batch 950/1829 | loss=0.5530 | giou=0.2594 | bbox=0.0310 | ce=0.0016 | aux_giou=0.0000 | aux_bbox=0.0000 | aux_ce=0.0000 | mask=887 | aux_mask=1212 | pos=25 | targets=25 | preds=25 | centerness=[-7.522, 1.782] | train_seen=1900
2026-05-27 07:46:06 | INFO | Epoch 26 | batch 1000/1829 | loss=0.5855 | giou=0.2615 | bbox=0.0300 | ce=0.0163 | aux_giou=0.0000 | aux_bbox=0.0000 | aux_ce=0.0000 | mask=1195 | aux_mask=1270 | pos=199 | targets=199 | preds=281 | centerness=[-7.091, 2.225] | train_seen=2000
2026-05-27 07:47:52 | INFO | Epoch 26 | batch 1050/1829 | loss=0.8126 | giou=0.3581 | bbox=0.0378 | ce=0.0293 | aux_giou=0.0000 | aux_bbox=0.0000 | aux_ce=0.0000 | mask=1256 | aux_mask=1240 | pos=157 | targets=157 | preds=217 | centerness=[-4.805, 1.663] | train_seen=2100
2026-05-27 07:49:38 | INFO | Epoch 26 | batch 1100/1829 | loss=0.4770 | giou=0.2055 | bbox=0.0384 | ce=0.0138 | aux_giou=0.0000 | aux_bbox=0.0000 | aux_ce=0.0000 | mask=1325 | aux_mask=1989 | pos=84 | targets=84 | preds=159 | centerness=[-8.797, 1.518] | train_seen=2200
2026-05-27 07:51:25 | INFO | Epoch 26 | batch 1150/1829 | loss=1.0565 | giou=0.4750 | bbox=0.0259 | ce=0.0403 | aux_giou=0.0000 | aux_bbox=0.0000 | aux_ce=0.0000 | mask=2007 | aux_mask=2535 | pos=406 | targets=406 | preds=854 | centerness=[-4.384, 1.703] | train_seen=2300
2026-05-27 07:53:11 | INFO | Epoch 26 | batch 1200/1829 | loss=0.6410 | giou=0.2849 | bbox=0.0429 | ce=0.0142 | aux_giou=0.0000 | aux_bbox=0.0000 | aux_ce=0.0000 | mask=929 | aux_mask=1776 | pos=77 | targets=77 | preds=172 | centerness=[-6.644, 1.322] | train_seen=2400
2026-05-27 07:54:58 | INFO | Epoch 26 | batch 1250/1829 | loss=1.2169 | giou=0.4902 | bbox=0.0384 | ce=0.0408 | aux_giou=0.0491 | aux_bbox=0.0040 | aux_ce=0.0072 | mask=1948 | aux_mask=2302 | pos=569 | targets=569 | preds=1017 | centerness=[-7.617, 1.436] | train_seen=2500
2026-05-27 07:56:44 | INFO | Epoch 26 | batch 1300/1829 | loss=1.0256 | giou=0.4517 | bbox=0.0391 | ce=0.0416 | aux_giou=0.0000 | aux_bbox=0.0000 | aux_ce=0.0000 | mask=1980 | aux_mask=2170 | pos=240 | targets=240 | preds=853 | centerness=[-5.516, 0.941] | train_seen=2600
2026-05-27 07:58:30 | INFO | Epoch 26 | batch 1350/1829 | loss=0.9266 | giou=0.4039 | bbox=0.0179 | ce=0.0131 | aux_giou=0.0351 | aux_bbox=0.0019 | aux_ce=0.0014 | mask=1638 | aux_mask=1761 | pos=108 | targets=108 | preds=511 | centerness=[-4.958, 1.222] | train_seen=2700
2026-05-27 08:00:16 | INFO | Epoch 26 | batch 1400/1829 | loss=1.2469 | giou=0.5059 | bbox=0.0287 | ce=0.0568 | aux_giou=0.0414 | aux_bbox=0.0022 | aux_ce=0.0039 | mask=2362 | aux_mask=2531 | pos=622 | targets=622 | preds=1074 | centerness=[-5.302, 1.620] | train_seen=2800
2026-05-27 08:02:03 | INFO | Epoch 26 | batch 1450/1829 | loss=0.6938 | giou=0.3043 | bbox=0.0516 | ce=0.0167 | aux_giou=0.0000 | aux_bbox=0.0000 | aux_ce=0.0000 | mask=1280 | aux_mask=2254 | pos=73 | targets=73 | preds=157 | centerness=[-5.890, 0.578] | train_seen=2900
2026-05-27 08:03:49 | INFO | Epoch 26 | batch 1500/1829 | loss=0.8093 | giou=0.3792 | bbox=0.0194 | ce=0.0157 | aux_giou=0.0000 | aux_bbox=0.0000 | aux_ce=0.0000 | mask=1131 | aux_mask=1422 | pos=117 | targets=117 | preds=164 | centerness=[-5.544, 1.665] | train_seen=3000
2026-05-27 08:05:35 | INFO | Epoch 26 | batch 1550/1829 | loss=0.5764 | giou=0.2527 | bbox=0.0431 | ce=0.0139 | aux_giou=0.0000 | aux_bbox=0.0000 | aux_ce=0.0000 | mask=891 | aux_mask=1254 | pos=67 | targets=67 | preds=89 | centerness=[-6.888, 1.229] | train_seen=3100
2026-05-27 08:07:22 | INFO | Epoch 26 | batch 1600/1829 | loss=0.5561 | giou=0.2484 | bbox=0.0366 | ce=0.0113 | aux_giou=0.0000 | aux_bbox=0.0000 | aux_ce=0.0000 | mask=867 | aux_mask=1442 | pos=29 | targets=29 | preds=40 | centerness=[-8.130, 0.802] | train_seen=3200
2026-05-27 08:09:08 | INFO | Epoch 26 | batch 1650/1829 | loss=1.0419 | giou=0.4153 | bbox=0.0421 | ce=0.0374 | aux_giou=0.0427 | aux_bbox=0.0052 | aux_ce=0.0019 | mask=1309 | aux_mask=1665 | pos=160 | targets=160 | preds=272 | centerness=[-5.099, 1.053] | train_seen=3300
2026-05-27 08:10:54 | INFO | Epoch 26 | batch 1700/1829 | loss=0.8405 | giou=0.3557 | bbox=0.0246 | ce=0.0523 | aux_giou=0.0000 | aux_bbox=0.0000 | aux_ce=0.0000 | mask=1510 | aux_mask=1511 | pos=408 | targets=408 | preds=704 | centerness=[-4.774, 1.639] | train_seen=3400
2026-05-27 08:12:40 | INFO | Epoch 26 | batch 1750/1829 | loss=0.6067 | giou=0.2691 | bbox=0.0357 | ce=0.0164 | aux_giou=0.0000 | aux_bbox=0.0000 | aux_ce=0.0000 | mask=1213 | aux_mask=1774 | pos=57 | targets=57 | preds=193 | centerness=[-7.033, 0.754] | train_seen=3500
2026-05-27 08:14:27 | INFO | Epoch 26 | batch 1800/1829 | loss=0.7474 | giou=0.3301 | bbox=0.0364 | ce=0.0255 | aux_giou=0.0000 | aux_bbox=0.0000 | aux_ce=0.0000 | mask=1559 | aux_mask=1595 | pos=146 | targets=146 | preds=264 | centerness=[-6.470, 1.934] | train_seen=3600
2026-05-27 08:35:04 | INFO | Epoch 26 | train_loss=0.797 | val_loss=0.957 | train_mae=96.243 | val_mae=45.691 | val_rmse=86.37 | test_mae=52.955 | test_rmse=130.25 | time=5060.610s | best_rmse
2026-05-27 08:36:51 | INFO | Epoch 27 | batch 50/1829 | loss=1.0095 | giou=0.4199 | bbox=0.0409 | ce=0.0277 | aux_giou=0.0322 | aux_bbox=0.0040 | aux_ce=0.0025 | mask=1519 | aux_mask=1655 | pos=88 | targets=88 | preds=379 | centerness=[-6.748, 1.266] | train_seen=100
2026-05-27 08:38:37 | INFO | Epoch 27 | batch 100/1829 | loss=0.9411 | giou=0.4020 | bbox=0.0198 | ce=0.0205 | aux_giou=0.0372 | aux_bbox=0.0015 | aux_ce=0.0002 | mask=2138 | aux_mask=2260 | pos=451 | targets=451 | preds=583 | centerness=[-5.894, 1.841] | train_seen=200
2026-05-27 08:40:23 | INFO | Epoch 27 | batch 150/1829 | loss=0.4317 | giou=0.1898 | bbox=0.0298 | ce=0.0111 | aux_giou=0.0000 | aux_bbox=0.0000 | aux_ce=0.0000 | mask=1404 | aux_mask=1840 | pos=80 | targets=80 | preds=213 | centerness=[-9.101, 0.802] | train_seen=300
2026-05-27 08:42:10 | INFO | Epoch 27 | batch 200/1829 | loss=1.1856 | giou=0.5027 | bbox=0.0315 | ce=0.0743 | aux_giou=0.0000 | aux_bbox=0.0000 | aux_ce=0.0000 | mask=2269 | aux_mask=2294 | pos=1088 | targets=1088 | preds=1375 | centerness=[-5.830, 2.360] | train_seen=400
2026-05-27 08:43:56 | INFO | Epoch 27 | batch 250/1829 | loss=0.9059 | giou=0.3899 | bbox=0.0413 | ce=0.0423 | aux_giou=0.0000 | aux_bbox=0.0000 | aux_ce=0.0000 | mask=1396 | aux_mask=1363 | pos=168 | targets=168 | preds=508 | centerness=[-7.158, 1.416] | train_seen=500
2026-05-27 08:45:42 | INFO | Epoch 27 | batch 300/1829 | loss=0.7412 | giou=0.3195 | bbox=0.0336 | ce=0.0343 | aux_giou=0.0000 | aux_bbox=0.0000 | aux_ce=0.0000 | mask=1299 | aux_mask=1318 | pos=317 | targets=317 | preds=546 | centerness=[-7.214, 1.681] | train_seen=600
2026-05-27 08:47:28 | INFO | Epoch 27 | batch 350/1829 | loss=0.9869 | giou=0.3904 | bbox=0.0174 | ce=0.0196 | aux_giou=0.0685 | aux_bbox=0.0041 | aux_ce=0.0042 | mask=1554 | aux_mask=1736 | pos=197 | targets=197 | preds=399 | centerness=[-4.829, 1.598] | train_seen=700
2026-05-27 08:49:15 | INFO | Epoch 27 | batch 400/1829 | loss=0.8616 | giou=0.4059 | bbox=0.0201 | ce=0.0148 | aux_giou=0.0000 | aux_bbox=0.0000 | aux_ce=0.0000 | mask=1726 | aux_mask=2207 | pos=125 | targets=125 | preds=172 | centerness=[-5.591, 1.341] | train_seen=800
2026-05-27 08:51:01 | INFO | Epoch 27 | batch 450/1829 | loss=0.7652 | giou=0.3291 | bbox=0.0379 | ce=0.0346 | aux_giou=0.0000 | aux_bbox=0.0000 | aux_ce=0.0000 | mask=1361 | aux_mask=1536 | pos=344 | targets=344 | preds=490 | centerness=[-6.402, 1.865] | train_seen=900
2026-05-27 08:52:47 | INFO | Epoch 27 | batch 500/1829 | loss=0.7087 | giou=0.2954 | bbox=0.0190 | ce=0.0120 | aux_giou=0.0354 | aux_bbox=0.0019 | aux_ce=0.0011 | mask=1141 | aux_mask=1546 | pos=136 | targets=136 | preds=123 | centerness=[-6.181, 2.113] | train_seen=1000
2026-05-27 08:54:34 | INFO | Epoch 27 | batch 550/1829 | loss=0.5670 | giou=0.2613 | bbox=0.0217 | ce=0.0113 | aux_giou=0.0000 | aux_bbox=0.0000 | aux_ce=0.0000 | mask=1242 | aux_mask=1334 | pos=31 | targets=31 | preds=162 | centerness=[-5.606, 1.289] | train_seen=1100
2026-05-27 08:56:20 | INFO | Epoch 27 | batch 600/1829 | loss=0.8390 | giou=0.3666 | bbox=0.0126 | ce=0.0070 | aux_giou=0.0375 | aux_bbox=0.0036 | aux_ce=0.0003 | mask=1449 | aux_mask=2050 | pos=78 | targets=78 | preds=99 | centerness=[-4.984, 2.220] | train_seen=1200
2026-05-27 08:58:06 | INFO | Epoch 27 | batch 650/1829 | loss=0.8482 | giou=0.3607 | bbox=0.0337 | ce=0.0466 | aux_giou=0.0000 | aux_bbox=0.0000 | aux_ce=0.0000 | mask=1489 | aux_mask=1685 | pos=360 | targets=360 | preds=586 | centerness=[-5.504, 1.248] | train_seen=1300
2026-05-27 08:59:52 | INFO | Epoch 27 | batch 700/1829 | loss=0.6753 | giou=0.2919 | bbox=0.0490 | ce=0.0212 | aux_giou=0.0000 | aux_bbox=0.0000 | aux_ce=0.0000 | mask=1024 | aux_mask=1341 | pos=65 | targets=65 | preds=130 | centerness=[-7.552, 1.345] | train_seen=1400
2026-05-27 09:01:39 | INFO | Epoch 27 | batch 750/1829 | loss=0.9017 | giou=0.3734 | bbox=0.0385 | ce=0.0161 | aux_giou=0.0386 | aux_bbox=0.0017 | aux_ce=0.0027 | mask=1897 | aux_mask=2090 | pos=76 | targets=76 | preds=753 | centerness=[-7.622, 0.339] | train_seen=1500
2026-05-27 09:03:25 | INFO | Epoch 27 | batch 800/1829 | loss=0.5711 | giou=0.2478 | bbox=0.0260 | ce=0.0247 | aux_giou=0.0000 | aux_bbox=0.0000 | aux_ce=0.0000 | mask=1258 | aux_mask=1438 | pos=236 | targets=236 | preds=262 | centerness=[-7.398, 2.477] | train_seen=1600
2026-05-27 09:05:11 | INFO | Epoch 27 | batch 850/1829 | loss=0.7313 | giou=0.2917 | bbox=0.0177 | ce=0.0173 | aux_giou=0.0447 | aux_bbox=0.0016 | aux_ce=0.0023 | mask=1357 | aux_mask=1583 | pos=60 | targets=60 | preds=378 | centerness=[-7.869, 1.303] | train_seen=1700
2026-05-27 09:06:57 | INFO | Epoch 27 | batch 900/1829 | loss=0.8624 | giou=0.3936 | bbox=0.0305 | ce=0.0224 | aux_giou=0.0000 | aux_bbox=0.0000 | aux_ce=0.0000 | mask=1637 | aux_mask=1987 | pos=132 | targets=132 | preds=426 | centerness=[-6.060, 1.458] | train_seen=1800
2026-05-27 09:08:43 | INFO | Epoch 27 | batch 950/1829 | loss=0.6157 | giou=0.2769 | bbox=0.0218 | ce=0.0200 | aux_giou=0.0000 | aux_bbox=0.0000 | aux_ce=0.0000 | mask=1025 | aux_mask=1161 | pos=104 | targets=104 | preds=228 | centerness=[-7.260, 1.107] | train_seen=1900
2026-05-27 09:10:30 | INFO | Epoch 27 | batch 1000/1829 | loss=0.8297 | giou=0.3682 | bbox=0.0468 | ce=0.0232 | aux_giou=0.0000 | aux_bbox=0.0000 | aux_ce=0.0000 | mask=1426 | aux_mask=1444 | pos=124 | targets=124 | preds=283 | centerness=[-5.822, 0.689] | train_seen=2000
2026-05-27 09:12:16 | INFO | Epoch 27 | batch 1050/1829 | loss=0.7281 | giou=0.3231 | bbox=0.0567 | ce=0.0127 | aux_giou=0.0000 | aux_bbox=0.0000 | aux_ce=0.0000 | mask=1468 | aux_mask=1904 | pos=77 | targets=77 | preds=142 | centerness=[-10.837, 1.082] | train_seen=2100
2026-05-27 09:14:02 | INFO | Epoch 27 | batch 1100/1829 | loss=0.9015 | giou=0.3890 | bbox=0.0188 | ce=0.0112 | aux_giou=0.0391 | aux_bbox=0.0032 | aux_ce=0.0004 | mask=1020 | aux_mask=1634 | pos=137 | targets=137 | preds=158 | centerness=[-5.206, 2.524] | train_seen=2200
2026-05-27 09:15:48 | INFO | Epoch 27 | batch 1150/1829 | loss=0.7739 | giou=0.3416 | bbox=0.0259 | ce=0.0324 | aux_giou=0.0000 | aux_bbox=0.0000 | aux_ce=0.0000 | mask=1611 | aux_mask=1947 | pos=300 | targets=300 | preds=410 | centerness=[-4.975, 1.729] | train_seen=2300
2026-05-27 09:17:34 | INFO | Epoch 27 | batch 1200/1829 | loss=0.6660 | giou=0.3012 | bbox=0.0259 | ce=0.0189 | aux_giou=0.0000 | aux_bbox=0.0000 | aux_ce=0.0000 | mask=1087 | aux_mask=1156 | pos=55 | targets=55 | preds=275 | centerness=[-5.906, 1.182] | train_seen=2400
2026-05-27 09:19:20 | INFO | Epoch 27 | batch 1250/1829 | loss=0.6365 | giou=0.3028 | bbox=0.0238 | ce=0.0036 | aux_giou=0.0000 | aux_bbox=0.0000 | aux_ce=0.0000 | mask=940 | aux_mask=985 | pos=27 | targets=27 | preds=34 | centerness=[-5.419, 2.413] | train_seen=2500
2026-05-27 09:21:07 | INFO | Epoch 27 | batch 1300/1829 | loss=0.7447 | giou=0.3276 | bbox=0.0344 | ce=0.0276 | aux_giou=0.0000 | aux_bbox=0.0000 | aux_ce=0.0000 | mask=1054 | aux_mask=1126 | pos=204 | targets=204 | preds=216 | centerness=[-6.877, 2.012] | train_seen=2600
2026-05-27 09:22:53 | INFO | Epoch 27 | batch 1350/1829 | loss=0.8098 | giou=0.3590 | bbox=0.0441 | ce=0.0238 | aux_giou=0.0000 | aux_bbox=0.0000 | aux_ce=0.0000 | mask=1205 | aux_mask=2090 | pos=70 | targets=70 | preds=141 | centerness=[-8.784, 1.094] | train_seen=2700
2026-05-27 09:24:39 | INFO | Epoch 27 | batch 1400/1829 | loss=0.6492 | giou=0.2846 | bbox=0.0291 | ce=0.0255 | aux_giou=0.0000 | aux_bbox=0.0000 | aux_ce=0.0000 | mask=1622 | aux_mask=1541 | pos=249 | targets=249 | preds=360 | centerness=[-9.714, 1.815] | train_seen=2800
2026-05-27 09:26:25 | INFO | Epoch 27 | batch 1450/1829 | loss=1.2398 | giou=0.4968 | bbox=0.0325 | ce=0.0607 | aux_giou=0.0423 | aux_bbox=0.0029 | aux_ce=0.0025 | mask=2167 | aux_mask=2310 | pos=473 | targets=473 | preds=882 | centerness=[-4.269, 1.131] | train_seen=2900
2026-05-27 09:28:11 | INFO | Epoch 27 | batch 1500/1829 | loss=0.9917 | giou=0.4092 | bbox=0.0268 | ce=0.0287 | aux_giou=0.0424 | aux_bbox=0.0029 | aux_ce=0.0008 | mask=905 | aux_mask=1263 | pos=79 | targets=79 | preds=129 | centerness=[-5.774, 1.378] | train_seen=3000
2026-05-27 09:29:58 | INFO | Epoch 27 | batch 1550/1829 | loss=1.1186 | giou=0.4765 | bbox=0.0330 | ce=0.0237 | aux_giou=0.0404 | aux_bbox=0.0016 | aux_ce=0.0013 | mask=1195 | aux_mask=1381 | pos=64 | targets=64 | preds=380 | centerness=[-5.644, 0.982] | train_seen=3100
2026-05-27 09:31:44 | INFO | Epoch 27 | batch 1600/1829 | loss=0.7326 | giou=0.3272 | bbox=0.0341 | ce=0.0220 | aux_giou=0.0000 | aux_bbox=0.0000 | aux_ce=0.0000 | mask=1475 | aux_mask=1619 | pos=454 | targets=454 | preds=734 | centerness=[-7.195, 1.569] | train_seen=3200
2026-05-27 09:33:30 | INFO | Epoch 27 | batch 1650/1829 | loss=0.7704 | giou=0.3349 | bbox=0.0556 | ce=0.0225 | aux_giou=0.0000 | aux_bbox=0.0000 | aux_ce=0.0000 | mask=999 | aux_mask=1238 | pos=56 | targets=56 | preds=285 | centerness=[-7.372, 0.465] | train_seen=3300
2026-05-27 09:35:17 | INFO | Epoch 27 | batch 1700/1829 | loss=0.8544 | giou=0.3791 | bbox=0.0515 | ce=0.0223 | aux_giou=0.0000 | aux_bbox=0.0000 | aux_ce=0.0000 | mask=1404 | aux_mask=1462 | pos=130 | targets=130 | preds=187 | centerness=[-6.759, 1.563] | train_seen=3400
2026-05-27 09:37:03 | INFO | Epoch 27 | batch 1750/1829 | loss=1.0323 | giou=0.4394 | bbox=0.0269 | ce=0.0137 | aux_giou=0.0477 | aux_bbox=0.0021 | aux_ce=0.0009 | mask=1279 | aux_mask=1709 | pos=72 | targets=72 | preds=166 | centerness=[-6.169, 1.539] | train_seen=3500
2026-05-27 09:38:49 | INFO | Epoch 27 | batch 1800/1829 | loss=0.7455 | giou=0.3272 | bbox=0.0128 | ce=0.0086 | aux_giou=0.0295 | aux_bbox=0.0010 | aux_ce=0.0006 | mask=1740 | aux_mask=2951 | pos=98 | targets=98 | preds=169 | centerness=[-5.491, 1.471] | train_seen=3600
2026-05-27 09:59:26 | INFO | Epoch 27 | train_loss=0.797 | val_loss=0.969 | train_mae=97.858 | val_mae=43.642 | val_rmse=81.81 | test_mae=50.884 | test_rmse=126.91 | time=5059.724s | best_rmse
2026-05-27 10:01:13 | INFO | Epoch 28 | batch 50/1829 | loss=0.6136 | giou=0.2778 | bbox=0.0218 | ce=0.0181 | aux_giou=0.0000 | aux_bbox=0.0000 | aux_ce=0.0000 | mask=1029 | aux_mask=1268 | pos=168 | targets=168 | preds=225 | centerness=[-7.349, 1.481] | train_seen=100
2026-05-27 10:02:59 | INFO | Epoch 28 | batch 100/1829 | loss=0.6910 | giou=0.3070 | bbox=0.0309 | ce=0.0230 | aux_giou=0.0000 | aux_bbox=0.0000 | aux_ce=0.0000 | mask=1636 | aux_mask=1924 | pos=200 | targets=200 | preds=308 | centerness=[-5.325, 1.732] | train_seen=200
2026-05-27 10:04:45 | INFO | Epoch 28 | batch 150/1829 | loss=0.5344 | giou=0.2255 | bbox=0.0202 | ce=0.0316 | aux_giou=0.0000 | aux_bbox=0.0000 | aux_ce=0.0000 | mask=1368 | aux_mask=1536 | pos=277 | targets=277 | preds=398 | centerness=[-6.692, 1.380] | train_seen=300
2026-05-27 10:06:32 | INFO | Epoch 28 | batch 200/1829 | loss=0.3644 | giou=0.1636 | bbox=0.0281 | ce=0.0045 | aux_giou=0.0000 | aux_bbox=0.0000 | aux_ce=0.0000 | mask=1298 | aux_mask=1459 | pos=56 | targets=56 | preds=87 | centerness=[-8.685, 2.071] | train_seen=400
2026-05-27 10:08:18 | INFO | Epoch 28 | batch 250/1829 | loss=0.9734 | giou=0.4555 | bbox=0.0357 | ce=0.0133 | aux_giou=0.0000 | aux_bbox=0.0000 | aux_ce=0.0000 | mask=1551 | aux_mask=1744 | pos=38 | targets=38 | preds=414 | centerness=[-6.119, 0.639] | train_seen=500
2026-05-27 10:10:04 | INFO | Epoch 28 | batch 300/1829 | loss=0.6455 | giou=0.2799 | bbox=0.0528 | ce=0.0165 | aux_giou=0.0000 | aux_bbox=0.0000 | aux_ce=0.0000 | mask=957 | aux_mask=1591 | pos=28 | targets=28 | preds=95 | centerness=[-9.120, 0.510] | train_seen=600
2026-05-27 10:11:50 | INFO | Epoch 28 | batch 350/1829 | loss=0.6899 | giou=0.3163 | bbox=0.0303 | ce=0.0135 | aux_giou=0.0000 | aux_bbox=0.0000 | aux_ce=0.0000 | mask=1663 | aux_mask=1966 | pos=61 | targets=61 | preds=284 | centerness=[-8.179, 1.018] | train_seen=700
2026-05-27 10:13:36 | INFO | Epoch 28 | batch 400/1829 | loss=0.7660 | giou=0.3356 | bbox=0.0396 | ce=0.0276 | aux_giou=0.0000 | aux_bbox=0.0000 | aux_ce=0.0000 | mask=1300 | aux_mask=1443 | pos=128 | targets=128 | preds=246 | centerness=[-5.465, 1.971] | train_seen=800
2026-05-27 10:15:22 | INFO | Epoch 28 | batch 450/1829 | loss=0.6658 | giou=0.3003 | bbox=0.0394 | ce=0.0129 | aux_giou=0.0000 | aux_bbox=0.0000 | aux_ce=0.0000 | mask=1160 | aux_mask=1477 | pos=42 | targets=42 | preds=181 | centerness=[-7.443, 0.797] | train_seen=900
2026-05-27 10:17:08 | INFO | Epoch 28 | batch 500/1829 | loss=0.8160 | giou=0.3551 | bbox=0.0327 | ce=0.0366 | aux_giou=0.0000 | aux_bbox=0.0000 | aux_ce=0.0000 | mask=1447 | aux_mask=1714 | pos=114 | targets=114 | preds=526 | centerness=[-4.346, 1.558] | train_seen=1000
2026-05-27 10:18:54 | INFO | Epoch 28 | batch 550/1829 | loss=0.8089 | giou=0.3481 | bbox=0.0332 | ce=0.0397 | aux_giou=0.0000 | aux_bbox=0.0000 | aux_ce=0.0000 | mask=1704 | aux_mask=1807 | pos=436 | targets=436 | preds=417 | centerness=[-4.887, 2.241] | train_seen=1100
2026-05-27 10:20:41 | INFO | Epoch 28 | batch 600/1829 | loss=0.8616 | giou=0.3879 | bbox=0.0346 | ce=0.0256 | aux_giou=0.0000 | aux_bbox=0.0000 | aux_ce=0.0000 | mask=1070 | aux_mask=1537 | pos=130 | targets=130 | preds=140 | centerness=[-5.839, 1.502] | train_seen=1200
2026-05-27 10:22:27 | INFO | Epoch 28 | batch 650/1829 | loss=0.7117 | giou=0.3343 | bbox=0.0258 | ce=0.0086 | aux_giou=0.0000 | aux_bbox=0.0000 | aux_ce=0.0000 | mask=1141 | aux_mask=1269 | pos=48 | targets=48 | preds=113 | centerness=[-6.194, 1.814] | train_seen=1300
2026-05-27 10:24:13 | INFO | Epoch 28 | batch 700/1829 | loss=0.7834 | giou=0.3682 | bbox=0.0243 | ce=0.0114 | aux_giou=0.0000 | aux_bbox=0.0000 | aux_ce=0.0000 | mask=1313 | aux_mask=1577 | pos=76 | targets=76 | preds=215 | centerness=[-5.423, 1.301] | train_seen=1400
2026-05-27 10:25:59 | INFO | Epoch 28 | batch 750/1829 | loss=1.0722 | giou=0.4437 | bbox=0.0331 | ce=0.0205 | aux_giou=0.0506 | aux_bbox=0.0022 | aux_ce=0.0037 | mask=1413 | aux_mask=2098 | pos=324 | targets=324 | preds=409 | centerness=[-6.409, 1.331] | train_seen=1500
2026-05-27 10:27:45 | INFO | Epoch 28 | batch 800/1829 | loss=0.5144 | giou=0.2376 | bbox=0.0216 | ce=0.0088 | aux_giou=0.0000 | aux_bbox=0.0000 | aux_ce=0.0000 | mask=859 | aux_mask=1281 | pos=81 | targets=81 | preds=116 | centerness=[-8.113, 1.306] | train_seen=1600
2026-05-27 10:29:31 | INFO | Epoch 28 | batch 850/1829 | loss=0.7432 | giou=0.3108 | bbox=0.0563 | ce=0.0326 | aux_giou=0.0000 | aux_bbox=0.0000 | aux_ce=0.0000 | mask=1246 | aux_mask=1437 | pos=108 | targets=108 | preds=245 | centerness=[-8.563, 0.831] | train_seen=1700
2026-05-27 10:31:18 | INFO | Epoch 28 | batch 900/1829 | loss=0.7460 | giou=0.3363 | bbox=0.0284 | ce=0.0225 | aux_giou=0.0000 | aux_bbox=0.0000 | aux_ce=0.0000 | mask=993 | aux_mask=1444 | pos=120 | targets=120 | preds=214 | centerness=[-5.619, 1.144] | train_seen=1800
2026-05-27 10:33:04 | INFO | Epoch 28 | batch 950/1829 | loss=0.9436 | giou=0.3797 | bbox=0.0406 | ce=0.0299 | aux_giou=0.0360 | aux_bbox=0.0026 | aux_ce=0.0047 | mask=1837 | aux_mask=2686 | pos=413 | targets=413 | preds=752 | centerness=[-6.431, 1.256] | train_seen=1900
2026-05-27 10:34:50 | INFO | Epoch 28 | batch 1000/1829 | loss=0.6407 | giou=0.2873 | bbox=0.0369 | ce=0.0146 | aux_giou=0.0000 | aux_bbox=0.0000 | aux_ce=0.0000 | mask=1190 | aux_mask=1313 | pos=125 | targets=125 | preds=151 | centerness=[-8.288, 2.324] | train_seen=2000
2026-05-27 10:36:36 | INFO | Epoch 28 | batch 1050/1829 | loss=0.6274 | giou=0.2803 | bbox=0.0345 | ce=0.0162 | aux_giou=0.0000 | aux_bbox=0.0000 | aux_ce=0.0000 | mask=1355 | aux_mask=1414 | pos=68 | targets=68 | preds=309 | centerness=[-8.890, 2.173] | train_seen=2100
2026-05-27 10:38:22 | INFO | Epoch 28 | batch 1100/1829 | loss=1.0838 | giou=0.4235 | bbox=0.0738 | ce=0.0359 | aux_giou=0.0408 | aux_bbox=0.0035 | aux_ce=0.0031 | mask=1397 | aux_mask=2400 | pos=301 | targets=301 | preds=357 | centerness=[-6.374, 1.585] | train_seen=2200
2026-05-27 10:40:08 | INFO | Epoch 28 | batch 1150/1829 | loss=0.7952 | giou=0.3514 | bbox=0.0470 | ce=0.0227 | aux_giou=0.0000 | aux_bbox=0.0000 | aux_ce=0.0000 | mask=830 | aux_mask=1273 | pos=56 | targets=56 | preds=83 | centerness=[-8.929, 1.463] | train_seen=2300
2026-05-27 10:41:55 | INFO | Epoch 28 | batch 1200/1829 | loss=1.0304 | giou=0.4372 | bbox=0.0382 | ce=0.0207 | aux_giou=0.0352 | aux_bbox=0.0027 | aux_ce=0.0017 | mask=1288 | aux_mask=1426 | pos=98 | targets=98 | preds=395 | centerness=[-7.498, 1.291] | train_seen=2400
2026-05-27 10:43:41 | INFO | Epoch 28 | batch 1250/1829 | loss=0.8452 | giou=0.3721 | bbox=0.0216 | ce=0.0397 | aux_giou=0.0000 | aux_bbox=0.0000 | aux_ce=0.0000 | mask=1632 | aux_mask=1840 | pos=472 | targets=472 | preds=1107 | centerness=[-4.399, 1.792] | train_seen=2500
2026-05-27 10:45:27 | INFO | Epoch 28 | batch 1300/1829 | loss=0.7256 | giou=0.3166 | bbox=0.0504 | ce=0.0210 | aux_giou=0.0000 | aux_bbox=0.0000 | aux_ce=0.0000 | mask=1402 | aux_mask=1802 | pos=110 | targets=110 | preds=293 | centerness=[-9.683, 1.049] | train_seen=2600
2026-05-27 10:47:13 | INFO | Epoch 28 | batch 1350/1829 | loss=0.5634 | giou=0.2538 | bbox=0.0310 | ce=0.0124 | aux_giou=0.0000 | aux_bbox=0.0000 | aux_ce=0.0000 | mask=1538 | aux_mask=1690 | pos=132 | targets=132 | preds=186 | centerness=[-5.468, 1.236] | train_seen=2700
2026-05-27 10:48:59 | INFO | Epoch 28 | batch 1400/1829 | loss=0.6357 | giou=0.2737 | bbox=0.0318 | ce=0.0282 | aux_giou=0.0000 | aux_bbox=0.0000 | aux_ce=0.0000 | mask=1507 | aux_mask=1876 | pos=132 | targets=132 | preds=371 | centerness=[-6.133, 1.570] | train_seen=2800
2026-05-27 10:50:45 | INFO | Epoch 28 | batch 1450/1829 | loss=1.1689 | giou=0.5069 | bbox=0.0600 | ce=0.0476 | aux_giou=0.0000 | aux_bbox=0.0000 | aux_ce=0.0000 | mask=1345 | aux_mask=1603 | pos=346 | targets=346 | preds=452 | centerness=[-6.671, 1.150] | train_seen=2900
2026-05-27 10:52:32 | INFO | Epoch 28 | batch 1500/1829 | loss=0.8151 | giou=0.3592 | bbox=0.0594 | ce=0.0186 | aux_giou=0.0000 | aux_bbox=0.0000 | aux_ce=0.0000 | mask=1175 | aux_mask=1666 | pos=62 | targets=62 | preds=267 | centerness=[-8.932, 0.436] | train_seen=3000
2026-05-27 10:54:18 | INFO | Epoch 28 | batch 1550/1829 | loss=0.7251 | giou=0.3271 | bbox=0.0280 | ce=0.0214 | aux_giou=0.0000 | aux_bbox=0.0000 | aux_ce=0.0000 | mask=1341 | aux_mask=1523 | pos=165 | targets=165 | preds=357 | centerness=[-5.488, 2.548] | train_seen=3100
2026-05-27 10:56:04 | INFO | Epoch 28 | batch 1600/1829 | loss=1.0507 | giou=0.4461 | bbox=0.0326 | ce=0.0629 | aux_giou=0.0000 | aux_bbox=0.0000 | aux_ce=0.0000 | mask=1482 | aux_mask=1444 | pos=537 | targets=537 | preds=745 | centerness=[-4.387, 1.277] | train_seen=3200
2026-05-27 10:57:51 | INFO | Epoch 28 | batch 1650/1829 | loss=0.6309 | giou=0.2796 | bbox=0.0281 | ce=0.0218 | aux_giou=0.0000 | aux_bbox=0.0000 | aux_ce=0.0000 | mask=1275 | aux_mask=1502 | pos=452 | targets=452 | preds=619 | centerness=[-8.151, 2.271] | train_seen=3300
2026-05-27 10:59:37 | INFO | Epoch 28 | batch 1700/1829 | loss=0.7891 | giou=0.3397 | bbox=0.0139 | ce=0.0160 | aux_giou=0.0306 | aux_bbox=0.0010 | aux_ce=0.0008 | mask=1336 | aux_mask=1627 | pos=103 | targets=103 | preds=215 | centerness=[-5.002, 1.960] | train_seen=3400
2026-05-27 11:01:23 | INFO | Epoch 28 | batch 1750/1829 | loss=1.0291 | giou=0.4420 | bbox=0.0331 | ce=0.0560 | aux_giou=0.0000 | aux_bbox=0.0000 | aux_ce=0.0000 | mask=1523 | aux_mask=1742 | pos=429 | targets=429 | preds=720 | centerness=[-4.394, 1.443] | train_seen=3500
2026-05-27 11:03:09 | INFO | Epoch 28 | batch 1800/1829 | loss=0.7123 | giou=0.2950 | bbox=0.0159 | ce=0.0155 | aux_giou=0.0349 | aux_bbox=0.0014 | aux_ce=0.0021 | mask=1585 | aux_mask=1671 | pos=179 | targets=179 | preds=202 | centerness=[-6.548, 1.946] | train_seen=3600
2026-05-27 11:23:42 | INFO | Epoch 28 | train_loss=0.798 | val_loss=0.951 | train_mae=97.129 | val_mae=47.372 | val_rmse=87.66 | test_mae=56.278 | test_rmse=134.65 | time=5055.547s
2026-05-27 11:25:29 | INFO | Epoch 29 | batch 50/1829 | loss=1.0821 | giou=0.4391 | bbox=0.0165 | ce=0.0100 | aux_giou=0.0799 | aux_bbox=0.0028 | aux_ce=0.0023 | mask=1455 | aux_mask=1950 | pos=79 | targets=79 | preds=153 | centerness=[-5.523, 1.650] | train_seen=100
2026-05-27 11:27:15 | INFO | Epoch 29 | batch 100/1829 | loss=0.7513 | giou=0.3392 | bbox=0.0382 | ce=0.0173 | aux_giou=0.0000 | aux_bbox=0.0000 | aux_ce=0.0000 | mask=1213 | aux_mask=1334 | pos=90 | targets=90 | preds=220 | centerness=[-7.922, 2.013] | train_seen=200
2026-05-27 11:29:02 | INFO | Epoch 29 | batch 150/1829 | loss=0.7218 | giou=0.3241 | bbox=0.0399 | ce=0.0168 | aux_giou=0.0000 | aux_bbox=0.0000 | aux_ce=0.0000 | mask=1095 | aux_mask=1646 | pos=106 | targets=106 | preds=179 | centerness=[-10.232, 0.904] | train_seen=300
2026-05-27 11:30:48 | INFO | Epoch 29 | batch 200/1829 | loss=0.9527 | giou=0.4294 | bbox=0.0292 | ce=0.0323 | aux_giou=0.0000 | aux_bbox=0.0000 | aux_ce=0.0000 | mask=1916 | aux_mask=2007 | pos=257 | targets=257 | preds=526 | centerness=[-3.730, 2.025] | train_seen=400
2026-05-27 11:32:34 | INFO | Epoch 29 | batch 250/1829 | loss=1.0541 | giou=0.4428 | bbox=0.0312 | ce=0.0334 | aux_giou=0.0346 | aux_bbox=0.0011 | aux_ce=0.0001 | mask=1289 | aux_mask=1591 | pos=369 | targets=369 | preds=333 | centerness=[-5.976, 2.279] | train_seen=500
2026-05-27 11:34:20 | INFO | Epoch 29 | batch 300/1829 | loss=0.6368 | giou=0.2990 | bbox=0.0177 | ce=0.0105 | aux_giou=0.0000 | aux_bbox=0.0000 | aux_ce=0.0000 | mask=1300 | aux_mask=1268 | pos=163 | targets=163 | preds=183 | centerness=[-5.311, 2.082] | train_seen=600
2026-05-27 11:36:07 | INFO | Epoch 29 | batch 350/1829 | loss=0.7091 | giou=0.3183 | bbox=0.0231 | ce=0.0247 | aux_giou=0.0000 | aux_bbox=0.0000 | aux_ce=0.0000 | mask=1346 | aux_mask=1654 | pos=240 | targets=240 | preds=382 | centerness=[-6.513, 1.562] | train_seen=700
2026-05-27 11:37:53 | INFO | Epoch 29 | batch 400/1829 | loss=1.0463 | giou=0.4115 | bbox=0.0625 | ce=0.0267 | aux_giou=0.0448 | aux_bbox=0.0077 | aux_ce=0.0051 | mask=1197 | aux_mask=1242 | pos=164 | targets=164 | preds=216 | centerness=[-8.201, 1.393] | train_seen=800
2026-05-27 11:39:39 | INFO | Epoch 29 | batch 450/1829 | loss=0.7026 | giou=0.3079 | bbox=0.0295 | ce=0.0286 | aux_giou=0.0000 | aux_bbox=0.0000 | aux_ce=0.0000 | mask=1307 | aux_mask=1473 | pos=220 | targets=220 | preds=525 | centerness=[-6.338, 1.912] | train_seen=900
2026-05-27 11:41:26 | INFO | Epoch 29 | batch 500/1829 | loss=0.9443 | giou=0.4069 | bbox=0.0354 | ce=0.0476 | aux_giou=0.0000 | aux_bbox=0.0000 | aux_ce=0.0000 | mask=1677 | aux_mask=1889 | pos=616 | targets=616 | preds=855 | centerness=[-5.613, 1.234] | train_seen=1000
2026-05-27 11:43:12 | INFO | Epoch 29 | batch 550/1829 | loss=0.4694 | giou=0.2043 | bbox=0.0348 | ce=0.0130 | aux_giou=0.0000 | aux_bbox=0.0000 | aux_ce=0.0000 | mask=902 | aux_mask=1263 | pos=45 | targets=45 | preds=45 | centerness=[-8.512, 1.358] | train_seen=1100
2026-05-27 11:44:58 | INFO | Epoch 29 | batch 600/1829 | loss=0.7980 | giou=0.3528 | bbox=0.0471 | ce=0.0226 | aux_giou=0.0000 | aux_bbox=0.0000 | aux_ce=0.0000 | mask=1533 | aux_mask=2078 | pos=144 | targets=144 | preds=217 | centerness=[-8.816, 1.054] | train_seen=1200
2026-05-27 11:46:44 | INFO | Epoch 29 | batch 650/1829 | loss=0.6659 | giou=0.3062 | bbox=0.0267 | ce=0.0134 | aux_giou=0.0000 | aux_bbox=0.0000 | aux_ce=0.0000 | mask=971 | aux_mask=1123 | pos=101 | targets=101 | preds=108 | centerness=[-7.525, 1.770] | train_seen=1300
2026-05-27 11:48:31 | INFO | Epoch 29 | batch 700/1829 | loss=0.7009 | giou=0.3037 | bbox=0.0268 | ce=0.0334 | aux_giou=0.0000 | aux_bbox=0.0000 | aux_ce=0.0000 | mask=1568 | aux_mask=2031 | pos=228 | targets=228 | preds=388 | centerness=[-4.347, 1.557] | train_seen=1400
2026-05-27 11:50:17 | INFO | Epoch 29 | batch 750/1829 | loss=0.9088 | giou=0.4058 | bbox=0.0450 | ce=0.0261 | aux_giou=0.0000 | aux_bbox=0.0000 | aux_ce=0.0000 | mask=1285 | aux_mask=1742 | pos=216 | targets=216 | preds=341 | centerness=[-6.450, 2.046] | train_seen=1500
2026-05-27 11:52:03 | INFO | Epoch 29 | batch 800/1829 | loss=0.8037 | giou=0.3517 | bbox=0.0219 | ce=0.0392 | aux_giou=0.0000 | aux_bbox=0.0000 | aux_ce=0.0000 | mask=1985 | aux_mask=2009 | pos=458 | targets=458 | preds=1209 | centerness=[-4.770, 2.081] | train_seen=1600
2026-05-27 11:53:49 | INFO | Epoch 29 | batch 850/1829 | loss=0.7089 | giou=0.3245 | bbox=0.0261 | ce=0.0169 | aux_giou=0.0000 | aux_bbox=0.0000 | aux_ce=0.0000 | mask=1667 | aux_mask=2089 | pos=179 | targets=179 | preds=244 | centerness=[-5.218, 1.289] | train_seen=1700
2026-05-27 11:55:35 | INFO | Epoch 29 | batch 900/1829 | loss=0.8816 | giou=0.3741 | bbox=0.0402 | ce=0.0466 | aux_giou=0.0000 | aux_bbox=0.0000 | aux_ce=0.0000 | mask=1434 | aux_mask=1630 | pos=416 | targets=416 | preds=469 | centerness=[-6.626, 1.878] | train_seen=1800
2026-05-27 11:57:22 | INFO | Epoch 29 | batch 950/1829 | loss=0.8729 | giou=0.3855 | bbox=0.0561 | ce=0.0229 | aux_giou=0.0000 | aux_bbox=0.0000 | aux_ce=0.0000 | mask=1482 | aux_mask=1954 | pos=72 | targets=72 | preds=279 | centerness=[-6.307, 0.976] | train_seen=1900
2026-05-27 11:59:08 | INFO | Epoch 29 | batch 1000/1829 | loss=0.5074 | giou=0.2158 | bbox=0.0373 | ce=0.0192 | aux_giou=0.0000 | aux_bbox=0.0000 | aux_ce=0.0000 | mask=1195 | aux_mask=1561 | pos=204 | targets=204 | preds=232 | centerness=[-9.906, 1.718] | train_seen=2000
2026-05-27 12:00:54 | INFO | Epoch 29 | batch 1050/1829 | loss=1.0521 | giou=0.4371 | bbox=0.0310 | ce=0.0311 | aux_giou=0.0378 | aux_bbox=0.0019 | aux_ce=0.0036 | mask=1771 | aux_mask=2289 | pos=304 | targets=304 | preds=617 | centerness=[-4.890, 0.961] | train_seen=2100
2026-05-27 12:02:41 | INFO | Epoch 29 | batch 1100/1829 | loss=0.9842 | giou=0.4255 | bbox=0.0416 | ce=0.0457 | aux_giou=0.0000 | aux_bbox=0.0000 | aux_ce=0.0000 | mask=1440 | aux_mask=1661 | pos=313 | targets=313 | preds=590 | centerness=[-5.929, 1.480] | train_seen=2200
2026-05-27 12:04:27 | INFO | Epoch 29 | batch 1150/1829 | loss=0.9126 | giou=0.3939 | bbox=0.0138 | ce=0.0226 | aux_giou=0.0318 | aux_bbox=0.0012 | aux_ce=0.0005 | mask=1579 | aux_mask=1678 | pos=329 | targets=329 | preds=468 | centerness=[-5.553, 2.264] | train_seen=2300
2026-05-27 12:06:13 | INFO | Epoch 29 | batch 1200/1829 | loss=0.7631 | giou=0.3509 | bbox=0.0423 | ce=0.0095 | aux_giou=0.0000 | aux_bbox=0.0000 | aux_ce=0.0000 | mask=1433 | aux_mask=1595 | pos=34 | targets=34 | preds=131 | centerness=[-11.080, 1.758] | train_seen=2400
2026-05-27 12:07:59 | INFO | Epoch 29 | batch 1250/1829 | loss=0.8261 | giou=0.3731 | bbox=0.0302 | ce=0.0248 | aux_giou=0.0000 | aux_bbox=0.0000 | aux_ce=0.0000 | mask=1688 | aux_mask=1841 | pos=701 | targets=701 | preds=770 | centerness=[-6.883, 1.842] | train_seen=2500
2026-05-27 12:09:46 | INFO | Epoch 29 | batch 1300/1829 | loss=0.7935 | giou=0.3521 | bbox=0.0535 | ce=0.0179 | aux_giou=0.0000 | aux_bbox=0.0000 | aux_ce=0.0000 | mask=1089 | aux_mask=1373 | pos=128 | targets=128 | preds=173 | centerness=[-10.434, 1.171] | train_seen=2600
2026-05-27 12:11:32 | INFO | Epoch 29 | batch 1350/1829 | loss=0.6441 | giou=0.2980 | bbox=0.0288 | ce=0.0097 | aux_giou=0.0000 | aux_bbox=0.0000 | aux_ce=0.0000 | mask=1064 | aux_mask=1274 | pos=134 | targets=134 | preds=249 | centerness=[-5.507, 1.829] | train_seen=2700
2026-05-27 12:13:18 | INFO | Epoch 29 | batch 1400/1829 | loss=0.7125 | giou=0.3141 | bbox=0.0336 | ce=0.0253 | aux_giou=0.0000 | aux_bbox=0.0000 | aux_ce=0.0000 | mask=1248 | aux_mask=1559 | pos=152 | targets=152 | preds=278 | centerness=[-5.838, 1.467] | train_seen=2800
2026-05-27 12:15:04 | INFO | Epoch 29 | batch 1450/1829 | loss=0.5158 | giou=0.2386 | bbox=0.0227 | ce=0.0079 | aux_giou=0.0000 | aux_bbox=0.0000 | aux_ce=0.0000 | mask=870 | aux_mask=1253 | pos=52 | targets=52 | preds=68 | centerness=[-7.135, 1.561] | train_seen=2900
2026-05-27 12:16:51 | INFO | Epoch 29 | batch 1500/1829 | loss=0.7068 | giou=0.3273 | bbox=0.0334 | ce=0.0094 | aux_giou=0.0000 | aux_bbox=0.0000 | aux_ce=0.0000 | mask=2215 | aux_mask=3352 | pos=155 | targets=155 | preds=177 | centerness=[-7.165, 2.305] | train_seen=3000
2026-05-27 12:18:37 | INFO | Epoch 29 | batch 1550/1829 | loss=0.9875 | giou=0.4212 | bbox=0.0570 | ce=0.0441 | aux_giou=0.0000 | aux_bbox=0.0000 | aux_ce=0.0000 | mask=1578 | aux_mask=1968 | pos=297 | targets=297 | preds=784 | centerness=[-7.834, 1.738] | train_seen=3100
2026-05-27 12:20:23 | INFO | Epoch 29 | batch 1600/1829 | loss=0.6865 | giou=0.3068 | bbox=0.0429 | ce=0.0151 | aux_giou=0.0000 | aux_bbox=0.0000 | aux_ce=0.0000 | mask=934 | aux_mask=1288 | pos=58 | targets=58 | preds=177 | centerness=[-6.398, 0.628] | train_seen=3200
2026-05-27 12:22:09 | INFO | Epoch 29 | batch 1650/1829 | loss=0.4680 | giou=0.2143 | bbox=0.0221 | ce=0.0087 | aux_giou=0.0000 | aux_bbox=0.0000 | aux_ce=0.0000 | mask=1194 | aux_mask=1375 | pos=105 | targets=105 | preds=103 | centerness=[-5.933, 1.961] | train_seen=3300
2026-05-27 12:23:56 | INFO | Epoch 29 | batch 1700/1829 | loss=0.7820 | giou=0.3531 | bbox=0.0560 | ce=0.0099 | aux_giou=0.0000 | aux_bbox=0.0000 | aux_ce=0.0000 | mask=1248 | aux_mask=1333 | pos=61 | targets=61 | preds=125 | centerness=[-6.978, 1.130] | train_seen=3400
2026-05-27 12:25:42 | INFO | Epoch 29 | batch 1750/1829 | loss=0.5577 | giou=0.2513 | bbox=0.0198 | ce=0.0176 | aux_giou=0.0000 | aux_bbox=0.0000 | aux_ce=0.0000 | mask=1281 | aux_mask=1797 | pos=36 | targets=36 | preds=94 | centerness=[-7.903, 2.048] | train_seen=3500
2026-05-27 12:27:29 | INFO | Epoch 29 | batch 1800/1829 | loss=0.8585 | giou=0.3581 | bbox=0.0386 | ce=0.0519 | aux_giou=0.0000 | aux_bbox=0.0000 | aux_ce=0.0000 | mask=1740 | aux_mask=2047 | pos=448 | targets=448 | preds=529 | centerness=[-6.510, 1.986] | train_seen=3600
2026-05-27 12:48:12 | INFO | Epoch 29 | train_loss=0.792 | val_loss=0.946 | train_mae=93.680 | val_mae=47.949 | val_rmse=91.44 | test_mae=56.245 | test_rmse=135.79 | time=5068.558s
2026-05-27 12:49:58 | INFO | Epoch 30 | batch 50/1829 | loss=0.8345 | giou=0.3502 | bbox=0.0420 | ce=0.0460 | aux_giou=0.0000 | aux_bbox=0.0000 | aux_ce=0.0000 | mask=1120 | aux_mask=1584 | pos=242 | targets=242 | preds=221 | centerness=[-6.213, 1.643] | train_seen=100
2026-05-27 12:51:47 | INFO | Epoch 30 | batch 100/1829 | loss=1.3580 | giou=0.5337 | bbox=0.0182 | ce=0.0318 | aux_giou=0.0965 | aux_bbox=0.0035 | aux_ce=0.0061 | mask=2464 | aux_mask=2730 | pos=1073 | targets=1073 | preds=1581 | centerness=[-4.660, 2.102] | train_seen=200
2026-05-27 12:53:35 | INFO | Epoch 30 | batch 150/1829 | loss=0.6485 | giou=0.2895 | bbox=0.0406 | ce=0.0144 | aux_giou=0.0000 | aux_bbox=0.0000 | aux_ce=0.0000 | mask=1212 | aux_mask=1801 | pos=168 | targets=168 | preds=173 | centerness=[-7.226, 1.846] | train_seen=300
2026-05-27 12:55:22 | INFO | Epoch 30 | batch 200/1829 | loss=0.8202 | giou=0.3640 | bbox=0.0418 | ce=0.0252 | aux_giou=0.0000 | aux_bbox=0.0000 | aux_ce=0.0000 | mask=1596 | aux_mask=1932 | pos=92 | targets=92 | preds=533 | centerness=[-6.132, 1.333] | train_seen=400
2026-05-27 12:57:08 | INFO | Epoch 30 | batch 250/1829 | loss=1.0436 | giou=0.4241 | bbox=0.0310 | ce=0.0340 | aux_giou=0.0446 | aux_bbox=0.0020 | aux_ce=0.0025 | mask=1903 | aux_mask=2279 | pos=486 | targets=486 | preds=545 | centerness=[-6.931, 2.150] | train_seen=500
2026-05-27 12:58:54 | INFO | Epoch 30 | batch 300/1829 | loss=0.9367 | giou=0.4179 | bbox=0.0284 | ce=0.0362 | aux_giou=0.0000 | aux_bbox=0.0000 | aux_ce=0.0000 | mask=2044 | aux_mask=2031 | pos=156 | targets=156 | preds=1067 | centerness=[-4.953, 0.923] | train_seen=600
2026-05-27 13:00:41 | INFO | Epoch 30 | batch 350/1829 | loss=0.7129 | giou=0.3064 | bbox=0.0556 | ce=0.0222 | aux_giou=0.0000 | aux_bbox=0.0000 | aux_ce=0.0000 | mask=1151 | aux_mask=1373 | pos=72 | targets=72 | preds=141 | centerness=[-9.129, 0.951] | train_seen=700
2026-05-27 13:02:27 | INFO | Epoch 30 | batch 400/1829 | loss=0.8327 | giou=0.3902 | bbox=0.0186 | ce=0.0168 | aux_giou=0.0000 | aux_bbox=0.0000 | aux_ce=0.0000 | mask=1618 | aux_mask=1896 | pos=55 | targets=55 | preds=497 | centerness=[-4.612, 1.636] | train_seen=800
2026-05-27 13:04:13 | INFO | Epoch 30 | batch 450/1829 | loss=0.8787 | giou=0.3746 | bbox=0.0249 | ce=0.0173 | aux_giou=0.0334 | aux_bbox=0.0019 | aux_ce=0.0007 | mask=1288 | aux_mask=1528 | pos=132 | targets=132 | preds=103 | centerness=[-6.475, 2.043] | train_seen=900
2026-05-27 13:05:59 | INFO | Epoch 30 | batch 500/1829 | loss=0.4484 | giou=0.2088 | bbox=0.0166 | ce=0.0071 | aux_giou=0.0000 | aux_bbox=0.0000 | aux_ce=0.0000 | mask=1433 | aux_mask=1612 | pos=76 | targets=76 | preds=72 | centerness=[-4.986, 1.718] | train_seen=1000
2026-05-27 13:07:46 | INFO | Epoch 30 | batch 550/1829 | loss=0.7089 | giou=0.3102 | bbox=0.0198 | ce=0.0042 | aux_giou=0.0294 | aux_bbox=0.0012 | aux_ce=0.0003 | mask=1065 | aux_mask=1637 | pos=40 | targets=40 | preds=144 | centerness=[-7.215, 1.925] | train_seen=1100
2026-05-27 13:09:32 | INFO | Epoch 30 | batch 600/1829 | loss=0.8396 | giou=0.3880 | bbox=0.0361 | ce=0.0138 | aux_giou=0.0000 | aux_bbox=0.0000 | aux_ce=0.0000 | mask=1730 | aux_mask=1764 | pos=136 | targets=136 | preds=239 | centerness=[-4.965, 1.768] | train_seen=1200
2026-05-27 13:11:18 | INFO | Epoch 30 | batch 650/1829 | loss=0.5769 | giou=0.2659 | bbox=0.0281 | ce=0.0085 | aux_giou=0.0000 | aux_bbox=0.0000 | aux_ce=0.0000 | mask=1454 | aux_mask=1761 | pos=64 | targets=64 | preds=121 | centerness=[-5.263, 2.231] | train_seen=1300
2026-05-27 13:13:05 | INFO | Epoch 30 | batch 700/1829 | loss=0.7958 | giou=0.3540 | bbox=0.0391 | ce=0.0244 | aux_giou=0.0000 | aux_bbox=0.0000 | aux_ce=0.0000 | mask=1660 | aux_mask=1876 | pos=108 | targets=108 | preds=492 | centerness=[-7.104, 0.990] | train_seen=1400
2026-05-27 13:14:51 | INFO | Epoch 30 | batch 750/1829 | loss=1.2223 | giou=0.4887 | bbox=0.0339 | ce=0.0538 | aux_giou=0.0445 | aux_bbox=0.0029 | aux_ce=0.0057 | mask=2285 | aux_mask=2472 | pos=515 | targets=515 | preds=1468 | centerness=[-5.944, 1.862] | train_seen=1500
2026-05-27 13:16:37 | INFO | Epoch 30 | batch 800/1829 | loss=0.5755 | giou=0.2749 | bbox=0.0167 | ce=0.0046 | aux_giou=0.0000 | aux_bbox=0.0000 | aux_ce=0.0000 | mask=906 | aux_mask=1129 | pos=52 | targets=52 | preds=55 | centerness=[-6.400, 1.392] | train_seen=1600
2026-05-27 13:18:23 | INFO | Epoch 30 | batch 850/1829 | loss=0.8665 | giou=0.3846 | bbox=0.0745 | ce=0.0114 | aux_giou=0.0000 | aux_bbox=0.0000 | aux_ce=0.0000 | mask=983 | aux_mask=1399 | pos=44 | targets=44 | preds=74 | centerness=[-9.384, 1.053] | train_seen=1700
2026-05-27 13:20:10 | INFO | Epoch 30 | batch 900/1829 | loss=0.5537 | giou=0.2444 | bbox=0.0162 | ce=0.0243 | aux_giou=0.0000 | aux_bbox=0.0000 | aux_ce=0.0000 | mask=2303 | aux_mask=2220 | pos=444 | targets=444 | preds=1243 | centerness=[-6.319, 1.638] | train_seen=1800
2026-05-27 13:21:56 | INFO | Epoch 30 | batch 950/1829 | loss=0.8202 | giou=0.3546 | bbox=0.0497 | ce=0.0306 | aux_giou=0.0000 | aux_bbox=0.0000 | aux_ce=0.0000 | mask=1382 | aux_mask=1694 | pos=161 | targets=161 | preds=324 | centerness=[-7.097, 1.104] | train_seen=1900
2026-05-27 13:23:43 | INFO | Epoch 30 | batch 1000/1829 | loss=1.0149 | giou=0.4740 | bbox=0.0394 | ce=0.0137 | aux_giou=0.0000 | aux_bbox=0.0000 | aux_ce=0.0000 | mask=1417 | aux_mask=1621 | pos=85 | targets=85 | preds=269 | centerness=[-6.288, 2.395] | train_seen=2000
2026-05-27 13:25:29 | INFO | Epoch 30 | batch 1050/1829 | loss=0.6172 | giou=0.2808 | bbox=0.0294 | ce=0.0131 | aux_giou=0.0000 | aux_bbox=0.0000 | aux_ce=0.0000 | mask=1340 | aux_mask=1530 | pos=67 | targets=67 | preds=126 | centerness=[-7.362, 1.634] | train_seen=2100
2026-05-27 13:27:15 | INFO | Epoch 30 | batch 1100/1829 | loss=0.7809 | giou=0.3497 | bbox=0.0209 | ce=0.0303 | aux_giou=0.0000 | aux_bbox=0.0000 | aux_ce=0.0000 | mask=1725 | aux_mask=1637 | pos=347 | targets=347 | preds=563 | centerness=[-4.306, 1.413] | train_seen=2200
2026-05-27 13:29:01 | INFO | Epoch 30 | batch 1150/1829 | loss=0.7337 | giou=0.3395 | bbox=0.0315 | ce=0.0116 | aux_giou=0.0000 | aux_bbox=0.0000 | aux_ce=0.0000 | mask=946 | aux_mask=1128 | pos=45 | targets=45 | preds=113 | centerness=[-8.725, 1.048] | train_seen=2300
2026-05-27 13:30:48 | INFO | Epoch 30 | batch 1200/1829 | loss=0.9821 | giou=0.4126 | bbox=0.0702 | ce=0.0433 | aux_giou=0.0000 | aux_bbox=0.0000 | aux_ce=0.0000 | mask=714 | aux_mask=1377 | pos=79 | targets=79 | preds=79 | centerness=[-6.090, 1.044] | train_seen=2400
2026-05-27 13:32:34 | INFO | Epoch 30 | batch 1250/1829 | loss=0.5713 | giou=0.2373 | bbox=0.0608 | ce=0.0179 | aux_giou=0.0000 | aux_bbox=0.0000 | aux_ce=0.0000 | mask=891 | aux_mask=1285 | pos=29 | targets=29 | preds=74 | centerness=[-8.453, 0.739] | train_seen=2500
2026-05-27 13:34:20 | INFO | Epoch 30 | batch 1300/1829 | loss=1.2377 | giou=0.4565 | bbox=0.0557 | ce=0.0605 | aux_giou=0.0619 | aux_bbox=0.0073 | aux_ce=0.0084 | mask=2226 | aux_mask=3169 | pos=480 | targets=480 | preds=844 | centerness=[-7.382, 0.515] | train_seen=2600
2026-05-27 13:36:07 | INFO | Epoch 30 | batch 1350/1829 | loss=0.5648 | giou=0.2426 | bbox=0.0621 | ce=0.0088 | aux_giou=0.0000 | aux_bbox=0.0000 | aux_ce=0.0000 | mask=770 | aux_mask=1531 | pos=25 | targets=25 | preds=72 | centerness=[-7.802, 0.884] | train_seen=2700
2026-05-27 13:37:53 | INFO | Epoch 30 | batch 1400/1829 | loss=0.7286 | giou=0.3301 | bbox=0.0236 | ce=0.0225 | aux_giou=0.0000 | aux_bbox=0.0000 | aux_ce=0.0000 | mask=1953 | aux_mask=2304 | pos=143 | targets=143 | preds=273 | centerness=[-5.564, 2.298] | train_seen=2800
2026-05-27 13:39:40 | INFO | Epoch 30 | batch 1450/1829 | loss=0.7422 | giou=0.3294 | bbox=0.0323 | ce=0.0256 | aux_giou=0.0000 | aux_bbox=0.0000 | aux_ce=0.0000 | mask=1664 | aux_mask=1712 | pos=112 | targets=112 | preds=313 | centerness=[-5.257, 0.842] | train_seen=2900
2026-05-27 13:41:26 | INFO | Epoch 30 | batch 1500/1829 | loss=0.4613 | giou=0.2070 | bbox=0.0239 | ce=0.0117 | aux_giou=0.0000 | aux_bbox=0.0000 | aux_ce=0.0000 | mask=1025 | aux_mask=1349 | pos=62 | targets=62 | preds=146 | centerness=[-8.847, 1.328] | train_seen=3000
2026-05-27 13:43:12 | INFO | Epoch 30 | batch 1550/1829 | loss=0.7365 | giou=0.3247 | bbox=0.0406 | ce=0.0232 | aux_giou=0.0000 | aux_bbox=0.0000 | aux_ce=0.0000 | mask=1227 | aux_mask=1307 | pos=79 | targets=79 | preds=224 | centerness=[-8.086, 1.881] | train_seen=3100
2026-05-27 13:44:59 | INFO | Epoch 30 | batch 1600/1829 | loss=0.8723 | giou=0.3764 | bbox=0.0547 | ce=0.0324 | aux_giou=0.0000 | aux_bbox=0.0000 | aux_ce=0.0000 | mask=1489 | aux_mask=2098 | pos=158 | targets=158 | preds=312 | centerness=[-8.028, 0.607] | train_seen=3200
2026-05-27 13:46:46 | INFO | Epoch 30 | batch 1650/1829 | loss=0.5210 | giou=0.2375 | bbox=0.0278 | ce=0.0091 | aux_giou=0.0000 | aux_bbox=0.0000 | aux_ce=0.0000 | mask=1226 | aux_mask=1422 | pos=26 | targets=26 | preds=162 | centerness=[-5.655, 0.875] | train_seen=3300
2026-05-27 13:48:32 | INFO | Epoch 30 | batch 1700/1829 | loss=0.6554 | giou=0.2929 | bbox=0.0305 | ce=0.0196 | aux_giou=0.0000 | aux_bbox=0.0000 | aux_ce=0.0000 | mask=1455 | aux_mask=1400 | pos=180 | targets=180 | preds=317 | centerness=[-6.931, 2.590] | train_seen=3400
2026-05-27 13:50:18 | INFO | Epoch 30 | batch 1750/1829 | loss=0.6995 | giou=0.3243 | bbox=0.0253 | ce=0.0128 | aux_giou=0.0000 | aux_bbox=0.0000 | aux_ce=0.0000 | mask=1611 | aux_mask=1719 | pos=84 | targets=84 | preds=178 | centerness=[-5.112, 1.812] | train_seen=3500
2026-05-27 13:52:05 | INFO | Epoch 30 | batch 1800/1829 | loss=0.7203 | giou=0.3240 | bbox=0.0235 | ce=0.0244 | aux_giou=0.0000 | aux_bbox=0.0000 | aux_ce=0.0000 | mask=1920 | aux_mask=1888 | pos=283 | targets=283 | preds=626 | centerness=[-4.147, 1.376] | train_seen=3600
2026-05-27 14:12:41 | INFO | Epoch 30 | train_loss=0.786 | val_loss=0.953 | train_mae=94.633 | val_mae=48.877 | val_rmse=89.72 | test_mae=57.429 | test_rmse=137.22 | time=5068.184s
2026-05-27 14:14:28 | INFO | Epoch 31 | batch 50/1829 | loss=0.6837 | giou=0.3231 | bbox=0.0185 | ce=0.0095 | aux_giou=0.0000 | aux_bbox=0.0000 | aux_ce=0.0000 | mask=1459 | aux_mask=1552 | pos=211 | targets=211 | preds=304 | centerness=[-5.665, 1.947] | train_seen=100
2026-05-27 14:16:14 | INFO | Epoch 31 | batch 100/1829 | loss=0.8526 | giou=0.3353 | bbox=0.0237 | ce=0.0289 | aux_giou=0.0443 | aux_bbox=0.0018 | aux_ce=0.0051 | mask=2235 | aux_mask=2366 | pos=552 | targets=552 | preds=1432 | centerness=[-6.539, 1.258] | train_seen=200
2026-05-27 14:18:01 | INFO | Epoch 31 | batch 150/1829 | loss=0.7151 | giou=0.3211 | bbox=0.0302 | ce=0.0214 | aux_giou=0.0000 | aux_bbox=0.0000 | aux_ce=0.0000 | mask=1258 | aux_mask=1448 | pos=178 | targets=178 | preds=272 | centerness=[-6.622, 1.460] | train_seen=300
2026-05-27 14:19:47 | INFO | Epoch 31 | batch 200/1829 | loss=0.6589 | giou=0.2911 | bbox=0.0280 | ce=0.0243 | aux_giou=0.0000 | aux_bbox=0.0000 | aux_ce=0.0000 | mask=1328 | aux_mask=1687 | pos=120 | targets=120 | preds=206 | centerness=[-7.848, 0.703] | train_seen=400
2026-05-27 14:21:34 | INFO | Epoch 31 | batch 250/1829 | loss=0.7368 | giou=0.3108 | bbox=0.0444 | ce=0.0354 | aux_giou=0.0000 | aux_bbox=0.0000 | aux_ce=0.0000 | mask=1303 | aux_mask=1769 | pos=425 | targets=425 | preds=440 | centerness=[-6.533, 2.316] | train_seen=500
2026-05-27 14:23:20 | INFO | Epoch 31 | batch 300/1829 | loss=0.6006 | giou=0.2496 | bbox=0.0464 | ce=0.0274 | aux_giou=0.0000 | aux_bbox=0.0000 | aux_ce=0.0000 | mask=1522 | aux_mask=1718 | pos=271 | targets=271 | preds=653 | centerness=[-5.164, 0.686] | train_seen=600
2026-05-27 14:25:07 | INFO | Epoch 31 | batch 350/1829 | loss=0.5391 | giou=0.2319 | bbox=0.0315 | ce=0.0219 | aux_giou=0.0000 | aux_bbox=0.0000 | aux_ce=0.0000 | mask=1389 | aux_mask=1845 | pos=116 | targets=116 | preds=286 | centerness=[-6.472, 1.597] | train_seen=700
2026-05-27 14:26:53 | INFO | Epoch 31 | batch 400/1829 | loss=0.6379 | giou=0.2912 | bbox=0.0313 | ce=0.0121 | aux_giou=0.0000 | aux_bbox=0.0000 | aux_ce=0.0000 | mask=1336 | aux_mask=1072 | pos=172 | targets=172 | preds=208 | centerness=[-5.912, 1.951] | train_seen=800
2026-05-27 14:28:39 | INFO | Epoch 31 | batch 450/1829 | loss=0.6885 | giou=0.3136 | bbox=0.0223 | ce=0.0195 | aux_giou=0.0000 | aux_bbox=0.0000 | aux_ce=0.0000 | mask=1863 | aux_mask=2102 | pos=164 | targets=164 | preds=601 | centerness=[-4.754, 1.796] | train_seen=900
2026-05-27 14:30:26 | INFO | Epoch 31 | batch 500/1829 | loss=0.5349 | giou=0.2335 | bbox=0.0452 | ce=0.0114 | aux_giou=0.0000 | aux_bbox=0.0000 | aux_ce=0.0000 | mask=1127 | aux_mask=1566 | pos=66 | targets=66 | preds=98 | centerness=[-8.957, 2.366] | train_seen=1000
2026-05-27 14:32:12 | INFO | Epoch 31 | batch 550/1829 | loss=0.8536 | giou=0.3459 | bbox=0.0557 | ce=0.0214 | aux_giou=0.0272 | aux_bbox=0.0047 | aux_ce=0.0021 | mask=1114 | aux_mask=1629 | pos=92 | targets=92 | preds=143 | centerness=[-6.652, 1.596] | train_seen=1100
2026-05-27 14:33:58 | INFO | Epoch 31 | batch 600/1829 | loss=0.9410 | giou=0.3721 | bbox=0.0332 | ce=0.0385 | aux_giou=0.0386 | aux_bbox=0.0017 | aux_ce=0.0039 | mask=1496 | aux_mask=1867 | pos=475 | targets=475 | preds=581 | centerness=[-6.593, 1.232] | train_seen=1200
2026-05-27 14:35:44 | INFO | Epoch 31 | batch 650/1829 | loss=0.7130 | giou=0.3319 | bbox=0.0311 | ce=0.0090 | aux_giou=0.0000 | aux_bbox=0.0000 | aux_ce=0.0000 | mask=1059 | aux_mask=1384 | pos=44 | targets=44 | preds=81 | centerness=[-5.998, 1.690] | train_seen=1300
2026-05-27 14:37:31 | INFO | Epoch 31 | batch 700/1829 | loss=0.6037 | giou=0.2805 | bbox=0.0224 | ce=0.0102 | aux_giou=0.0000 | aux_bbox=0.0000 | aux_ce=0.0000 | mask=1424 | aux_mask=1626 | pos=69 | targets=69 | preds=182 | centerness=[-5.440, 1.169] | train_seen=1400
2026-05-27 14:39:17 | INFO | Epoch 31 | batch 750/1829 | loss=0.7346 | giou=0.2954 | bbox=0.0308 | ce=0.0280 | aux_giou=0.0246 | aux_bbox=0.0027 | aux_ce=0.0025 | mask=1485 | aux_mask=1930 | pos=184 | targets=184 | preds=334 | centerness=[-8.084, 1.332] | train_seen=1500
2026-05-27 14:41:03 | INFO | Epoch 31 | batch 800/1829 | loss=0.6551 | giou=0.2739 | bbox=0.0181 | ce=0.0063 | aux_giou=0.0368 | aux_bbox=0.0017 | aux_ce=0.0006 | mask=1164 | aux_mask=1552 | pos=87 | targets=87 | preds=83 | centerness=[-5.858, 1.710] | train_seen=1600
2026-05-27 14:42:50 | INFO | Epoch 31 | batch 850/1829 | loss=0.6043 | giou=0.2616 | bbox=0.0249 | ce=0.0281 | aux_giou=0.0000 | aux_bbox=0.0000 | aux_ce=0.0000 | mask=1168 | aux_mask=1346 | pos=165 | targets=165 | preds=223 | centerness=[-5.092, 1.882] | train_seen=1700
2026-05-27 14:44:36 | INFO | Epoch 31 | batch 900/1829 | loss=0.8596 | giou=0.3705 | bbox=0.0450 | ce=0.0368 | aux_giou=0.0000 | aux_bbox=0.0000 | aux_ce=0.0000 | mask=1713 | aux_mask=1585 | pos=217 | targets=217 | preds=318 | centerness=[-6.013, 0.865] | train_seen=1800
2026-05-27 14:46:23 | INFO | Epoch 31 | batch 950/1829 | loss=0.6909 | giou=0.3158 | bbox=0.0397 | ce=0.0098 | aux_giou=0.0000 | aux_bbox=0.0000 | aux_ce=0.0000 | mask=933 | aux_mask=1070 | pos=58 | targets=58 | preds=97 | centerness=[-6.636, 1.639] | train_seen=1900
2026-05-27 14:48:09 | INFO | Epoch 31 | batch 1000/1829 | loss=1.1152 | giou=0.4747 | bbox=0.0301 | ce=0.0272 | aux_giou=0.0373 | aux_bbox=0.0011 | aux_ce=0.0027 | mask=2451 | aux_mask=2309 | pos=136 | targets=136 | preds=645 | centerness=[-5.955, 1.801] | train_seen=2000
2026-05-27 14:49:56 | INFO | Epoch 31 | batch 1050/1829 | loss=1.3061 | giou=0.4621 | bbox=0.0493 | ce=0.0844 | aux_giou=0.0590 | aux_bbox=0.0072 | aux_ce=0.0193 | mask=4112 | aux_mask=4269 | pos=3706 | targets=1921 | preds=1569 | centerness=[-5.605, 1.190] | train_seen=2100
2026-05-27 14:51:42 | INFO | Epoch 31 | batch 1100/1829 | loss=0.7474 | giou=0.3350 | bbox=0.0421 | ce=0.0177 | aux_giou=0.0000 | aux_bbox=0.0000 | aux_ce=0.0000 | mask=1275 | aux_mask=1593 | pos=96 | targets=96 | preds=154 | centerness=[-7.534, 1.578] | train_seen=2200
2026-05-27 14:53:28 | INFO | Epoch 31 | batch 1150/1829 | loss=0.4792 | giou=0.2121 | bbox=0.0402 | ce=0.0074 | aux_giou=0.0000 | aux_bbox=0.0000 | aux_ce=0.0000 | mask=985 | aux_mask=1593 | pos=42 | targets=42 | preds=59 | centerness=[-8.665, 1.460] | train_seen=2300
2026-05-27 14:55:15 | INFO | Epoch 31 | batch 1200/1829 | loss=0.6430 | giou=0.2772 | bbox=0.0580 | ce=0.0152 | aux_giou=0.0000 | aux_bbox=0.0000 | aux_ce=0.0000 | mask=970 | aux_mask=1064 | pos=57 | targets=57 | preds=108 | centerness=[-9.987, 1.769] | train_seen=2400
2026-05-27 14:57:01 | INFO | Epoch 31 | batch 1250/1829 | loss=0.8149 | giou=0.3413 | bbox=0.0409 | ce=0.0110 | aux_giou=0.0337 | aux_bbox=0.0012 | aux_ce=0.0003 | mask=865 | aux_mask=1511 | pos=76 | targets=76 | preds=107 | centerness=[-7.211, 2.536] | train_seen=2500
2026-05-27 14:58:48 | INFO | Epoch 31 | batch 1300/1829 | loss=0.8541 | giou=0.3536 | bbox=0.0198 | ce=0.0192 | aux_giou=0.0408 | aux_bbox=0.0015 | aux_ce=0.0028 | mask=1256 | aux_mask=1574 | pos=87 | targets=87 | preds=264 | centerness=[-4.834, 1.445] | train_seen=2600
2026-05-27 15:00:34 | INFO | Epoch 31 | batch 1350/1829 | loss=0.7798 | giou=0.3411 | bbox=0.0359 | ce=0.0308 | aux_giou=0.0000 | aux_bbox=0.0000 | aux_ce=0.0000 | mask=1626 | aux_mask=1439 | pos=318 | targets=318 | preds=563 | centerness=[-8.382, 2.204] | train_seen=2700
2026-05-27 15:02:20 | INFO | Epoch 31 | batch 1400/1829 | loss=1.0262 | giou=0.4172 | bbox=0.0272 | ce=0.0149 | aux_giou=0.0602 | aux_bbox=0.0070 | aux_ce=0.0037 | mask=2991 | aux_mask=2985 | pos=160 | targets=160 | preds=1035 | centerness=[-4.942, 1.367] | train_seen=2800
2026-05-27 15:04:07 | INFO | Epoch 31 | batch 1450/1829 | loss=0.8565 | giou=0.3947 | bbox=0.0172 | ce=0.0250 | aux_giou=0.0000 | aux_bbox=0.0000 | aux_ce=0.0000 | mask=2574 | aux_mask=2606 | pos=76 | targets=76 | preds=913 | centerness=[-4.956, 1.795] | train_seen=2900
2026-05-27 15:05:53 | INFO | Epoch 31 | batch 1500/1829 | loss=1.0355 | giou=0.4190 | bbox=0.0371 | ce=0.0349 | aux_giou=0.0408 | aux_bbox=0.0051 | aux_ce=0.0019 | mask=1704 | aux_mask=2100 | pos=212 | targets=212 | preds=504 | centerness=[-6.162, 1.544] | train_seen=3000
2026-05-27 15:07:39 | INFO | Epoch 31 | batch 1550/1829 | loss=0.8156 | giou=0.3461 | bbox=0.0441 | ce=0.0397 | aux_giou=0.0000 | aux_bbox=0.0000 | aux_ce=0.0000 | mask=1605 | aux_mask=2270 | pos=261 | targets=261 | preds=480 | centerness=[-5.937, 1.496] | train_seen=3100
2026-05-27 15:09:26 | INFO | Epoch 31 | batch 1600/1829 | loss=0.6191 | giou=0.2858 | bbox=0.0233 | ce=0.0121 | aux_giou=0.0000 | aux_bbox=0.0000 | aux_ce=0.0000 | mask=1379 | aux_mask=1537 | pos=71 | targets=71 | preds=183 | centerness=[-5.939, 1.326] | train_seen=3200
2026-05-27 15:11:12 | INFO | Epoch 31 | batch 1650/1829 | loss=0.9634 | giou=0.4357 | bbox=0.0232 | ce=0.0343 | aux_giou=0.0000 | aux_bbox=0.0000 | aux_ce=0.0000 | mask=1585 | aux_mask=1913 | pos=674 | targets=674 | preds=787 | centerness=[-5.243, 1.769] | train_seen=3300
2026-05-27 15:12:58 | INFO | Epoch 31 | batch 1700/1829 | loss=0.7145 | giou=0.3134 | bbox=0.0498 | ce=0.0189 | aux_giou=0.0000 | aux_bbox=0.0000 | aux_ce=0.0000 | mask=918 | aux_mask=1532 | pos=66 | targets=66 | preds=144 | centerness=[-7.287, 1.035] | train_seen=3400
2026-05-27 15:14:45 | INFO | Epoch 31 | batch 1750/1829 | loss=1.0486 | giou=0.4314 | bbox=0.0194 | ce=0.0282 | aux_giou=0.0495 | aux_bbox=0.0061 | aux_ce=0.0023 | mask=1701 | aux_mask=1698 | pos=354 | targets=354 | preds=363 | centerness=[-5.191, 2.017] | train_seen=3500
2026-05-27 15:16:31 | INFO | Epoch 31 | batch 1800/1829 | loss=0.7215 | giou=0.3178 | bbox=0.0276 | ce=0.0292 | aux_giou=0.0000 | aux_bbox=0.0000 | aux_ce=0.0000 | mask=1780 | aux_mask=2020 | pos=304 | targets=304 | preds=616 | centerness=[-5.277, 2.533] | train_seen=3600
2026-05-27 15:37:08 | INFO | Epoch 31 | train_loss=0.781 | val_loss=0.945 | train_mae=96.606 | val_mae=44.946 | val_rmse=86.44 | test_mae=53.249 | test_rmse=134.59 | time=5066.015s
2026-05-27 15:38:54 | INFO | Epoch 32 | batch 50/1829 | loss=0.6382 | giou=0.2763 | bbox=0.0381 | ce=0.0237 | aux_giou=0.0000 | aux_bbox=0.0000 | aux_ce=0.0000 | mask=1308 | aux_mask=1752 | pos=146 | targets=146 | preds=437 | centerness=[-8.787, 1.078] | train_seen=100
2026-05-27 15:40:41 | INFO | Epoch 32 | batch 100/1829 | loss=0.9215 | giou=0.3934 | bbox=0.0343 | ce=0.0502 | aux_giou=0.0000 | aux_bbox=0.0000 | aux_ce=0.0000 | mask=2282 | aux_mask=2122 | pos=652 | targets=652 | preds=1560 | centerness=[-5.945, 1.286] | train_seen=200
2026-05-27 15:42:27 | INFO | Epoch 32 | batch 150/1829 | loss=1.2022 | giou=0.4642 | bbox=0.0228 | ce=0.0421 | aux_giou=0.0739 | aux_bbox=0.0039 | aux_ce=0.0076 | mask=1986 | aux_mask=2252 | pos=580 | targets=580 | preds=833 | centerness=[-5.016, 1.038] | train_seen=300
2026-05-27 15:44:13 | INFO | Epoch 32 | batch 200/1829 | loss=0.4634 | giou=0.2189 | bbox=0.0176 | ce=0.0040 | aux_giou=0.0000 | aux_bbox=0.0000 | aux_ce=0.0000 | mask=1186 | aux_mask=1225 | pos=48 | targets=48 | preds=65 | centerness=[-5.838, 1.360] | train_seen=400
2026-05-27 15:46:00 | INFO | Epoch 32 | batch 250/1829 | loss=0.9974 | giou=0.4308 | bbox=0.0215 | ce=0.0124 | aux_giou=0.0426 | aux_bbox=0.0027 | aux_ce=0.0007 | mask=1689 | aux_mask=2145 | pos=98 | targets=98 | preds=256 | centerness=[-5.097, 1.695] | train_seen=500
2026-05-27 15:47:46 | INFO | Epoch 32 | batch 300/1829 | loss=0.6502 | giou=0.2941 | bbox=0.0424 | ce=0.0098 | aux_giou=0.0000 | aux_bbox=0.0000 | aux_ce=0.0000 | mask=1326 | aux_mask=1595 | pos=56 | targets=56 | preds=119 | centerness=[-8.022, 1.031] | train_seen=600
2026-05-27 15:49:32 | INFO | Epoch 32 | batch 350/1829 | loss=0.7886 | giou=0.3596 | bbox=0.0299 | ce=0.0197 | aux_giou=0.0000 | aux_bbox=0.0000 | aux_ce=0.0000 | mask=1896 | aux_mask=1856 | pos=308 | targets=308 | preds=524 | centerness=[-4.813, 2.597] | train_seen=700
2026-05-27 15:51:19 | INFO | Epoch 32 | batch 400/1829 | loss=1.0800 | giou=0.4349 | bbox=0.0316 | ce=0.0339 | aux_giou=0.0493 | aux_bbox=0.0029 | aux_ce=0.0047 | mask=1967 | aux_mask=2048 | pos=354 | targets=354 | preds=756 | centerness=[-5.470, 1.714] | train_seen=800
2026-05-27 15:53:05 | INFO | Epoch 32 | batch 450/1829 | loss=0.9005 | giou=0.3881 | bbox=0.0440 | ce=0.0402 | aux_giou=0.0000 | aux_bbox=0.0000 | aux_ce=0.0000 | mask=1500 | aux_mask=1418 | pos=244 | targets=244 | preds=338 | centerness=[-5.611, 1.957] | train_seen=900
2026-05-27 15:54:51 | INFO | Epoch 32 | batch 500/1829 | loss=1.1007 | giou=0.4351 | bbox=0.0274 | ce=0.0373 | aux_giou=0.0576 | aux_bbox=0.0024 | aux_ce=0.0053 | mask=2002 | aux_mask=2186 | pos=475 | targets=475 | preds=830 | centerness=[-5.717, 0.893] | train_seen=1000
2026-05-27 15:56:38 | INFO | Epoch 32 | batch 550/1829 | loss=1.1413 | giou=0.4599 | bbox=0.0260 | ce=0.0517 | aux_giou=0.0432 | aux_bbox=0.0019 | aux_ce=0.0019 | mask=1542 | aux_mask=1802 | pos=316 | targets=316 | preds=248 | centerness=[-5.321, 1.182] | train_seen=1100
2026-05-27 15:58:24 | INFO | Epoch 32 | batch 600/1829 | loss=1.1963 | giou=0.4790 | bbox=0.0602 | ce=0.0361 | aux_giou=0.0443 | aux_bbox=0.0034 | aux_ce=0.0070 | mask=2652 | aux_mask=2385 | pos=1744 | targets=1744 | preds=1854 | centerness=[-7.431, 1.402] | train_seen=1200
2026-05-27 16:00:11 | INFO | Epoch 32 | batch 650/1829 | loss=0.7697 | giou=0.3448 | bbox=0.0345 | ce=0.0227 | aux_giou=0.0000 | aux_bbox=0.0000 | aux_ce=0.0000 | mask=2169 | aux_mask=2376 | pos=220 | targets=220 | preds=454 | centerness=[-5.413, 1.865] | train_seen=1300
2026-05-27 16:01:57 | INFO | Epoch 32 | batch 700/1829 | loss=0.7084 | giou=0.2964 | bbox=0.0363 | ce=0.0396 | aux_giou=0.0000 | aux_bbox=0.0000 | aux_ce=0.0000 | mask=1169 | aux_mask=1244 | pos=226 | targets=226 | preds=173 | centerness=[-6.540, 2.027] | train_seen=1400
2026-05-27 16:03:43 | INFO | Epoch 32 | batch 750/1829 | loss=1.0546 | giou=0.4443 | bbox=0.0189 | ce=0.0348 | aux_giou=0.0364 | aux_bbox=0.0014 | aux_ce=0.0016 | mask=2834 | aux_mask=2715 | pos=292 | targets=292 | preds=1818 | centerness=[-3.914, 1.282] | train_seen=1500
2026-05-27 16:05:29 | INFO | Epoch 32 | batch 800/1829 | loss=0.7343 | giou=0.3306 | bbox=0.0346 | ce=0.0193 | aux_giou=0.0000 | aux_bbox=0.0000 | aux_ce=0.0000 | mask=1415 | aux_mask=1407 | pos=157 | targets=157 | preds=251 | centerness=[-6.364, 1.623] | train_seen=1600
2026-05-27 16:07:16 | INFO | Epoch 32 | batch 850/1829 | loss=0.7422 | giou=0.3239 | bbox=0.0363 | ce=0.0290 | aux_giou=0.0000 | aux_bbox=0.0000 | aux_ce=0.0000 | mask=1291 | aux_mask=1696 | pos=96 | targets=96 | preds=158 | centerness=[-6.812, 1.745] | train_seen=1700
2026-05-27 16:09:02 | INFO | Epoch 32 | batch 900/1829 | loss=0.5823 | giou=0.2660 | bbox=0.0298 | ce=0.0103 | aux_giou=0.0000 | aux_bbox=0.0000 | aux_ce=0.0000 | mask=1421 | aux_mask=1704 | pos=194 | targets=194 | preds=224 | centerness=[-6.024, 1.469] | train_seen=1800
2026-05-27 16:10:49 | INFO | Epoch 32 | batch 950/1829 | loss=0.7818 | giou=0.3229 | bbox=0.0341 | ce=0.0191 | aux_giou=0.0295 | aux_bbox=0.0010 | aux_ce=0.0018 | mask=1488 | aux_mask=2095 | pos=84 | targets=84 | preds=141 | centerness=[-9.152, 1.792] | train_seen=1900
2026-05-27 16:12:35 | INFO | Epoch 32 | batch 1000/1829 | loss=0.8723 | giou=0.3489 | bbox=0.0144 | ce=0.0124 | aux_giou=0.0636 | aux_bbox=0.0029 | aux_ce=0.0026 | mask=1336 | aux_mask=1672 | pos=148 | targets=148 | preds=175 | centerness=[-5.623, 2.137] | train_seen=2000
2026-05-27 16:14:21 | INFO | Epoch 32 | batch 1050/1829 | loss=0.7813 | giou=0.3518 | bbox=0.0299 | ce=0.0239 | aux_giou=0.0000 | aux_bbox=0.0000 | aux_ce=0.0000 | mask=1500 | aux_mask=2027 | pos=144 | targets=144 | preds=471 | centerness=[-5.670, 1.246] | train_seen=2100
2026-05-27 16:16:08 | INFO | Epoch 32 | batch 1100/1829 | loss=0.7644 | giou=0.3575 | bbox=0.0266 | ce=0.0115 | aux_giou=0.0000 | aux_bbox=0.0000 | aux_ce=0.0000 | mask=1141 | aux_mask=1518 | pos=37 | targets=37 | preds=161 | centerness=[-4.940, 0.881] | train_seen=2200
2026-05-27 16:17:54 | INFO | Epoch 32 | batch 1150/1829 | loss=1.0051 | giou=0.4163 | bbox=0.0342 | ce=0.0275 | aux_giou=0.0377 | aux_bbox=0.0015 | aux_ce=0.0032 | mask=2428 | aux_mask=2638 | pos=128 | targets=128 | preds=1122 | centerness=[-6.636, 1.731] | train_seen=2300
2026-05-27 16:19:40 | INFO | Epoch 32 | batch 1200/1829 | loss=0.8894 | giou=0.3688 | bbox=0.0257 | ce=0.0263 | aux_giou=0.0337 | aux_bbox=0.0013 | aux_ce=0.0025 | mask=1893 | aux_mask=1940 | pos=446 | targets=446 | preds=561 | centerness=[-6.750, 1.895] | train_seen=2400
2026-05-27 16:21:27 | INFO | Epoch 32 | batch 1250/1829 | loss=0.6631 | giou=0.2844 | bbox=0.0311 | ce=0.0317 | aux_giou=0.0000 | aux_bbox=0.0000 | aux_ce=0.0000 | mask=1675 | aux_mask=1836 | pos=196 | targets=196 | preds=241 | centerness=[-5.448, 2.500] | train_seen=2500
2026-05-27 16:23:14 | INFO | Epoch 32 | batch 1300/1829 | loss=0.9471 | giou=0.4223 | bbox=0.0213 | ce=0.0406 | aux_giou=0.0000 | aux_bbox=0.0000 | aux_ce=0.0000 | mask=1853 | aux_mask=1507 | pos=160 | targets=160 | preds=931 | centerness=[-4.192, 1.782] | train_seen=2600
2026-05-27 16:25:00 | INFO | Epoch 32 | batch 1350/1829 | loss=0.3953 | giou=0.1807 | bbox=0.0215 | ce=0.0062 | aux_giou=0.0000 | aux_bbox=0.0000 | aux_ce=0.0000 | mask=1429 | aux_mask=2036 | pos=80 | targets=80 | preds=104 | centerness=[-5.738, 1.275] | train_seen=2700
2026-05-27 16:26:46 | INFO | Epoch 32 | batch 1400/1829 | loss=0.6924 | giou=0.3261 | bbox=0.0224 | ce=0.0089 | aux_giou=0.0000 | aux_bbox=0.0000 | aux_ce=0.0000 | mask=1396 | aux_mask=1831 | pos=70 | targets=70 | preds=152 | centerness=[-6.361, 1.072] | train_seen=2800
2026-05-27 16:28:32 | INFO | Epoch 32 | batch 1450/1829 | loss=1.0525 | giou=0.4597 | bbox=0.0335 | ce=0.0498 | aux_giou=0.0000 | aux_bbox=0.0000 | aux_ce=0.0000 | mask=2146 | aux_mask=2273 | pos=592 | targets=592 | preds=775 | centerness=[-4.637, 1.926] | train_seen=2900
2026-05-27 16:30:19 | INFO | Epoch 32 | batch 1500/1829 | loss=0.6763 | giou=0.3020 | bbox=0.0372 | ce=0.0175 | aux_giou=0.0000 | aux_bbox=0.0000 | aux_ce=0.0000 | mask=1136 | aux_mask=1353 | pos=141 | targets=141 | preds=156 | centerness=[-5.894, 1.767] | train_seen=3000
2026-05-27 16:32:05 | INFO | Epoch 32 | batch 1550/1829 | loss=0.7675 | giou=0.3095 | bbox=0.0369 | ce=0.0215 | aux_giou=0.0294 | aux_bbox=0.0034 | aux_ce=0.0032 | mask=1498 | aux_mask=1672 | pos=119 | targets=119 | preds=473 | centerness=[-6.332, 0.542] | train_seen=3100
2026-05-27 16:33:51 | INFO | Epoch 32 | batch 1600/1829 | loss=0.8850 | giou=0.3984 | bbox=0.0286 | ce=0.0298 | aux_giou=0.0000 | aux_bbox=0.0000 | aux_ce=0.0000 | mask=1543 | aux_mask=1933 | pos=228 | targets=228 | preds=603 | centerness=[-6.563, 1.762] | train_seen=3200
2026-05-27 16:35:38 | INFO | Epoch 32 | batch 1650/1829 | loss=0.6573 | giou=0.2852 | bbox=0.0258 | ce=0.0306 | aux_giou=0.0000 | aux_bbox=0.0000 | aux_ce=0.0000 | mask=1173 | aux_mask=1505 | pos=156 | targets=156 | preds=243 | centerness=[-4.848, 1.515] | train_seen=3300
2026-05-27 16:37:24 | INFO | Epoch 32 | batch 1700/1829 | loss=0.5588 | giou=0.2475 | bbox=0.0256 | ce=0.0191 | aux_giou=0.0000 | aux_bbox=0.0000 | aux_ce=0.0000 | mask=1381 | aux_mask=1717 | pos=88 | targets=88 | preds=193 | centerness=[-5.551, 1.552] | train_seen=3400
2026-05-27 16:39:10 | INFO | Epoch 32 | batch 1750/1829 | loss=0.5683 | giou=0.2442 | bbox=0.0457 | ce=0.0170 | aux_giou=0.0000 | aux_bbox=0.0000 | aux_ce=0.0000 | mask=1099 | aux_mask=1300 | pos=62 | targets=62 | preds=155 | centerness=[-9.753, 2.003] | train_seen=3500
2026-05-27 16:40:56 | INFO | Epoch 32 | batch 1800/1829 | loss=0.8539 | giou=0.3848 | bbox=0.0412 | ce=0.0215 | aux_giou=0.0000 | aux_bbox=0.0000 | aux_ce=0.0000 | mask=1869 | aux_mask=1935 | pos=215 | targets=215 | preds=598 | centerness=[-5.465, 1.550] | train_seen=3600
2026-05-27 17:01:34 | INFO | Epoch 32 | train_loss=0.780 | val_loss=0.947 | train_mae=95.070 | val_mae=41.225 | val_rmse=78.72 | test_mae=48.038 | test_rmse=125.16 | time=5063.045s | best_rmse
2026-05-27 17:03:20 | INFO | Epoch 33 | batch 50/1829 | loss=0.8971 | giou=0.3685 | bbox=0.0363 | ce=0.0250 | aux_giou=0.0320 | aux_bbox=0.0012 | aux_ce=0.0042 | mask=1423 | aux_mask=1628 | pos=484 | targets=484 | preds=601 | centerness=[-6.816, 1.029] | train_seen=100
2026-05-27 17:05:07 | INFO | Epoch 33 | batch 100/1829 | loss=0.7586 | giou=0.3323 | bbox=0.0309 | ce=0.0315 | aux_giou=0.0000 | aux_bbox=0.0000 | aux_ce=0.0000 | mask=1745 | aux_mask=1799 | pos=332 | targets=332 | preds=424 | centerness=[-4.705, 1.652] | train_seen=200
2026-05-27 17:06:53 | INFO | Epoch 33 | batch 150/1829 | loss=0.4822 | giou=0.2181 | bbox=0.0193 | ce=0.0134 | aux_giou=0.0000 | aux_bbox=0.0000 | aux_ce=0.0000 | mask=884 | aux_mask=1405 | pos=81 | targets=81 | preds=95 | centerness=[-6.230, 1.375] | train_seen=300
2026-05-27 17:08:39 | INFO | Epoch 33 | batch 200/1829 | loss=0.9491 | giou=0.3957 | bbox=0.0316 | ce=0.0213 | aux_giou=0.0383 | aux_bbox=0.0015 | aux_ce=0.0026 | mask=1323 | aux_mask=1329 | pos=54 | targets=54 | preds=360 | centerness=[-6.627, 1.982] | train_seen=400
2026-05-27 17:10:25 | INFO | Epoch 33 | batch 250/1829 | loss=0.4574 | giou=0.2156 | bbox=0.0173 | ce=0.0045 | aux_giou=0.0000 | aux_bbox=0.0000 | aux_ce=0.0000 | mask=1217 | aux_mask=1645 | pos=69 | targets=69 | preds=75 | centerness=[-8.424, 2.018] | train_seen=500
2026-05-27 17:12:11 | INFO | Epoch 33 | batch 300/1829 | loss=0.5945 | giou=0.2664 | bbox=0.0317 | ce=0.0150 | aux_giou=0.0000 | aux_bbox=0.0000 | aux_ce=0.0000 | mask=934 | aux_mask=1015 | pos=106 | targets=106 | preds=117 | centerness=[-6.190, 1.839] | train_seen=600
2026-05-27 17:13:57 | INFO | Epoch 33 | batch 350/1829 | loss=1.2764 | giou=0.5445 | bbox=0.0370 | ce=0.0193 | aux_giou=0.0532 | aux_bbox=0.0016 | aux_ce=0.0019 | mask=1814 | aux_mask=1878 | pos=154 | targets=154 | preds=577 | centerness=[-4.926, 2.075] | train_seen=700
2026-05-27 17:15:43 | INFO | Epoch 33 | batch 400/1829 | loss=0.8511 | giou=0.3701 | bbox=0.0337 | ce=0.0386 | aux_giou=0.0000 | aux_bbox=0.0000 | aux_ce=0.0000 | mask=2067 | aux_mask=2279 | pos=1120 | targets=1120 | preds=1635 | centerness=[-6.342, 1.776] | train_seen=800
2026-05-27 17:17:30 | INFO | Epoch 33 | batch 450/1829 | loss=0.4428 | giou=0.1963 | bbox=0.0391 | ce=0.0055 | aux_giou=0.0000 | aux_bbox=0.0000 | aux_ce=0.0000 | mask=907 | aux_mask=1596 | pos=20 | targets=20 | preds=40 | centerness=[-9.100, 0.798] | train_seen=900
2026-05-27 17:19:16 | INFO | Epoch 33 | batch 500/1829 | loss=0.8220 | giou=0.3618 | bbox=0.0759 | ce=0.0113 | aux_giou=0.0000 | aux_bbox=0.0000 | aux_ce=0.0000 | mask=1428 | aux_mask=1738 | pos=44 | targets=44 | preds=119 | centerness=[-8.460, 0.886] | train_seen=1000
2026-05-27 17:21:02 | INFO | Epoch 33 | batch 550/1829 | loss=0.6110 | giou=0.2689 | bbox=0.0356 | ce=0.0188 | aux_giou=0.0000 | aux_bbox=0.0000 | aux_ce=0.0000 | mask=957 | aux_mask=1051 | pos=73 | targets=73 | preds=184 | centerness=[-6.652, 1.688] | train_seen=1100
2026-05-27 17:22:48 | INFO | Epoch 33 | batch 600/1829 | loss=0.5981 | giou=0.2692 | bbox=0.0217 | ce=0.0190 | aux_giou=0.0000 | aux_bbox=0.0000 | aux_ce=0.0000 | mask=2124 | aux_mask=2289 | pos=161 | targets=161 | preds=454 | centerness=[-6.730, 1.218] | train_seen=1200
2026-05-27 17:24:35 | INFO | Epoch 33 | batch 650/1829 | loss=0.7469 | giou=0.3259 | bbox=0.0449 | ce=0.0251 | aux_giou=0.0000 | aux_bbox=0.0000 | aux_ce=0.0000 | mask=1115 | aux_mask=1470 | pos=103 | targets=103 | preds=207 | centerness=[-7.894, 1.432] | train_seen=1300
2026-05-27 17:26:21 | INFO | Epoch 33 | batch 700/1829 | loss=0.9290 | giou=0.4119 | bbox=0.0426 | ce=0.0313 | aux_giou=0.0000 | aux_bbox=0.0000 | aux_ce=0.0000 | mask=1383 | aux_mask=1367 | pos=227 | targets=227 | preds=379 | centerness=[-6.930, 1.756] | train_seen=1400
2026-05-27 17:28:07 | INFO | Epoch 33 | batch 750/1829 | loss=1.0809 | giou=0.4963 | bbox=0.0426 | ce=0.0228 | aux_giou=0.0000 | aux_bbox=0.0000 | aux_ce=0.0000 | mask=1867 | aux_mask=2127 | pos=136 | targets=136 | preds=345 | centerness=[-5.295, 0.653] | train_seen=1500
2026-05-27 17:29:54 | INFO | Epoch 33 | batch 800/1829 | loss=0.8866 | giou=0.3877 | bbox=0.0330 | ce=0.0391 | aux_giou=0.0000 | aux_bbox=0.0000 | aux_ce=0.0000 | mask=1867 | aux_mask=1963 | pos=510 | targets=510 | preds=531 | centerness=[-4.994, 2.080] | train_seen=1600
2026-05-27 17:31:40 | INFO | Epoch 33 | batch 850/1829 | loss=0.8937 | giou=0.3661 | bbox=0.0381 | ce=0.0216 | aux_giou=0.0358 | aux_bbox=0.0042 | aux_ce=0.0022 | mask=1430 | aux_mask=2065 | pos=209 | targets=209 | preds=271 | centerness=[-8.172, 1.467] | train_seen=1700
2026-05-27 17:33:27 | INFO | Epoch 33 | batch 900/1829 | loss=0.6088 | giou=0.2759 | bbox=0.0190 | ce=0.0190 | aux_giou=0.0000 | aux_bbox=0.0000 | aux_ce=0.0000 | mask=1921 | aux_mask=2327 | pos=84 | targets=84 | preds=454 | centerness=[-6.873, 1.936] | train_seen=1800
2026-05-27 17:35:13 | INFO | Epoch 33 | batch 950/1829 | loss=0.5634 | giou=0.2326 | bbox=0.0656 | ce=0.0163 | aux_giou=0.0000 | aux_bbox=0.0000 | aux_ce=0.0000 | mask=1130 | aux_mask=2157 | pos=71 | targets=71 | preds=73 | centerness=[-8.963, 1.085] | train_seen=1900
2026-05-27 17:36:59 | INFO | Epoch 33 | batch 1000/1829 | loss=0.7149 | giou=0.3269 | bbox=0.0357 | ce=0.0127 | aux_giou=0.0000 | aux_bbox=0.0000 | aux_ce=0.0000 | mask=1207 | aux_mask=1097 | pos=62 | targets=62 | preds=119 | centerness=[-5.954, 1.444] | train_seen=2000
2026-05-27 17:38:45 | INFO | Epoch 33 | batch 1050/1829 | loss=0.6565 | giou=0.2695 | bbox=0.0351 | ce=0.0412 | aux_giou=0.0000 | aux_bbox=0.0000 | aux_ce=0.0000 | mask=1638 | aux_mask=2332 | pos=476 | targets=476 | preds=595 | centerness=[-6.668, 1.253] | train_seen=2100
2026-05-27 17:40:32 | INFO | Epoch 33 | batch 1100/1829 | loss=0.7060 | giou=0.3124 | bbox=0.0401 | ce=0.0205 | aux_giou=0.0000 | aux_bbox=0.0000 | aux_ce=0.0000 | mask=1515 | aux_mask=2025 | pos=47 | targets=47 | preds=588 | centerness=[-6.882, 0.789] | train_seen=2200
2026-05-27 17:42:18 | INFO | Epoch 33 | batch 1150/1829 | loss=0.7737 | giou=0.3396 | bbox=0.0435 | ce=0.0256 | aux_giou=0.0000 | aux_bbox=0.0000 | aux_ce=0.0000 | mask=1582 | aux_mask=2018 | pos=232 | targets=232 | preds=205 | centerness=[-5.671, 2.225] | train_seen=2300
2026-05-27 17:44:04 | INFO | Epoch 33 | batch 1200/1829 | loss=0.8140 | giou=0.3501 | bbox=0.0184 | ce=0.0146 | aux_giou=0.0321 | aux_bbox=0.0012 | aux_ce=0.0004 | mask=1332 | aux_mask=1855 | pos=105 | targets=105 | preds=268 | centerness=[-4.940, 1.682] | train_seen=2400
2026-05-27 17:45:51 | INFO | Epoch 33 | batch 1250/1829 | loss=0.6743 | giou=0.3035 | bbox=0.0383 | ce=0.0144 | aux_giou=0.0000 | aux_bbox=0.0000 | aux_ce=0.0000 | mask=1310 | aux_mask=1691 | pos=50 | targets=50 | preds=264 | centerness=[-5.121, 0.955] | train_seen=2500
2026-05-27 17:47:37 | INFO | Epoch 33 | batch 1300/1829 | loss=0.4203 | giou=0.1969 | bbox=0.0140 | ce=0.0062 | aux_giou=0.0000 | aux_bbox=0.0000 | aux_ce=0.0000 | mask=938 | aux_mask=1420 | pos=48 | targets=48 | preds=53 | centerness=[-7.291, 1.546] | train_seen=2600
2026-05-27 17:49:23 | INFO | Epoch 33 | batch 1350/1829 | loss=0.8318 | giou=0.3687 | bbox=0.0339 | ce=0.0302 | aux_giou=0.0000 | aux_bbox=0.0000 | aux_ce=0.0000 | mask=1235 | aux_mask=1520 | pos=56 | targets=56 | preds=292 | centerness=[-7.325, 1.523] | train_seen=2700
2026-05-27 17:51:10 | INFO | Epoch 33 | batch 1400/1829 | loss=0.6227 | giou=0.3010 | bbox=0.0131 | ce=0.0038 | aux_giou=0.0000 | aux_bbox=0.0000 | aux_ce=0.0000 | mask=1020 | aux_mask=1437 | pos=81 | targets=81 | preds=87 | centerness=[-6.353, 2.073] | train_seen=2800
2026-05-27 17:52:56 | INFO | Epoch 33 | batch 1450/1829 | loss=0.7684 | giou=0.3521 | bbox=0.0332 | ce=0.0155 | aux_giou=0.0000 | aux_bbox=0.0000 | aux_ce=0.0000 | mask=1285 | aux_mask=1515 | pos=57 | targets=57 | preds=224 | centerness=[-6.317, 1.125] | train_seen=2900
2026-05-27 17:54:42 | INFO | Epoch 33 | batch 1500/1829 | loss=1.0963 | giou=0.4456 | bbox=0.0265 | ce=0.0473 | aux_giou=0.0369 | aux_bbox=0.0016 | aux_ce=0.0042 | mask=1531 | aux_mask=1761 | pos=572 | targets=572 | preds=812 | centerness=[-4.337, 1.619] | train_seen=3000
2026-05-27 17:56:29 | INFO | Epoch 33 | batch 1550/1829 | loss=0.7842 | giou=0.3323 | bbox=0.0273 | ce=0.0111 | aux_giou=0.0331 | aux_bbox=0.0016 | aux_ce=0.0012 | mask=1981 | aux_mask=2196 | pos=134 | targets=134 | preds=226 | centerness=[-4.526, 2.297] | train_seen=3100
2026-05-27 17:58:15 | INFO | Epoch 33 | batch 1600/1829 | loss=0.8226 | giou=0.3577 | bbox=0.0221 | ce=0.0426 | aux_giou=0.0000 | aux_bbox=0.0000 | aux_ce=0.0000 | mask=1791 | aux_mask=2205 | pos=485 | targets=485 | preds=780 | centerness=[-4.157, 1.865] | train_seen=3200
2026-05-27 18:00:01 | INFO | Epoch 33 | batch 1650/1829 | loss=0.4976 | giou=0.2158 | bbox=0.0277 | ce=0.0192 | aux_giou=0.0000 | aux_bbox=0.0000 | aux_ce=0.0000 | mask=990 | aux_mask=1511 | pos=58 | targets=58 | preds=120 | centerness=[-6.005, 1.380] | train_seen=3300
2026-05-27 18:01:48 | INFO | Epoch 33 | batch 1700/1829 | loss=0.6838 | giou=0.3086 | bbox=0.0259 | ce=0.0204 | aux_giou=0.0000 | aux_bbox=0.0000 | aux_ce=0.0000 | mask=1352 | aux_mask=1568 | pos=102 | targets=102 | preds=318 | centerness=[-5.271, 0.963] | train_seen=3400
2026-05-27 18:03:34 | INFO | Epoch 33 | batch 1750/1829 | loss=0.7756 | giou=0.3433 | bbox=0.0153 | ce=0.0052 | aux_giou=0.0301 | aux_bbox=0.0010 | aux_ce=0.0011 | mask=1237 | aux_mask=1730 | pos=93 | targets=93 | preds=115 | centerness=[-5.096, 1.582] | train_seen=3500
2026-05-27 18:05:20 | INFO | Epoch 33 | batch 1800/1829 | loss=0.5482 | giou=0.2380 | bbox=0.0402 | ce=0.0160 | aux_giou=0.0000 | aux_bbox=0.0000 | aux_ce=0.0000 | mask=807 | aux_mask=1117 | pos=29 | targets=29 | preds=212 | centerness=[-8.752, 0.171] | train_seen=3600
2026-05-27 18:26:01 | INFO | Epoch 33 | train_loss=0.780 | val_loss=0.949 | train_mae=90.342 | val_mae=44.376 | val_rmse=83.57 | test_mae=53.236 | test_rmse=132.85 | time=5066.517s
2026-05-27 18:27:50 | INFO | Epoch 34 | batch 50/1829 | loss=0.8458 | giou=0.3506 | bbox=0.0339 | ce=0.0229 | aux_giou=0.0281 | aux_bbox=0.0033 | aux_ce=0.0027 | mask=893 | aux_mask=1343 | pos=85 | targets=85 | preds=170 | centerness=[-7.046, 0.528] | train_seen=100
2026-05-27 18:29:36 | INFO | Epoch 34 | batch 100/1829 | loss=0.9625 | giou=0.4002 | bbox=0.0208 | ce=0.0269 | aux_giou=0.0375 | aux_bbox=0.0026 | aux_ce=0.0050 | mask=2188 | aux_mask=2292 | pos=342 | targets=342 | preds=723 | centerness=[-5.530, 1.685] | train_seen=200
2026-05-27 18:31:23 | INFO | Epoch 34 | batch 150/1829 | loss=0.9472 | giou=0.3871 | bbox=0.0315 | ce=0.0258 | aux_giou=0.0408 | aux_bbox=0.0026 | aux_ce=0.0029 | mask=1745 | aux_mask=2035 | pos=515 | targets=515 | preds=526 | centerness=[-7.590, 1.711] | train_seen=300
2026-05-27 18:33:09 | INFO | Epoch 34 | batch 200/1829 | loss=0.9152 | giou=0.3838 | bbox=0.0493 | ce=0.0491 | aux_giou=0.0000 | aux_bbox=0.0000 | aux_ce=0.0000 | mask=1864 | aux_mask=2323 | pos=459 | targets=459 | preds=928 | centerness=[-4.653, 1.189] | train_seen=400
2026-05-27 18:34:55 | INFO | Epoch 34 | batch 250/1829 | loss=0.6361 | giou=0.2928 | bbox=0.0296 | ce=0.0105 | aux_giou=0.0000 | aux_bbox=0.0000 | aux_ce=0.0000 | mask=1330 | aux_mask=1443 | pos=91 | targets=91 | preds=150 | centerness=[-6.338, 1.966] | train_seen=500
2026-05-27 18:36:42 | INFO | Epoch 34 | batch 300/1829 | loss=0.6904 | giou=0.3160 | bbox=0.0334 | ce=0.0125 | aux_giou=0.0000 | aux_bbox=0.0000 | aux_ce=0.0000 | mask=981 | aux_mask=1566 | pos=24 | targets=24 | preds=119 | centerness=[-7.875, 1.058] | train_seen=600
2026-05-27 18:38:28 | INFO | Epoch 34 | batch 350/1829 | loss=1.3915 | giou=0.4980 | bbox=0.0445 | ce=0.1129 | aux_giou=0.0536 | aux_bbox=0.0028 | aux_ce=0.0076 | mask=2464 | aux_mask=2587 | pos=780 | targets=780 | preds=990 | centerness=[-5.562, 0.708] | train_seen=700
2026-05-27 18:40:14 | INFO | Epoch 34 | batch 400/1829 | loss=0.9364 | giou=0.4095 | bbox=0.0367 | ce=0.0404 | aux_giou=0.0000 | aux_bbox=0.0000 | aux_ce=0.0000 | mask=1539 | aux_mask=1607 | pos=283 | targets=283 | preds=658 | centerness=[-7.670, 1.555] | train_seen=800
2026-05-27 18:42:00 | INFO | Epoch 34 | batch 450/1829 | loss=0.8535 | giou=0.3489 | bbox=0.0460 | ce=0.0217 | aux_giou=0.0295 | aux_bbox=0.0030 | aux_ce=0.0022 | mask=1302 | aux_mask=1809 | pos=100 | targets=100 | preds=305 | centerness=[-13.754, 1.876] | train_seen=900
2026-05-27 18:43:47 | INFO | Epoch 34 | batch 500/1829 | loss=0.7479 | giou=0.3143 | bbox=0.0306 | ce=0.0444 | aux_giou=0.0000 | aux_bbox=0.0000 | aux_ce=0.0000 | mask=1472 | aux_mask=1397 | pos=508 | targets=508 | preds=389 | centerness=[-7.755, 2.744] | train_seen=1000
2026-05-27 18:45:33 | INFO | Epoch 34 | batch 550/1829 | loss=1.0593 | giou=0.4423 | bbox=0.0267 | ce=0.0300 | aux_giou=0.0390 | aux_bbox=0.0017 | aux_ce=0.0041 | mask=2851 | aux_mask=2942 | pos=244 | targets=244 | preds=1980 | centerness=[-5.452, 0.893] | train_seen=1100
2026-05-27 18:47:19 | INFO | Epoch 34 | batch 600/1829 | loss=0.8055 | giou=0.3619 | bbox=0.0545 | ce=0.0136 | aux_giou=0.0000 | aux_bbox=0.0000 | aux_ce=0.0000 | mask=1461 | aux_mask=2087 | pos=65 | targets=65 | preds=102 | centerness=[-7.207, 1.797] | train_seen=1200
2026-05-27 18:49:05 | INFO | Epoch 34 | batch 650/1829 | loss=0.7466 | giou=0.3227 | bbox=0.0289 | ce=0.0361 | aux_giou=0.0000 | aux_bbox=0.0000 | aux_ce=0.0000 | mask=1369 | aux_mask=1527 | pos=327 | targets=327 | preds=338 | centerness=[-5.509, 2.107] | train_seen=1300
2026-05-27 18:50:52 | INFO | Epoch 34 | batch 700/1829 | loss=0.7027 | giou=0.3006 | bbox=0.0492 | ce=0.0262 | aux_giou=0.0000 | aux_bbox=0.0000 | aux_ce=0.0000 | mask=974 | aux_mask=1076 | pos=80 | targets=80 | preds=219 | centerness=[-8.099, 1.224] | train_seen=1400
2026-05-27 18:52:38 | INFO | Epoch 34 | batch 750/1829 | loss=0.8153 | giou=0.3722 | bbox=0.0225 | ce=0.0242 | aux_giou=0.0000 | aux_bbox=0.0000 | aux_ce=0.0000 | mask=1847 | aux_mask=2790 | pos=396 | targets=396 | preds=464 | centerness=[-4.784, 1.865] | train_seen=1500
2026-05-27 18:54:24 | INFO | Epoch 34 | batch 800/1829 | loss=0.7984 | giou=0.3711 | bbox=0.0337 | ce=0.0113 | aux_giou=0.0000 | aux_bbox=0.0000 | aux_ce=0.0000 | mask=1699 | aux_mask=2010 | pos=53 | targets=53 | preds=332 | centerness=[-5.067, 1.133] | train_seen=1600
2026-05-27 18:56:11 | INFO | Epoch 34 | batch 850/1829 | loss=0.6920 | giou=0.3039 | bbox=0.0415 | ce=0.0213 | aux_giou=0.0000 | aux_bbox=0.0000 | aux_ce=0.0000 | mask=1352 | aux_mask=1951 | pos=72 | targets=72 | preds=133 | centerness=[-8.738, 1.695] | train_seen=1700
2026-05-27 18:57:57 | INFO | Epoch 34 | batch 900/1829 | loss=0.7404 | giou=0.3353 | bbox=0.0389 | ce=0.0155 | aux_giou=0.0000 | aux_bbox=0.0000 | aux_ce=0.0000 | mask=1410 | aux_mask=1883 | pos=48 | targets=48 | preds=245 | centerness=[-8.814, 0.692] | train_seen=1800
2026-05-27 18:59:43 | INFO | Epoch 34 | batch 950/1829 | loss=0.4615 | giou=0.2013 | bbox=0.0283 | ce=0.0153 | aux_giou=0.0000 | aux_bbox=0.0000 | aux_ce=0.0000 | mask=1071 | aux_mask=1592 | pos=38 | targets=38 | preds=172 | centerness=[-6.391, 0.588] | train_seen=1900
2026-05-27 19:01:29 | INFO | Epoch 34 | batch 1000/1829 | loss=0.7972 | giou=0.3683 | bbox=0.0322 | ce=0.0143 | aux_giou=0.0000 | aux_bbox=0.0000 | aux_ce=0.0000 | mask=1307 | aux_mask=1452 | pos=150 | targets=150 | preds=172 | centerness=[-5.453, 2.415] | train_seen=2000
2026-05-27 19:03:16 | INFO | Epoch 34 | batch 1050/1829 | loss=0.7938 | giou=0.3668 | bbox=0.0326 | ce=0.0139 | aux_giou=0.0000 | aux_bbox=0.0000 | aux_ce=0.0000 | mask=1073 | aux_mask=1470 | pos=38 | targets=38 | preds=145 | centerness=[-6.121, 1.433] | train_seen=2100
2026-05-27 19:05:02 | INFO | Epoch 34 | batch 1100/1829 | loss=0.5962 | giou=0.2720 | bbox=0.0254 | ce=0.0134 | aux_giou=0.0000 | aux_bbox=0.0000 | aux_ce=0.0000 | mask=1362 | aux_mask=1529 | pos=111 | targets=111 | preds=238 | centerness=[-5.956, 1.563] | train_seen=2200
2026-05-27 19:06:48 | INFO | Epoch 34 | batch 1150/1829 | loss=1.1574 | giou=0.4401 | bbox=0.0244 | ce=0.0344 | aux_giou=0.0838 | aux_bbox=0.0048 | aux_ce=0.0059 | mask=2213 | aux_mask=2381 | pos=272 | targets=272 | preds=932 | centerness=[-6.256, 0.682] | train_seen=2300
2026-05-27 19:08:35 | INFO | Epoch 34 | batch 1200/1829 | loss=0.7232 | giou=0.3194 | bbox=0.0290 | ce=0.0277 | aux_giou=0.0000 | aux_bbox=0.0000 | aux_ce=0.0000 | mask=1227 | aux_mask=1522 | pos=242 | targets=242 | preds=263 | centerness=[-5.892, 1.921] | train_seen=2400
2026-05-27 19:10:21 | INFO | Epoch 34 | batch 1250/1829 | loss=1.0633 | giou=0.4291 | bbox=0.0318 | ce=0.0504 | aux_giou=0.0310 | aux_bbox=0.0025 | aux_ce=0.0040 | mask=1609 | aux_mask=1903 | pos=340 | targets=340 | preds=542 | centerness=[-5.794, 0.861] | train_seen=2500
2026-05-27 19:12:07 | INFO | Epoch 34 | batch 1300/1829 | loss=0.6660 | giou=0.2991 | bbox=0.0430 | ce=0.0124 | aux_giou=0.0000 | aux_bbox=0.0000 | aux_ce=0.0000 | mask=869 | aux_mask=1339 | pos=45 | targets=45 | preds=84 | centerness=[-7.083, 1.304] | train_seen=2600
2026-05-27 19:13:53 | INFO | Epoch 34 | batch 1350/1829 | loss=0.7493 | giou=0.3235 | bbox=0.0415 | ce=0.0304 | aux_giou=0.0000 | aux_bbox=0.0000 | aux_ce=0.0000 | mask=1462 | aux_mask=1900 | pos=250 | targets=250 | preds=482 | centerness=[-8.372, 0.736] | train_seen=2700
2026-05-27 19:15:39 | INFO | Epoch 34 | batch 1400/1829 | loss=0.6429 | giou=0.2869 | bbox=0.0509 | ce=0.0090 | aux_giou=0.0000 | aux_bbox=0.0000 | aux_ce=0.0000 | mask=1086 | aux_mask=1393 | pos=40 | targets=40 | preds=122 | centerness=[-10.724, 1.275] | train_seen=2800
2026-05-27 19:17:25 | INFO | Epoch 34 | batch 1450/1829 | loss=0.7470 | giou=0.3231 | bbox=0.0123 | ce=0.0137 | aux_giou=0.0290 | aux_bbox=0.0010 | aux_ce=0.0011 | mask=1753 | aux_mask=2199 | pos=409 | targets=409 | preds=481 | centerness=[-5.150, 1.966] | train_seen=2900
2026-05-27 19:19:12 | INFO | Epoch 34 | batch 1500/1829 | loss=0.9586 | giou=0.4439 | bbox=0.0198 | ce=0.0254 | aux_giou=0.0000 | aux_bbox=0.0000 | aux_ce=0.0000 | mask=2043 | aux_mask=2073 | pos=166 | targets=166 | preds=632 | centerness=[-4.802, 1.327] | train_seen=3000
2026-05-27 19:20:58 | INFO | Epoch 34 | batch 1550/1829 | loss=0.7287 | giou=0.3368 | bbox=0.0374 | ce=0.0089 | aux_giou=0.0000 | aux_bbox=0.0000 | aux_ce=0.0000 | mask=1396 | aux_mask=1817 | pos=47 | targets=47 | preds=144 | centerness=[-9.548, 0.835] | train_seen=3100
2026-05-27 19:22:44 | INFO | Epoch 34 | batch 1600/1829 | loss=0.5625 | giou=0.2570 | bbox=0.0201 | ce=0.0142 | aux_giou=0.0000 | aux_bbox=0.0000 | aux_ce=0.0000 | mask=1122 | aux_mask=1344 | pos=88 | targets=88 | preds=231 | centerness=[-6.529, 1.452] | train_seen=3200
2026-05-27 19:24:31 | INFO | Epoch 34 | batch 1650/1829 | loss=0.9107 | giou=0.3725 | bbox=0.0178 | ce=0.0367 | aux_giou=0.0323 | aux_bbox=0.0011 | aux_ce=0.0043 | mask=2475 | aux_mask=2462 | pos=516 | targets=516 | preds=1289 | centerness=[-4.724, 0.977] | train_seen=3300
2026-05-27 19:26:17 | INFO | Epoch 34 | batch 1700/1829 | loss=0.7281 | giou=0.3147 | bbox=0.0563 | ce=0.0212 | aux_giou=0.0000 | aux_bbox=0.0000 | aux_ce=0.0000 | mask=1194 | aux_mask=1647 | pos=58 | targets=58 | preds=316 | centerness=[-8.542, 0.403] | train_seen=3400
2026-05-27 19:28:03 | INFO | Epoch 34 | batch 1750/1829 | loss=0.7743 | giou=0.3540 | bbox=0.0230 | ce=0.0217 | aux_giou=0.0000 | aux_bbox=0.0000 | aux_ce=0.0000 | mask=1974 | aux_mask=2272 | pos=901 | targets=901 | preds=1301 | centerness=[-6.177, 2.181] | train_seen=3500
2026-05-27 19:29:50 | INFO | Epoch 34 | batch 1800/1829 | loss=0.6791 | giou=0.2939 | bbox=0.0440 | ce=0.0237 | aux_giou=0.0000 | aux_bbox=0.0000 | aux_ce=0.0000 | mask=913 | aux_mask=1191 | pos=118 | targets=118 | preds=141 | centerness=[-8.910, 2.448] | train_seen=3600
2026-05-27 19:50:24 | INFO | Epoch 34 | train_loss=0.776 | val_loss=0.948 | train_mae=90.024 | val_mae=44.056 | val_rmse=84.22 | test_mae=51.790 | test_rmse=129.99 | time=5062.103s
2026-05-27 19:52:11 | INFO | Epoch 35 | batch 50/1829 | loss=0.7379 | giou=0.3297 | bbox=0.0416 | ce=0.0185 | aux_giou=0.0000 | aux_bbox=0.0000 | aux_ce=0.0000 | mask=1598 | aux_mask=2124 | pos=486 | targets=486 | preds=494 | centerness=[-7.995, 2.136] | train_seen=100
2026-05-27 19:53:59 | INFO | Epoch 35 | batch 100/1829 | loss=1.0048 | giou=0.4461 | bbox=0.0359 | ce=0.0383 | aux_giou=0.0000 | aux_bbox=0.0000 | aux_ce=0.0000 | mask=2198 | aux_mask=2123 | pos=992 | targets=992 | preds=1177 | centerness=[-4.429, 2.054] | train_seen=200
2026-05-27 19:55:45 | INFO | Epoch 35 | batch 150/1829 | loss=0.7828 | giou=0.3498 | bbox=0.0414 | ce=0.0209 | aux_giou=0.0000 | aux_bbox=0.0000 | aux_ce=0.0000 | mask=1394 | aux_mask=1931 | pos=111 | targets=111 | preds=299 | centerness=[-5.799, 1.044] | train_seen=300
2026-05-27 19:57:31 | INFO | Epoch 35 | batch 200/1829 | loss=0.7845 | giou=0.3350 | bbox=0.0200 | ce=0.0143 | aux_giou=0.0306 | aux_bbox=0.0016 | aux_ce=0.0015 | mask=2235 | aux_mask=2563 | pos=79 | targets=79 | preds=428 | centerness=[-4.898, 2.126] | train_seen=400
2026-05-27 19:59:17 | INFO | Epoch 35 | batch 250/1829 | loss=0.9168 | giou=0.3928 | bbox=0.0232 | ce=0.0218 | aux_giou=0.0310 | aux_bbox=0.0011 | aux_ce=0.0007 | mask=1886 | aux_mask=2370 | pos=300 | targets=300 | preds=433 | centerness=[-5.168, 2.424] | train_seen=500
2026-05-27 20:01:04 | INFO | Epoch 35 | batch 300/1829 | loss=0.6623 | giou=0.2929 | bbox=0.0208 | ce=0.0279 | aux_giou=0.0000 | aux_bbox=0.0000 | aux_ce=0.0000 | mask=1294 | aux_mask=1838 | pos=317 | targets=317 | preds=370 | centerness=[-5.176, 2.270] | train_seen=600
2026-05-27 20:02:50 | INFO | Epoch 35 | batch 350/1829 | loss=0.6269 | giou=0.2801 | bbox=0.0217 | ce=0.0225 | aux_giou=0.0000 | aux_bbox=0.0000 | aux_ce=0.0000 | mask=1375 | aux_mask=1582 | pos=153 | targets=153 | preds=661 | centerness=[-6.805, 1.908] | train_seen=700
2026-05-27 20:04:36 | INFO | Epoch 35 | batch 400/1829 | loss=0.4524 | giou=0.2000 | bbox=0.0177 | ce=0.0173 | aux_giou=0.0000 | aux_bbox=0.0000 | aux_ce=0.0000 | mask=1349 | aux_mask=1425 | pos=169 | targets=169 | preds=407 | centerness=[-5.904, 1.273] | train_seen=800
2026-05-27 20:06:22 | INFO | Epoch 35 | batch 450/1829 | loss=0.6671 | giou=0.3055 | bbox=0.0421 | ce=0.0070 | aux_giou=0.0000 | aux_bbox=0.0000 | aux_ce=0.0000 | mask=978 | aux_mask=1420 | pos=24 | targets=24 | preds=59 | centerness=[-6.935, 1.681] | train_seen=900
2026-05-27 20:08:09 | INFO | Epoch 35 | batch 500/1829 | loss=0.8689 | giou=0.3439 | bbox=0.0201 | ce=0.0395 | aux_giou=0.0360 | aux_bbox=0.0038 | aux_ce=0.0031 | mask=1725 | aux_mask=1980 | pos=476 | targets=476 | preds=773 | centerness=[-4.809, 1.099] | train_seen=1000
2026-05-27 20:09:55 | INFO | Epoch 35 | batch 550/1829 | loss=1.0033 | giou=0.3884 | bbox=0.0303 | ce=0.0416 | aux_giou=0.0474 | aux_bbox=0.0028 | aux_ce=0.0078 | mask=2284 | aux_mask=2556 | pos=1093 | targets=1093 | preds=1447 | centerness=[-6.547, 2.197] | train_seen=1100
2026-05-27 20:11:41 | INFO | Epoch 35 | batch 600/1829 | loss=0.4613 | giou=0.2049 | bbox=0.0319 | ce=0.0098 | aux_giou=0.0000 | aux_bbox=0.0000 | aux_ce=0.0000 | mask=1078 | aux_mask=1641 | pos=59 | targets=59 | preds=68 | centerness=[-7.021, 1.567] | train_seen=1200
2026-05-27 20:13:28 | INFO | Epoch 35 | batch 650/1829 | loss=0.5081 | giou=0.2344 | bbox=0.0270 | ce=0.0062 | aux_giou=0.0000 | aux_bbox=0.0000 | aux_ce=0.0000 | mask=844 | aux_mask=1217 | pos=46 | targets=46 | preds=50 | centerness=[-8.208, 1.687] | train_seen=1300
2026-05-27 20:15:14 | INFO | Epoch 35 | batch 700/1829 | loss=1.2597 | giou=0.5371 | bbox=0.0791 | ce=0.0532 | aux_giou=0.0000 | aux_bbox=0.0000 | aux_ce=0.0000 | mask=1300 | aux_mask=1865 | pos=308 | targets=308 | preds=315 | centerness=[-6.060, 1.139] | train_seen=1400
2026-05-27 20:17:00 | INFO | Epoch 35 | batch 750/1829 | loss=1.1181 | giou=0.4321 | bbox=0.0242 | ce=0.0303 | aux_giou=0.0742 | aux_bbox=0.0045 | aux_ce=0.0082 | mask=2079 | aux_mask=2988 | pos=1020 | targets=1020 | preds=1152 | centerness=[-7.487, 2.193] | train_seen=1500
2026-05-27 20:18:47 | INFO | Epoch 35 | batch 800/1829 | loss=0.9482 | giou=0.4067 | bbox=0.0244 | ce=0.0154 | aux_giou=0.0380 | aux_bbox=0.0012 | aux_ce=0.0011 | mask=1322 | aux_mask=1472 | pos=140 | targets=140 | preds=271 | centerness=[-6.637, 2.304] | train_seen=1600
2026-05-27 20:20:33 | INFO | Epoch 35 | batch 850/1829 | loss=0.8372 | giou=0.3505 | bbox=0.0340 | ce=0.0511 | aux_giou=0.0000 | aux_bbox=0.0000 | aux_ce=0.0000 | mask=1400 | aux_mask=1902 | pos=302 | targets=302 | preds=571 | centerness=[-5.983, 0.624] | train_seen=1700
2026-05-27 20:22:19 | INFO | Epoch 35 | batch 900/1829 | loss=0.5959 | giou=0.2677 | bbox=0.0297 | ce=0.0154 | aux_giou=0.0000 | aux_bbox=0.0000 | aux_ce=0.0000 | mask=1509 | aux_mask=1821 | pos=80 | targets=80 | preds=202 | centerness=[-6.578, 1.956] | train_seen=1800
2026-05-27 20:24:05 | INFO | Epoch 35 | batch 950/1829 | loss=0.5431 | giou=0.2410 | bbox=0.0308 | ce=0.0152 | aux_giou=0.0000 | aux_bbox=0.0000 | aux_ce=0.0000 | mask=990 | aux_mask=1654 | pos=22 | targets=22 | preds=136 | centerness=[-6.761, 1.643] | train_seen=1900
2026-05-27 20:25:51 | INFO | Epoch 35 | batch 1000/1829 | loss=0.7883 | giou=0.3635 | bbox=0.0257 | ce=0.0178 | aux_giou=0.0000 | aux_bbox=0.0000 | aux_ce=0.0000 | mask=1312 | aux_mask=1807 | pos=121 | targets=121 | preds=334 | centerness=[-6.097, 2.088] | train_seen=2000
2026-05-27 20:27:38 | INFO | Epoch 35 | batch 1050/1829 | loss=0.9875 | giou=0.3949 | bbox=0.0582 | ce=0.0355 | aux_giou=0.0290 | aux_bbox=0.0042 | aux_ce=0.0032 | mask=1450 | aux_mask=1934 | pos=152 | targets=152 | preds=263 | centerness=[-8.370, 0.844] | train_seen=2100
2026-05-27 20:29:24 | INFO | Epoch 35 | batch 1100/1829 | loss=0.5525 | giou=0.2445 | bbox=0.0171 | ce=0.0232 | aux_giou=0.0000 | aux_bbox=0.0000 | aux_ce=0.0000 | mask=1488 | aux_mask=1537 | pos=188 | targets=188 | preds=313 | centerness=[-5.716, 1.913] | train_seen=2200
2026-05-27 20:31:10 | INFO | Epoch 35 | batch 1150/1829 | loss=0.8361 | giou=0.3832 | bbox=0.0311 | ce=0.0193 | aux_giou=0.0000 | aux_bbox=0.0000 | aux_ce=0.0000 | mask=1800 | aux_mask=1897 | pos=144 | targets=144 | preds=664 | centerness=[-6.572, 1.034] | train_seen=2300
2026-05-27 20:32:57 | INFO | Epoch 35 | batch 1200/1829 | loss=0.8710 | giou=0.3747 | bbox=0.0287 | ce=0.0465 | aux_giou=0.0000 | aux_bbox=0.0000 | aux_ce=0.0000 | mask=1391 | aux_mask=1823 | pos=470 | targets=470 | preds=529 | centerness=[-7.002, 1.211] | train_seen=2400
2026-05-27 20:34:43 | INFO | Epoch 35 | batch 1250/1829 | loss=0.6125 | giou=0.2809 | bbox=0.0222 | ce=0.0142 | aux_giou=0.0000 | aux_bbox=0.0000 | aux_ce=0.0000 | mask=1144 | aux_mask=1179 | pos=203 | targets=203 | preds=284 | centerness=[-4.678, 1.943] | train_seen=2500
2026-05-27 20:36:29 | INFO | Epoch 35 | batch 1300/1829 | loss=1.0927 | giou=0.4309 | bbox=0.0214 | ce=0.0511 | aux_giou=0.0494 | aux_bbox=0.0020 | aux_ce=0.0032 | mask=2121 | aux_mask=2346 | pos=580 | targets=580 | preds=885 | centerness=[-4.279, 1.554] | train_seen=2600
2026-05-27 20:38:15 | INFO | Epoch 35 | batch 1350/1829 | loss=0.6453 | giou=0.2832 | bbox=0.0405 | ce=0.0192 | aux_giou=0.0000 | aux_bbox=0.0000 | aux_ce=0.0000 | mask=1173 | aux_mask=1580 | pos=109 | targets=109 | preds=223 | centerness=[-7.450, 2.021] | train_seen=2700
2026-05-27 20:40:01 | INFO | Epoch 35 | batch 1400/1829 | loss=0.8400 | giou=0.3664 | bbox=0.0349 | ce=0.0362 | aux_giou=0.0000 | aux_bbox=0.0000 | aux_ce=0.0000 | mask=1454 | aux_mask=1596 | pos=224 | targets=224 | preds=304 | centerness=[-5.525, 1.684] | train_seen=2800
2026-05-27 20:41:48 | INFO | Epoch 35 | batch 1450/1829 | loss=1.2100 | giou=0.4738 | bbox=0.0366 | ce=0.0584 | aux_giou=0.0483 | aux_bbox=0.0021 | aux_ce=0.0051 | mask=1857 | aux_mask=1816 | pos=984 | targets=984 | preds=979 | centerness=[-6.124, 2.108] | train_seen=2900
2026-05-27 20:43:34 | INFO | Epoch 35 | batch 1500/1829 | loss=0.6567 | giou=0.2919 | bbox=0.0363 | ce=0.0183 | aux_giou=0.0000 | aux_bbox=0.0000 | aux_ce=0.0000 | mask=1129 | aux_mask=1821 | pos=32 | targets=32 | preds=251 | centerness=[-6.681, 0.872] | train_seen=3000
2026-05-27 20:45:21 | INFO | Epoch 35 | batch 1550/1829 | loss=1.1326 | giou=0.4763 | bbox=0.0210 | ce=0.0309 | aux_giou=0.0434 | aux_bbox=0.0016 | aux_ce=0.0043 | mask=2449 | aux_mask=2845 | pos=488 | targets=488 | preds=1128 | centerness=[-4.538, 2.302] | train_seen=3100
2026-05-27 20:47:07 | INFO | Epoch 35 | batch 1600/1829 | loss=0.8582 | giou=0.3597 | bbox=0.0244 | ce=0.0229 | aux_giou=0.0329 | aux_bbox=0.0011 | aux_ce=0.0009 | mask=1820 | aux_mask=2574 | pos=156 | targets=156 | preds=387 | centerness=[-5.983, 2.160] | train_seen=3200
2026-05-27 20:48:53 | INFO | Epoch 35 | batch 1650/1829 | loss=0.6890 | giou=0.2950 | bbox=0.0506 | ce=0.0242 | aux_giou=0.0000 | aux_bbox=0.0000 | aux_ce=0.0000 | mask=1932 | aux_mask=2117 | pos=84 | targets=84 | preds=945 | centerness=[-8.355, 0.643] | train_seen=3300
2026-05-27 20:50:40 | INFO | Epoch 35 | batch 1700/1829 | loss=0.7229 | giou=0.3160 | bbox=0.0319 | ce=0.0295 | aux_giou=0.0000 | aux_bbox=0.0000 | aux_ce=0.0000 | mask=1688 | aux_mask=1761 | pos=144 | targets=144 | preds=380 | centerness=[-5.184, 2.029] | train_seen=3400
2026-05-27 20:52:26 | INFO | Epoch 35 | batch 1750/1829 | loss=0.6496 | giou=0.2888 | bbox=0.0329 | ce=0.0196 | aux_giou=0.0000 | aux_bbox=0.0000 | aux_ce=0.0000 | mask=926 | aux_mask=1045 | pos=108 | targets=108 | preds=133 | centerness=[-6.469, 2.255] | train_seen=3500
2026-05-27 20:54:12 | INFO | Epoch 35 | batch 1800/1829 | loss=0.7585 | giou=0.3358 | bbox=0.0366 | ce=0.0252 | aux_giou=0.0000 | aux_bbox=0.0000 | aux_ce=0.0000 | mask=857 | aux_mask=1174 | pos=109 | targets=109 | preds=129 | centerness=[-6.485, 0.848] | train_seen=3600
2026-05-27 21:14:46 | INFO | Epoch 35 | train_loss=0.781 | val_loss=0.948 | train_mae=91.209 | val_mae=43.959 | val_rmse=84.22 | test_mae=51.830 | test_rmse=130.55 | time=5061.454s
2026-05-27 21:16:32 | INFO | Epoch 36 | batch 50/1829 | loss=0.9349 | giou=0.3856 | bbox=0.0366 | ce=0.0281 | aux_giou=0.0314 | aux_bbox=0.0013 | aux_ce=0.0034 | mask=1471 | aux_mask=1632 | pos=225 | targets=225 | preds=354 | centerness=[-4.995, 1.790] | train_seen=100
2026-05-27 21:18:19 | INFO | Epoch 36 | batch 100/1829 | loss=0.8430 | giou=0.3744 | bbox=0.0502 | ce=0.0220 | aux_giou=0.0000 | aux_bbox=0.0000 | aux_ce=0.0000 | mask=1126 | aux_mask=1448 | pos=118 | targets=118 | preds=173 | centerness=[-7.125, 0.993] | train_seen=200
2026-05-27 21:20:05 | INFO | Epoch 36 | batch 150/1829 | loss=0.6815 | giou=0.3029 | bbox=0.0467 | ce=0.0145 | aux_giou=0.0000 | aux_bbox=0.0000 | aux_ce=0.0000 | mask=1436 | aux_mask=1658 | pos=98 | targets=98 | preds=193 | centerness=[-9.304, 1.730] | train_seen=300
2026-05-27 21:21:51 | INFO | Epoch 36 | batch 200/1829 | loss=0.9138 | giou=0.4148 | bbox=0.0559 | ce=0.0141 | aux_giou=0.0000 | aux_bbox=0.0000 | aux_ce=0.0000 | mask=1074 | aux_mask=1661 | pos=22 | targets=22 | preds=116 | centerness=[-6.177, 0.722] | train_seen=400
2026-05-27 21:23:37 | INFO | Epoch 36 | batch 250/1829 | loss=0.7332 | giou=0.3364 | bbox=0.0344 | ce=0.0130 | aux_giou=0.0000 | aux_bbox=0.0000 | aux_ce=0.0000 | mask=1052 | aux_mask=1843 | pos=67 | targets=67 | preds=121 | centerness=[-6.417, 2.279] | train_seen=500
2026-05-27 21:25:24 | INFO | Epoch 36 | batch 300/1829 | loss=0.7785 | giou=0.3348 | bbox=0.0306 | ce=0.0391 | aux_giou=0.0000 | aux_bbox=0.0000 | aux_ce=0.0000 | mask=1850 | aux_mask=1961 | pos=392 | targets=392 | preds=579 | centerness=[-5.209, 1.816] | train_seen=600
2026-05-27 21:27:10 | INFO | Epoch 36 | batch 350/1829 | loss=0.7236 | giou=0.3388 | bbox=0.0200 | ce=0.0129 | aux_giou=0.0000 | aux_bbox=0.0000 | aux_ce=0.0000 | mask=2043 | aux_mask=2115 | pos=164 | targets=164 | preds=336 | centerness=[-4.807, 1.712] | train_seen=700
2026-05-27 21:28:56 | INFO | Epoch 36 | batch 400/1829 | loss=0.6720 | giou=0.2947 | bbox=0.0230 | ce=0.0298 | aux_giou=0.0000 | aux_bbox=0.0000 | aux_ce=0.0000 | mask=1301 | aux_mask=1409 | pos=245 | targets=245 | preds=594 | centerness=[-5.626, 1.853] | train_seen=800
2026-05-27 21:30:42 | INFO | Epoch 36 | batch 450/1829 | loss=0.6275 | giou=0.2794 | bbox=0.0322 | ce=0.0183 | aux_giou=0.0000 | aux_bbox=0.0000 | aux_ce=0.0000 | mask=1279 | aux_mask=1387 | pos=139 | targets=139 | preds=242 | centerness=[-5.431, 2.159] | train_seen=900
2026-05-27 21:32:28 | INFO | Epoch 36 | batch 500/1829 | loss=0.8165 | giou=0.3651 | bbox=0.0328 | ce=0.0267 | aux_giou=0.0000 | aux_bbox=0.0000 | aux_ce=0.0000 | mask=1569 | aux_mask=1597 | pos=288 | targets=288 | preds=613 | centerness=[-6.546, 1.845] | train_seen=1000
2026-05-27 21:34:15 | INFO | Epoch 36 | batch 550/1829 | loss=0.6044 | giou=0.2745 | bbox=0.0280 | ce=0.0137 | aux_giou=0.0000 | aux_bbox=0.0000 | aux_ce=0.0000 | mask=1521 | aux_mask=1599 | pos=169 | targets=169 | preds=245 | centerness=[-7.059, 2.095] | train_seen=1100
2026-05-27 21:36:01 | INFO | Epoch 36 | batch 600/1829 | loss=1.0280 | giou=0.4380 | bbox=0.0154 | ce=0.0265 | aux_giou=0.0398 | aux_bbox=0.0026 | aux_ce=0.0007 | mask=2162 | aux_mask=2628 | pos=780 | targets=780 | preds=918 | centerness=[-4.326, 2.137] | train_seen=1200
2026-05-27 21:37:47 | INFO | Epoch 36 | batch 650/1829 | loss=0.7772 | giou=0.3313 | bbox=0.0563 | ce=0.0292 | aux_giou=0.0000 | aux_bbox=0.0000 | aux_ce=0.0000 | mask=1098 | aux_mask=1440 | pos=117 | targets=117 | preds=276 | centerness=[-6.075, 1.306] | train_seen=1300
2026-05-27 21:39:33 | INFO | Epoch 36 | batch 700/1829 | loss=0.6495 | giou=0.2794 | bbox=0.0424 | ce=0.0242 | aux_giou=0.0000 | aux_bbox=0.0000 | aux_ce=0.0000 | mask=927 | aux_mask=1206 | pos=108 | targets=108 | preds=107 | centerness=[-6.577, 1.625] | train_seen=1400
2026-05-27 21:41:19 | INFO | Epoch 36 | batch 750/1829 | loss=1.2072 | giou=0.4908 | bbox=0.0434 | ce=0.0587 | aux_giou=0.0310 | aux_bbox=0.0011 | aux_ce=0.0008 | mask=1872 | aux_mask=2073 | pos=660 | targets=660 | preds=699 | centerness=[-5.900, 1.745] | train_seen=1500
2026-05-27 21:43:06 | INFO | Epoch 36 | batch 800/1829 | loss=0.5197 | giou=0.2270 | bbox=0.0408 | ce=0.0124 | aux_giou=0.0000 | aux_bbox=0.0000 | aux_ce=0.0000 | mask=1059 | aux_mask=1359 | pos=51 | targets=51 | preds=149 | centerness=[-8.781, 0.710] | train_seen=1600
2026-05-27 21:44:52 | INFO | Epoch 36 | batch 850/1829 | loss=0.6174 | giou=0.2695 | bbox=0.0341 | ce=0.0221 | aux_giou=0.0000 | aux_bbox=0.0000 | aux_ce=0.0000 | mask=992 | aux_mask=1300 | pos=86 | targets=86 | preds=144 | centerness=[-6.330, 1.013] | train_seen=1700
2026-05-27 21:46:38 | INFO | Epoch 36 | batch 900/1829 | loss=0.8136 | giou=0.3750 | bbox=0.0294 | ce=0.0171 | aux_giou=0.0000 | aux_bbox=0.0000 | aux_ce=0.0000 | mask=1899 | aux_mask=2052 | pos=67 | targets=67 | preds=376 | centerness=[-4.736, 1.004] | train_seen=1800
2026-05-27 21:48:24 | INFO | Epoch 36 | batch 950/1829 | loss=0.5683 | giou=0.2413 | bbox=0.0701 | ce=0.0078 | aux_giou=0.0000 | aux_bbox=0.0000 | aux_ce=0.0000 | mask=881 | aux_mask=1599 | pos=20 | targets=20 | preds=50 | centerness=[-10.080, 0.696] | train_seen=1900
2026-05-27 21:50:11 | INFO | Epoch 36 | batch 1000/1829 | loss=0.7134 | giou=0.3340 | bbox=0.0244 | ce=0.0105 | aux_giou=0.0000 | aux_bbox=0.0000 | aux_ce=0.0000 | mask=1289 | aux_mask=1316 | pos=140 | targets=140 | preds=158 | centerness=[-5.133, 2.018] | train_seen=2000
2026-05-27 21:51:57 | INFO | Epoch 36 | batch 1050/1829 | loss=0.6990 | giou=0.3059 | bbox=0.0409 | ce=0.0231 | aux_giou=0.0000 | aux_bbox=0.0000 | aux_ce=0.0000 | mask=1187 | aux_mask=1763 | pos=82 | targets=82 | preds=76 | centerness=[-6.946, 1.609] | train_seen=2100
2026-05-27 21:53:43 | INFO | Epoch 36 | batch 1100/1829 | loss=0.7584 | giou=0.3210 | bbox=0.0300 | ce=0.0432 | aux_giou=0.0000 | aux_bbox=0.0000 | aux_ce=0.0000 | mask=1520 | aux_mask=1644 | pos=316 | targets=316 | preds=442 | centerness=[-5.711, 1.046] | train_seen=2200
2026-05-27 21:55:30 | INFO | Epoch 36 | batch 1150/1829 | loss=0.8069 | giou=0.3548 | bbox=0.0241 | ce=0.0366 | aux_giou=0.0000 | aux_bbox=0.0000 | aux_ce=0.0000 | mask=1535 | aux_mask=1542 | pos=706 | targets=706 | preds=803 | centerness=[-4.741, 2.574] | train_seen=2300
2026-05-27 21:57:16 | INFO | Epoch 36 | batch 1200/1829 | loss=1.2635 | giou=0.4872 | bbox=0.0372 | ce=0.0785 | aux_giou=0.0396 | aux_bbox=0.0017 | aux_ce=0.0071 | mask=2045 | aux_mask=2506 | pos=1012 | targets=1012 | preds=1021 | centerness=[-4.039, 1.953] | train_seen=2400
2026-05-27 21:59:02 | INFO | Epoch 36 | batch 1250/1829 | loss=0.9394 | giou=0.3625 | bbox=0.0375 | ce=0.0412 | aux_giou=0.0407 | aux_bbox=0.0024 | aux_ce=0.0054 | mask=2430 | aux_mask=2655 | pos=704 | targets=704 | preds=1537 | centerness=[-8.548, 1.037] | train_seen=2500
2026-05-27 22:00:49 | INFO | Epoch 36 | batch 1300/1829 | loss=0.4106 | giou=0.1842 | bbox=0.0161 | ce=0.0130 | aux_giou=0.0000 | aux_bbox=0.0000 | aux_ce=0.0000 | mask=1275 | aux_mask=1667 | pos=164 | targets=164 | preds=274 | centerness=[-7.885, 2.150] | train_seen=2600
2026-05-27 22:02:35 | INFO | Epoch 36 | batch 1350/1829 | loss=1.0758 | giou=0.4619 | bbox=0.0897 | ce=0.0312 | aux_giou=0.0000 | aux_bbox=0.0000 | aux_ce=0.0000 | mask=1435 | aux_mask=1977 | pos=144 | targets=144 | preds=308 | centerness=[-8.201, 0.644] | train_seen=2700
2026-05-27 22:04:21 | INFO | Epoch 36 | batch 1400/1829 | loss=0.5053 | giou=0.2360 | bbox=0.0182 | ce=0.0076 | aux_giou=0.0000 | aux_bbox=0.0000 | aux_ce=0.0000 | mask=1440 | aux_mask=1879 | pos=80 | targets=80 | preds=154 | centerness=[-5.789, 1.121] | train_seen=2800
2026-05-27 22:06:07 | INFO | Epoch 36 | batch 1450/1829 | loss=0.7604 | giou=0.3419 | bbox=0.0409 | ce=0.0178 | aux_giou=0.0000 | aux_bbox=0.0000 | aux_ce=0.0000 | mask=1309 | aux_mask=1532 | pos=40 | targets=40 | preds=256 | centerness=[-6.367, 1.883] | train_seen=2900
2026-05-27 22:07:53 | INFO | Epoch 36 | batch 1500/1829 | loss=0.7666 | giou=0.3328 | bbox=0.0480 | ce=0.0265 | aux_giou=0.0000 | aux_bbox=0.0000 | aux_ce=0.0000 | mask=1444 | aux_mask=1619 | pos=129 | targets=129 | preds=314 | centerness=[-7.527, 1.559] | train_seen=3000
2026-05-27 22:09:40 | INFO | Epoch 36 | batch 1550/1829 | loss=0.7632 | giou=0.3480 | bbox=0.0209 | ce=0.0232 | aux_giou=0.0000 | aux_bbox=0.0000 | aux_ce=0.0000 | mask=1496 | aux_mask=1429 | pos=244 | targets=244 | preds=212 | centerness=[-4.780, 2.057] | train_seen=3100
2026-05-27 22:11:26 | INFO | Epoch 36 | batch 1600/1829 | loss=0.7419 | giou=0.3267 | bbox=0.0434 | ce=0.0226 | aux_giou=0.0000 | aux_bbox=0.0000 | aux_ce=0.0000 | mask=1342 | aux_mask=1550 | pos=57 | targets=57 | preds=298 | centerness=[-5.558, 1.387] | train_seen=3200
2026-05-27 22:13:12 | INFO | Epoch 36 | batch 1650/1829 | loss=0.7058 | giou=0.3003 | bbox=0.0424 | ce=0.0314 | aux_giou=0.0000 | aux_bbox=0.0000 | aux_ce=0.0000 | mask=1233 | aux_mask=1764 | pos=180 | targets=180 | preds=353 | centerness=[-5.102, 1.674] | train_seen=3300
2026-05-27 22:14:59 | INFO | Epoch 36 | batch 1700/1829 | loss=0.9256 | giou=0.3752 | bbox=0.0390 | ce=0.0243 | aux_giou=0.0397 | aux_bbox=0.0017 | aux_ce=0.0033 | mask=1825 | aux_mask=2343 | pos=385 | targets=385 | preds=564 | centerness=[-8.295, 1.203] | train_seen=3400
2026-05-27 22:16:45 | INFO | Epoch 36 | batch 1750/1829 | loss=1.0483 | giou=0.4542 | bbox=0.0641 | ce=0.0379 | aux_giou=0.0000 | aux_bbox=0.0000 | aux_ce=0.0000 | mask=2097 | aux_mask=2450 | pos=476 | targets=476 | preds=824 | centerness=[-8.875, 2.016] | train_seen=3500
2026-05-27 22:18:32 | INFO | Epoch 36 | batch 1800/1829 | loss=1.1693 | giou=0.4721 | bbox=0.1540 | ce=0.0356 | aux_giou=0.0000 | aux_bbox=0.0000 | aux_ce=0.0000 | mask=1148 | aux_mask=1636 | pos=343 | targets=343 | preds=338 | centerness=[-5.000, 1.987] | train_seen=3600
2026-05-27 22:39:06 | INFO | Epoch 36 | train_loss=0.780 | val_loss=0.943 | train_mae=92.881 | val_mae=46.812 | val_rmse=88.93 | test_mae=55.457 | test_rmse=136.11 | time=5059.733s
2026-05-27 22:40:53 | INFO | Epoch 37 | batch 50/1829 | loss=1.0234 | giou=0.4461 | bbox=0.0255 | ce=0.0216 | aux_giou=0.0285 | aux_bbox=0.0031 | aux_ce=0.0011 | mask=1989 | aux_mask=2397 | pos=257 | targets=257 | preds=696 | centerness=[-4.609, 1.630] | train_seen=100
2026-05-27 22:42:39 | INFO | Epoch 37 | batch 100/1829 | loss=0.7621 | giou=0.3380 | bbox=0.0301 | ce=0.0280 | aux_giou=0.0000 | aux_bbox=0.0000 | aux_ce=0.0000 | mask=1197 | aux_mask=1443 | pos=159 | targets=159 | preds=264 | centerness=[-5.493, 1.347] | train_seen=200
2026-05-27 22:44:26 | INFO | Epoch 37 | batch 150/1829 | loss=0.7672 | giou=0.3404 | bbox=0.0248 | ce=0.0308 | aux_giou=0.0000 | aux_bbox=0.0000 | aux_ce=0.0000 | mask=1626 | aux_mask=2106 | pos=216 | targets=216 | preds=568 | centerness=[-5.816, 1.870] | train_seen=300
2026-05-27 22:46:12 | INFO | Epoch 37 | batch 200/1829 | loss=0.8189 | giou=0.3617 | bbox=0.0414 | ce=0.0270 | aux_giou=0.0000 | aux_bbox=0.0000 | aux_ce=0.0000 | mask=1589 | aux_mask=1616 | pos=112 | targets=112 | preds=520 | centerness=[-6.454, 0.971] | train_seen=400
2026-05-27 22:47:58 | INFO | Epoch 37 | batch 250/1829 | loss=0.9684 | giou=0.4060 | bbox=0.0280 | ce=0.0218 | aux_giou=0.0377 | aux_bbox=0.0032 | aux_ce=0.0031 | mask=1432 | aux_mask=1731 | pos=132 | targets=132 | preds=249 | centerness=[-6.266, 1.605] | train_seen=500
2026-05-27 22:49:44 | INFO | Epoch 37 | batch 300/1829 | loss=0.9923 | giou=0.4184 | bbox=0.0463 | ce=0.0546 | aux_giou=0.0000 | aux_bbox=0.0000 | aux_ce=0.0000 | mask=1021 | aux_mask=1455 | pos=205 | targets=205 | preds=170 | centerness=[-7.027, 1.396] | train_seen=600
2026-05-27 22:51:31 | INFO | Epoch 37 | batch 350/1829 | loss=1.1514 | giou=0.4793 | bbox=0.0482 | ce=0.0722 | aux_giou=0.0000 | aux_bbox=0.0000 | aux_ce=0.0000 | mask=1638 | aux_mask=2012 | pos=369 | targets=369 | preds=615 | centerness=[-4.926, 0.404] | train_seen=700
2026-05-27 22:53:17 | INFO | Epoch 37 | batch 400/1829 | loss=0.6257 | giou=0.2781 | bbox=0.0178 | ce=0.0258 | aux_giou=0.0000 | aux_bbox=0.0000 | aux_ce=0.0000 | mask=1895 | aux_mask=1892 | pos=252 | targets=252 | preds=568 | centerness=[-4.287, 1.438] | train_seen=800
2026-05-27 22:55:03 | INFO | Epoch 37 | batch 450/1829 | loss=0.5555 | giou=0.2500 | bbox=0.0321 | ce=0.0117 | aux_giou=0.0000 | aux_bbox=0.0000 | aux_ce=0.0000 | mask=1209 | aux_mask=1273 | pos=66 | targets=66 | preds=115 | centerness=[-8.374, 1.701] | train_seen=900
2026-05-27 22:56:49 | INFO | Epoch 37 | batch 500/1829 | loss=0.8960 | giou=0.4163 | bbox=0.0240 | ce=0.0197 | aux_giou=0.0000 | aux_bbox=0.0000 | aux_ce=0.0000 | mask=1746 | aux_mask=1787 | pos=314 | targets=314 | preds=463 | centerness=[-5.746, 2.071] | train_seen=1000
2026-05-27 22:58:36 | INFO | Epoch 37 | batch 550/1829 | loss=0.5297 | giou=0.2433 | bbox=0.0217 | ce=0.0107 | aux_giou=0.0000 | aux_bbox=0.0000 | aux_ce=0.0000 | mask=1324 | aux_mask=1467 | pos=141 | targets=141 | preds=188 | centerness=[-5.780, 2.209] | train_seen=1100
2026-05-27 23:00:22 | INFO | Epoch 37 | batch 600/1829 | loss=0.7348 | giou=0.3287 | bbox=0.0262 | ce=0.0256 | aux_giou=0.0000 | aux_bbox=0.0000 | aux_ce=0.0000 | mask=1503 | aux_mask=1609 | pos=252 | targets=252 | preds=397 | centerness=[-5.391, 2.076] | train_seen=1200
2026-05-27 23:02:08 | INFO | Epoch 37 | batch 650/1829 | loss=0.9423 | giou=0.4224 | bbox=0.0532 | ce=0.0222 | aux_giou=0.0000 | aux_bbox=0.0000 | aux_ce=0.0000 | mask=1160 | aux_mask=1319 | pos=228 | targets=228 | preds=309 | centerness=[-7.008, 2.009] | train_seen=1300
2026-05-27 23:03:54 | INFO | Epoch 37 | batch 700/1829 | loss=0.6259 | giou=0.2838 | bbox=0.0215 | ce=0.0184 | aux_giou=0.0000 | aux_bbox=0.0000 | aux_ce=0.0000 | mask=1470 | aux_mask=1984 | pos=155 | targets=155 | preds=360 | centerness=[-5.891, 1.553] | train_seen=1400
2026-05-27 23:05:41 | INFO | Epoch 37 | batch 750/1829 | loss=0.7076 | giou=0.3144 | bbox=0.0279 | ce=0.0254 | aux_giou=0.0000 | aux_bbox=0.0000 | aux_ce=0.0000 | mask=1669 | aux_mask=1683 | pos=444 | targets=444 | preds=449 | centerness=[-5.510, 2.409] | train_seen=1500
2026-05-27 23:07:27 | INFO | Epoch 37 | batch 800/1829 | loss=0.7208 | giou=0.3146 | bbox=0.0484 | ce=0.0216 | aux_giou=0.0000 | aux_bbox=0.0000 | aux_ce=0.0000 | mask=1077 | aux_mask=1441 | pos=66 | targets=66 | preds=196 | centerness=[-7.964, 0.451] | train_seen=1600
2026-05-27 23:09:13 | INFO | Epoch 37 | batch 850/1829 | loss=0.6653 | giou=0.2950 | bbox=0.0275 | ce=0.0239 | aux_giou=0.0000 | aux_bbox=0.0000 | aux_ce=0.0000 | mask=1388 | aux_mask=1436 | pos=140 | targets=140 | preds=470 | centerness=[-6.130, 1.449] | train_seen=1700
2026-05-27 23:11:00 | INFO | Epoch 37 | batch 900/1829 | loss=0.6777 | giou=0.2994 | bbox=0.0390 | ce=0.0200 | aux_giou=0.0000 | aux_bbox=0.0000 | aux_ce=0.0000 | mask=2082 | aux_mask=2946 | pos=196 | targets=196 | preds=231 | centerness=[-7.026, 1.982] | train_seen=1800
2026-05-27 23:12:46 | INFO | Epoch 37 | batch 950/1829 | loss=0.7869 | giou=0.3518 | bbox=0.0255 | ce=0.0289 | aux_giou=0.0000 | aux_bbox=0.0000 | aux_ce=0.0000 | mask=1580 | aux_mask=1577 | pos=247 | targets=247 | preds=671 | centerness=[-6.119, 1.483] | train_seen=1900
2026-05-27 23:14:32 | INFO | Epoch 37 | batch 1000/1829 | loss=0.7131 | giou=0.3124 | bbox=0.0534 | ce=0.0175 | aux_giou=0.0000 | aux_bbox=0.0000 | aux_ce=0.0000 | mask=947 | aux_mask=1270 | pos=54 | targets=54 | preds=103 | centerness=[-7.493, 1.553] | train_seen=2000
2026-05-27 23:16:18 | INFO | Epoch 37 | batch 1050/1829 | loss=0.6951 | giou=0.2997 | bbox=0.0308 | ce=0.0324 | aux_giou=0.0000 | aux_bbox=0.0000 | aux_ce=0.0000 | mask=1848 | aux_mask=2044 | pos=208 | targets=208 | preds=541 | centerness=[-6.762, 1.609] | train_seen=2100
2026-05-27 23:18:05 | INFO | Epoch 37 | batch 1100/1829 | loss=0.6461 | giou=0.2999 | bbox=0.0344 | ce=0.0059 | aux_giou=0.0000 | aux_bbox=0.0000 | aux_ce=0.0000 | mask=905 | aux_mask=1224 | pos=25 | targets=25 | preds=39 | centerness=[-7.145, 1.241] | train_seen=2200
2026-05-27 23:19:51 | INFO | Epoch 37 | batch 1150/1829 | loss=0.6045 | giou=0.2512 | bbox=0.0200 | ce=0.0410 | aux_giou=0.0000 | aux_bbox=0.0000 | aux_ce=0.0000 | mask=1911 | aux_mask=2645 | pos=564 | targets=564 | preds=796 | centerness=[-5.561, 1.539] | train_seen=2300
2026-05-27 23:21:38 | INFO | Epoch 37 | batch 1200/1829 | loss=0.8409 | giou=0.3835 | bbox=0.0315 | ce=0.0212 | aux_giou=0.0000 | aux_bbox=0.0000 | aux_ce=0.0000 | mask=1530 | aux_mask=1582 | pos=147 | targets=147 | preds=247 | centerness=[-7.448, 1.692] | train_seen=2400
2026-05-27 23:23:24 | INFO | Epoch 37 | batch 1250/1829 | loss=0.5125 | giou=0.2171 | bbox=0.0476 | ce=0.0153 | aux_giou=0.0000 | aux_bbox=0.0000 | aux_ce=0.0000 | mask=1137 | aux_mask=2025 | pos=45 | targets=45 | preds=112 | centerness=[-7.064, 0.619] | train_seen=2500
2026-05-27 23:25:10 | INFO | Epoch 37 | batch 1300/1829 | loss=0.5503 | giou=0.2444 | bbox=0.0230 | ce=0.0193 | aux_giou=0.0000 | aux_bbox=0.0000 | aux_ce=0.0000 | mask=1564 | aux_mask=1589 | pos=264 | targets=264 | preds=326 | centerness=[-4.650, 1.600] | train_seen=2600
2026-05-27 23:26:56 | INFO | Epoch 37 | batch 1350/1829 | loss=0.7574 | giou=0.3329 | bbox=0.0260 | ce=0.0328 | aux_giou=0.0000 | aux_bbox=0.0000 | aux_ce=0.0000 | mask=2277 | aux_mask=2372 | pos=349 | targets=349 | preds=1229 | centerness=[-4.856, 2.443] | train_seen=2700
2026-05-27 23:28:43 | INFO | Epoch 37 | batch 1400/1829 | loss=0.9461 | giou=0.3964 | bbox=0.0169 | ce=0.0235 | aux_giou=0.0405 | aux_bbox=0.0017 | aux_ce=0.0033 | mask=2419 | aux_mask=3217 | pos=429 | targets=429 | preds=645 | centerness=[-6.521, 1.007] | train_seen=2800
2026-05-27 23:30:29 | INFO | Epoch 37 | batch 1450/1829 | loss=0.7687 | giou=0.3327 | bbox=0.0446 | ce=0.0293 | aux_giou=0.0000 | aux_bbox=0.0000 | aux_ce=0.0000 | mask=1581 | aux_mask=2306 | pos=122 | targets=122 | preds=191 | centerness=[-6.893, 1.045] | train_seen=2900
2026-05-27 23:32:15 | INFO | Epoch 37 | batch 1500/1829 | loss=0.7188 | giou=0.3261 | bbox=0.0370 | ce=0.0148 | aux_giou=0.0000 | aux_bbox=0.0000 | aux_ce=0.0000 | mask=1595 | aux_mask=1573 | pos=154 | targets=154 | preds=233 | centerness=[-5.908, 1.437] | train_seen=3000
2026-05-27 23:34:02 | INFO | Epoch 37 | batch 1550/1829 | loss=1.2334 | giou=0.4728 | bbox=0.0303 | ce=0.0426 | aux_giou=0.0769 | aux_bbox=0.0050 | aux_ce=0.0068 | mask=2566 | aux_mask=2869 | pos=640 | targets=640 | preds=1426 | centerness=[-6.533, 0.707] | train_seen=3100
2026-05-27 23:35:48 | INFO | Epoch 37 | batch 1600/1829 | loss=0.6263 | giou=0.2746 | bbox=0.0231 | ce=0.0270 | aux_giou=0.0000 | aux_bbox=0.0000 | aux_ce=0.0000 | mask=1537 | aux_mask=1618 | pos=324 | targets=324 | preds=346 | centerness=[-4.759, 1.965] | train_seen=3200
2026-05-27 23:37:34 | INFO | Epoch 37 | batch 1650/1829 | loss=0.9371 | giou=0.3960 | bbox=0.0525 | ce=0.0463 | aux_giou=0.0000 | aux_bbox=0.0000 | aux_ce=0.0000 | mask=1691 | aux_mask=1903 | pos=459 | targets=459 | preds=855 | centerness=[-7.854, 1.041] | train_seen=3300
2026-05-27 23:39:20 | INFO | Epoch 37 | batch 1700/1829 | loss=1.1664 | giou=0.4784 | bbox=0.0301 | ce=0.0323 | aux_giou=0.0522 | aux_bbox=0.0042 | aux_ce=0.0031 | mask=2057 | aux_mask=2325 | pos=156 | targets=156 | preds=973 | centerness=[-4.856, 0.980] | train_seen=3400
2026-05-27 23:41:07 | INFO | Epoch 37 | batch 1750/1829 | loss=0.8509 | giou=0.3754 | bbox=0.0355 | ce=0.0323 | aux_giou=0.0000 | aux_bbox=0.0000 | aux_ce=0.0000 | mask=1286 | aux_mask=1544 | pos=120 | targets=120 | preds=203 | centerness=[-6.378, 1.217] | train_seen=3500
2026-05-27 23:42:53 | INFO | Epoch 37 | batch 1800/1829 | loss=0.6708 | giou=0.3054 | bbox=0.0209 | ce=0.0196 | aux_giou=0.0000 | aux_bbox=0.0000 | aux_ce=0.0000 | mask=1962 | aux_mask=2090 | pos=92 | targets=92 | preds=451 | centerness=[-4.997, 2.358] | train_seen=3600
2026-05-28 00:03:28 | INFO | Epoch 37 | train_loss=0.780 | val_loss=0.944 | train_mae=95.536 | val_mae=43.207 | val_rmse=82.92 | test_mae=50.761 | test_rmse=129.82 | time=5061.141s
2026-05-28 00:05:16 | INFO | Epoch 38 | batch 50/1829 | loss=1.1196 | giou=0.4439 | bbox=0.0193 | ce=0.0586 | aux_giou=0.0432 | aux_bbox=0.0025 | aux_ce=0.0032 | mask=2885 | aux_mask=2941 | pos=665 | targets=665 | preds=2118 | centerness=[-4.427, 1.116] | train_seen=100
2026-05-28 00:07:02 | INFO | Epoch 38 | batch 100/1829 | loss=0.6972 | giou=0.2941 | bbox=0.0477 | ce=0.0307 | aux_giou=0.0000 | aux_bbox=0.0000 | aux_ce=0.0000 | mask=1013 | aux_mask=1180 | pos=81 | targets=81 | preds=200 | centerness=[-9.282, 0.964] | train_seen=200
2026-05-28 00:08:48 | INFO | Epoch 38 | batch 150/1829 | loss=0.8700 | giou=0.3735 | bbox=0.0223 | ce=0.0088 | aux_giou=0.0392 | aux_bbox=0.0033 | aux_ce=0.0006 | mask=1166 | aux_mask=1387 | pos=78 | targets=78 | preds=85 | centerness=[-5.656, 2.662] | train_seen=300
2026-05-28 00:10:35 | INFO | Epoch 38 | batch 200/1829 | loss=0.8562 | giou=0.3577 | bbox=0.0164 | ce=0.0154 | aux_giou=0.0426 | aux_bbox=0.0025 | aux_ce=0.0028 | mask=1908 | aux_mask=2433 | pos=168 | targets=168 | preds=286 | centerness=[-5.579, 1.386] | train_seen=400
2026-05-28 00:12:21 | INFO | Epoch 38 | batch 250/1829 | loss=1.0104 | giou=0.4152 | bbox=0.0128 | ce=0.0054 | aux_giou=0.0760 | aux_bbox=0.0026 | aux_ce=0.0009 | mask=1134 | aux_mask=1780 | pos=83 | targets=83 | preds=124 | centerness=[-5.511, 2.387] | train_seen=500
2026-05-28 00:14:07 | INFO | Epoch 38 | batch 300/1829 | loss=0.8642 | giou=0.3890 | bbox=0.0357 | ce=0.0252 | aux_giou=0.0000 | aux_bbox=0.0000 | aux_ce=0.0000 | mask=1520 | aux_mask=1688 | pos=299 | targets=299 | preds=440 | centerness=[-5.704, 1.467] | train_seen=600
2026-05-28 00:15:54 | INFO | Epoch 38 | batch 350/1829 | loss=0.8189 | giou=0.3485 | bbox=0.0499 | ce=0.0360 | aux_giou=0.0000 | aux_bbox=0.0000 | aux_ce=0.0000 | mask=1271 | aux_mask=1603 | pos=268 | targets=268 | preds=514 | centerness=[-8.573, 1.084] | train_seen=700
2026-05-28 00:17:40 | INFO | Epoch 38 | batch 400/1829 | loss=0.7842 | giou=0.3292 | bbox=0.0497 | ce=0.0381 | aux_giou=0.0000 | aux_bbox=0.0000 | aux_ce=0.0000 | mask=1525 | aux_mask=1579 | pos=469 | targets=469 | preds=568 | centerness=[-9.314, 2.186] | train_seen=800
2026-05-28 00:19:26 | INFO | Epoch 38 | batch 450/1829 | loss=0.7451 | giou=0.3246 | bbox=0.0456 | ce=0.0251 | aux_giou=0.0000 | aux_bbox=0.0000 | aux_ce=0.0000 | mask=1405 | aux_mask=1735 | pos=114 | targets=114 | preds=300 | centerness=[-7.070, 1.207] | train_seen=900
2026-05-28 00:21:13 | INFO | Epoch 38 | batch 500/1829 | loss=1.3111 | giou=0.5005 | bbox=0.0232 | ce=0.0462 | aux_giou=0.0861 | aux_bbox=0.0045 | aux_ce=0.0088 | mask=2633 | aux_mask=2773 | pos=613 | targets=613 | preds=1199 | centerness=[-4.674, 1.288] | train_seen=1000
2026-05-28 00:22:59 | INFO | Epoch 38 | batch 550/1829 | loss=0.7921 | giou=0.3622 | bbox=0.0306 | ce=0.0185 | aux_giou=0.0000 | aux_bbox=0.0000 | aux_ce=0.0000 | mask=2248 | aux_mask=2279 | pos=188 | targets=188 | preds=567 | centerness=[-6.812, 1.883] | train_seen=1100
2026-05-28 00:24:45 | INFO | Epoch 38 | batch 600/1829 | loss=0.9537 | giou=0.4147 | bbox=0.0519 | ce=0.0362 | aux_giou=0.0000 | aux_bbox=0.0000 | aux_ce=0.0000 | mask=1668 | aux_mask=2025 | pos=273 | targets=273 | preds=636 | centerness=[-6.509, 0.918] | train_seen=1200
2026-05-28 00:26:32 | INFO | Epoch 38 | batch 650/1829 | loss=0.6928 | giou=0.3078 | bbox=0.0402 | ce=0.0185 | aux_giou=0.0000 | aux_bbox=0.0000 | aux_ce=0.0000 | mask=1135 | aux_mask=1636 | pos=74 | targets=74 | preds=111 | centerness=[-8.197, 1.872] | train_seen=1300
2026-05-28 00:28:18 | INFO | Epoch 38 | batch 700/1829 | loss=0.7544 | giou=0.3457 | bbox=0.0289 | ce=0.0170 | aux_giou=0.0000 | aux_bbox=0.0000 | aux_ce=0.0000 | mask=1782 | aux_mask=1908 | pos=109 | targets=109 | preds=302 | centerness=[-8.356, 1.381] | train_seen=1400
2026-05-28 00:30:05 | INFO | Epoch 38 | batch 750/1829 | loss=0.8170 | giou=0.3680 | bbox=0.0212 | ce=0.0299 | aux_giou=0.0000 | aux_bbox=0.0000 | aux_ce=0.0000 | mask=1934 | aux_mask=1685 | pos=448 | targets=448 | preds=613 | centerness=[-5.342, 1.929] | train_seen=1500
2026-05-28 00:31:51 | INFO | Epoch 38 | batch 800/1829 | loss=0.5235 | giou=0.2498 | bbox=0.0122 | ce=0.0058 | aux_giou=0.0000 | aux_bbox=0.0000 | aux_ce=0.0000 | mask=1344 | aux_mask=1808 | pos=104 | targets=104 | preds=107 | centerness=[-6.148, 2.597] | train_seen=1600
2026-05-28 00:33:37 | INFO | Epoch 38 | batch 850/1829 | loss=0.6026 | giou=0.2771 | bbox=0.0232 | ce=0.0126 | aux_giou=0.0000 | aux_bbox=0.0000 | aux_ce=0.0000 | mask=1454 | aux_mask=1522 | pos=208 | targets=208 | preds=264 | centerness=[-5.940, 2.593] | train_seen=1700
2026-05-28 00:35:23 | INFO | Epoch 38 | batch 900/1829 | loss=0.6984 | giou=0.3063 | bbox=0.0352 | ce=0.0253 | aux_giou=0.0000 | aux_bbox=0.0000 | aux_ce=0.0000 | mask=1597 | aux_mask=1821 | pos=196 | targets=196 | preds=273 | centerness=[-6.891, 1.391] | train_seen=1800
2026-05-28 00:37:10 | INFO | Epoch 38 | batch 950/1829 | loss=1.2538 | giou=0.5403 | bbox=0.0379 | ce=0.0153 | aux_giou=0.0499 | aux_bbox=0.0023 | aux_ce=0.0013 | mask=1264 | aux_mask=1756 | pos=54 | targets=54 | preds=234 | centerness=[-5.498, 0.758] | train_seen=1900
2026-05-28 00:38:56 | INFO | Epoch 38 | batch 1000/1829 | loss=0.5565 | giou=0.2550 | bbox=0.0291 | ce=0.0087 | aux_giou=0.0000 | aux_bbox=0.0000 | aux_ce=0.0000 | mask=1212 | aux_mask=1838 | pos=40 | targets=40 | preds=54 | centerness=[-7.203, 1.757] | train_seen=2000
2026-05-28 00:40:43 | INFO | Epoch 38 | batch 1050/1829 | loss=0.5431 | giou=0.2360 | bbox=0.0128 | ce=0.0291 | aux_giou=0.0000 | aux_bbox=0.0000 | aux_ce=0.0000 | mask=1512 | aux_mask=1889 | pos=550 | targets=550 | preds=626 | centerness=[-4.875, 1.811] | train_seen=2100
2026-05-28 00:42:29 | INFO | Epoch 38 | batch 1100/1829 | loss=1.1768 | giou=0.4792 | bbox=0.0415 | ce=0.0885 | aux_giou=0.0000 | aux_bbox=0.0000 | aux_ce=0.0000 | mask=1529 | aux_mask=1579 | pos=741 | targets=741 | preds=710 | centerness=[-4.494, 2.023] | train_seen=2200
2026-05-28 00:44:15 | INFO | Epoch 38 | batch 1150/1829 | loss=0.9147 | giou=0.3913 | bbox=0.0400 | ce=0.0460 | aux_giou=0.0000 | aux_bbox=0.0000 | aux_ce=0.0000 | mask=2018 | aux_mask=2213 | pos=768 | targets=768 | preds=1164 | centerness=[-9.138, 1.236] | train_seen=2300
2026-05-28 00:46:02 | INFO | Epoch 38 | batch 1200/1829 | loss=0.7509 | giou=0.3418 | bbox=0.0259 | ce=0.0207 | aux_giou=0.0000 | aux_bbox=0.0000 | aux_ce=0.0000 | mask=1618 | aux_mask=2022 | pos=204 | targets=204 | preds=257 | centerness=[-4.661, 1.827] | train_seen=2400
2026-05-28 00:47:48 | INFO | Epoch 38 | batch 1250/1829 | loss=0.8428 | giou=0.3826 | bbox=0.0468 | ce=0.0154 | aux_giou=0.0000 | aux_bbox=0.0000 | aux_ce=0.0000 | mask=912 | aux_mask=1356 | pos=76 | targets=76 | preds=83 | centerness=[-9.302, 1.328] | train_seen=2500
2026-05-28 00:49:34 | INFO | Epoch 38 | batch 1300/1829 | loss=0.9395 | giou=0.4180 | bbox=0.0501 | ce=0.0267 | aux_giou=0.0000 | aux_bbox=0.0000 | aux_ce=0.0000 | mask=1450 | aux_mask=1940 | pos=85 | targets=85 | preds=239 | centerness=[-5.406, 1.093] | train_seen=2600
2026-05-28 00:51:20 | INFO | Epoch 38 | batch 1350/1829 | loss=0.7162 | giou=0.3337 | bbox=0.0207 | ce=0.0141 | aux_giou=0.0000 | aux_bbox=0.0000 | aux_ce=0.0000 | mask=1821 | aux_mask=2342 | pos=104 | targets=104 | preds=460 | centerness=[-4.784, 1.638] | train_seen=2700
2026-05-28 00:53:07 | INFO | Epoch 38 | batch 1400/1829 | loss=0.6950 | giou=0.3076 | bbox=0.0335 | ce=0.0231 | aux_giou=0.0000 | aux_bbox=0.0000 | aux_ce=0.0000 | mask=1278 | aux_mask=1927 | pos=120 | targets=120 | preds=364 | centerness=[-8.026, 0.955] | train_seen=2800
2026-05-28 00:54:53 | INFO | Epoch 38 | batch 1450/1829 | loss=0.7885 | giou=0.3428 | bbox=0.0502 | ce=0.0264 | aux_giou=0.0000 | aux_bbox=0.0000 | aux_ce=0.0000 | mask=1296 | aux_mask=1780 | pos=132 | targets=132 | preds=195 | centerness=[-8.118, 1.265] | train_seen=2900
2026-05-28 00:56:39 | INFO | Epoch 38 | batch 1500/1829 | loss=0.7818 | giou=0.3270 | bbox=0.0396 | ce=0.0067 | aux_giou=0.0365 | aux_bbox=0.0011 | aux_ce=0.0004 | mask=1015 | aux_mask=1582 | pos=48 | targets=48 | preds=64 | centerness=[-7.100, 2.094] | train_seen=3000
2026-05-28 00:58:26 | INFO | Epoch 38 | batch 1550/1829 | loss=0.7440 | giou=0.3391 | bbox=0.0286 | ce=0.0186 | aux_giou=0.0000 | aux_bbox=0.0000 | aux_ce=0.0000 | mask=1604 | aux_mask=1742 | pos=172 | targets=172 | preds=317 | centerness=[-5.094, 1.769] | train_seen=3100
2026-05-28 01:00:12 | INFO | Epoch 38 | batch 1600/1829 | loss=0.6348 | giou=0.2796 | bbox=0.0380 | ce=0.0189 | aux_giou=0.0000 | aux_bbox=0.0000 | aux_ce=0.0000 | mask=1206 | aux_mask=1352 | pos=88 | targets=88 | preds=124 | centerness=[-8.254, 2.274] | train_seen=3200
2026-05-28 01:01:58 | INFO | Epoch 38 | batch 1650/1829 | loss=0.5578 | giou=0.2558 | bbox=0.0273 | ce=0.0095 | aux_giou=0.0000 | aux_bbox=0.0000 | aux_ce=0.0000 | mask=1243 | aux_mask=1573 | pos=113 | targets=113 | preds=133 | centerness=[-5.515, 1.636] | train_seen=3300
2026-05-28 01:03:44 | INFO | Epoch 38 | batch 1700/1829 | loss=0.8161 | giou=0.3394 | bbox=0.0167 | ce=0.0229 | aux_giou=0.0351 | aux_bbox=0.0022 | aux_ce=0.0012 | mask=1392 | aux_mask=1674 | pos=139 | targets=139 | preds=286 | centerness=[-4.645, 1.749] | train_seen=3400
2026-05-28 01:05:31 | INFO | Epoch 38 | batch 1750/1829 | loss=0.7444 | giou=0.3251 | bbox=0.0497 | ce=0.0222 | aux_giou=0.0000 | aux_bbox=0.0000 | aux_ce=0.0000 | mask=968 | aux_mask=1598 | pos=53 | targets=53 | preds=121 | centerness=[-5.987, 0.703] | train_seen=3500
2026-05-28 01:07:17 | INFO | Epoch 38 | batch 1800/1829 | loss=0.8089 | giou=0.3355 | bbox=0.0544 | ce=0.0418 | aux_giou=0.0000 | aux_bbox=0.0000 | aux_ce=0.0000 | mask=1438 | aux_mask=1580 | pos=468 | targets=468 | preds=395 | centerness=[-10.049, 1.895] | train_seen=3600
2026-05-28 01:27:53 | INFO | Epoch 38 | train_loss=0.779 | val_loss=0.948 | train_mae=92.366 | val_mae=43.007 | val_rmse=83.04 | test_mae=50.634 | test_rmse=130.45 | time=5064.026s
2026-05-28 01:29:40 | INFO | Epoch 39 | batch 50/1829 | loss=0.9342 | giou=0.3808 | bbox=0.0292 | ce=0.0278 | aux_giou=0.0374 | aux_bbox=0.0017 | aux_ce=0.0057 | mask=1707 | aux_mask=2147 | pos=504 | targets=504 | preds=592 | centerness=[-5.955, 1.667] | train_seen=100
2026-05-28 01:31:26 | INFO | Epoch 39 | batch 100/1829 | loss=0.8039 | giou=0.3238 | bbox=0.0147 | ce=0.0308 | aux_giou=0.0340 | aux_bbox=0.0014 | aux_ce=0.0053 | mask=1711 | aux_mask=1997 | pos=443 | targets=443 | preds=775 | centerness=[-6.009, 1.531] | train_seen=200
2026-05-28 01:33:12 | INFO | Epoch 39 | batch 150/1829 | loss=0.8170 | giou=0.3652 | bbox=0.0602 | ce=0.0132 | aux_giou=0.0000 | aux_bbox=0.0000 | aux_ce=0.0000 | mask=1134 | aux_mask=1977 | pos=64 | targets=64 | preds=178 | centerness=[-8.000, 0.674] | train_seen=300
2026-05-28 01:34:58 | INFO | Epoch 39 | batch 200/1829 | loss=0.6975 | giou=0.3105 | bbox=0.0338 | ce=0.0214 | aux_giou=0.0000 | aux_bbox=0.0000 | aux_ce=0.0000 | mask=1122 | aux_mask=1275 | pos=159 | targets=159 | preds=345 | centerness=[-6.766, 1.490] | train_seen=400
2026-05-28 01:36:45 | INFO | Epoch 39 | batch 250/1829 | loss=0.5231 | giou=0.2342 | bbox=0.0170 | ce=0.0189 | aux_giou=0.0000 | aux_bbox=0.0000 | aux_ce=0.0000 | mask=897 | aux_mask=1275 | pos=117 | targets=117 | preds=141 | centerness=[-6.421, 1.630] | train_seen=500
2026-05-28 01:38:31 | INFO | Epoch 39 | batch 300/1829 | loss=0.5373 | giou=0.2323 | bbox=0.0252 | ce=0.0237 | aux_giou=0.0000 | aux_bbox=0.0000 | aux_ce=0.0000 | mask=1678 | aux_mask=2220 | pos=173 | targets=173 | preds=209 | centerness=[-6.047, 1.681] | train_seen=600
2026-05-28 01:40:17 | INFO | Epoch 39 | batch 350/1829 | loss=0.5594 | giou=0.2481 | bbox=0.0168 | ce=0.0232 | aux_giou=0.0000 | aux_bbox=0.0000 | aux_ce=0.0000 | mask=1153 | aux_mask=1318 | pos=270 | targets=270 | preds=410 | centerness=[-5.840, 1.339] | train_seen=700
2026-05-28 01:42:04 | INFO | Epoch 39 | batch 400/1829 | loss=0.7323 | giou=0.3224 | bbox=0.0590 | ce=0.0142 | aux_giou=0.0000 | aux_bbox=0.0000 | aux_ce=0.0000 | mask=877 | aux_mask=1267 | pos=43 | targets=43 | preds=74 | centerness=[-7.627, 1.544] | train_seen=800
2026-05-28 01:43:50 | INFO | Epoch 39 | batch 450/1829 | loss=0.7194 | giou=0.3063 | bbox=0.0381 | ce=0.0344 | aux_giou=0.0000 | aux_bbox=0.0000 | aux_ce=0.0000 | mask=1304 | aux_mask=1560 | pos=281 | targets=281 | preds=380 | centerness=[-6.108, 2.717] | train_seen=900
2026-05-28 01:45:36 | INFO | Epoch 39 | batch 500/1829 | loss=0.8450 | giou=0.3670 | bbox=0.0612 | ce=0.0248 | aux_giou=0.0000 | aux_bbox=0.0000 | aux_ce=0.0000 | mask=1300 | aux_mask=1708 | pos=152 | targets=152 | preds=217 | centerness=[-5.711, 1.456] | train_seen=1000
2026-05-28 01:47:23 | INFO | Epoch 39 | batch 550/1829 | loss=0.7556 | giou=0.3417 | bbox=0.0268 | ce=0.0227 | aux_giou=0.0000 | aux_bbox=0.0000 | aux_ce=0.0000 | mask=1309 | aux_mask=1636 | pos=208 | targets=208 | preds=338 | centerness=[-6.355, 1.566] | train_seen=1100
2026-05-28 01:49:10 | INFO | Epoch 39 | batch 600/1829 | loss=0.5018 | giou=0.2149 | bbox=0.0563 | ce=0.0079 | aux_giou=0.0000 | aux_bbox=0.0000 | aux_ce=0.0000 | mask=808 | aux_mask=1332 | pos=24 | targets=24 | preds=42 | centerness=[-9.298, 0.356] | train_seen=1200
2026-05-28 01:50:56 | INFO | Epoch 39 | batch 650/1829 | loss=0.8350 | giou=0.3830 | bbox=0.0294 | ce=0.0197 | aux_giou=0.0000 | aux_bbox=0.0000 | aux_ce=0.0000 | mask=1568 | aux_mask=1988 | pos=90 | targets=90 | preds=368 | centerness=[-5.053, 1.760] | train_seen=1300
2026-05-28 01:52:42 | INFO | Epoch 39 | batch 700/1829 | loss=0.8256 | giou=0.3230 | bbox=0.0165 | ce=0.0392 | aux_giou=0.0338 | aux_bbox=0.0018 | aux_ce=0.0077 | mask=1544 | aux_mask=2287 | pos=405 | targets=405 | preds=358 | centerness=[-4.887, 1.898] | train_seen=1400
2026-05-28 01:54:28 | INFO | Epoch 39 | batch 750/1829 | loss=0.6150 | giou=0.2753 | bbox=0.0227 | ce=0.0209 | aux_giou=0.0000 | aux_bbox=0.0000 | aux_ce=0.0000 | mask=1538 | aux_mask=1491 | pos=170 | targets=170 | preds=341 | centerness=[-5.273, 2.092] | train_seen=1500
2026-05-28 01:56:15 | INFO | Epoch 39 | batch 800/1829 | loss=0.8457 | giou=0.3552 | bbox=0.0387 | ce=0.0483 | aux_giou=0.0000 | aux_bbox=0.0000 | aux_ce=0.0000 | mask=1906 | aux_mask=1938 | pos=412 | targets=412 | preds=561 | centerness=[-7.533, 2.174] | train_seen=1600
2026-05-28 01:58:01 | INFO | Epoch 39 | batch 850/1829 | loss=0.8530 | giou=0.3715 | bbox=0.0235 | ce=0.0432 | aux_giou=0.0000 | aux_bbox=0.0000 | aux_ce=0.0000 | mask=1818 | aux_mask=1806 | pos=404 | targets=404 | preds=899 | centerness=[-6.284, 2.231] | train_seen=1700
2026-05-28 01:59:47 | INFO | Epoch 39 | batch 900/1829 | loss=0.4106 | giou=0.1854 | bbox=0.0192 | ce=0.0103 | aux_giou=0.0000 | aux_bbox=0.0000 | aux_ce=0.0000 | mask=1592 | aux_mask=1598 | pos=136 | targets=136 | preds=215 | centerness=[-5.268, 1.956] | train_seen=1800
2026-05-28 02:01:33 | INFO | Epoch 39 | batch 950/1829 | loss=0.6000 | giou=0.2864 | bbox=0.0148 | ce=0.0062 | aux_giou=0.0000 | aux_bbox=0.0000 | aux_ce=0.0000 | mask=1809 | aux_mask=1721 | pos=50 | targets=50 | preds=115 | centerness=[-5.384, 2.693] | train_seen=1900
2026-05-28 02:03:20 | INFO | Epoch 39 | batch 1000/1829 | loss=0.7878 | giou=0.3424 | bbox=0.0360 | ce=0.0335 | aux_giou=0.0000 | aux_bbox=0.0000 | aux_ce=0.0000 | mask=1820 | aux_mask=2549 | pos=456 | targets=456 | preds=596 | centerness=[-7.311, 1.579] | train_seen=2000
2026-05-28 02:05:06 | INFO | Epoch 39 | batch 1050/1829 | loss=0.8129 | giou=0.3597 | bbox=0.0580 | ce=0.0177 | aux_giou=0.0000 | aux_bbox=0.0000 | aux_ce=0.0000 | mask=1127 | aux_mask=1552 | pos=52 | targets=52 | preds=207 | centerness=[-6.641, 0.979] | train_seen=2100
2026-05-28 02:06:52 | INFO | Epoch 39 | batch 1100/1829 | loss=0.7752 | giou=0.3122 | bbox=0.0226 | ce=0.0263 | aux_giou=0.0352 | aux_bbox=0.0014 | aux_ce=0.0018 | mask=1252 | aux_mask=1603 | pos=142 | targets=142 | preds=300 | centerness=[-7.132, 1.723] | train_seen=2200
2026-05-28 02:08:39 | INFO | Epoch 39 | batch 1150/1829 | loss=0.9476 | giou=0.3781 | bbox=0.0207 | ce=0.0402 | aux_giou=0.0405 | aux_bbox=0.0020 | aux_ce=0.0037 | mask=1489 | aux_mask=1746 | pos=309 | targets=309 | preds=535 | centerness=[-5.842, 1.398] | train_seen=2300
2026-05-28 02:10:25 | INFO | Epoch 39 | batch 1200/1829 | loss=0.8904 | giou=0.3877 | bbox=0.0282 | ce=0.0434 | aux_giou=0.0000 | aux_bbox=0.0000 | aux_ce=0.0000 | mask=1210 | aux_mask=1399 | pos=224 | targets=224 | preds=232 | centerness=[-5.296, 1.990] | train_seen=2400
2026-05-28 02:12:12 | INFO | Epoch 39 | batch 1250/1829 | loss=0.8583 | giou=0.3852 | bbox=0.0483 | ce=0.0198 | aux_giou=0.0000 | aux_bbox=0.0000 | aux_ce=0.0000 | mask=1176 | aux_mask=1509 | pos=43 | targets=43 | preds=128 | centerness=[-6.359, 1.427] | train_seen=2500
2026-05-28 02:13:58 | INFO | Epoch 39 | batch 1300/1829 | loss=0.5218 | giou=0.2260 | bbox=0.0411 | ce=0.0144 | aux_giou=0.0000 | aux_bbox=0.0000 | aux_ce=0.0000 | mask=1285 | aux_mask=2068 | pos=53 | targets=53 | preds=143 | centerness=[-7.724, 1.003] | train_seen=2600
2026-05-28 02:15:44 | INFO | Epoch 39 | batch 1350/1829 | loss=0.8928 | giou=0.4016 | bbox=0.0448 | ce=0.0224 | aux_giou=0.0000 | aux_bbox=0.0000 | aux_ce=0.0000 | mask=1487 | aux_mask=2173 | pos=120 | targets=120 | preds=323 | centerness=[-5.062, 1.964] | train_seen=2700
2026-05-28 02:17:31 | INFO | Epoch 39 | batch 1400/1829 | loss=0.7512 | giou=0.3245 | bbox=0.0599 | ce=0.0212 | aux_giou=0.0000 | aux_bbox=0.0000 | aux_ce=0.0000 | mask=1288 | aux_mask=1343 | pos=133 | targets=133 | preds=250 | centerness=[-8.679, 1.218] | train_seen=2800
2026-05-28 02:19:17 | INFO | Epoch 39 | batch 1450/1829 | loss=0.7450 | giou=0.3440 | bbox=0.0163 | ce=0.0203 | aux_giou=0.0000 | aux_bbox=0.0000 | aux_ce=0.0000 | mask=1425 | aux_mask=1587 | pos=328 | targets=328 | preds=330 | centerness=[-4.795, 1.906] | train_seen=2900
2026-05-28 02:21:03 | INFO | Epoch 39 | batch 1500/1829 | loss=0.6192 | giou=0.2850 | bbox=0.0328 | ce=0.0082 | aux_giou=0.0000 | aux_bbox=0.0000 | aux_ce=0.0000 | mask=920 | aux_mask=1139 | pos=42 | targets=42 | preds=82 | centerness=[-6.094, 1.252] | train_seen=3000
2026-05-28 02:22:50 | INFO | Epoch 39 | batch 1550/1829 | loss=0.7358 | giou=0.3247 | bbox=0.0380 | ce=0.0242 | aux_giou=0.0000 | aux_bbox=0.0000 | aux_ce=0.0000 | mask=1228 | aux_mask=1677 | pos=144 | targets=144 | preds=196 | centerness=[-5.793, 1.302] | train_seen=3100
2026-05-28 02:24:36 | INFO | Epoch 39 | batch 1600/1829 | loss=0.7137 | giou=0.3226 | bbox=0.0349 | ce=0.0168 | aux_giou=0.0000 | aux_bbox=0.0000 | aux_ce=0.0000 | mask=994 | aux_mask=1179 | pos=97 | targets=97 | preds=161 | centerness=[-7.091, 1.399] | train_seen=3200
2026-05-28 02:26:23 | INFO | Epoch 39 | batch 1650/1829 | loss=0.5876 | giou=0.2721 | bbox=0.0146 | ce=0.0144 | aux_giou=0.0000 | aux_bbox=0.0000 | aux_ce=0.0000 | mask=1662 | aux_mask=2154 | pos=244 | targets=244 | preds=362 | centerness=[-6.280, 2.689] | train_seen=3300
2026-05-28 02:28:09 | INFO | Epoch 39 | batch 1700/1829 | loss=0.9016 | giou=0.3825 | bbox=0.0734 | ce=0.0317 | aux_giou=0.0000 | aux_bbox=0.0000 | aux_ce=0.0000 | mask=1139 | aux_mask=1561 | pos=100 | targets=100 | preds=207 | centerness=[-6.928, 0.514] | train_seen=3400
2026-05-28 02:29:55 | INFO | Epoch 39 | batch 1750/1829 | loss=0.7035 | giou=0.3076 | bbox=0.0580 | ce=0.0151 | aux_giou=0.0000 | aux_bbox=0.0000 | aux_ce=0.0000 | mask=966 | aux_mask=1562 | pos=41 | targets=41 | preds=118 | centerness=[-8.785, 1.612] | train_seen=3500
2026-05-28 02:31:42 | INFO | Epoch 39 | batch 1800/1829 | loss=0.6436 | giou=0.2805 | bbox=0.0289 | ce=0.0269 | aux_giou=0.0000 | aux_bbox=0.0000 | aux_ce=0.0000 | mask=1538 | aux_mask=1819 | pos=256 | targets=256 | preds=374 | centerness=[-6.436, 2.218] | train_seen=3600
2026-05-28 02:52:17 | INFO | Epoch 39 | train_loss=0.782 | val_loss=0.946 | train_mae=92.951 | val_mae=41.682 | val_rmse=80.09 | test_mae=49.343 | test_rmse=128.23 | time=5063.343s
2026-05-28 02:54:04 | INFO | Epoch 40 | batch 50/1829 | loss=0.8689 | giou=0.3740 | bbox=0.0461 | ce=0.0375 | aux_giou=0.0000 | aux_bbox=0.0000 | aux_ce=0.0000 | mask=1535 | aux_mask=1706 | pos=212 | targets=212 | preds=480 | centerness=[-7.481, 1.793] | train_seen=100
2026-05-28 02:55:50 | INFO | Epoch 40 | batch 100/1829 | loss=0.6952 | giou=0.3074 | bbox=0.0210 | ce=0.0297 | aux_giou=0.0000 | aux_bbox=0.0000 | aux_ce=0.0000 | mask=1242 | aux_mask=1440 | pos=237 | targets=237 | preds=379 | centerness=[-5.197, 1.379] | train_seen=200
2026-05-28 02:57:37 | INFO | Epoch 40 | batch 150/1829 | loss=1.0342 | giou=0.4214 | bbox=0.0174 | ce=0.0398 | aux_giou=0.0459 | aux_bbox=0.0018 | aux_ce=0.0005 | mask=1811 | aux_mask=2033 | pos=547 | targets=547 | preds=985 | centerness=[-5.142, 1.480] | train_seen=300
2026-05-28 02:59:23 | INFO | Epoch 40 | batch 200/1829 | loss=0.8261 | giou=0.3449 | bbox=0.0317 | ce=0.0213 | aux_giou=0.0283 | aux_bbox=0.0010 | aux_ce=0.0023 | mask=1736 | aux_mask=2113 | pos=49 | targets=49 | preds=497 | centerness=[-6.907, 1.953] | train_seen=400
2026-05-28 03:01:09 | INFO | Epoch 40 | batch 250/1829 | loss=1.0128 | giou=0.4592 | bbox=0.0369 | ce=0.0288 | aux_giou=0.0000 | aux_bbox=0.0000 | aux_ce=0.0000 | mask=1570 | aux_mask=1886 | pos=324 | targets=324 | preds=556 | centerness=[-5.308, 1.813] | train_seen=500
2026-05-28 03:02:56 | INFO | Epoch 40 | batch 300/1829 | loss=0.9096 | giou=0.3549 | bbox=0.0405 | ce=0.0320 | aux_giou=0.0428 | aux_bbox=0.0019 | aux_ce=0.0038 | mask=1603 | aux_mask=2071 | pos=147 | targets=147 | preds=836 | centerness=[-6.958, 0.867] | train_seen=600
2026-05-28 03:04:42 | INFO | Epoch 40 | batch 350/1829 | loss=0.6016 | giou=0.2729 | bbox=0.0250 | ce=0.0155 | aux_giou=0.0000 | aux_bbox=0.0000 | aux_ce=0.0000 | mask=1097 | aux_mask=1383 | pos=72 | targets=72 | preds=200 | centerness=[-6.062, 1.183] | train_seen=700
2026-05-28 03:06:28 | INFO | Epoch 40 | batch 400/1829 | loss=0.6649 | giou=0.2881 | bbox=0.0302 | ce=0.0293 | aux_giou=0.0000 | aux_bbox=0.0000 | aux_ce=0.0000 | mask=1444 | aux_mask=1514 | pos=364 | targets=364 | preds=474 | centerness=[-5.639, 1.677] | train_seen=800
2026-05-28 03:08:14 | INFO | Epoch 40 | batch 450/1829 | loss=0.7663 | giou=0.3209 | bbox=0.0210 | ce=0.0517 | aux_giou=0.0000 | aux_bbox=0.0000 | aux_ce=0.0000 | mask=2303 | aux_mask=2517 | pos=640 | targets=640 | preds=1120 | centerness=[-5.037, 1.332] | train_seen=900
2026-05-28 03:10:01 | INFO | Epoch 40 | batch 500/1829 | loss=0.8466 | giou=0.3573 | bbox=0.0351 | ce=0.0173 | aux_giou=0.0292 | aux_bbox=0.0011 | aux_ce=0.0015 | mask=1920 | aux_mask=2618 | pos=64 | targets=64 | preds=203 | centerness=[-6.906, 1.790] | train_seen=1000
2026-05-28 03:11:47 | INFO | Epoch 40 | batch 550/1829 | loss=0.6338 | giou=0.2913 | bbox=0.0338 | ce=0.0087 | aux_giou=0.0000 | aux_bbox=0.0000 | aux_ce=0.0000 | mask=1332 | aux_mask=1543 | pos=86 | targets=86 | preds=104 | centerness=[-5.653, 1.716] | train_seen=1100
2026-05-28 03:13:33 | INFO | Epoch 40 | batch 600/1829 | loss=0.8684 | giou=0.3853 | bbox=0.0362 | ce=0.0309 | aux_giou=0.0000 | aux_bbox=0.0000 | aux_ce=0.0000 | mask=1533 | aux_mask=1396 | pos=76 | targets=76 | preds=825 | centerness=[-9.266, 0.912] | train_seen=1200
2026-05-28 03:15:20 | INFO | Epoch 40 | batch 650/1829 | loss=0.4898 | giou=0.2233 | bbox=0.0232 | ce=0.0100 | aux_giou=0.0000 | aux_bbox=0.0000 | aux_ce=0.0000 | mask=1795 | aux_mask=1989 | pos=236 | targets=236 | preds=316 | centerness=[-7.497, 1.595] | train_seen=1300
2026-05-28 03:17:06 | INFO | Epoch 40 | batch 700/1829 | loss=0.6555 | giou=0.3008 | bbox=0.0276 | ce=0.0132 | aux_giou=0.0000 | aux_bbox=0.0000 | aux_ce=0.0000 | mask=1590 | aux_mask=1988 | pos=115 | targets=115 | preds=123 | centerness=[-5.295, 1.515] | train_seen=1400
2026-05-28 03:18:52 | INFO | Epoch 40 | batch 750/1829 | loss=0.7271 | giou=0.3301 | bbox=0.0556 | ce=0.0056 | aux_giou=0.0000 | aux_bbox=0.0000 | aux_ce=0.0000 | mask=1067 | aux_mask=1382 | pos=24 | targets=24 | preds=52 | centerness=[-6.951, 1.189] | train_seen=1500
2026-05-28 03:20:39 | INFO | Epoch 40 | batch 800/1829 | loss=1.2249 | giou=0.4729 | bbox=0.0578 | ce=0.0509 | aux_giou=0.0483 | aux_bbox=0.0079 | aux_ce=0.0075 | mask=1110 | aux_mask=1277 | pos=349 | targets=349 | preds=441 | centerness=[-7.783, 0.728] | train_seen=1600
2026-05-28 03:22:25 | INFO | Epoch 40 | batch 850/1829 | loss=0.5918 | giou=0.2663 | bbox=0.0343 | ce=0.0124 | aux_giou=0.0000 | aux_bbox=0.0000 | aux_ce=0.0000 | mask=1201 | aux_mask=1769 | pos=74 | targets=74 | preds=95 | centerness=[-7.721, 0.909] | train_seen=1700
2026-05-28 03:24:11 | INFO | Epoch 40 | batch 900/1829 | loss=0.8691 | giou=0.3765 | bbox=0.0361 | ce=0.0400 | aux_giou=0.0000 | aux_bbox=0.0000 | aux_ce=0.0000 | mask=1341 | aux_mask=1325 | pos=255 | targets=255 | preds=286 | centerness=[-8.781, 2.055] | train_seen=1800
2026-05-28 03:25:57 | INFO | Epoch 40 | batch 950/1829 | loss=0.6390 | giou=0.3022 | bbox=0.0220 | ce=0.0063 | aux_giou=0.0000 | aux_bbox=0.0000 | aux_ce=0.0000 | mask=962 | aux_mask=1249 | pos=42 | targets=42 | preds=42 | centerness=[-5.590, 1.914] | train_seen=1900
2026-05-28 03:27:44 | INFO | Epoch 40 | batch 1000/1829 | loss=0.4638 | giou=0.2043 | bbox=0.0249 | ce=0.0152 | aux_giou=0.0000 | aux_bbox=0.0000 | aux_ce=0.0000 | mask=1649 | aux_mask=1873 | pos=184 | targets=184 | preds=239 | centerness=[-5.998, 2.355] | train_seen=2000
2026-05-28 03:29:30 | INFO | Epoch 40 | batch 1050/1829 | loss=0.5810 | giou=0.2716 | bbox=0.0236 | ce=0.0071 | aux_giou=0.0000 | aux_bbox=0.0000 | aux_ce=0.0000 | mask=1399 | aux_mask=1727 | pos=57 | targets=57 | preds=98 | centerness=[-5.251, 1.158] | train_seen=2100
2026-05-28 03:31:16 | INFO | Epoch 40 | batch 1100/1829 | loss=0.8720 | giou=0.3870 | bbox=0.0269 | ce=0.0355 | aux_giou=0.0000 | aux_bbox=0.0000 | aux_ce=0.0000 | mask=2188 | aux_mask=2162 | pos=596 | targets=596 | preds=776 | centerness=[-5.840, 2.091] | train_seen=2200
2026-05-28 03:33:03 | INFO | Epoch 40 | batch 1150/1829 | loss=0.7353 | giou=0.3313 | bbox=0.0508 | ce=0.0110 | aux_giou=0.0000 | aux_bbox=0.0000 | aux_ce=0.0000 | mask=744 | aux_mask=911 | pos=37 | targets=37 | preds=63 | centerness=[-7.116, 0.983] | train_seen=2300
2026-05-28 03:34:49 | INFO | Epoch 40 | batch 1200/1829 | loss=0.7817 | giou=0.3622 | bbox=0.0254 | ce=0.0159 | aux_giou=0.0000 | aux_bbox=0.0000 | aux_ce=0.0000 | mask=2041 | aux_mask=2009 | pos=56 | targets=56 | preds=337 | centerness=[-4.970, 0.977] | train_seen=2400
2026-05-28 03:36:35 | INFO | Epoch 40 | batch 1250/1829 | loss=0.9546 | giou=0.3837 | bbox=0.0361 | ce=0.0210 | aux_giou=0.0508 | aux_bbox=0.0029 | aux_ce=0.0022 | mask=1322 | aux_mask=1785 | pos=112 | targets=112 | preds=294 | centerness=[-7.510, 0.927] | train_seen=2500
2026-05-28 03:38:22 | INFO | Epoch 40 | batch 1300/1829 | loss=0.5988 | giou=0.2715 | bbox=0.0344 | ce=0.0107 | aux_giou=0.0000 | aux_bbox=0.0000 | aux_ce=0.0000 | mask=1104 | aux_mask=1523 | pos=64 | targets=64 | preds=119 | centerness=[-9.191, 2.605] | train_seen=2600
2026-05-28 03:40:08 | INFO | Epoch 40 | batch 1350/1829 | loss=0.9535 | giou=0.3816 | bbox=0.0159 | ce=0.0303 | aux_giou=0.0529 | aux_bbox=0.0024 | aux_ce=0.0028 | mask=1739 | aux_mask=1657 | pos=235 | targets=235 | preds=633 | centerness=[-5.569, 1.228] | train_seen=2700
2026-05-28 03:41:54 | INFO | Epoch 40 | batch 1400/1829 | loss=0.7998 | giou=0.3546 | bbox=0.0584 | ce=0.0160 | aux_giou=0.0000 | aux_bbox=0.0000 | aux_ce=0.0000 | mask=890 | aux_mask=1257 | pos=70 | targets=70 | preds=130 | centerness=[-7.384, 1.280] | train_seen=2800
2026-05-28 03:43:40 | INFO | Epoch 40 | batch 1450/1829 | loss=0.8128 | giou=0.3643 | bbox=0.0415 | ce=0.0213 | aux_giou=0.0000 | aux_bbox=0.0000 | aux_ce=0.0000 | mask=994 | aux_mask=1470 | pos=46 | targets=46 | preds=304 | centerness=[-6.974, 0.833] | train_seen=2900
2026-05-28 03:45:27 | INFO | Epoch 40 | batch 1500/1829 | loss=0.7535 | giou=0.2993 | bbox=0.0189 | ce=0.0273 | aux_giou=0.0365 | aux_bbox=0.0014 | aux_ce=0.0036 | mask=1698 | aux_mask=1750 | pos=93 | targets=93 | preds=571 | centerness=[-5.045, 1.692] | train_seen=3000
2026-05-28 03:47:13 | INFO | Epoch 40 | batch 1550/1829 | loss=0.5641 | giou=0.2568 | bbox=0.0192 | ce=0.0157 | aux_giou=0.0000 | aux_bbox=0.0000 | aux_ce=0.0000 | mask=1596 | aux_mask=1475 | pos=220 | targets=220 | preds=270 | centerness=[-4.887, 2.835] | train_seen=3100
2026-05-28 03:49:00 | INFO | Epoch 40 | batch 1600/1829 | loss=0.6943 | giou=0.3166 | bbox=0.0201 | ce=0.0205 | aux_giou=0.0000 | aux_bbox=0.0000 | aux_ce=0.0000 | mask=1205 | aux_mask=1709 | pos=209 | targets=209 | preds=266 | centerness=[-5.831, 1.780] | train_seen=3200
2026-05-28 03:50:47 | INFO | Epoch 40 | batch 1650/1829 | loss=0.7654 | giou=0.3348 | bbox=0.0404 | ce=0.0277 | aux_giou=0.0000 | aux_bbox=0.0000 | aux_ce=0.0000 | mask=1251 | aux_mask=1576 | pos=88 | targets=88 | preds=203 | centerness=[-6.080, 1.092] | train_seen=3300
2026-05-28 03:52:33 | INFO | Epoch 40 | batch 1700/1829 | loss=0.7507 | giou=0.3351 | bbox=0.0379 | ce=0.0213 | aux_giou=0.0000 | aux_bbox=0.0000 | aux_ce=0.0000 | mask=1186 | aux_mask=1617 | pos=138 | targets=138 | preds=177 | centerness=[-6.485, 2.415] | train_seen=3400
2026-05-28 03:54:19 | INFO | Epoch 40 | batch 1750/1829 | loss=1.1222 | giou=0.4498 | bbox=0.0241 | ce=0.0504 | aux_giou=0.0421 | aux_bbox=0.0032 | aux_ce=0.0052 | mask=1547 | aux_mask=1773 | pos=492 | targets=492 | preds=513 | centerness=[-6.420, 2.033] | train_seen=3500
2026-05-28 03:56:06 | INFO | Epoch 40 | batch 1800/1829 | loss=0.9783 | giou=0.4249 | bbox=0.0199 | ce=0.0173 | aux_giou=0.0351 | aux_bbox=0.0014 | aux_ce=0.0012 | mask=1899 | aux_mask=2040 | pos=184 | targets=184 | preds=346 | centerness=[-5.045, 2.228] | train_seen=3600
2026-05-28 04:16:41 | INFO | Epoch 40 | train_loss=0.781 | val_loss=0.949 | train_mae=91.616 | val_mae=43.323 | val_rmse=83.08 | test_mae=50.476 | test_rmse=128.08 | time=5063.319s
2026-05-28 04:18:28 | INFO | Epoch 41 | batch 50/1829 | loss=0.9960 | giou=0.4067 | bbox=0.0187 | ce=0.0319 | aux_giou=0.0445 | aux_bbox=0.0017 | aux_ce=0.0046 | mask=2544 | aux_mask=2415 | pos=520 | targets=520 | preds=1061 | centerness=[-4.605, 1.913] | train_seen=100
2026-05-28 04:20:14 | INFO | Epoch 41 | batch 100/1829 | loss=0.6119 | giou=0.2695 | bbox=0.0372 | ce=0.0179 | aux_giou=0.0000 | aux_bbox=0.0000 | aux_ce=0.0000 | mask=1268 | aux_mask=1289 | pos=115 | targets=115 | preds=215 | centerness=[-7.026, 1.579] | train_seen=200
2026-05-28 04:22:01 | INFO | Epoch 41 | batch 150/1829 | loss=0.8775 | giou=0.3752 | bbox=0.0173 | ce=0.0222 | aux_giou=0.0318 | aux_bbox=0.0012 | aux_ce=0.0003 | mask=899 | aux_mask=1365 | pos=79 | targets=79 | preds=411 | centerness=[-5.825, 2.066] | train_seen=300
2026-05-28 04:23:47 | INFO | Epoch 41 | batch 200/1829 | loss=0.6163 | giou=0.2761 | bbox=0.0330 | ce=0.0156 | aux_giou=0.0000 | aux_bbox=0.0000 | aux_ce=0.0000 | mask=942 | aux_mask=1460 | pos=58 | targets=58 | preds=121 | centerness=[-7.307, 1.566] | train_seen=400
2026-05-28 04:25:33 | INFO | Epoch 41 | batch 250/1829 | loss=1.0209 | giou=0.4174 | bbox=0.0284 | ce=0.0313 | aux_giou=0.0438 | aux_bbox=0.0018 | aux_ce=0.0029 | mask=1759 | aux_mask=2225 | pos=420 | targets=420 | preds=645 | centerness=[-4.827, 1.541] | train_seen=500
2026-05-28 04:27:20 | INFO | Epoch 41 | batch 300/1829 | loss=0.8981 | giou=0.3710 | bbox=0.0220 | ce=0.0337 | aux_giou=0.0303 | aux_bbox=0.0021 | aux_ce=0.0020 | mask=1041 | aux_mask=1302 | pos=162 | targets=162 | preds=164 | centerness=[-5.431, 0.892] | train_seen=600
2026-05-28 04:29:06 | INFO | Epoch 41 | batch 350/1829 | loss=0.7087 | giou=0.3235 | bbox=0.0216 | ce=0.0201 | aux_giou=0.0000 | aux_bbox=0.0000 | aux_ce=0.0000 | mask=1167 | aux_mask=1586 | pos=144 | targets=144 | preds=224 | centerness=[-5.681, 2.115] | train_seen=700
2026-05-28 04:30:52 | INFO | Epoch 41 | batch 400/1829 | loss=0.5462 | giou=0.2473 | bbox=0.0149 | ce=0.0183 | aux_giou=0.0000 | aux_bbox=0.0000 | aux_ce=0.0000 | mask=1998 | aux_mask=1462 | pos=93 | targets=93 | preds=520 | centerness=[-4.686, 1.565] | train_seen=800
2026-05-28 04:32:39 | INFO | Epoch 41 | batch 450/1829 | loss=0.7313 | giou=0.3334 | bbox=0.0220 | ce=0.0213 | aux_giou=0.0000 | aux_bbox=0.0000 | aux_ce=0.0000 | mask=1449 | aux_mask=1644 | pos=164 | targets=164 | preds=313 | centerness=[-5.645, 2.125] | train_seen=900
2026-05-28 04:34:25 | INFO | Epoch 41 | batch 500/1829 | loss=0.7758 | giou=0.3533 | bbox=0.0252 | ce=0.0221 | aux_giou=0.0000 | aux_bbox=0.0000 | aux_ce=0.0000 | mask=1415 | aux_mask=1386 | pos=100 | targets=100 | preds=564 | centerness=[-4.258, 1.441] | train_seen=1000
2026-05-28 04:36:12 | INFO | Epoch 41 | batch 550/1829 | loss=0.6322 | giou=0.2690 | bbox=0.0370 | ce=0.0286 | aux_giou=0.0000 | aux_bbox=0.0000 | aux_ce=0.0000 | mask=1618 | aux_mask=2670 | pos=148 | targets=148 | preds=277 | centerness=[-7.393, 0.909] | train_seen=1100
2026-05-28 04:37:58 | INFO | Epoch 41 | batch 600/1829 | loss=0.6316 | giou=0.2709 | bbox=0.0494 | ce=0.0202 | aux_giou=0.0000 | aux_bbox=0.0000 | aux_ce=0.0000 | mask=1084 | aux_mask=1288 | pos=87 | targets=87 | preds=152 | centerness=[-8.061, 1.365] | train_seen=1200
2026-05-28 04:39:44 | INFO | Epoch 41 | batch 650/1829 | loss=0.5752 | giou=0.2563 | bbox=0.0339 | ce=0.0143 | aux_giou=0.0000 | aux_bbox=0.0000 | aux_ce=0.0000 | mask=1210 | aux_mask=1141 | pos=104 | targets=104 | preds=209 | centerness=[-6.802, 1.318] | train_seen=1300
2026-05-28 04:41:31 | INFO | Epoch 41 | batch 700/1829 | loss=0.4674 | giou=0.2112 | bbox=0.0264 | ce=0.0093 | aux_giou=0.0000 | aux_bbox=0.0000 | aux_ce=0.0000 | mask=1231 | aux_mask=1968 | pos=48 | targets=48 | preds=88 | centerness=[-6.599, 1.004] | train_seen=1400
2026-05-28 04:43:17 | INFO | Epoch 41 | batch 750/1829 | loss=0.8185 | giou=0.3387 | bbox=0.0300 | ce=0.0556 | aux_giou=0.0000 | aux_bbox=0.0000 | aux_ce=0.0000 | mask=1684 | aux_mask=1833 | pos=388 | targets=388 | preds=470 | centerness=[-6.697, 1.189] | train_seen=1500
2026-05-28 04:45:04 | INFO | Epoch 41 | batch 800/1829 | loss=0.6184 | giou=0.2695 | bbox=0.0398 | ce=0.0198 | aux_giou=0.0000 | aux_bbox=0.0000 | aux_ce=0.0000 | mask=935 | aux_mask=1030 | pos=86 | targets=86 | preds=150 | centerness=[-8.156, 2.672] | train_seen=1600
2026-05-28 04:46:50 | INFO | Epoch 41 | batch 850/1829 | loss=0.6790 | giou=0.3119 | bbox=0.0276 | ce=0.0138 | aux_giou=0.0000 | aux_bbox=0.0000 | aux_ce=0.0000 | mask=1439 | aux_mask=1763 | pos=116 | targets=116 | preds=209 | centerness=[-4.958, 2.128] | train_seen=1700
2026-05-28 04:48:37 | INFO | Epoch 41 | batch 900/1829 | loss=0.9065 | giou=0.3333 | bbox=0.0203 | ce=0.0613 | aux_giou=0.0430 | aux_bbox=0.0021 | aux_ce=0.0044 | mask=1791 | aux_mask=2312 | pos=456 | targets=456 | preds=353 | centerness=[-5.103, 1.962] | train_seen=1800
2026-05-28 04:50:23 | INFO | Epoch 41 | batch 950/1829 | loss=0.8846 | giou=0.3642 | bbox=0.0254 | ce=0.0196 | aux_giou=0.0436 | aux_bbox=0.0016 | aux_ce=0.0014 | mask=2386 | aux_mask=2827 | pos=184 | targets=184 | preds=652 | centerness=[-7.600, 0.826] | train_seen=1900
2026-05-28 04:52:09 | INFO | Epoch 41 | batch 1000/1829 | loss=1.0099 | giou=0.4374 | bbox=0.0608 | ce=0.0371 | aux_giou=0.0000 | aux_bbox=0.0000 | aux_ce=0.0000 | mask=1637 | aux_mask=1884 | pos=449 | targets=449 | preds=594 | centerness=[-7.316, 1.589] | train_seen=2000
2026-05-28 04:53:56 | INFO | Epoch 41 | batch 1050/1829 | loss=1.2281 | giou=0.4814 | bbox=0.0466 | ce=0.0477 | aux_giou=0.0524 | aux_bbox=0.0037 | aux_ce=0.0074 | mask=2234 | aux_mask=1907 | pos=591 | targets=591 | preds=1376 | centerness=[-7.373, 0.844] | train_seen=2100
2026-05-28 04:55:42 | INFO | Epoch 41 | batch 1100/1829 | loss=1.1607 | giou=0.4777 | bbox=0.0336 | ce=0.0314 | aux_giou=0.0494 | aux_bbox=0.0023 | aux_ce=0.0039 | mask=2155 | aux_mask=2353 | pos=235 | targets=235 | preds=653 | centerness=[-4.799, 1.078] | train_seen=2200
2026-05-28 04:57:29 | INFO | Epoch 41 | batch 1150/1829 | loss=0.8228 | giou=0.3563 | bbox=0.0424 | ce=0.0066 | aux_giou=0.0262 | aux_bbox=0.0010 | aux_ce=0.0007 | mask=1009 | aux_mask=1624 | pos=68 | targets=68 | preds=83 | centerness=[-8.754, 1.685] | train_seen=2300
2026-05-28 04:59:15 | INFO | Epoch 41 | batch 1200/1829 | loss=0.8373 | giou=0.3682 | bbox=0.0166 | ce=0.0422 | aux_giou=0.0000 | aux_bbox=0.0000 | aux_ce=0.0000 | mask=2213 | aux_mask=2234 | pos=1115 | targets=1115 | preds=1507 | centerness=[-5.248, 1.808] | train_seen=2400
2026-05-28 05:01:01 | INFO | Epoch 41 | batch 1250/1829 | loss=0.9779 | giou=0.4327 | bbox=0.0301 | ce=0.0412 | aux_giou=0.0000 | aux_bbox=0.0000 | aux_ce=0.0000 | mask=1787 | aux_mask=1778 | pos=252 | targets=252 | preds=841 | centerness=[-5.977, 1.005] | train_seen=2500
2026-05-28 05:02:48 | INFO | Epoch 41 | batch 1300/1829 | loss=0.9377 | giou=0.3575 | bbox=0.0223 | ce=0.0481 | aux_giou=0.0439 | aux_bbox=0.0019 | aux_ce=0.0073 | mask=2408 | aux_mask=2261 | pos=936 | targets=936 | preds=1363 | centerness=[-4.926, 1.535] | train_seen=2600
2026-05-28 05:04:34 | INFO | Epoch 41 | batch 1350/1829 | loss=0.7323 | giou=0.3244 | bbox=0.0591 | ce=0.0122 | aux_giou=0.0000 | aux_bbox=0.0000 | aux_ce=0.0000 | mask=866 | aux_mask=1056 | pos=31 | targets=31 | preds=96 | centerness=[-8.361, 0.615] | train_seen=2700
2026-05-28 05:06:20 | INFO | Epoch 41 | batch 1400/1829 | loss=0.7999 | giou=0.3554 | bbox=0.0286 | ce=0.0303 | aux_giou=0.0000 | aux_bbox=0.0000 | aux_ce=0.0000 | mask=1393 | aux_mask=1809 | pos=315 | targets=315 | preds=602 | centerness=[-5.328, 1.581] | train_seen=2800
2026-05-28 05:08:07 | INFO | Epoch 41 | batch 1450/1829 | loss=0.6638 | giou=0.2868 | bbox=0.0396 | ce=0.0252 | aux_giou=0.0000 | aux_bbox=0.0000 | aux_ce=0.0000 | mask=1340 | aux_mask=1814 | pos=145 | targets=145 | preds=286 | centerness=[-6.976, 1.411] | train_seen=2900
2026-05-28 05:09:53 | INFO | Epoch 41 | batch 1500/1829 | loss=0.3636 | giou=0.1707 | bbox=0.0159 | ce=0.0031 | aux_giou=0.0000 | aux_bbox=0.0000 | aux_ce=0.0000 | mask=1199 | aux_mask=1974 | pos=56 | targets=56 | preds=60 | centerness=[-9.164, 0.945] | train_seen=3000
2026-05-28 05:11:40 | INFO | Epoch 41 | batch 1550/1829 | loss=0.7618 | giou=0.3473 | bbox=0.0291 | ce=0.0191 | aux_giou=0.0000 | aux_bbox=0.0000 | aux_ce=0.0000 | mask=1428 | aux_mask=1647 | pos=120 | targets=120 | preds=376 | centerness=[-5.378, 1.986] | train_seen=3100
2026-05-28 05:13:26 | INFO | Epoch 41 | batch 1600/1829 | loss=0.5361 | giou=0.2444 | bbox=0.0305 | ce=0.0084 | aux_giou=0.0000 | aux_bbox=0.0000 | aux_ce=0.0000 | mask=1493 | aux_mask=1721 | pos=68 | targets=68 | preds=139 | centerness=[-5.332, 1.606] | train_seen=3200
2026-05-28 05:15:12 | INFO | Epoch 41 | batch 1650/1829 | loss=0.6548 | giou=0.2958 | bbox=0.0335 | ce=0.0148 | aux_giou=0.0000 | aux_bbox=0.0000 | aux_ce=0.0000 | mask=1212 | aux_mask=1515 | pos=84 | targets=84 | preds=178 | centerness=[-8.295, 1.623] | train_seen=3300
2026-05-28 05:16:58 | INFO | Epoch 41 | batch 1700/1829 | loss=0.8199 | giou=0.3610 | bbox=0.0145 | ce=0.0052 | aux_giou=0.0351 | aux_bbox=0.0019 | aux_ce=0.0005 | mask=971 | aux_mask=1789 | pos=58 | targets=58 | preds=68 | centerness=[-5.527, 2.441] | train_seen=3400
2026-05-28 05:18:45 | INFO | Epoch 41 | batch 1750/1829 | loss=0.9141 | giou=0.3963 | bbox=0.0469 | ce=0.0373 | aux_giou=0.0000 | aux_bbox=0.0000 | aux_ce=0.0000 | mask=1587 | aux_mask=1942 | pos=236 | targets=236 | preds=625 | centerness=[-6.230, 1.036] | train_seen=3500
2026-05-28 05:20:31 | INFO | Epoch 41 | batch 1800/1829 | loss=0.6297 | giou=0.2998 | bbox=0.0204 | ce=0.0049 | aux_giou=0.0000 | aux_bbox=0.0000 | aux_ce=0.0000 | mask=996 | aux_mask=1603 | pos=33 | targets=33 | preds=50 | centerness=[-6.782, 1.644] | train_seen=3600
2026-05-28 05:41:06 | INFO | Epoch 41 | train_loss=0.780 | val_loss=0.944 | train_mae=91.033 | val_mae=43.720 | val_rmse=83.58 | test_mae=50.852 | test_rmse=128.54 | time=5064.165s
2026-05-28 05:42:53 | INFO | Epoch 42 | batch 50/1829 | loss=1.0017 | giou=0.4334 | bbox=0.0420 | ce=0.0464 | aux_giou=0.0000 | aux_bbox=0.0000 | aux_ce=0.0000 | mask=1997 | aux_mask=2402 | pos=440 | targets=440 | preds=860 | centerness=[-4.225, 1.821] | train_seen=100
2026-05-28 05:44:40 | INFO | Epoch 42 | batch 100/1829 | loss=0.7348 | giou=0.3213 | bbox=0.0311 | ce=0.0306 | aux_giou=0.0000 | aux_bbox=0.0000 | aux_ce=0.0000 | mask=1391 | aux_mask=1585 | pos=196 | targets=196 | preds=308 | centerness=[-5.853, 1.426] | train_seen=200
2026-05-28 05:46:26 | INFO | Epoch 42 | batch 150/1829 | loss=0.7019 | giou=0.3122 | bbox=0.0333 | ce=0.0221 | aux_giou=0.0000 | aux_bbox=0.0000 | aux_ce=0.0000 | mask=1328 | aux_mask=1784 | pos=129 | targets=129 | preds=177 | centerness=[-6.423, 1.090] | train_seen=300
2026-05-28 05:48:12 | INFO | Epoch 42 | batch 200/1829 | loss=0.6564 | giou=0.2885 | bbox=0.0638 | ce=0.0078 | aux_giou=0.0000 | aux_bbox=0.0000 | aux_ce=0.0000 | mask=1137 | aux_mask=1800 | pos=51 | targets=51 | preds=77 | centerness=[-7.658, 2.177] | train_seen=400
2026-05-28 05:49:59 | INFO | Epoch 42 | batch 250/1829 | loss=0.8521 | giou=0.3487 | bbox=0.0312 | ce=0.0277 | aux_giou=0.0306 | aux_bbox=0.0018 | aux_ce=0.0026 | mask=1579 | aux_mask=1399 | pos=204 | targets=204 | preds=699 | centerness=[-5.854, 2.103] | train_seen=500
2026-05-28 05:51:45 | INFO | Epoch 42 | batch 300/1829 | loss=0.8721 | giou=0.3587 | bbox=0.0429 | ce=0.0185 | aux_giou=0.0345 | aux_bbox=0.0014 | aux_ce=0.0021 | mask=1680 | aux_mask=1790 | pos=80 | targets=80 | preds=474 | centerness=[-8.500, 1.594] | train_seen=600
2026-05-28 05:53:32 | INFO | Epoch 42 | batch 350/1829 | loss=0.3556 | giou=0.1558 | bbox=0.0168 | ce=0.0136 | aux_giou=0.0000 | aux_bbox=0.0000 | aux_ce=0.0000 | mask=1113 | aux_mask=1182 | pos=124 | targets=124 | preds=181 | centerness=[-6.332, 1.397] | train_seen=700
2026-05-28 05:55:18 | INFO | Epoch 42 | batch 400/1829 | loss=0.6790 | giou=0.3010 | bbox=0.0297 | ce=0.0237 | aux_giou=0.0000 | aux_bbox=0.0000 | aux_ce=0.0000 | mask=1475 | aux_mask=1938 | pos=188 | targets=188 | preds=330 | centerness=[-6.285, 2.119] | train_seen=800
2026-05-28 05:57:04 | INFO | Epoch 42 | batch 450/1829 | loss=0.6599 | giou=0.3075 | bbox=0.0207 | ce=0.0121 | aux_giou=0.0000 | aux_bbox=0.0000 | aux_ce=0.0000 | mask=1812 | aux_mask=2580 | pos=1125 | targets=1125 | preds=1199 | centerness=[-5.280, 2.292] | train_seen=900
2026-05-28 05:58:51 | INFO | Epoch 42 | batch 500/1829 | loss=0.6500 | giou=0.2879 | bbox=0.0251 | ce=0.0246 | aux_giou=0.0000 | aux_bbox=0.0000 | aux_ce=0.0000 | mask=1870 | aux_mask=2216 | pos=247 | targets=247 | preds=419 | centerness=[-6.113, 2.192] | train_seen=1000
2026-05-28 06:00:37 | INFO | Epoch 42 | batch 550/1829 | loss=0.8990 | giou=0.4101 | bbox=0.0353 | ce=0.0218 | aux_giou=0.0000 | aux_bbox=0.0000 | aux_ce=0.0000 | mask=1137 | aux_mask=1340 | pos=81 | targets=81 | preds=230 | centerness=[-5.706, 0.870] | train_seen=1100
2026-05-28 06:02:23 | INFO | Epoch 42 | batch 600/1829 | loss=0.6408 | giou=0.2881 | bbox=0.0290 | ce=0.0178 | aux_giou=0.0000 | aux_bbox=0.0000 | aux_ce=0.0000 | mask=1397 | aux_mask=1661 | pos=190 | targets=190 | preds=194 | centerness=[-6.900, 2.162] | train_seen=1200
2026-05-28 06:04:10 | INFO | Epoch 42 | batch 650/1829 | loss=0.7414 | giou=0.3185 | bbox=0.0263 | ce=0.0072 | aux_giou=0.0303 | aux_bbox=0.0013 | aux_ce=0.0009 | mask=1405 | aux_mask=1747 | pos=76 | targets=76 | preds=88 | centerness=[-6.589, 1.852] | train_seen=1300
2026-05-28 06:05:56 | INFO | Epoch 42 | batch 700/1829 | loss=1.1192 | giou=0.4532 | bbox=0.0498 | ce=0.0391 | aux_giou=0.0384 | aux_bbox=0.0016 | aux_ce=0.0032 | mask=2585 | aux_mask=2384 | pos=296 | targets=296 | preds=1848 | centerness=[-8.767, 0.966] | train_seen=1400
2026-05-28 06:07:42 | INFO | Epoch 42 | batch 750/1829 | loss=1.0071 | giou=0.4524 | bbox=0.0331 | ce=0.0346 | aux_giou=0.0000 | aux_bbox=0.0000 | aux_ce=0.0000 | mask=1124 | aux_mask=1900 | pos=157 | targets=157 | preds=178 | centerness=[-5.877, 0.982] | train_seen=1500
2026-05-28 06:09:29 | INFO | Epoch 42 | batch 800/1829 | loss=0.7679 | giou=0.3476 | bbox=0.0412 | ce=0.0158 | aux_giou=0.0000 | aux_bbox=0.0000 | aux_ce=0.0000 | mask=1202 | aux_mask=1303 | pos=59 | targets=59 | preds=240 | centerness=[-8.566, 1.189] | train_seen=1600
2026-05-28 06:11:15 | INFO | Epoch 42 | batch 850/1829 | loss=0.5605 | giou=0.2535 | bbox=0.0233 | ce=0.0151 | aux_giou=0.0000 | aux_bbox=0.0000 | aux_ce=0.0000 | mask=1319 | aux_mask=2151 | pos=108 | targets=108 | preds=134 | centerness=[-6.692, 1.077] | train_seen=1700
2026-05-28 06:13:01 | INFO | Epoch 42 | batch 900/1829 | loss=0.5615 | giou=0.2446 | bbox=0.0387 | ce=0.0168 | aux_giou=0.0000 | aux_bbox=0.0000 | aux_ce=0.0000 | mask=686 | aux_mask=1179 | pos=50 | targets=50 | preds=92 | centerness=[-8.942, 0.869] | train_seen=1800
2026-05-28 06:14:48 | INFO | Epoch 42 | batch 950/1829 | loss=0.7536 | giou=0.3278 | bbox=0.0381 | ce=0.0300 | aux_giou=0.0000 | aux_bbox=0.0000 | aux_ce=0.0000 | mask=1065 | aux_mask=1307 | pos=125 | targets=125 | preds=305 | centerness=[-5.464, 1.286] | train_seen=1900
2026-05-28 06:16:35 | INFO | Epoch 42 | batch 1000/1829 | loss=0.7544 | giou=0.3341 | bbox=0.0524 | ce=0.0168 | aux_giou=0.0000 | aux_bbox=0.0000 | aux_ce=0.0000 | mask=1479 | aux_mask=2173 | pos=89 | targets=89 | preds=221 | centerness=[-6.373, 1.125] | train_seen=2000
2026-05-28 06:18:21 | INFO | Epoch 42 | batch 1050/1829 | loss=0.9227 | giou=0.3633 | bbox=0.0706 | ce=0.0286 | aux_giou=0.0297 | aux_bbox=0.0060 | aux_ce=0.0015 | mask=1478 | aux_mask=1889 | pos=93 | targets=93 | preds=282 | centerness=[-8.695, 0.691] | train_seen=2100
2026-05-28 06:20:08 | INFO | Epoch 42 | batch 1100/1829 | loss=0.5423 | giou=0.2494 | bbox=0.0264 | ce=0.0085 | aux_giou=0.0000 | aux_bbox=0.0000 | aux_ce=0.0000 | mask=941 | aux_mask=1434 | pos=44 | targets=44 | preds=63 | centerness=[-6.523, 1.648] | train_seen=2200
2026-05-28 06:21:54 | INFO | Epoch 42 | batch 1150/1829 | loss=0.7162 | giou=0.3194 | bbox=0.0267 | ce=0.0253 | aux_giou=0.0000 | aux_bbox=0.0000 | aux_ce=0.0000 | mask=1548 | aux_mask=1502 | pos=303 | targets=303 | preds=485 | centerness=[-6.407, 2.329] | train_seen=2300
2026-05-28 06:23:40 | INFO | Epoch 42 | batch 1200/1829 | loss=0.6540 | giou=0.2908 | bbox=0.0367 | ce=0.0179 | aux_giou=0.0000 | aux_bbox=0.0000 | aux_ce=0.0000 | mask=1013 | aux_mask=1126 | pos=64 | targets=64 | preds=128 | centerness=[-7.969, 1.339] | train_seen=2400
2026-05-28 06:25:26 | INFO | Epoch 42 | batch 1250/1829 | loss=0.5054 | giou=0.2150 | bbox=0.0369 | ce=0.0192 | aux_giou=0.0000 | aux_bbox=0.0000 | aux_ce=0.0000 | mask=837 | aux_mask=1322 | pos=136 | targets=136 | preds=166 | centerness=[-8.289, 1.509] | train_seen=2500
2026-05-28 06:27:13 | INFO | Epoch 42 | batch 1300/1829 | loss=1.2667 | giou=0.5088 | bbox=0.0183 | ce=0.0308 | aux_giou=0.0778 | aux_bbox=0.0040 | aux_ce=0.0049 | mask=1987 | aux_mask=2162 | pos=440 | targets=440 | preds=911 | centerness=[-4.544, 1.730] | train_seen=2600
2026-05-28 06:28:59 | INFO | Epoch 42 | batch 1350/1829 | loss=0.6468 | giou=0.2973 | bbox=0.0341 | ce=0.0091 | aux_giou=0.0000 | aux_bbox=0.0000 | aux_ce=0.0000 | mask=1426 | aux_mask=1210 | pos=116 | targets=116 | preds=149 | centerness=[-6.919, 1.173] | train_seen=2700
2026-05-28 06:30:45 | INFO | Epoch 42 | batch 1400/1829 | loss=0.9487 | giou=0.4083 | bbox=0.0241 | ce=0.0172 | aux_giou=0.0342 | aux_bbox=0.0013 | aux_ce=0.0019 | mask=1391 | aux_mask=1316 | pos=332 | targets=332 | preds=339 | centerness=[-6.770, 1.673] | train_seen=2800
2026-05-28 06:32:32 | INFO | Epoch 42 | batch 1450/1829 | loss=0.4774 | giou=0.2235 | bbox=0.0140 | ce=0.0082 | aux_giou=0.0000 | aux_bbox=0.0000 | aux_ce=0.0000 | mask=1216 | aux_mask=1600 | pos=71 | targets=71 | preds=108 | centerness=[-6.730, 1.293] | train_seen=2900
2026-05-28 06:34:18 | INFO | Epoch 42 | batch 1500/1829 | loss=0.8298 | giou=0.3560 | bbox=0.0290 | ce=0.0062 | aux_giou=0.0373 | aux_bbox=0.0012 | aux_ce=0.0003 | mask=960 | aux_mask=1774 | pos=40 | targets=40 | preds=39 | centerness=[-6.697, 2.260] | train_seen=3000
2026-05-28 06:36:04 | INFO | Epoch 42 | batch 1550/1829 | loss=0.6630 | giou=0.2978 | bbox=0.0224 | ce=0.0225 | aux_giou=0.0000 | aux_bbox=0.0000 | aux_ce=0.0000 | mask=1713 | aux_mask=2034 | pos=117 | targets=117 | preds=338 | centerness=[-7.162, 1.217] | train_seen=3100
2026-05-28 06:37:51 | INFO | Epoch 42 | batch 1600/1829 | loss=1.0824 | giou=0.4204 | bbox=0.1222 | ce=0.0155 | aux_giou=0.0382 | aux_bbox=0.0093 | aux_ce=0.0014 | mask=815 | aux_mask=1903 | pos=41 | targets=41 | preds=68 | centerness=[-8.114, 1.065] | train_seen=3200
2026-05-28 06:39:37 | INFO | Epoch 42 | batch 1650/1829 | loss=0.5812 | giou=0.2580 | bbox=0.0368 | ce=0.0142 | aux_giou=0.0000 | aux_bbox=0.0000 | aux_ce=0.0000 | mask=1495 | aux_mask=2679 | pos=155 | targets=155 | preds=206 | centerness=[-6.528, 1.522] | train_seen=3300
2026-05-28 06:41:23 | INFO | Epoch 42 | batch 1700/1829 | loss=0.7471 | giou=0.3169 | bbox=0.0248 | ce=0.0442 | aux_giou=0.0000 | aux_bbox=0.0000 | aux_ce=0.0000 | mask=1182 | aux_mask=1341 | pos=228 | targets=228 | preds=227 | centerness=[-5.202, 1.866] | train_seen=3400
2026-05-28 06:43:10 | INFO | Epoch 42 | batch 1750/1829 | loss=0.6168 | giou=0.2550 | bbox=0.0111 | ce=0.0191 | aux_giou=0.0277 | aux_bbox=0.0010 | aux_ce=0.0006 | mask=1937 | aux_mask=2125 | pos=376 | targets=376 | preds=600 | centerness=[-5.583, 2.404] | train_seen=3500
2026-05-28 06:44:56 | INFO | Epoch 42 | batch 1800/1829 | loss=0.5486 | giou=0.2517 | bbox=0.0370 | ce=0.0041 | aux_giou=0.0000 | aux_bbox=0.0000 | aux_ce=0.0000 | mask=1192 | aux_mask=1443 | pos=59 | targets=59 | preds=66 | centerness=[-6.675, 1.820] | train_seen=3600
2026-05-28 07:05:32 | INFO | Epoch 42 | train_loss=0.778 | val_loss=0.943 | train_mae=92.966 | val_mae=42.614 | val_rmse=81.93 | test_mae=49.766 | test_rmse=127.19 | time=5065.372s
2026-05-28 07:07:19 | INFO | Epoch 43 | batch 50/1829 | loss=0.7044 | giou=0.3199 | bbox=0.0289 | ce=0.0178 | aux_giou=0.0000 | aux_bbox=0.0000 | aux_ce=0.0000 | mask=1309 | aux_mask=1671 | pos=110 | targets=110 | preds=211 | centerness=[-8.088, 1.482] | train_seen=100
2026-05-28 07:09:06 | INFO | Epoch 43 | batch 100/1829 | loss=0.8946 | giou=0.3834 | bbox=0.0565 | ce=0.0357 | aux_giou=0.0000 | aux_bbox=0.0000 | aux_ce=0.0000 | mask=1007 | aux_mask=1272 | pos=126 | targets=126 | preds=101 | centerness=[-6.487, 1.569] | train_seen=200
2026-05-28 07:10:52 | INFO | Epoch 43 | batch 150/1829 | loss=0.7502 | giou=0.3251 | bbox=0.0607 | ce=0.0196 | aux_giou=0.0000 | aux_bbox=0.0000 | aux_ce=0.0000 | mask=1460 | aux_mask=1687 | pos=364 | targets=364 | preds=405 | centerness=[-8.084, 1.887] | train_seen=300
2026-05-28 07:12:39 | INFO | Epoch 43 | batch 200/1829 | loss=1.0113 | giou=0.4268 | bbox=0.0355 | ce=0.0103 | aux_giou=0.0483 | aux_bbox=0.0042 | aux_ce=0.0003 | mask=890 | aux_mask=1443 | pos=104 | targets=104 | preds=117 | centerness=[-9.154, 2.144] | train_seen=400
2026-05-28 07:14:25 | INFO | Epoch 43 | batch 250/1829 | loss=0.8075 | giou=0.3541 | bbox=0.0327 | ce=0.0333 | aux_giou=0.0000 | aux_bbox=0.0000 | aux_ce=0.0000 | mask=1699 | aux_mask=1834 | pos=172 | targets=172 | preds=399 | centerness=[-5.126, 1.980] | train_seen=500
2026-05-28 07:16:11 | INFO | Epoch 43 | batch 300/1829 | loss=0.5833 | giou=0.2524 | bbox=0.0326 | ce=0.0230 | aux_giou=0.0000 | aux_bbox=0.0000 | aux_ce=0.0000 | mask=1304 | aux_mask=1386 | pos=145 | targets=145 | preds=109 | centerness=[-6.472, 1.940] | train_seen=600
2026-05-28 07:17:58 | INFO | Epoch 43 | batch 350/1829 | loss=0.4749 | giou=0.2148 | bbox=0.0295 | ce=0.0080 | aux_giou=0.0000 | aux_bbox=0.0000 | aux_ce=0.0000 | mask=1038 | aux_mask=1521 | pos=97 | targets=97 | preds=137 | centerness=[-7.378, 1.846] | train_seen=700
2026-05-28 07:19:44 | INFO | Epoch 43 | batch 400/1829 | loss=1.0067 | giou=0.4205 | bbox=0.0346 | ce=0.0655 | aux_giou=0.0000 | aux_bbox=0.0000 | aux_ce=0.0000 | mask=1817 | aux_mask=2241 | pos=504 | targets=504 | preds=580 | centerness=[-4.387, 1.296] | train_seen=800
2026-05-28 07:21:30 | INFO | Epoch 43 | batch 450/1829 | loss=0.8206 | giou=0.3538 | bbox=0.0637 | ce=0.0247 | aux_giou=0.0000 | aux_bbox=0.0000 | aux_ce=0.0000 | mask=1017 | aux_mask=1091 | pos=112 | targets=112 | preds=134 | centerness=[-8.712, 1.394] | train_seen=900
2026-05-28 07:23:17 | INFO | Epoch 43 | batch 500/1829 | loss=0.4777 | giou=0.2143 | bbox=0.0298 | ce=0.0096 | aux_giou=0.0000 | aux_bbox=0.0000 | aux_ce=0.0000 | mask=1123 | aux_mask=1557 | pos=80 | targets=80 | preds=120 | centerness=[-5.887, 0.808] | train_seen=1000
2026-05-28 07:25:04 | INFO | Epoch 43 | batch 550/1829 | loss=0.6083 | giou=0.2715 | bbox=0.0406 | ce=0.0124 | aux_giou=0.0000 | aux_bbox=0.0000 | aux_ce=0.0000 | mask=1100 | aux_mask=1305 | pos=124 | targets=124 | preds=171 | centerness=[-6.877, 1.607] | train_seen=1100
2026-05-28 07:26:50 | INFO | Epoch 43 | batch 600/1829 | loss=1.1339 | giou=0.5046 | bbox=0.0396 | ce=0.0425 | aux_giou=0.0000 | aux_bbox=0.0000 | aux_ce=0.0000 | mask=2021 | aux_mask=1845 | pos=295 | targets=295 | preds=822 | centerness=[-4.288, 1.352] | train_seen=1200
2026-05-28 07:28:36 | INFO | Epoch 43 | batch 650/1829 | loss=0.5352 | giou=0.2218 | bbox=0.0261 | ce=0.0328 | aux_giou=0.0000 | aux_bbox=0.0000 | aux_ce=0.0000 | mask=1669 | aux_mask=2550 | pos=208 | targets=208 | preds=472 | centerness=[-6.917, 0.708] | train_seen=1300
2026-05-28 07:30:23 | INFO | Epoch 43 | batch 700/1829 | loss=0.6007 | giou=0.2705 | bbox=0.0290 | ce=0.0153 | aux_giou=0.0000 | aux_bbox=0.0000 | aux_ce=0.0000 | mask=1177 | aux_mask=1572 | pos=51 | targets=51 | preds=229 | centerness=[-6.940, 0.987] | train_seen=1400
2026-05-28 07:32:09 | INFO | Epoch 43 | batch 750/1829 | loss=0.6399 | giou=0.2917 | bbox=0.0281 | ce=0.0142 | aux_giou=0.0000 | aux_bbox=0.0000 | aux_ce=0.0000 | mask=993 | aux_mask=1661 | pos=74 | targets=74 | preds=146 | centerness=[-6.109, 1.272] | train_seen=1500
2026-05-28 07:33:56 | INFO | Epoch 43 | batch 800/1829 | loss=0.6556 | giou=0.2926 | bbox=0.0293 | ce=0.0205 | aux_giou=0.0000 | aux_bbox=0.0000 | aux_ce=0.0000 | mask=1221 | aux_mask=1479 | pos=123 | targets=123 | preds=190 | centerness=[-6.006, 1.564] | train_seen=1600
2026-05-28 07:35:42 | INFO | Epoch 43 | batch 850/1829 | loss=0.7590 | giou=0.3292 | bbox=0.0331 | ce=0.0338 | aux_giou=0.0000 | aux_bbox=0.0000 | aux_ce=0.0000 | mask=1472 | aux_mask=1304 | pos=253 | targets=253 | preds=229 | centerness=[-6.343, 2.466] | train_seen=1700
2026-05-28 07:37:29 | INFO | Epoch 43 | batch 900/1829 | loss=0.8257 | giou=0.3749 | bbox=0.0246 | ce=0.0256 | aux_giou=0.0000 | aux_bbox=0.0000 | aux_ce=0.0000 | mask=2160 | aux_mask=2943 | pos=203 | targets=203 | preds=486 | centerness=[-5.122, 1.545] | train_seen=1800
2026-05-28 07:39:15 | INFO | Epoch 43 | batch 950/1829 | loss=0.6111 | giou=0.2827 | bbox=0.0256 | ce=0.0101 | aux_giou=0.0000 | aux_bbox=0.0000 | aux_ce=0.0000 | mask=1254 | aux_mask=1509 | pos=91 | targets=91 | preds=110 | centerness=[-6.272, 1.774] | train_seen=1900
2026-05-28 07:41:01 | INFO | Epoch 43 | batch 1000/1829 | loss=0.6496 | giou=0.2877 | bbox=0.0474 | ce=0.0134 | aux_giou=0.0000 | aux_bbox=0.0000 | aux_ce=0.0000 | mask=1282 | aux_mask=1410 | pos=164 | targets=164 | preds=254 | centerness=[-8.071, 1.552] | train_seen=2000
2026-05-28 07:42:48 | INFO | Epoch 43 | batch 1050/1829 | loss=0.7186 | giou=0.3236 | bbox=0.0316 | ce=0.0199 | aux_giou=0.0000 | aux_bbox=0.0000 | aux_ce=0.0000 | mask=1573 | aux_mask=1683 | pos=207 | targets=207 | preds=339 | centerness=[-6.347, 1.858] | train_seen=2100
2026-05-28 07:44:34 | INFO | Epoch 43 | batch 1100/1829 | loss=0.8263 | giou=0.3799 | bbox=0.0447 | ce=0.0109 | aux_giou=0.0000 | aux_bbox=0.0000 | aux_ce=0.0000 | mask=1042 | aux_mask=1322 | pos=44 | targets=44 | preds=112 | centerness=[-6.567, 0.758] | train_seen=2200
2026-05-28 07:46:21 | INFO | Epoch 43 | batch 1150/1829 | loss=0.6957 | giou=0.3149 | bbox=0.0184 | ce=0.0237 | aux_giou=0.0000 | aux_bbox=0.0000 | aux_ce=0.0000 | mask=2093 | aux_mask=1845 | pos=652 | targets=652 | preds=839 | centerness=[-3.903, 2.036] | train_seen=2300
2026-05-28 07:48:07 | INFO | Epoch 43 | batch 1200/1829 | loss=0.5735 | giou=0.2556 | bbox=0.0452 | ce=0.0086 | aux_giou=0.0000 | aux_bbox=0.0000 | aux_ce=0.0000 | mask=1419 | aux_mask=1598 | pos=76 | targets=76 | preds=98 | centerness=[-7.196, 2.079] | train_seen=2400
2026-05-28 07:49:54 | INFO | Epoch 43 | batch 1250/1829 | loss=0.6631 | giou=0.3038 | bbox=0.0173 | ce=0.0191 | aux_giou=0.0000 | aux_bbox=0.0000 | aux_ce=0.0000 | mask=2277 | aux_mask=2231 | pos=280 | targets=280 | preds=611 | centerness=[-4.235, 1.785] | train_seen=2500
2026-05-28 07:51:40 | INFO | Epoch 43 | batch 1300/1829 | loss=0.7029 | giou=0.3059 | bbox=0.0664 | ce=0.0124 | aux_giou=0.0000 | aux_bbox=0.0000 | aux_ce=0.0000 | mask=1336 | aux_mask=1811 | pos=58 | targets=58 | preds=240 | centerness=[-6.479, 0.454] | train_seen=2600
2026-05-28 07:53:27 | INFO | Epoch 43 | batch 1350/1829 | loss=0.6075 | giou=0.2610 | bbox=0.0414 | ce=0.0221 | aux_giou=0.0000 | aux_bbox=0.0000 | aux_ce=0.0000 | mask=619 | aux_mask=727 | pos=46 | targets=46 | preds=78 | centerness=[-8.160, 1.417] | train_seen=2700
2026-05-28 07:55:13 | INFO | Epoch 43 | batch 1400/1829 | loss=0.6216 | giou=0.2744 | bbox=0.0477 | ce=0.0126 | aux_giou=0.0000 | aux_bbox=0.0000 | aux_ce=0.0000 | mask=964 | aux_mask=1169 | pos=54 | targets=54 | preds=79 | centerness=[-7.893, 1.873] | train_seen=2800
2026-05-28 07:57:00 | INFO | Epoch 43 | batch 1450/1829 | loss=0.7279 | giou=0.3203 | bbox=0.0585 | ce=0.0144 | aux_giou=0.0000 | aux_bbox=0.0000 | aux_ce=0.0000 | mask=877 | aux_mask=1361 | pos=44 | targets=44 | preds=85 | centerness=[-6.408, 1.691] | train_seen=2900
2026-05-28 07:58:46 | INFO | Epoch 43 | batch 1500/1829 | loss=0.8652 | giou=0.3350 | bbox=0.0301 | ce=0.0327 | aux_giou=0.0437 | aux_bbox=0.0025 | aux_ce=0.0050 | mask=2015 | aux_mask=2037 | pos=306 | targets=306 | preds=760 | centerness=[-5.444, 1.099] | train_seen=3000
2026-05-28 08:00:33 | INFO | Epoch 43 | batch 1550/1829 | loss=1.2622 | giou=0.5191 | bbox=0.0598 | ce=0.0821 | aux_giou=0.0000 | aux_bbox=0.0000 | aux_ce=0.0000 | mask=2408 | aux_mask=2583 | pos=1296 | targets=1296 | preds=1468 | centerness=[-6.693, 1.708] | train_seen=3100
2026-05-28 08:02:19 | INFO | Epoch 43 | batch 1600/1829 | loss=0.4584 | giou=0.2075 | bbox=0.0302 | ce=0.0066 | aux_giou=0.0000 | aux_bbox=0.0000 | aux_ce=0.0000 | mask=973 | aux_mask=1450 | pos=37 | targets=37 | preds=55 | centerness=[-6.454, 1.405] | train_seen=3200
2026-05-28 08:04:06 | INFO | Epoch 43 | batch 1650/1829 | loss=1.2111 | giou=0.4726 | bbox=0.0563 | ce=0.0481 | aux_giou=0.0515 | aux_bbox=0.0024 | aux_ce=0.0040 | mask=2242 | aux_mask=2671 | pos=306 | targets=306 | preds=1482 | centerness=[-7.743, 1.008] | train_seen=3300
2026-05-28 08:05:52 | INFO | Epoch 43 | batch 1700/1829 | loss=0.8083 | giou=0.3413 | bbox=0.0223 | ce=0.0179 | aux_giou=0.0321 | aux_bbox=0.0012 | aux_ce=0.0011 | mask=1513 | aux_mask=1698 | pos=168 | targets=168 | preds=287 | centerness=[-4.834, 1.978] | train_seen=3400
2026-05-28 08:07:39 | INFO | Epoch 43 | batch 1750/1829 | loss=0.5941 | giou=0.2659 | bbox=0.0391 | ce=0.0117 | aux_giou=0.0000 | aux_bbox=0.0000 | aux_ce=0.0000 | mask=1012 | aux_mask=1530 | pos=56 | targets=56 | preds=92 | centerness=[-7.400, 0.861] | train_seen=3500
2026-05-28 08:09:25 | INFO | Epoch 43 | batch 1800/1829 | loss=0.5714 | giou=0.2522 | bbox=0.0329 | ce=0.0171 | aux_giou=0.0000 | aux_bbox=0.0000 | aux_ce=0.0000 | mask=1178 | aux_mask=1500 | pos=75 | targets=75 | preds=181 | centerness=[-6.739, 0.782] | train_seen=3600
2026-05-28 08:30:03 | INFO | Epoch 43 | train_loss=0.779 | val_loss=0.945 | train_mae=89.535 | val_mae=42.629 | val_rmse=82.22 | test_mae=49.765 | test_rmse=127.28 | time=5069.852s
2026-05-28 08:31:50 | INFO | Epoch 44 | batch 50/1829 | loss=0.6951 | giou=0.3306 | bbox=0.0235 | ce=0.0052 | aux_giou=0.0000 | aux_bbox=0.0000 | aux_ce=0.0000 | mask=1265 | aux_mask=1763 | pos=36 | targets=36 | preds=98 | centerness=[-5.922, 1.343] | train_seen=100
2026-05-28 08:33:36 | INFO | Epoch 44 | batch 100/1829 | loss=0.4597 | giou=0.2211 | bbox=0.0132 | ce=0.0022 | aux_giou=0.0000 | aux_bbox=0.0000 | aux_ce=0.0000 | mask=1378 | aux_mask=1837 | pos=32 | targets=32 | preds=51 | centerness=[-5.554, 1.276] | train_seen=200
2026-05-28 08:35:23 | INFO | Epoch 44 | batch 150/1829 | loss=1.1159 | giou=0.4516 | bbox=0.0221 | ce=0.0507 | aux_giou=0.0404 | aux_bbox=0.0018 | aux_ce=0.0034 | mask=2669 | aux_mask=3094 | pos=932 | targets=932 | preds=1173 | centerness=[-3.879, 1.376] | train_seen=300
2026-05-28 08:37:09 | INFO | Epoch 44 | batch 200/1829 | loss=0.5389 | giou=0.2492 | bbox=0.0244 | ce=0.0081 | aux_giou=0.0000 | aux_bbox=0.0000 | aux_ce=0.0000 | mask=1044 | aux_mask=1198 | pos=92 | targets=92 | preds=131 | centerness=[-7.239, 1.908] | train_seen=400
2026-05-28 08:38:56 | INFO | Epoch 44 | batch 250/1829 | loss=0.5960 | giou=0.2674 | bbox=0.0306 | ce=0.0153 | aux_giou=0.0000 | aux_bbox=0.0000 | aux_ce=0.0000 | mask=1454 | aux_mask=1551 | pos=100 | targets=100 | preds=219 | centerness=[-7.610, 1.502] | train_seen=500
2026-05-28 08:40:42 | INFO | Epoch 44 | batch 300/1829 | loss=0.7044 | giou=0.3153 | bbox=0.0487 | ce=0.0126 | aux_giou=0.0000 | aux_bbox=0.0000 | aux_ce=0.0000 | mask=1151 | aux_mask=1687 | pos=50 | targets=50 | preds=133 | centerness=[-9.274, 0.816] | train_seen=600
2026-05-28 08:42:28 | INFO | Epoch 44 | batch 350/1829 | loss=0.4322 | giou=0.1938 | bbox=0.0223 | ce=0.0111 | aux_giou=0.0000 | aux_bbox=0.0000 | aux_ce=0.0000 | mask=1102 | aux_mask=1657 | pos=55 | targets=55 | preds=86 | centerness=[-6.033, 1.601] | train_seen=700
2026-05-28 08:44:15 | INFO | Epoch 44 | batch 400/1829 | loss=0.9105 | giou=0.3971 | bbox=0.0264 | ce=0.0450 | aux_giou=0.0000 | aux_bbox=0.0000 | aux_ce=0.0000 | mask=2171 | aux_mask=2673 | pos=400 | targets=400 | preds=846 | centerness=[-4.682, 1.376] | train_seen=800
2026-05-28 08:46:01 | INFO | Epoch 44 | batch 450/1829 | loss=1.2037 | giou=0.4811 | bbox=0.0387 | ce=0.0519 | aux_giou=0.0426 | aux_bbox=0.0017 | aux_ce=0.0061 | mask=2170 | aux_mask=2046 | pos=529 | targets=529 | preds=1126 | centerness=[-4.914, 1.640] | train_seen=900
2026-05-28 08:47:48 | INFO | Epoch 44 | batch 500/1829 | loss=0.9491 | giou=0.4296 | bbox=0.0434 | ce=0.0233 | aux_giou=0.0000 | aux_bbox=0.0000 | aux_ce=0.0000 | mask=1396 | aux_mask=1427 | pos=130 | targets=130 | preds=448 | centerness=[-5.692, 0.398] | train_seen=1000
2026-05-28 08:49:34 | INFO | Epoch 44 | batch 550/1829 | loss=1.1148 | giou=0.4644 | bbox=0.0359 | ce=0.0236 | aux_giou=0.0462 | aux_bbox=0.0043 | aux_ce=0.0031 | mask=2114 | aux_mask=2520 | pos=202 | targets=202 | preds=367 | centerness=[-6.641, 1.128] | train_seen=1100
2026-05-28 08:51:21 | INFO | Epoch 44 | batch 600/1829 | loss=0.7494 | giou=0.3413 | bbox=0.0334 | ce=0.0167 | aux_giou=0.0000 | aux_bbox=0.0000 | aux_ce=0.0000 | mask=1890 | aux_mask=2456 | pos=172 | targets=172 | preds=291 | centerness=[-6.519, 1.225] | train_seen=1200
2026-05-28 08:53:07 | INFO | Epoch 44 | batch 650/1829 | loss=0.7189 | giou=0.3218 | bbox=0.0306 | ce=0.0224 | aux_giou=0.0000 | aux_bbox=0.0000 | aux_ce=0.0000 | mask=1318 | aux_mask=1842 | pos=120 | targets=120 | preds=141 | centerness=[-4.598, 2.353] | train_seen=1300
2026-05-28 08:54:53 | INFO | Epoch 44 | batch 700/1829 | loss=0.7781 | giou=0.3387 | bbox=0.0345 | ce=0.0331 | aux_giou=0.0000 | aux_bbox=0.0000 | aux_ce=0.0000 | mask=1282 | aux_mask=1275 | pos=156 | targets=156 | preds=370 | centerness=[-6.062, 1.358] | train_seen=1400
2026-05-28 08:56:40 | INFO | Epoch 44 | batch 750/1829 | loss=0.6831 | giou=0.3003 | bbox=0.0202 | ce=0.0312 | aux_giou=0.0000 | aux_bbox=0.0000 | aux_ce=0.0000 | mask=1712 | aux_mask=1920 | pos=240 | targets=240 | preds=625 | centerness=[-4.967, 1.547] | train_seen=1500
2026-05-28 08:58:26 | INFO | Epoch 44 | batch 800/1829 | loss=0.8122 | giou=0.3652 | bbox=0.0213 | ce=0.0302 | aux_giou=0.0000 | aux_bbox=0.0000 | aux_ce=0.0000 | mask=1709 | aux_mask=1565 | pos=457 | targets=457 | preds=709 | centerness=[-3.822, 1.613] | train_seen=1600
2026-05-28 09:00:13 | INFO | Epoch 44 | batch 850/1829 | loss=0.6892 | giou=0.3219 | bbox=0.0249 | ce=0.0102 | aux_giou=0.0000 | aux_bbox=0.0000 | aux_ce=0.0000 | mask=1313 | aux_mask=1668 | pos=57 | targets=57 | preds=138 | centerness=[-5.519, 1.261] | train_seen=1700
2026-05-28 09:01:59 | INFO | Epoch 44 | batch 900/1829 | loss=0.7700 | giou=0.3508 | bbox=0.0444 | ce=0.0120 | aux_giou=0.0000 | aux_bbox=0.0000 | aux_ce=0.0000 | mask=1283 | aux_mask=1526 | pos=74 | targets=74 | preds=136 | centerness=[-5.989, 1.500] | train_seen=1800
2026-05-28 09:03:46 | INFO | Epoch 44 | batch 950/1829 | loss=0.9909 | giou=0.3857 | bbox=0.0230 | ce=0.0504 | aux_giou=0.0411 | aux_bbox=0.0019 | aux_ce=0.0058 | mask=2088 | aux_mask=2323 | pos=856 | targets=856 | preds=1167 | centerness=[-5.633, 1.423] | train_seen=1900
2026-05-28 09:05:32 | INFO | Epoch 44 | batch 1000/1829 | loss=0.6534 | giou=0.2995 | bbox=0.0228 | ce=0.0158 | aux_giou=0.0000 | aux_bbox=0.0000 | aux_ce=0.0000 | mask=2297 | aux_mask=2609 | pos=160 | targets=160 | preds=231 | centerness=[-5.664, 1.343] | train_seen=2000
2026-05-28 09:07:19 | INFO | Epoch 44 | batch 1050/1829 | loss=1.0658 | giou=0.4500 | bbox=0.0382 | ce=0.0639 | aux_giou=0.0000 | aux_bbox=0.0000 | aux_ce=0.0000 | mask=1654 | aux_mask=1976 | pos=507 | targets=507 | preds=587 | centerness=[-6.399, 1.823] | train_seen=2100
2026-05-28 09:09:05 | INFO | Epoch 44 | batch 1100/1829 | loss=0.9136 | giou=0.3898 | bbox=0.0279 | ce=0.0530 | aux_giou=0.0000 | aux_bbox=0.0000 | aux_ce=0.0000 | mask=1414 | aux_mask=1569 | pos=476 | targets=476 | preds=443 | centerness=[-4.912, 2.600] | train_seen=2200
2026-05-28 09:10:51 | INFO | Epoch 44 | batch 1150/1829 | loss=0.6230 | giou=0.2617 | bbox=0.0335 | ce=0.0331 | aux_giou=0.0000 | aux_bbox=0.0000 | aux_ce=0.0000 | mask=1161 | aux_mask=1249 | pos=267 | targets=267 | preds=255 | centerness=[-8.881, 1.958] | train_seen=2300
2026-05-28 09:12:38 | INFO | Epoch 44 | batch 1200/1829 | loss=0.8562 | giou=0.3875 | bbox=0.0302 | ce=0.0254 | aux_giou=0.0000 | aux_bbox=0.0000 | aux_ce=0.0000 | mask=1644 | aux_mask=1805 | pos=110 | targets=110 | preds=335 | centerness=[-5.381, 1.090] | train_seen=2400
2026-05-28 09:14:25 | INFO | Epoch 44 | batch 1250/1829 | loss=0.5554 | giou=0.2429 | bbox=0.0474 | ce=0.0111 | aux_giou=0.0000 | aux_bbox=0.0000 | aux_ce=0.0000 | mask=741 | aux_mask=1375 | pos=33 | targets=33 | preds=46 | centerness=[-7.776, 1.149] | train_seen=2500
2026-05-28 09:16:11 | INFO | Epoch 44 | batch 1300/1829 | loss=0.4906 | giou=0.2137 | bbox=0.0420 | ce=0.0106 | aux_giou=0.0000 | aux_bbox=0.0000 | aux_ce=0.0000 | mask=846 | aux_mask=1030 | pos=32 | targets=32 | preds=70 | centerness=[-7.405, 1.642] | train_seen=2600
2026-05-28 09:17:58 | INFO | Epoch 44 | batch 1350/1829 | loss=0.7238 | giou=0.3290 | bbox=0.0270 | ce=0.0194 | aux_giou=0.0000 | aux_bbox=0.0000 | aux_ce=0.0000 | mask=1620 | aux_mask=1810 | pos=310 | targets=310 | preds=516 | centerness=[-6.241, 1.850] | train_seen=2700
2026-05-28 09:19:44 | INFO | Epoch 44 | batch 1400/1829 | loss=0.8564 | giou=0.3777 | bbox=0.0364 | ce=0.0323 | aux_giou=0.0000 | aux_bbox=0.0000 | aux_ce=0.0000 | mask=1371 | aux_mask=1666 | pos=188 | targets=188 | preds=303 | centerness=[-5.988, 1.657] | train_seen=2800
2026-05-28 09:21:31 | INFO | Epoch 44 | batch 1450/1829 | loss=0.7352 | giou=0.3155 | bbox=0.0540 | ce=0.0250 | aux_giou=0.0000 | aux_bbox=0.0000 | aux_ce=0.0000 | mask=1656 | aux_mask=1939 | pos=168 | targets=168 | preds=163 | centerness=[-7.568, 1.592] | train_seen=2900
2026-05-28 09:23:17 | INFO | Epoch 44 | batch 1500/1829 | loss=0.8772 | giou=0.3551 | bbox=0.0535 | ce=0.0568 | aux_giou=0.0000 | aux_bbox=0.0000 | aux_ce=0.0000 | mask=1102 | aux_mask=1538 | pos=230 | targets=230 | preds=224 | centerness=[-6.212, 1.147] | train_seen=3000
2026-05-28 09:25:03 | INFO | Epoch 44 | batch 1550/1829 | loss=0.8643 | giou=0.3723 | bbox=0.0289 | ce=0.0455 | aux_giou=0.0000 | aux_bbox=0.0000 | aux_ce=0.0000 | mask=1962 | aux_mask=2316 | pos=352 | targets=352 | preds=792 | centerness=[-5.036, 1.160] | train_seen=3100
2026-05-28 09:26:50 | INFO | Epoch 44 | batch 1600/1829 | loss=0.9697 | giou=0.3991 | bbox=0.0150 | ce=0.0122 | aux_giou=0.0624 | aux_bbox=0.0024 | aux_ce=0.0025 | mask=2558 | aux_mask=3260 | pos=267 | targets=267 | preds=306 | centerness=[-4.510, 1.941] | train_seen=3200
2026-05-28 09:28:36 | INFO | Epoch 44 | batch 1650/1829 | loss=1.2507 | giou=0.4423 | bbox=0.0416 | ce=0.0815 | aux_giou=0.0621 | aux_bbox=0.0080 | aux_ce=0.0146 | mask=3955 | aux_mask=2492 | pos=3580 | targets=1921 | preds=1427 | centerness=[-5.490, 1.251] | train_seen=3300
2026-05-28 09:30:23 | INFO | Epoch 44 | batch 1700/1829 | loss=0.7578 | giou=0.3385 | bbox=0.0565 | ce=0.0121 | aux_giou=0.0000 | aux_bbox=0.0000 | aux_ce=0.0000 | mask=649 | aux_mask=805 | pos=33 | targets=33 | preds=32 | centerness=[-7.159, 1.059] | train_seen=3400
2026-05-28 09:32:09 | INFO | Epoch 44 | batch 1750/1829 | loss=0.8450 | giou=0.3720 | bbox=0.0260 | ce=0.0375 | aux_giou=0.0000 | aux_bbox=0.0000 | aux_ce=0.0000 | mask=1873 | aux_mask=1956 | pos=539 | targets=539 | preds=792 | centerness=[-4.219, 1.534] | train_seen=3500
2026-05-28 09:33:56 | INFO | Epoch 44 | batch 1800/1829 | loss=0.7861 | giou=0.3599 | bbox=0.0379 | ce=0.0142 | aux_giou=0.0000 | aux_bbox=0.0000 | aux_ce=0.0000 | mask=1481 | aux_mask=2215 | pos=123 | targets=123 | preds=210 | centerness=[-6.058, 1.628] | train_seen=3600
2026-05-28 09:54:31 | INFO | Epoch 44 | train_loss=0.777 | val_loss=0.946 | train_mae=92.196 | val_mae=42.301 | val_rmse=81.47 | test_mae=49.782 | test_rmse=127.65 | time=5067.234s
2026-05-28 09:56:18 | INFO | Epoch 45 | batch 50/1829 | loss=0.7239 | giou=0.3218 | bbox=0.0249 | ce=0.0277 | aux_giou=0.0000 | aux_bbox=0.0000 | aux_ce=0.0000 | mask=1998 | aux_mask=2136 | pos=280 | targets=280 | preds=644 | centerness=[-4.590, 2.052] | train_seen=100
2026-05-28 09:58:04 | INFO | Epoch 45 | batch 100/1829 | loss=0.7736 | giou=0.3128 | bbox=0.0278 | ce=0.0306 | aux_giou=0.0250 | aux_bbox=0.0016 | aux_ce=0.0038 | mask=2306 | aux_mask=2880 | pos=376 | targets=376 | preds=784 | centerness=[-5.835, 0.882] | train_seen=200
2026-05-28 09:59:50 | INFO | Epoch 45 | batch 150/1829 | loss=0.6713 | giou=0.3046 | bbox=0.0355 | ce=0.0133 | aux_giou=0.0000 | aux_bbox=0.0000 | aux_ce=0.0000 | mask=1419 | aux_mask=1915 | pos=92 | targets=92 | preds=306 | centerness=[-5.796, 0.362] | train_seen=300
2026-05-28 10:01:37 | INFO | Epoch 45 | batch 200/1829 | loss=0.9904 | giou=0.4355 | bbox=0.0333 | ce=0.0431 | aux_giou=0.0000 | aux_bbox=0.0000 | aux_ce=0.0000 | mask=1632 | aux_mask=1782 | pos=581 | targets=581 | preds=819 | centerness=[-6.802, 1.935] | train_seen=400
2026-05-28 10:03:23 | INFO | Epoch 45 | batch 250/1829 | loss=0.7352 | giou=0.3149 | bbox=0.0168 | ce=0.0160 | aux_giou=0.0269 | aux_bbox=0.0009 | aux_ce=0.0010 | mask=1261 | aux_mask=1713 | pos=68 | targets=68 | preds=165 | centerness=[-5.670, 2.221] | train_seen=500
2026-05-28 10:05:09 | INFO | Epoch 45 | batch 300/1829 | loss=0.6423 | giou=0.2771 | bbox=0.0460 | ce=0.0210 | aux_giou=0.0000 | aux_bbox=0.0000 | aux_ce=0.0000 | mask=1391 | aux_mask=1722 | pos=114 | targets=114 | preds=294 | centerness=[-7.548, 0.969] | train_seen=600
2026-05-28 10:06:56 | INFO | Epoch 45 | batch 350/1829 | loss=1.1432 | giou=0.4770 | bbox=0.0349 | ce=0.0247 | aux_giou=0.0491 | aux_bbox=0.0019 | aux_ce=0.0025 | mask=1832 | aux_mask=1938 | pos=154 | targets=154 | preds=878 | centerness=[-7.456, 0.760] | train_seen=700
2026-05-28 10:08:42 | INFO | Epoch 45 | batch 400/1829 | loss=0.7784 | giou=0.3580 | bbox=0.0224 | ce=0.0200 | aux_giou=0.0000 | aux_bbox=0.0000 | aux_ce=0.0000 | mask=1302 | aux_mask=1704 | pos=198 | targets=198 | preds=327 | centerness=[-5.087, 1.856] | train_seen=800
2026-05-28 10:10:29 | INFO | Epoch 45 | batch 450/1829 | loss=0.7594 | giou=0.3372 | bbox=0.0215 | ce=0.0318 | aux_giou=0.0000 | aux_bbox=0.0000 | aux_ce=0.0000 | mask=2044 | aux_mask=2488 | pos=244 | targets=244 | preds=886 | centerness=[-5.764, 1.009] | train_seen=900
2026-05-28 10:12:15 | INFO | Epoch 45 | batch 500/1829 | loss=0.7763 | giou=0.3531 | bbox=0.0234 | ce=0.0233 | aux_giou=0.0000 | aux_bbox=0.0000 | aux_ce=0.0000 | mask=1095 | aux_mask=1702 | pos=118 | targets=118 | preds=138 | centerness=[-5.760, 1.894] | train_seen=1000
2026-05-28 10:14:01 | INFO | Epoch 45 | batch 550/1829 | loss=1.1444 | giou=0.4296 | bbox=0.0383 | ce=0.0378 | aux_giou=0.0741 | aux_bbox=0.0071 | aux_ce=0.0080 | mask=1182 | aux_mask=1858 | pos=338 | targets=338 | preds=496 | centerness=[-7.432, 1.660] | train_seen=1100
2026-05-28 10:15:47 | INFO | Epoch 45 | batch 600/1829 | loss=0.9912 | giou=0.4088 | bbox=0.0377 | ce=0.0299 | aux_giou=0.0360 | aux_bbox=0.0019 | aux_ce=0.0011 | mask=1179 | aux_mask=1442 | pos=168 | targets=168 | preds=140 | centerness=[-6.069, 1.573] | train_seen=1200
2026-05-28 10:17:34 | INFO | Epoch 45 | batch 650/1829 | loss=0.9490 | giou=0.4055 | bbox=0.0328 | ce=0.0526 | aux_giou=0.0000 | aux_bbox=0.0000 | aux_ce=0.0000 | mask=1627 | aux_mask=2167 | pos=436 | targets=436 | preds=546 | centerness=[-4.728, 1.283] | train_seen=1300
2026-05-28 10:19:20 | INFO | Epoch 45 | batch 700/1829 | loss=1.2337 | giou=0.5056 | bbox=0.0447 | ce=0.0341 | aux_giou=0.0498 | aux_bbox=0.0039 | aux_ce=0.0031 | mask=2352 | aux_mask=2472 | pos=384 | targets=384 | preds=846 | centerness=[-8.614, 1.454] | train_seen=1400
2026-05-28 10:21:07 | INFO | Epoch 45 | batch 750/1829 | loss=0.7768 | giou=0.3374 | bbox=0.0478 | ce=0.0272 | aux_giou=0.0000 | aux_bbox=0.0000 | aux_ce=0.0000 | mask=1315 | aux_mask=1542 | pos=80 | targets=80 | preds=260 | centerness=[-8.277, 1.354] | train_seen=1500
2026-05-28 10:22:53 | INFO | Epoch 45 | batch 800/1829 | loss=0.7141 | giou=0.3275 | bbox=0.0299 | ce=0.0146 | aux_giou=0.0000 | aux_bbox=0.0000 | aux_ce=0.0000 | mask=1237 | aux_mask=1366 | pos=141 | targets=141 | preds=194 | centerness=[-6.564, 1.434] | train_seen=1600
2026-05-28 10:24:39 | INFO | Epoch 45 | batch 850/1829 | loss=0.5090 | giou=0.2319 | bbox=0.0292 | ce=0.0080 | aux_giou=0.0000 | aux_bbox=0.0000 | aux_ce=0.0000 | mask=1060 | aux_mask=1263 | pos=97 | targets=97 | preds=142 | centerness=[-7.941, 2.045] | train_seen=1700
2026-05-28 10:26:26 | INFO | Epoch 45 | batch 900/1829 | loss=0.4856 | giou=0.2241 | bbox=0.0175 | ce=0.0099 | aux_giou=0.0000 | aux_bbox=0.0000 | aux_ce=0.0000 | mask=1397 | aux_mask=2084 | pos=139 | targets=139 | preds=195 | centerness=[-4.825, 1.669] | train_seen=1800
2026-05-28 10:28:12 | INFO | Epoch 45 | batch 950/1829 | loss=0.6672 | giou=0.2943 | bbox=0.0420 | ce=0.0183 | aux_giou=0.0000 | aux_bbox=0.0000 | aux_ce=0.0000 | mask=1048 | aux_mask=1393 | pos=74 | targets=74 | preds=93 | centerness=[-7.083, 1.261] | train_seen=1900
2026-05-28 10:29:58 | INFO | Epoch 45 | batch 1000/1829 | loss=0.7759 | giou=0.3344 | bbox=0.0477 | ce=0.0297 | aux_giou=0.0000 | aux_bbox=0.0000 | aux_ce=0.0000 | mask=1424 | aux_mask=1256 | pos=242 | targets=242 | preds=275 | centerness=[-8.421, 1.432] | train_seen=2000
2026-05-28 10:31:44 | INFO | Epoch 45 | batch 1050/1829 | loss=0.8989 | giou=0.4144 | bbox=0.0317 | ce=0.0192 | aux_giou=0.0000 | aux_bbox=0.0000 | aux_ce=0.0000 | mask=1278 | aux_mask=1633 | pos=168 | targets=168 | preds=259 | centerness=[-6.924, 1.059] | train_seen=2100
2026-05-28 10:33:30 | INFO | Epoch 45 | batch 1100/1829 | loss=0.6485 | giou=0.2762 | bbox=0.0613 | ce=0.0174 | aux_giou=0.0000 | aux_bbox=0.0000 | aux_ce=0.0000 | mask=696 | aux_mask=1471 | pos=29 | targets=29 | preds=84 | centerness=[-8.366, 0.277] | train_seen=2200
2026-05-28 10:35:17 | INFO | Epoch 45 | batch 1150/1829 | loss=0.6582 | giou=0.2669 | bbox=0.0257 | ce=0.0133 | aux_giou=0.0336 | aux_bbox=0.0015 | aux_ce=0.0018 | mask=1099 | aux_mask=1793 | pos=110 | targets=110 | preds=187 | centerness=[-7.441, 1.273] | train_seen=2300
2026-05-28 10:37:03 | INFO | Epoch 45 | batch 1200/1829 | loss=0.7265 | giou=0.3296 | bbox=0.0235 | ce=0.0219 | aux_giou=0.0000 | aux_bbox=0.0000 | aux_ce=0.0000 | mask=1878 | aux_mask=1816 | pos=136 | targets=136 | preds=462 | centerness=[-4.319, 1.463] | train_seen=2400
2026-05-28 10:38:50 | INFO | Epoch 45 | batch 1250/1829 | loss=1.2483 | giou=0.5039 | bbox=0.0371 | ce=0.0446 | aux_giou=0.0510 | aux_bbox=0.0025 | aux_ce=0.0049 | mask=1406 | aux_mask=1827 | pos=317 | targets=317 | preds=483 | centerness=[-5.437, 0.825] | train_seen=2500
2026-05-28 10:40:36 | INFO | Epoch 45 | batch 1300/1829 | loss=0.8844 | giou=0.3627 | bbox=0.0152 | ce=0.0354 | aux_giou=0.0324 | aux_bbox=0.0012 | aux_ce=0.0035 | mask=1491 | aux_mask=1465 | pos=304 | targets=304 | preds=484 | centerness=[-4.442, 1.340] | train_seen=2600
2026-05-28 10:42:22 | INFO | Epoch 45 | batch 1350/1829 | loss=0.7374 | giou=0.3177 | bbox=0.0468 | ce=0.0276 | aux_giou=0.0000 | aux_bbox=0.0000 | aux_ce=0.0000 | mask=1084 | aux_mask=1290 | pos=94 | targets=94 | preds=237 | centerness=[-7.282, 1.442] | train_seen=2700
2026-05-28 10:44:08 | INFO | Epoch 45 | batch 1400/1829 | loss=1.0526 | giou=0.4102 | bbox=0.0225 | ce=0.0471 | aux_giou=0.0500 | aux_bbox=0.0021 | aux_ce=0.0067 | mask=2958 | aux_mask=3095 | pos=1248 | targets=1248 | preds=2203 | centerness=[-4.493, 1.134] | train_seen=2800
2026-05-28 10:45:55 | INFO | Epoch 45 | batch 1450/1829 | loss=0.9078 | giou=0.3994 | bbox=0.0260 | ce=0.0415 | aux_giou=0.0000 | aux_bbox=0.0000 | aux_ce=0.0000 | mask=2451 | aux_mask=2218 | pos=536 | targets=536 | preds=1022 | centerness=[-4.505, 1.907] | train_seen=2900
2026-05-28 10:47:41 | INFO | Epoch 45 | batch 1500/1829 | loss=1.1877 | giou=0.5010 | bbox=0.0272 | ce=0.0195 | aux_giou=0.0572 | aux_bbox=0.0023 | aux_ce=0.0014 | mask=1992 | aux_mask=2236 | pos=292 | targets=292 | preds=439 | centerness=[-4.618, 1.697] | train_seen=3000
2026-05-28 10:49:28 | INFO | Epoch 45 | batch 1550/1829 | loss=0.9148 | giou=0.4071 | bbox=0.0407 | ce=0.0299 | aux_giou=0.0000 | aux_bbox=0.0000 | aux_ce=0.0000 | mask=1616 | aux_mask=2653 | pos=514 | targets=514 | preds=903 | centerness=[-6.467, 1.509] | train_seen=3100
2026-05-28 10:51:14 | INFO | Epoch 45 | batch 1600/1829 | loss=0.8653 | giou=0.3704 | bbox=0.0287 | ce=0.0479 | aux_giou=0.0000 | aux_bbox=0.0000 | aux_ce=0.0000 | mask=2112 | aux_mask=2580 | pos=536 | targets=536 | preds=806 | centerness=[-4.071, 1.684] | train_seen=3200
2026-05-28 10:53:00 | INFO | Epoch 45 | batch 1650/1829 | loss=0.9319 | giou=0.3938 | bbox=0.0302 | ce=0.0570 | aux_giou=0.0000 | aux_bbox=0.0000 | aux_ce=0.0000 | mask=2352 | aux_mask=2516 | pos=240 | targets=240 | preds=1157 | centerness=[-5.730, 1.557] | train_seen=3300
2026-05-28 10:54:46 | INFO | Epoch 45 | batch 1700/1829 | loss=0.6337 | giou=0.2683 | bbox=0.0578 | ce=0.0196 | aux_giou=0.0000 | aux_bbox=0.0000 | aux_ce=0.0000 | mask=1071 | aux_mask=1579 | pos=61 | targets=61 | preds=164 | centerness=[-4.671, 1.616] | train_seen=3400
2026-05-28 10:56:33 | INFO | Epoch 45 | batch 1750/1829 | loss=0.9490 | giou=0.3836 | bbox=0.0208 | ce=0.0341 | aux_giou=0.0434 | aux_bbox=0.0016 | aux_ce=0.0022 | mask=2038 | aux_mask=2078 | pos=270 | targets=270 | preds=629 | centerness=[-4.383, 1.560] | train_seen=3500
2026-05-28 10:58:19 | INFO | Epoch 45 | batch 1800/1829 | loss=1.1438 | giou=0.4555 | bbox=0.0360 | ce=0.0467 | aux_giou=0.0457 | aux_bbox=0.0026 | aux_ce=0.0047 | mask=1795 | aux_mask=1887 | pos=588 | targets=588 | preds=803 | centerness=[-4.791, 1.568] | train_seen=3600
2026-05-28 11:18:54 | INFO | Epoch 45 | train_loss=0.779 | val_loss=0.946 | train_mae=92.633 | val_mae=43.600 | val_rmse=83.73 | test_mae=51.511 | test_rmse=130.30 | time=5061.768s
2026-05-28 11:20:40 | INFO | Epoch 46 | batch 50/1829 | loss=1.2564 | giou=0.5192 | bbox=0.0269 | ce=0.0381 | aux_giou=0.0517 | aux_bbox=0.0035 | aux_ce=0.0040 | mask=2606 | aux_mask=2985 | pos=599 | targets=599 | preds=1175 | centerness=[-4.354, 2.084] | train_seen=100
2026-05-28 11:22:28 | INFO | Epoch 46 | batch 100/1829 | loss=0.8479 | giou=0.3301 | bbox=0.0191 | ce=0.0343 | aux_giou=0.0438 | aux_bbox=0.0024 | aux_ce=0.0050 | mask=1809 | aux_mask=2009 | pos=365 | targets=365 | preds=837 | centerness=[-4.081, 1.974] | train_seen=200
2026-05-28 11:24:14 | INFO | Epoch 46 | batch 150/1829 | loss=0.6987 | giou=0.3122 | bbox=0.0360 | ce=0.0191 | aux_giou=0.0000 | aux_bbox=0.0000 | aux_ce=0.0000 | mask=1285 | aux_mask=1515 | pos=142 | targets=142 | preds=145 | centerness=[-7.598, 1.421] | train_seen=300
2026-05-28 11:26:00 | INFO | Epoch 46 | batch 200/1829 | loss=1.1995 | giou=0.4957 | bbox=0.0312 | ce=0.0433 | aux_giou=0.0411 | aux_bbox=0.0023 | aux_ce=0.0030 | mask=2698 | aux_mask=3098 | pos=480 | targets=480 | preds=1176 | centerness=[-4.522, 1.796] | train_seen=400
2026-05-28 11:27:46 | INFO | Epoch 46 | batch 250/1829 | loss=0.4887 | giou=0.2187 | bbox=0.0375 | ce=0.0069 | aux_giou=0.0000 | aux_bbox=0.0000 | aux_ce=0.0000 | mask=1053 | aux_mask=1432 | pos=38 | targets=38 | preds=66 | centerness=[-7.681, 1.387] | train_seen=500
2026-05-28 11:29:32 | INFO | Epoch 46 | batch 300/1829 | loss=0.6865 | giou=0.2937 | bbox=0.0163 | ce=0.0073 | aux_giou=0.0332 | aux_bbox=0.0013 | aux_ce=0.0003 | mask=1124 | aux_mask=1710 | pos=58 | targets=58 | preds=67 | centerness=[-5.414, 1.757] | train_seen=600
2026-05-28 11:31:18 | INFO | Epoch 46 | batch 350/1829 | loss=0.5091 | giou=0.2405 | bbox=0.0155 | ce=0.0062 | aux_giou=0.0000 | aux_bbox=0.0000 | aux_ce=0.0000 | mask=1073 | aux_mask=1357 | pos=113 | targets=113 | preds=142 | centerness=[-5.839, 1.578] | train_seen=700
2026-05-28 11:33:05 | INFO | Epoch 46 | batch 400/1829 | loss=0.7410 | giou=0.3371 | bbox=0.0307 | ce=0.0180 | aux_giou=0.0000 | aux_bbox=0.0000 | aux_ce=0.0000 | mask=1315 | aux_mask=1366 | pos=61 | targets=61 | preds=212 | centerness=[-5.086, 1.449] | train_seen=800
2026-05-28 11:34:51 | INFO | Epoch 46 | batch 450/1829 | loss=0.7078 | giou=0.3203 | bbox=0.0387 | ce=0.0143 | aux_giou=0.0000 | aux_bbox=0.0000 | aux_ce=0.0000 | mask=1370 | aux_mask=1156 | pos=144 | targets=144 | preds=125 | centerness=[-8.320, 2.781] | train_seen=900
2026-05-28 11:36:37 | INFO | Epoch 46 | batch 500/1829 | loss=0.5024 | giou=0.2365 | bbox=0.0138 | ce=0.0078 | aux_giou=0.0000 | aux_bbox=0.0000 | aux_ce=0.0000 | mask=1212 | aux_mask=1228 | pos=72 | targets=72 | preds=112 | centerness=[-4.599, 1.548] | train_seen=1000
2026-05-28 11:38:23 | INFO | Epoch 46 | batch 550/1829 | loss=1.5345 | giou=0.5741 | bbox=0.0648 | ce=0.0506 | aux_giou=0.0916 | aux_bbox=0.0193 | aux_ce=0.0090 | mask=2343 | aux_mask=2325 | pos=831 | targets=831 | preds=1845 | centerness=[-6.440, 1.017] | train_seen=1100
2026-05-28 11:40:10 | INFO | Epoch 46 | batch 600/1829 | loss=0.7379 | giou=0.3087 | bbox=0.0498 | ce=0.0353 | aux_giou=0.0000 | aux_bbox=0.0000 | aux_ce=0.0000 | mask=1067 | aux_mask=1396 | pos=160 | targets=160 | preds=191 | centerness=[-9.139, 1.513] | train_seen=1200
2026-05-28 11:41:56 | INFO | Epoch 46 | batch 650/1829 | loss=0.8272 | giou=0.3833 | bbox=0.0269 | ce=0.0169 | aux_giou=0.0000 | aux_bbox=0.0000 | aux_ce=0.0000 | mask=1250 | aux_mask=1495 | pos=103 | targets=103 | preds=220 | centerness=[-5.860, 1.913] | train_seen=1300
2026-05-28 11:43:42 | INFO | Epoch 46 | batch 700/1829 | loss=0.7615 | giou=0.3354 | bbox=0.0311 | ce=0.0297 | aux_giou=0.0000 | aux_bbox=0.0000 | aux_ce=0.0000 | mask=1784 | aux_mask=2023 | pos=468 | targets=468 | preds=490 | centerness=[-5.304, 2.215] | train_seen=1400
2026-05-28 11:45:28 | INFO | Epoch 46 | batch 750/1829 | loss=0.8480 | giou=0.3632 | bbox=0.0310 | ce=0.0119 | aux_giou=0.0306 | aux_bbox=0.0011 | aux_ce=0.0022 | mask=1740 | aux_mask=1697 | pos=86 | targets=86 | preds=192 | centerness=[-6.668, 2.014] | train_seen=1500
2026-05-28 11:47:15 | INFO | Epoch 46 | batch 800/1829 | loss=0.5578 | giou=0.2331 | bbox=0.0456 | ce=0.0230 | aux_giou=0.0000 | aux_bbox=0.0000 | aux_ce=0.0000 | mask=925 | aux_mask=1308 | pos=83 | targets=83 | preds=86 | centerness=[-7.875, 1.150] | train_seen=1600
2026-05-28 11:49:01 | INFO | Epoch 46 | batch 850/1829 | loss=0.6679 | giou=0.2947 | bbox=0.0286 | ce=0.0250 | aux_giou=0.0000 | aux_bbox=0.0000 | aux_ce=0.0000 | mask=1833 | aux_mask=1801 | pos=276 | targets=276 | preds=273 | centerness=[-5.474, 2.120] | train_seen=1700
2026-05-28 11:50:47 | INFO | Epoch 46 | batch 900/1829 | loss=0.8923 | giou=0.3772 | bbox=0.0246 | ce=0.0174 | aux_giou=0.0357 | aux_bbox=0.0014 | aux_ce=0.0028 | mask=2430 | aux_mask=2380 | pos=241 | targets=241 | preds=882 | centerness=[-5.848, 0.935] | train_seen=1800
2026-05-28 11:52:33 | INFO | Epoch 46 | batch 950/1829 | loss=0.7959 | giou=0.3352 | bbox=0.0358 | ce=0.0448 | aux_giou=0.0000 | aux_bbox=0.0000 | aux_ce=0.0000 | mask=1578 | aux_mask=1722 | pos=420 | targets=420 | preds=357 | centerness=[-6.071, 2.434] | train_seen=1900
2026-05-28 11:54:20 | INFO | Epoch 46 | batch 1000/1829 | loss=0.8114 | giou=0.3594 | bbox=0.0338 | ce=0.0295 | aux_giou=0.0000 | aux_bbox=0.0000 | aux_ce=0.0000 | mask=1590 | aux_mask=1850 | pos=190 | targets=190 | preds=337 | centerness=[-6.683, 1.154] | train_seen=2000
2026-05-28 11:56:06 | INFO | Epoch 46 | batch 1050/1829 | loss=1.2980 | giou=0.5280 | bbox=0.0290 | ce=0.0547 | aux_giou=0.0432 | aux_bbox=0.0022 | aux_ce=0.0075 | mask=3199 | aux_mask=3308 | pos=1371 | targets=1371 | preds=1704 | centerness=[-3.973, 1.438] | train_seen=2100
2026-05-28 11:57:52 | INFO | Epoch 46 | batch 1100/1829 | loss=0.7947 | giou=0.3733 | bbox=0.0285 | ce=0.0098 | aux_giou=0.0000 | aux_bbox=0.0000 | aux_ce=0.0000 | mask=1796 | aux_mask=1920 | pos=159 | targets=159 | preds=253 | centerness=[-4.531, 1.775] | train_seen=2200
2026-05-28 11:59:38 | INFO | Epoch 46 | batch 1150/1829 | loss=0.7706 | giou=0.3408 | bbox=0.0578 | ce=0.0156 | aux_giou=0.0000 | aux_bbox=0.0000 | aux_ce=0.0000 | mask=1359 | aux_mask=1551 | pos=53 | targets=53 | preds=206 | centerness=[-9.229, 0.543] | train_seen=2300
2026-05-28 12:01:24 | INFO | Epoch 46 | batch 1200/1829 | loss=0.7180 | giou=0.3210 | bbox=0.0295 | ce=0.0233 | aux_giou=0.0000 | aux_bbox=0.0000 | aux_ce=0.0000 | mask=1508 | aux_mask=1628 | pos=154 | targets=154 | preds=248 | centerness=[-7.804, 1.126] | train_seen=2400
2026-05-28 12:03:11 | INFO | Epoch 46 | batch 1250/1829 | loss=0.6015 | giou=0.2555 | bbox=0.0461 | ce=0.0222 | aux_giou=0.0000 | aux_bbox=0.0000 | aux_ce=0.0000 | mask=1146 | aux_mask=1666 | pos=89 | targets=89 | preds=124 | centerness=[-6.763, 1.779] | train_seen=2500
2026-05-28 12:04:57 | INFO | Epoch 46 | batch 1300/1829 | loss=1.1176 | giou=0.4696 | bbox=0.0339 | ce=0.0262 | aux_giou=0.0415 | aux_bbox=0.0019 | aux_ce=0.0037 | mask=2108 | aux_mask=2334 | pos=140 | targets=140 | preds=706 | centerness=[-5.310, 0.901] | train_seen=2600
2026-05-28 12:06:44 | INFO | Epoch 46 | batch 1350/1829 | loss=0.8941 | giou=0.3760 | bbox=0.0589 | ce=0.0416 | aux_giou=0.0000 | aux_bbox=0.0000 | aux_ce=0.0000 | mask=1561 | aux_mask=2465 | pos=236 | targets=236 | preds=237 | centerness=[-6.489, 0.872] | train_seen=2700
2026-05-28 12:08:30 | INFO | Epoch 46 | batch 1400/1829 | loss=1.0069 | giou=0.3938 | bbox=0.0438 | ce=0.0424 | aux_giou=0.0397 | aux_bbox=0.0018 | aux_ce=0.0047 | mask=2421 | aux_mask=2713 | pos=716 | targets=716 | preds=1202 | centerness=[-9.158, 1.151] | train_seen=2800
2026-05-28 12:10:16 | INFO | Epoch 46 | batch 1450/1829 | loss=0.6445 | giou=0.2968 | bbox=0.0270 | ce=0.0119 | aux_giou=0.0000 | aux_bbox=0.0000 | aux_ce=0.0000 | mask=1055 | aux_mask=1768 | pos=43 | targets=43 | preds=131 | centerness=[-6.141, 2.008] | train_seen=2900
2026-05-28 12:12:03 | INFO | Epoch 46 | batch 1500/1829 | loss=0.7831 | giou=0.3557 | bbox=0.0411 | ce=0.0153 | aux_giou=0.0000 | aux_bbox=0.0000 | aux_ce=0.0000 | mask=1142 | aux_mask=1481 | pos=64 | targets=64 | preds=130 | centerness=[-6.981, 0.544] | train_seen=3000
2026-05-28 12:13:49 | INFO | Epoch 46 | batch 1550/1829 | loss=0.8002 | giou=0.3537 | bbox=0.0284 | ce=0.0322 | aux_giou=0.0000 | aux_bbox=0.0000 | aux_ce=0.0000 | mask=1908 | aux_mask=2138 | pos=214 | targets=214 | preds=430 | centerness=[-6.310, 1.664] | train_seen=3100
2026-05-28 12:15:36 | INFO | Epoch 46 | batch 1600/1829 | loss=0.8272 | giou=0.3362 | bbox=0.0126 | ce=0.0279 | aux_giou=0.0379 | aux_bbox=0.0013 | aux_ce=0.0047 | mask=1422 | aux_mask=1807 | pos=251 | targets=251 | preds=403 | centerness=[-5.533, 1.823] | train_seen=3200
2026-05-28 12:17:22 | INFO | Epoch 46 | batch 1650/1829 | loss=0.5935 | giou=0.2666 | bbox=0.0254 | ce=0.0175 | aux_giou=0.0000 | aux_bbox=0.0000 | aux_ce=0.0000 | mask=1641 | aux_mask=1858 | pos=188 | targets=188 | preds=291 | centerness=[-7.934, 2.331] | train_seen=3300
2026-05-28 12:19:08 | INFO | Epoch 46 | batch 1700/1829 | loss=0.6796 | giou=0.3037 | bbox=0.0533 | ce=0.0095 | aux_giou=0.0000 | aux_bbox=0.0000 | aux_ce=0.0000 | mask=915 | aux_mask=1781 | pos=42 | targets=42 | preds=63 | centerness=[-7.249, 1.334] | train_seen=3400
2026-05-28 12:20:54 | INFO | Epoch 46 | batch 1750/1829 | loss=0.7266 | giou=0.3121 | bbox=0.0250 | ce=0.0386 | aux_giou=0.0000 | aux_bbox=0.0000 | aux_ce=0.0000 | mask=1360 | aux_mask=1499 | pos=170 | targets=170 | preds=318 | centerness=[-5.711, 0.992] | train_seen=3500
2026-05-28 12:22:41 | INFO | Epoch 46 | batch 1800/1829 | loss=0.9038 | giou=0.3598 | bbox=0.0485 | ce=0.0330 | aux_giou=0.0310 | aux_bbox=0.0023 | aux_ce=0.0027 | mask=1670 | aux_mask=1525 | pos=93 | targets=93 | preds=621 | centerness=[-9.129, 0.626] | train_seen=3600
2026-05-28 12:43:14 | INFO | Epoch 46 | train_loss=0.771 | val_loss=0.945 | train_mae=88.427 | val_mae=42.652 | val_rmse=82.00 | test_mae=50.428 | test_rmse=129.08 | time=5059.750s
2026-05-28 12:45:01 | INFO | Epoch 47 | batch 50/1829 | loss=0.9984 | giou=0.4038 | bbox=0.0281 | ce=0.0185 | aux_giou=0.0571 | aux_bbox=0.0045 | aux_ce=0.0035 | mask=1182 | aux_mask=2116 | pos=128 | targets=128 | preds=205 | centerness=[-11.639, 0.946] | train_seen=100
2026-05-28 12:46:47 | INFO | Epoch 47 | batch 100/1829 | loss=0.5519 | giou=0.2434 | bbox=0.0306 | ce=0.0173 | aux_giou=0.0000 | aux_bbox=0.0000 | aux_ce=0.0000 | mask=1706 | aux_mask=1778 | pos=116 | targets=116 | preds=280 | centerness=[-7.907, 1.528] | train_seen=200
2026-05-28 12:48:33 | INFO | Epoch 47 | batch 150/1829 | loss=1.0303 | giou=0.4121 | bbox=0.0607 | ce=0.0429 | aux_giou=0.0259 | aux_bbox=0.0027 | aux_ce=0.0026 | mask=1600 | aux_mask=1997 | pos=194 | targets=194 | preds=308 | centerness=[-11.562, 1.121] | train_seen=300
2026-05-28 12:50:19 | INFO | Epoch 47 | batch 200/1829 | loss=0.8915 | giou=0.3817 | bbox=0.0190 | ce=0.0207 | aux_giou=0.0322 | aux_bbox=0.0013 | aux_ce=0.0010 | mask=1427 | aux_mask=1533 | pos=140 | targets=140 | preds=313 | centerness=[-5.519, 1.542] | train_seen=400
2026-05-28 12:52:05 | INFO | Epoch 47 | batch 250/1829 | loss=0.8349 | giou=0.3626 | bbox=0.0666 | ce=0.0215 | aux_giou=0.0000 | aux_bbox=0.0000 | aux_ce=0.0000 | mask=918 | aux_mask=1882 | pos=68 | targets=68 | preds=102 | centerness=[-8.830, 0.783] | train_seen=500
2026-05-28 12:53:51 | INFO | Epoch 47 | batch 300/1829 | loss=0.5440 | giou=0.2527 | bbox=0.0230 | ce=0.0079 | aux_giou=0.0000 | aux_bbox=0.0000 | aux_ce=0.0000 | mask=1290 | aux_mask=1506 | pos=130 | targets=130 | preds=164 | centerness=[-5.925, 2.557] | train_seen=600
2026-05-28 12:55:37 | INFO | Epoch 47 | batch 350/1829 | loss=0.5638 | giou=0.2481 | bbox=0.0328 | ce=0.0175 | aux_giou=0.0000 | aux_bbox=0.0000 | aux_ce=0.0000 | mask=1063 | aux_mask=1281 | pos=68 | targets=68 | preds=157 | centerness=[-6.207, 0.912] | train_seen=700
2026-05-28 12:57:24 | INFO | Epoch 47 | batch 400/1829 | loss=0.6901 | giou=0.3136 | bbox=0.0378 | ce=0.0126 | aux_giou=0.0000 | aux_bbox=0.0000 | aux_ce=0.0000 | mask=897 | aux_mask=1141 | pos=61 | targets=61 | preds=96 | centerness=[-9.221, 1.293] | train_seen=800
2026-05-28 12:59:10 | INFO | Epoch 47 | batch 450/1829 | loss=0.8927 | giou=0.3807 | bbox=0.0419 | ce=0.0447 | aux_giou=0.0000 | aux_bbox=0.0000 | aux_ce=0.0000 | mask=1732 | aux_mask=1430 | pos=299 | targets=299 | preds=523 | centerness=[-7.289, 2.086] | train_seen=900
2026-05-28 13:00:56 | INFO | Epoch 47 | batch 500/1829 | loss=0.8207 | giou=0.3588 | bbox=0.0129 | ce=0.0067 | aux_giou=0.0371 | aux_bbox=0.0013 | aux_ce=0.0007 | mask=1362 | aux_mask=1372 | pos=60 | targets=60 | preds=98 | centerness=[-5.261, 2.467] | train_seen=1000
2026-05-28 13:02:42 | INFO | Epoch 47 | batch 550/1829 | loss=0.4080 | giou=0.1804 | bbox=0.0204 | ce=0.0134 | aux_giou=0.0000 | aux_bbox=0.0000 | aux_ce=0.0000 | mask=1420 | aux_mask=1991 | pos=104 | targets=104 | preds=114 | centerness=[-6.355, 1.605] | train_seen=1100
2026-05-28 13:04:28 | INFO | Epoch 47 | batch 600/1829 | loss=1.0764 | giou=0.4606 | bbox=0.0281 | ce=0.0253 | aux_giou=0.0348 | aux_bbox=0.0030 | aux_ce=0.0019 | mask=1571 | aux_mask=1739 | pos=171 | targets=171 | preds=532 | centerness=[-7.791, 0.863] | train_seen=1200
2026-05-28 13:06:15 | INFO | Epoch 47 | batch 650/1829 | loss=0.5774 | giou=0.2638 | bbox=0.0295 | ce=0.0101 | aux_giou=0.0000 | aux_bbox=0.0000 | aux_ce=0.0000 | mask=1475 | aux_mask=1539 | pos=85 | targets=85 | preds=115 | centerness=[-6.009, 1.619] | train_seen=1300
2026-05-28 13:08:01 | INFO | Epoch 47 | batch 700/1829 | loss=0.7829 | giou=0.3578 | bbox=0.0214 | ce=0.0229 | aux_giou=0.0000 | aux_bbox=0.0000 | aux_ce=0.0000 | mask=1785 | aux_mask=1855 | pos=251 | targets=251 | preds=278 | centerness=[-4.818, 1.905] | train_seen=1400
2026-05-28 13:09:48 | INFO | Epoch 47 | batch 750/1829 | loss=0.6879 | giou=0.3088 | bbox=0.0265 | ce=0.0219 | aux_giou=0.0000 | aux_bbox=0.0000 | aux_ce=0.0000 | mask=1778 | aux_mask=2197 | pos=914 | targets=914 | preds=1010 | centerness=[-5.795, 2.318] | train_seen=1500
2026-05-28 13:11:34 | INFO | Epoch 47 | batch 800/1829 | loss=1.0944 | giou=0.4069 | bbox=0.0388 | ce=0.0728 | aux_giou=0.0390 | aux_bbox=0.0028 | aux_ce=0.0077 | mask=1644 | aux_mask=1971 | pos=639 | targets=639 | preds=557 | centerness=[-6.038, 1.840] | train_seen=1600
2026-05-28 13:13:20 | INFO | Epoch 47 | batch 850/1829 | loss=0.5518 | giou=0.2461 | bbox=0.0358 | ce=0.0119 | aux_giou=0.0000 | aux_bbox=0.0000 | aux_ce=0.0000 | mask=1827 | aux_mask=2914 | pos=132 | targets=132 | preds=136 | centerness=[-8.186, 1.252] | train_seen=1700
2026-05-28 13:15:06 | INFO | Epoch 47 | batch 900/1829 | loss=0.6617 | giou=0.2987 | bbox=0.0285 | ce=0.0179 | aux_giou=0.0000 | aux_bbox=0.0000 | aux_ce=0.0000 | mask=1559 | aux_mask=1686 | pos=84 | targets=84 | preds=442 | centerness=[-5.954, 1.061] | train_seen=1800
2026-05-28 13:16:52 | INFO | Epoch 47 | batch 950/1829 | loss=0.7865 | giou=0.3281 | bbox=0.0320 | ce=0.0119 | aux_giou=0.0347 | aux_bbox=0.0014 | aux_ce=0.0019 | mask=1456 | aux_mask=2027 | pos=46 | targets=46 | preds=195 | centerness=[-6.228, 1.471] | train_seen=1900
2026-05-28 13:18:38 | INFO | Epoch 47 | batch 1000/1829 | loss=0.7568 | giou=0.3388 | bbox=0.0307 | ce=0.0243 | aux_giou=0.0000 | aux_bbox=0.0000 | aux_ce=0.0000 | mask=1607 | aux_mask=1879 | pos=164 | targets=164 | preds=339 | centerness=[-5.266, 1.754] | train_seen=2000
2026-05-28 13:20:25 | INFO | Epoch 47 | batch 1050/1829 | loss=0.8841 | giou=0.3853 | bbox=0.0510 | ce=0.0313 | aux_giou=0.0000 | aux_bbox=0.0000 | aux_ce=0.0000 | mask=1218 | aux_mask=1419 | pos=159 | targets=159 | preds=146 | centerness=[-7.025, 1.445] | train_seen=2100
2026-05-28 13:22:11 | INFO | Epoch 47 | batch 1100/1829 | loss=0.7574 | giou=0.3331 | bbox=0.0286 | ce=0.0313 | aux_giou=0.0000 | aux_bbox=0.0000 | aux_ce=0.0000 | mask=1907 | aux_mask=1983 | pos=472 | targets=472 | preds=477 | centerness=[-5.667, 1.944] | train_seen=2200
2026-05-28 13:23:57 | INFO | Epoch 47 | batch 1150/1829 | loss=0.5483 | giou=0.2408 | bbox=0.0354 | ce=0.0156 | aux_giou=0.0000 | aux_bbox=0.0000 | aux_ce=0.0000 | mask=942 | aux_mask=1188 | pos=70 | targets=70 | preds=59 | centerness=[-8.003, 1.670] | train_seen=2300
2026-05-28 13:25:43 | INFO | Epoch 47 | batch 1200/1829 | loss=0.2973 | giou=0.1329 | bbox=0.0105 | ce=0.0105 | aux_giou=0.0000 | aux_bbox=0.0000 | aux_ce=0.0000 | mask=1120 | aux_mask=1486 | pos=106 | targets=106 | preds=278 | centerness=[-6.548, 1.281] | train_seen=2400
2026-05-28 13:27:30 | INFO | Epoch 47 | batch 1250/1829 | loss=0.8641 | giou=0.3866 | bbox=0.0406 | ce=0.0252 | aux_giou=0.0000 | aux_bbox=0.0000 | aux_ce=0.0000 | mask=1439 | aux_mask=1496 | pos=184 | targets=184 | preds=310 | centerness=[-5.164, 2.072] | train_seen=2500
2026-05-28 13:29:16 | INFO | Epoch 47 | batch 1300/1829 | loss=0.7827 | giou=0.3362 | bbox=0.0318 | ce=0.0392 | aux_giou=0.0000 | aux_bbox=0.0000 | aux_ce=0.0000 | mask=1433 | aux_mask=1885 | pos=257 | targets=257 | preds=308 | centerness=[-7.208, 1.141] | train_seen=2600
2026-05-28 13:31:02 | INFO | Epoch 47 | batch 1350/1829 | loss=0.8336 | giou=0.3546 | bbox=0.0184 | ce=0.0159 | aux_giou=0.0353 | aux_bbox=0.0014 | aux_ce=0.0011 | mask=1470 | aux_mask=1874 | pos=131 | targets=131 | preds=215 | centerness=[-4.714, 1.297] | train_seen=2700
2026-05-28 13:32:49 | INFO | Epoch 47 | batch 1400/1829 | loss=0.8214 | giou=0.3619 | bbox=0.0733 | ce=0.0121 | aux_giou=0.0000 | aux_bbox=0.0000 | aux_ce=0.0000 | mask=987 | aux_mask=1393 | pos=41 | targets=41 | preds=45 | centerness=[-8.367, 1.614] | train_seen=2800
2026-05-28 13:34:35 | INFO | Epoch 47 | batch 1450/1829 | loss=0.8143 | giou=0.3534 | bbox=0.0407 | ce=0.0334 | aux_giou=0.0000 | aux_bbox=0.0000 | aux_ce=0.0000 | mask=1818 | aux_mask=2209 | pos=216 | targets=216 | preds=372 | centerness=[-6.251, 1.191] | train_seen=2900
2026-05-28 13:36:21 | INFO | Epoch 47 | batch 1500/1829 | loss=1.0221 | giou=0.3779 | bbox=0.0248 | ce=0.0344 | aux_giou=0.0766 | aux_bbox=0.0053 | aux_ce=0.0072 | mask=1760 | aux_mask=2004 | pos=312 | targets=312 | preds=920 | centerness=[-5.392, 1.323] | train_seen=3000
2026-05-28 13:38:07 | INFO | Epoch 47 | batch 1550/1829 | loss=0.5991 | giou=0.2727 | bbox=0.0182 | ce=0.0178 | aux_giou=0.0000 | aux_bbox=0.0000 | aux_ce=0.0000 | mask=1903 | aux_mask=2046 | pos=60 | targets=60 | preds=920 | centerness=[-6.868, 1.759] | train_seen=3100
2026-05-28 13:39:54 | INFO | Epoch 47 | batch 1600/1829 | loss=0.6526 | giou=0.3099 | bbox=0.0198 | ce=0.0065 | aux_giou=0.0000 | aux_bbox=0.0000 | aux_ce=0.0000 | mask=897 | aux_mask=1299 | pos=38 | targets=38 | preds=63 | centerness=[-6.361, 2.074] | train_seen=3200
2026-05-28 13:41:40 | INFO | Epoch 47 | batch 1650/1829 | loss=1.2502 | giou=0.4682 | bbox=0.0349 | ce=0.0656 | aux_giou=0.0560 | aux_bbox=0.0048 | aux_ce=0.0155 | mask=2767 | aux_mask=4188 | pos=1815 | targets=1815 | preds=1777 | centerness=[-6.795, 2.007] | train_seen=3300
2026-05-28 13:43:26 | INFO | Epoch 47 | batch 1700/1829 | loss=0.9629 | giou=0.3940 | bbox=0.0374 | ce=0.0298 | aux_giou=0.0363 | aux_bbox=0.0014 | aux_ce=0.0019 | mask=1699 | aux_mask=1609 | pos=218 | targets=218 | preds=375 | centerness=[-7.761, 1.446] | train_seen=3400
2026-05-28 13:45:12 | INFO | Epoch 47 | batch 1750/1829 | loss=0.5991 | giou=0.2613 | bbox=0.0358 | ce=0.0204 | aux_giou=0.0000 | aux_bbox=0.0000 | aux_ce=0.0000 | mask=1181 | aux_mask=1431 | pos=119 | targets=119 | preds=179 | centerness=[-8.827, 1.112] | train_seen=3500
2026-05-28 13:46:58 | INFO | Epoch 47 | batch 1800/1829 | loss=0.7383 | giou=0.3357 | bbox=0.0359 | ce=0.0155 | aux_giou=0.0000 | aux_bbox=0.0000 | aux_ce=0.0000 | mask=1608 | aux_mask=1854 | pos=228 | targets=228 | preds=264 | centerness=[-6.211, 1.805] | train_seen=3600
2026-05-28 14:07:34 | INFO | Epoch 47 | train_loss=0.773 | val_loss=0.945 | train_mae=87.824 | val_mae=42.335 | val_rmse=81.94 | test_mae=49.760 | test_rmse=127.57 | time=5058.636s
2026-05-28 14:09:20 | INFO | Epoch 48 | batch 50/1829 | loss=0.8742 | giou=0.3602 | bbox=0.0402 | ce=0.0216 | aux_giou=0.0302 | aux_bbox=0.0013 | aux_ce=0.0044 | mask=1259 | aux_mask=1518 | pos=412 | targets=412 | preds=496 | centerness=[-6.954, 1.664] | train_seen=100
2026-05-28 14:11:07 | INFO | Epoch 48 | batch 100/1829 | loss=0.9299 | giou=0.4131 | bbox=0.0373 | ce=0.0332 | aux_giou=0.0000 | aux_bbox=0.0000 | aux_ce=0.0000 | mask=1134 | aux_mask=1247 | pos=127 | targets=127 | preds=251 | centerness=[-7.054, 1.509] | train_seen=200
2026-05-28 14:12:53 | INFO | Epoch 48 | batch 150/1829 | loss=0.7153 | giou=0.3162 | bbox=0.0419 | ce=0.0205 | aux_giou=0.0000 | aux_bbox=0.0000 | aux_ce=0.0000 | mask=1645 | aux_mask=1751 | pos=88 | targets=88 | preds=569 | centerness=[-6.770, 0.860] | train_seen=300
2026-05-28 14:14:39 | INFO | Epoch 48 | batch 200/1829 | loss=0.8706 | giou=0.3870 | bbox=0.0534 | ce=0.0216 | aux_giou=0.0000 | aux_bbox=0.0000 | aux_ce=0.0000 | mask=1313 | aux_mask=1359 | pos=74 | targets=74 | preds=373 | centerness=[-6.439, 0.581] | train_seen=400
2026-05-28 14:16:26 | INFO | Epoch 48 | batch 250/1829 | loss=0.8249 | giou=0.3517 | bbox=0.0328 | ce=0.0444 | aux_giou=0.0000 | aux_bbox=0.0000 | aux_ce=0.0000 | mask=2264 | aux_mask=2179 | pos=528 | targets=528 | preds=924 | centerness=[-7.166, 2.145] | train_seen=500
2026-05-28 14:18:12 | INFO | Epoch 48 | batch 300/1829 | loss=0.7564 | giou=0.3348 | bbox=0.0338 | ce=0.0265 | aux_giou=0.0000 | aux_bbox=0.0000 | aux_ce=0.0000 | mask=1380 | aux_mask=1603 | pos=133 | targets=133 | preds=427 | centerness=[-4.751, 1.513] | train_seen=600
2026-05-28 14:19:58 | INFO | Epoch 48 | batch 350/1829 | loss=0.9441 | giou=0.4143 | bbox=0.0149 | ce=0.0135 | aux_giou=0.0346 | aux_bbox=0.0011 | aux_ce=0.0016 | mask=1590 | aux_mask=1851 | pos=81 | targets=81 | preds=228 | centerness=[-4.749, 2.041] | train_seen=700
2026-05-28 14:21:44 | INFO | Epoch 48 | batch 400/1829 | loss=0.6671 | giou=0.3155 | bbox=0.0205 | ce=0.0079 | aux_giou=0.0000 | aux_bbox=0.0000 | aux_ce=0.0000 | mask=1374 | aux_mask=1717 | pos=65 | targets=65 | preds=102 | centerness=[-5.615, 1.811] | train_seen=800
2026-05-28 14:23:30 | INFO | Epoch 48 | batch 450/1829 | loss=0.3749 | giou=0.1690 | bbox=0.0201 | ce=0.0084 | aux_giou=0.0000 | aux_bbox=0.0000 | aux_ce=0.0000 | mask=868 | aux_mask=1451 | pos=38 | targets=38 | preds=83 | centerness=[-6.284, 2.276] | train_seen=900
2026-05-28 14:25:17 | INFO | Epoch 48 | batch 500/1829 | loss=0.3777 | giou=0.1649 | bbox=0.0183 | ce=0.0148 | aux_giou=0.0000 | aux_bbox=0.0000 | aux_ce=0.0000 | mask=1879 | aux_mask=2168 | pos=319 | targets=319 | preds=605 | centerness=[-8.729, 2.046] | train_seen=1000
2026-05-28 14:27:03 | INFO | Epoch 48 | batch 550/1829 | loss=0.6647 | giou=0.2625 | bbox=0.0615 | ce=0.0391 | aux_giou=0.0000 | aux_bbox=0.0000 | aux_ce=0.0000 | mask=1134 | aux_mask=1694 | pos=79 | targets=79 | preds=78 | centerness=[-9.607, 0.486] | train_seen=1100
2026-05-28 14:28:49 | INFO | Epoch 48 | batch 600/1829 | loss=0.6707 | giou=0.2922 | bbox=0.0544 | ce=0.0160 | aux_giou=0.0000 | aux_bbox=0.0000 | aux_ce=0.0000 | mask=1473 | aux_mask=1945 | pos=95 | targets=95 | preds=284 | centerness=[-9.437, 0.859] | train_seen=1200
2026-05-28 14:30:35 | INFO | Epoch 48 | batch 650/1829 | loss=0.5201 | giou=0.2478 | bbox=0.0181 | ce=0.0032 | aux_giou=0.0000 | aux_bbox=0.0000 | aux_ce=0.0000 | mask=1031 | aux_mask=1591 | pos=74 | targets=74 | preds=77 | centerness=[-6.417, 2.274] | train_seen=1300
2026-05-28 14:32:22 | INFO | Epoch 48 | batch 700/1829 | loss=0.6952 | giou=0.3167 | bbox=0.0216 | ce=0.0201 | aux_giou=0.0000 | aux_bbox=0.0000 | aux_ce=0.0000 | mask=1755 | aux_mask=1926 | pos=236 | targets=236 | preds=565 | centerness=[-6.415, 2.161] | train_seen=1400
2026-05-28 14:34:08 | INFO | Epoch 48 | batch 750/1829 | loss=0.5922 | giou=0.2600 | bbox=0.0326 | ce=0.0198 | aux_giou=0.0000 | aux_bbox=0.0000 | aux_ce=0.0000 | mask=1588 | aux_mask=2220 | pos=172 | targets=172 | preds=173 | centerness=[-5.960, 1.555] | train_seen=1500
2026-05-28 14:35:54 | INFO | Epoch 48 | batch 800/1829 | loss=0.7191 | giou=0.3219 | bbox=0.0406 | ce=0.0173 | aux_giou=0.0000 | aux_bbox=0.0000 | aux_ce=0.0000 | mask=899 | aux_mask=1268 | pos=62 | targets=62 | preds=193 | centerness=[-6.926, 1.359] | train_seen=1600
2026-05-28 14:37:40 | INFO | Epoch 48 | batch 850/1829 | loss=0.5883 | giou=0.2567 | bbox=0.0444 | ce=0.0152 | aux_giou=0.0000 | aux_bbox=0.0000 | aux_ce=0.0000 | mask=913 | aux_mask=1395 | pos=56 | targets=56 | preds=71 | centerness=[-6.786, 1.387] | train_seen=1700
2026-05-28 14:39:26 | INFO | Epoch 48 | batch 900/1829 | loss=0.7882 | giou=0.3563 | bbox=0.0306 | ce=0.0225 | aux_giou=0.0000 | aux_bbox=0.0000 | aux_ce=0.0000 | mask=1758 | aux_mask=1392 | pos=404 | targets=404 | preds=419 | centerness=[-6.194, 1.754] | train_seen=1800
2026-05-28 14:41:13 | INFO | Epoch 48 | batch 950/1829 | loss=0.6024 | giou=0.2587 | bbox=0.0575 | ce=0.0137 | aux_giou=0.0000 | aux_bbox=0.0000 | aux_ce=0.0000 | mask=970 | aux_mask=1638 | pos=37 | targets=37 | preds=94 | centerness=[-7.946, 0.551] | train_seen=1900
2026-05-28 14:42:59 | INFO | Epoch 48 | batch 1000/1829 | loss=0.5004 | giou=0.2255 | bbox=0.0281 | ce=0.0107 | aux_giou=0.0000 | aux_bbox=0.0000 | aux_ce=0.0000 | mask=989 | aux_mask=1047 | pos=75 | targets=75 | preds=77 | centerness=[-7.378, 1.944] | train_seen=2000
2026-05-28 14:44:45 | INFO | Epoch 48 | batch 1050/1829 | loss=0.8677 | giou=0.3740 | bbox=0.0462 | ce=0.0368 | aux_giou=0.0000 | aux_bbox=0.0000 | aux_ce=0.0000 | mask=1496 | aux_mask=1604 | pos=240 | targets=240 | preds=324 | centerness=[-8.257, 1.887] | train_seen=2100
2026-05-28 14:46:31 | INFO | Epoch 48 | batch 1100/1829 | loss=0.6435 | giou=0.2783 | bbox=0.0324 | ce=0.0273 | aux_giou=0.0000 | aux_bbox=0.0000 | aux_ce=0.0000 | mask=820 | aux_mask=1009 | pos=120 | targets=120 | preds=132 | centerness=[-8.874, 1.708] | train_seen=2200
2026-05-28 14:48:17 | INFO | Epoch 48 | batch 1150/1829 | loss=0.8034 | giou=0.3698 | bbox=0.0228 | ce=0.0204 | aux_giou=0.0000 | aux_bbox=0.0000 | aux_ce=0.0000 | mask=1471 | aux_mask=1631 | pos=235 | targets=235 | preds=374 | centerness=[-6.036, 1.615] | train_seen=2300
2026-05-28 14:50:04 | INFO | Epoch 48 | batch 1200/1829 | loss=0.6164 | giou=0.2877 | bbox=0.0198 | ce=0.0106 | aux_giou=0.0000 | aux_bbox=0.0000 | aux_ce=0.0000 | mask=1258 | aux_mask=1654 | pos=86 | targets=86 | preds=138 | centerness=[-5.866, 1.997] | train_seen=2400
2026-05-28 14:51:50 | INFO | Epoch 48 | batch 1250/1829 | loss=0.7489 | giou=0.3121 | bbox=0.0117 | ce=0.0158 | aux_giou=0.0369 | aux_bbox=0.0029 | aux_ce=0.0023 | mask=1443 | aux_mask=1475 | pos=315 | targets=315 | preds=312 | centerness=[-5.479, 2.264] | train_seen=2500
2026-05-28 14:53:36 | INFO | Epoch 48 | batch 1300/1829 | loss=0.6931 | giou=0.3118 | bbox=0.0229 | ce=0.0233 | aux_giou=0.0000 | aux_bbox=0.0000 | aux_ce=0.0000 | mask=1717 | aux_mask=1801 | pos=284 | targets=284 | preds=796 | centerness=[-7.286, 1.280] | train_seen=2600
2026-05-28 14:55:22 | INFO | Epoch 48 | batch 1350/1829 | loss=0.8667 | giou=0.3911 | bbox=0.0412 | ce=0.0217 | aux_giou=0.0000 | aux_bbox=0.0000 | aux_ce=0.0000 | mask=1181 | aux_mask=1420 | pos=91 | targets=91 | preds=259 | centerness=[-6.679, 1.077] | train_seen=2700
2026-05-28 14:57:08 | INFO | Epoch 48 | batch 1400/1829 | loss=0.9293 | giou=0.4090 | bbox=0.0478 | ce=0.0317 | aux_giou=0.0000 | aux_bbox=0.0000 | aux_ce=0.0000 | mask=2061 | aux_mask=2174 | pos=284 | targets=284 | preds=539 | centerness=[-7.898, 1.650] | train_seen=2800
2026-05-28 14:58:55 | INFO | Epoch 48 | batch 1450/1829 | loss=0.8152 | giou=0.3641 | bbox=0.0218 | ce=0.0326 | aux_giou=0.0000 | aux_bbox=0.0000 | aux_ce=0.0000 | mask=1441 | aux_mask=2117 | pos=228 | targets=228 | preds=365 | centerness=[-5.393, 1.721] | train_seen=2900
2026-05-28 15:00:41 | INFO | Epoch 48 | batch 1500/1829 | loss=0.4405 | giou=0.1905 | bbox=0.0371 | ce=0.0112 | aux_giou=0.0000 | aux_bbox=0.0000 | aux_ce=0.0000 | mask=1037 | aux_mask=1604 | pos=100 | targets=100 | preds=144 | centerness=[-7.701, 1.289] | train_seen=3000
2026-05-28 15:02:28 | INFO | Epoch 48 | batch 1550/1829 | loss=0.8189 | giou=0.3516 | bbox=0.0298 | ce=0.0112 | aux_giou=0.0301 | aux_bbox=0.0016 | aux_ce=0.0008 | mask=1076 | aux_mask=1456 | pos=54 | targets=54 | preds=89 | centerness=[-5.271, 2.174] | train_seen=3100
2026-05-28 15:04:15 | INFO | Epoch 48 | batch 1600/1829 | loss=0.8242 | giou=0.3583 | bbox=0.0234 | ce=0.0421 | aux_giou=0.0000 | aux_bbox=0.0000 | aux_ce=0.0000 | mask=2341 | aux_mask=2837 | pos=740 | targets=740 | preds=1117 | centerness=[-4.596, 2.295] | train_seen=3200
2026-05-28 15:06:01 | INFO | Epoch 48 | batch 1650/1829 | loss=1.0338 | giou=0.4105 | bbox=0.0192 | ce=0.0456 | aux_giou=0.0435 | aux_bbox=0.0020 | aux_ce=0.0067 | mask=2474 | aux_mask=2643 | pos=920 | targets=920 | preds=1484 | centerness=[-4.546, 1.838] | train_seen=3300
2026-05-28 15:07:47 | INFO | Epoch 48 | batch 1700/1829 | loss=0.7420 | giou=0.3313 | bbox=0.0221 | ce=0.0286 | aux_giou=0.0000 | aux_bbox=0.0000 | aux_ce=0.0000 | mask=1330 | aux_mask=1672 | pos=194 | targets=194 | preds=328 | centerness=[-5.768, 1.732] | train_seen=3400
2026-05-28 15:09:33 | INFO | Epoch 48 | batch 1750/1829 | loss=0.5971 | giou=0.2667 | bbox=0.0271 | ce=0.0183 | aux_giou=0.0000 | aux_bbox=0.0000 | aux_ce=0.0000 | mask=1159 | aux_mask=1411 | pos=118 | targets=118 | preds=128 | centerness=[-5.201, 2.156] | train_seen=3500
2026-05-28 15:11:19 | INFO | Epoch 48 | batch 1800/1829 | loss=0.8319 | giou=0.3575 | bbox=0.0122 | ce=0.0101 | aux_giou=0.0399 | aux_bbox=0.0016 | aux_ce=0.0016 | mask=1952 | aux_mask=2466 | pos=116 | targets=116 | preds=257 | centerness=[-4.593, 1.894] | train_seen=3600
2026-05-28 15:31:54 | INFO | Epoch 48 | train_loss=0.775 | val_loss=0.945 | train_mae=88.116 | val_mae=41.254 | val_rmse=80.08 | test_mae=48.414 | test_rmse=126.05 | time=5059.535s
2026-05-28 15:33:40 | INFO | Epoch 49 | batch 50/1829 | loss=0.4271 | giou=0.1862 | bbox=0.0429 | ce=0.0059 | aux_giou=0.0000 | aux_bbox=0.0000 | aux_ce=0.0000 | mask=905 | aux_mask=1692 | pos=24 | targets=24 | preds=48 | centerness=[-8.771, 1.564] | train_seen=100
2026-05-28 15:35:26 | INFO | Epoch 49 | batch 100/1829 | loss=0.6647 | giou=0.2944 | bbox=0.0505 | ce=0.0127 | aux_giou=0.0000 | aux_bbox=0.0000 | aux_ce=0.0000 | mask=1216 | aux_mask=1544 | pos=142 | targets=142 | preds=188 | centerness=[-8.878, 1.647] | train_seen=200
2026-05-28 15:37:13 | INFO | Epoch 49 | batch 150/1829 | loss=0.6244 | giou=0.2666 | bbox=0.0479 | ce=0.0217 | aux_giou=0.0000 | aux_bbox=0.0000 | aux_ce=0.0000 | mask=891 | aux_mask=1387 | pos=58 | targets=58 | preds=94 | centerness=[-7.330, 1.047] | train_seen=300
2026-05-28 15:38:59 | INFO | Epoch 49 | batch 200/1829 | loss=1.1848 | giou=0.4745 | bbox=0.0373 | ce=0.0535 | aux_giou=0.0391 | aux_bbox=0.0016 | aux_ce=0.0059 | mask=2658 | aux_mask=3756 | pos=1532 | targets=1532 | preds=2073 | centerness=[-6.161, 1.149] | train_seen=400
2026-05-28 15:40:46 | INFO | Epoch 49 | batch 250/1829 | loss=0.8061 | giou=0.3367 | bbox=0.0509 | ce=0.0409 | aux_giou=0.0000 | aux_bbox=0.0000 | aux_ce=0.0000 | mask=1366 | aux_mask=1866 | pos=152 | targets=152 | preds=288 | centerness=[-7.644, 0.419] | train_seen=500
2026-05-28 15:42:32 | INFO | Epoch 49 | batch 300/1829 | loss=0.8199 | giou=0.3739 | bbox=0.0457 | ce=0.0133 | aux_giou=0.0000 | aux_bbox=0.0000 | aux_ce=0.0000 | mask=1400 | aux_mask=1729 | pos=24 | targets=24 | preds=135 | centerness=[-6.138, 1.312] | train_seen=600
2026-05-28 15:44:18 | INFO | Epoch 49 | batch 350/1829 | loss=0.5461 | giou=0.2529 | bbox=0.0193 | ce=0.0105 | aux_giou=0.0000 | aux_bbox=0.0000 | aux_ce=0.0000 | mask=1205 | aux_mask=1279 | pos=104 | targets=104 | preds=108 | centerness=[-6.031, 1.889] | train_seen=700
2026-05-28 15:46:04 | INFO | Epoch 49 | batch 400/1829 | loss=1.2449 | giou=0.4994 | bbox=0.2134 | ce=0.0164 | aux_giou=0.0000 | aux_bbox=0.0000 | aux_ce=0.0000 | mask=824 | aux_mask=1308 | pos=61 | targets=61 | preds=146 | centerness=[-5.710, 1.405] | train_seen=800
2026-05-28 15:47:51 | INFO | Epoch 49 | batch 450/1829 | loss=0.7174 | giou=0.3106 | bbox=0.0326 | ce=0.0318 | aux_giou=0.0000 | aux_bbox=0.0000 | aux_ce=0.0000 | mask=1920 | aux_mask=2372 | pos=228 | targets=228 | preds=535 | centerness=[-6.589, 1.169] | train_seen=900
2026-05-28 15:49:37 | INFO | Epoch 49 | batch 500/1829 | loss=0.8120 | giou=0.3627 | bbox=0.0237 | ce=0.0314 | aux_giou=0.0000 | aux_bbox=0.0000 | aux_ce=0.0000 | mask=2323 | aux_mask=1784 | pos=333 | targets=333 | preds=731 | centerness=[-5.095, 1.728] | train_seen=1000
2026-05-28 15:51:23 | INFO | Epoch 49 | batch 550/1829 | loss=0.5739 | giou=0.2496 | bbox=0.0351 | ce=0.0197 | aux_giou=0.0000 | aux_bbox=0.0000 | aux_ce=0.0000 | mask=1244 | aux_mask=1687 | pos=108 | targets=108 | preds=172 | centerness=[-5.223, 1.407] | train_seen=1100
2026-05-28 15:53:10 | INFO | Epoch 49 | batch 600/1829 | loss=1.0422 | giou=0.4176 | bbox=0.0510 | ce=0.0363 | aux_giou=0.0383 | aux_bbox=0.0028 | aux_ce=0.0020 | mask=932 | aux_mask=1230 | pos=188 | targets=188 | preds=181 | centerness=[-6.530, 1.840] | train_seen=1200
2026-05-28 15:54:59 | INFO | Epoch 49 | batch 650/1829 | loss=0.7302 | giou=0.3342 | bbox=0.0295 | ce=0.0161 | aux_giou=0.0000 | aux_bbox=0.0000 | aux_ce=0.0000 | mask=1465 | aux_mask=1958 | pos=132 | targets=132 | preds=176 | centerness=[-5.254, 1.629] | train_seen=1300
2026-05-28 15:56:47 | INFO | Epoch 49 | batch 700/1829 | loss=0.8321 | giou=0.3562 | bbox=0.0345 | ce=0.0098 | aux_giou=0.0313 | aux_bbox=0.0011 | aux_ce=0.0010 | mask=967 | aux_mask=1141 | pos=23 | targets=23 | preds=89 | centerness=[-5.574, 1.672] | train_seen=1400
2026-05-28 15:58:34 | INFO | Epoch 49 | batch 750/1829 | loss=0.7676 | giou=0.3407 | bbox=0.0503 | ce=0.0180 | aux_giou=0.0000 | aux_bbox=0.0000 | aux_ce=0.0000 | mask=1951 | aux_mask=2126 | pos=140 | targets=140 | preds=346 | centerness=[-4.715, 1.193] | train_seen=1500
2026-05-28 16:00:20 | INFO | Epoch 49 | batch 800/1829 | loss=0.8506 | giou=0.3624 | bbox=0.0461 | ce=0.0398 | aux_giou=0.0000 | aux_bbox=0.0000 | aux_ce=0.0000 | mask=1900 | aux_mask=2196 | pos=316 | targets=316 | preds=687 | centerness=[-8.427, 0.989] | train_seen=1600
2026-05-28 16:02:06 | INFO | Epoch 49 | batch 850/1829 | loss=0.4856 | giou=0.2103 | bbox=0.0201 | ce=0.0224 | aux_giou=0.0000 | aux_bbox=0.0000 | aux_ce=0.0000 | mask=1241 | aux_mask=1350 | pos=141 | targets=141 | preds=394 | centerness=[-5.964, 1.717] | train_seen=1700
2026-05-28 16:03:52 | INFO | Epoch 49 | batch 900/1829 | loss=1.0115 | giou=0.4291 | bbox=0.0286 | ce=0.0220 | aux_giou=0.0377 | aux_bbox=0.0017 | aux_ce=0.0019 | mask=2200 | aux_mask=2482 | pos=121 | targets=121 | preds=543 | centerness=[-5.293, 1.035] | train_seen=1800
2026-05-28 16:05:39 | INFO | Epoch 49 | batch 950/1829 | loss=0.9398 | giou=0.4032 | bbox=0.0362 | ce=0.0486 | aux_giou=0.0000 | aux_bbox=0.0000 | aux_ce=0.0000 | mask=1917 | aux_mask=1965 | pos=363 | targets=363 | preds=970 | centerness=[-5.938, 0.902] | train_seen=1900
2026-05-28 16:07:25 | INFO | Epoch 49 | batch 1000/1829 | loss=0.9978 | giou=0.4053 | bbox=0.0777 | ce=0.0167 | aux_giou=0.0345 | aux_bbox=0.0040 | aux_ce=0.0016 | mask=1237 | aux_mask=2071 | pos=69 | targets=69 | preds=123 | centerness=[-7.418, 0.754] | train_seen=2000
2026-05-28 16:09:13 | INFO | Epoch 49 | batch 1050/1829 | loss=1.1085 | giou=0.4392 | bbox=0.0374 | ce=0.0358 | aux_giou=0.0534 | aux_bbox=0.0058 | aux_ce=0.0043 | mask=1766 | aux_mask=1957 | pos=432 | targets=432 | preds=863 | centerness=[-5.940, 1.583] | train_seen=2100
2026-05-28 16:11:00 | INFO | Epoch 49 | batch 1100/1829 | loss=0.5411 | giou=0.2509 | bbox=0.0170 | ce=0.0111 | aux_giou=0.0000 | aux_bbox=0.0000 | aux_ce=0.0000 | mask=1739 | aux_mask=1705 | pos=84 | targets=84 | preds=194 | centerness=[-4.336, 1.628] | train_seen=2200
2026-05-28 16:12:47 | INFO | Epoch 49 | batch 1150/1829 | loss=0.7442 | giou=0.3040 | bbox=0.0278 | ce=0.0195 | aux_giou=0.0326 | aux_bbox=0.0018 | aux_ce=0.0012 | mask=1133 | aux_mask=1459 | pos=102 | targets=102 | preds=187 | centerness=[-5.958, 1.348] | train_seen=2300
2026-05-28 16:14:33 | INFO | Epoch 49 | batch 1200/1829 | loss=1.3160 | giou=0.5161 | bbox=0.0257 | ce=0.0366 | aux_giou=0.0835 | aux_bbox=0.0043 | aux_ce=0.0068 | mask=2429 | aux_mask=2520 | pos=271 | targets=271 | preds=970 | centerness=[-4.562, 0.779] | train_seen=2400
2026-05-28 16:16:20 | INFO | Epoch 49 | batch 1250/1829 | loss=0.7001 | giou=0.3172 | bbox=0.0364 | ce=0.0146 | aux_giou=0.0000 | aux_bbox=0.0000 | aux_ce=0.0000 | mask=1330 | aux_mask=1582 | pos=66 | targets=66 | preds=349 | centerness=[-7.634, 0.800] | train_seen=2500
2026-05-28 16:18:06 | INFO | Epoch 49 | batch 1300/1829 | loss=0.8583 | giou=0.3349 | bbox=0.0270 | ce=0.0373 | aux_giou=0.0355 | aux_bbox=0.0014 | aux_ce=0.0073 | mask=1412 | aux_mask=1686 | pos=478 | targets=478 | preds=661 | centerness=[-6.061, 0.694] | train_seen=2600
2026-05-28 16:19:52 | INFO | Epoch 49 | batch 1350/1829 | loss=0.8080 | giou=0.3506 | bbox=0.0343 | ce=0.0362 | aux_giou=0.0000 | aux_bbox=0.0000 | aux_ce=0.0000 | mask=1507 | aux_mask=2153 | pos=248 | targets=248 | preds=708 | centerness=[-7.229, 1.135] | train_seen=2700
2026-05-28 16:21:39 | INFO | Epoch 49 | batch 1400/1829 | loss=0.8452 | giou=0.3816 | bbox=0.0416 | ce=0.0202 | aux_giou=0.0000 | aux_bbox=0.0000 | aux_ce=0.0000 | mask=1677 | aux_mask=1947 | pos=156 | targets=156 | preds=260 | centerness=[-5.327, 1.992] | train_seen=2800
2026-05-28 16:23:27 | INFO | Epoch 49 | batch 1450/1829 | loss=0.7759 | giou=0.3254 | bbox=0.0335 | ce=0.0458 | aux_giou=0.0000 | aux_bbox=0.0000 | aux_ce=0.0000 | mask=1364 | aux_mask=1499 | pos=231 | targets=231 | preds=258 | centerness=[-5.635, 1.714] | train_seen=2900
2026-05-28 16:25:13 | INFO | Epoch 49 | batch 1500/1829 | loss=0.9121 | giou=0.3993 | bbox=0.0306 | ce=0.0414 | aux_giou=0.0000 | aux_bbox=0.0000 | aux_ce=0.0000 | mask=1614 | aux_mask=1553 | pos=313 | targets=313 | preds=673 | centerness=[-5.971, 1.727] | train_seen=3000
2026-05-28 16:27:00 | INFO | Epoch 49 | batch 1550/1829 | loss=0.6991 | giou=0.3184 | bbox=0.0181 | ce=0.0221 | aux_giou=0.0000 | aux_bbox=0.0000 | aux_ce=0.0000 | mask=1762 | aux_mask=2071 | pos=174 | targets=174 | preds=319 | centerness=[-4.576, 1.689] | train_seen=3100
2026-05-28 16:28:46 | INFO | Epoch 49 | batch 1600/1829 | loss=0.8104 | giou=0.3759 | bbox=0.0181 | ce=0.0202 | aux_giou=0.0000 | aux_bbox=0.0000 | aux_ce=0.0000 | mask=1384 | aux_mask=1639 | pos=240 | targets=240 | preds=253 | centerness=[-5.316, 2.484] | train_seen=3200
2026-05-28 16:30:33 | INFO | Epoch 49 | batch 1650/1829 | loss=0.7185 | giou=0.3078 | bbox=0.0465 | ce=0.0282 | aux_giou=0.0000 | aux_bbox=0.0000 | aux_ce=0.0000 | mask=1421 | aux_mask=1763 | pos=135 | targets=135 | preds=184 | centerness=[-9.231, 1.634] | train_seen=3300
2026-05-28 16:32:19 | INFO | Epoch 49 | batch 1700/1829 | loss=0.9576 | giou=0.4410 | bbox=0.0391 | ce=0.0183 | aux_giou=0.0000 | aux_bbox=0.0000 | aux_ce=0.0000 | mask=1467 | aux_mask=1792 | pos=205 | targets=205 | preds=261 | centerness=[-5.416, 1.790] | train_seen=3400
2026-05-28 16:34:05 | INFO | Epoch 49 | batch 1750/1829 | loss=0.7711 | giou=0.3547 | bbox=0.0284 | ce=0.0167 | aux_giou=0.0000 | aux_bbox=0.0000 | aux_ce=0.0000 | mask=1573 | aux_mask=1385 | pos=172 | targets=172 | preds=193 | centerness=[-5.048, 2.226] | train_seen=3500
2026-05-28 16:35:52 | INFO | Epoch 49 | batch 1800/1829 | loss=0.9061 | giou=0.3801 | bbox=0.0235 | ce=0.0323 | aux_giou=0.0279 | aux_bbox=0.0011 | aux_ce=0.0005 | mask=1412 | aux_mask=2485 | pos=248 | targets=248 | preds=416 | centerness=[-5.681, 2.463] | train_seen=3600
2026-05-28 16:56:26 | INFO | Epoch 49 | train_loss=0.773 | val_loss=0.944 | train_mae=90.013 | val_mae=42.400 | val_rmse=82.19 | test_mae=50.016 | test_rmse=128.78 | time=5071.009s
2026-05-28 16:58:12 | INFO | Epoch 50 | batch 50/1829 | loss=0.9018 | giou=0.3901 | bbox=0.0673 | ce=0.0271 | aux_giou=0.0000 | aux_bbox=0.0000 | aux_ce=0.0000 | mask=1282 | aux_mask=1527 | pos=112 | targets=112 | preds=234 | centerness=[-8.040, 0.845] | train_seen=100
2026-05-28 16:59:58 | INFO | Epoch 50 | batch 100/1829 | loss=0.8160 | giou=0.3751 | bbox=0.0296 | ce=0.0181 | aux_giou=0.0000 | aux_bbox=0.0000 | aux_ce=0.0000 | mask=1132 | aux_mask=1540 | pos=110 | targets=110 | preds=195 | centerness=[-6.416, 1.206] | train_seen=200
2026-05-28 17:01:45 | INFO | Epoch 50 | batch 150/1829 | loss=0.7802 | giou=0.3479 | bbox=0.0485 | ce=0.0180 | aux_giou=0.0000 | aux_bbox=0.0000 | aux_ce=0.0000 | mask=1029 | aux_mask=1342 | pos=50 | targets=50 | preds=278 | centerness=[-7.389, 1.357] | train_seen=300
2026-05-28 17:03:31 | INFO | Epoch 50 | batch 200/1829 | loss=1.0988 | giou=0.4730 | bbox=0.0337 | ce=0.0246 | aux_giou=0.0330 | aux_bbox=0.0018 | aux_ce=0.0010 | mask=1180 | aux_mask=1474 | pos=200 | targets=200 | preds=250 | centerness=[-7.558, 2.099] | train_seen=400
2026-05-28 17:05:17 | INFO | Epoch 50 | batch 250/1829 | loss=0.7176 | giou=0.3245 | bbox=0.0236 | ce=0.0225 | aux_giou=0.0000 | aux_bbox=0.0000 | aux_ce=0.0000 | mask=1912 | aux_mask=1818 | pos=228 | targets=228 | preds=213 | centerness=[-5.078, 1.574] | train_seen=500
2026-05-28 17:07:03 | INFO | Epoch 50 | batch 300/1829 | loss=0.7139 | giou=0.2949 | bbox=0.0236 | ce=0.0503 | aux_giou=0.0000 | aux_bbox=0.0000 | aux_ce=0.0000 | mask=1521 | aux_mask=1661 | pos=87 | targets=87 | preds=369 | centerness=[-6.223, 1.618] | train_seen=600
2026-05-28 17:08:49 | INFO | Epoch 50 | batch 350/1829 | loss=0.7743 | giou=0.3228 | bbox=0.0134 | ce=0.0212 | aux_giou=0.0316 | aux_bbox=0.0012 | aux_ce=0.0042 | mask=1391 | aux_mask=1646 | pos=485 | targets=485 | preds=574 | centerness=[-5.878, 1.673] | train_seen=700
2026-05-28 17:10:35 | INFO | Epoch 50 | batch 400/1829 | loss=0.5385 | giou=0.2434 | bbox=0.0305 | ce=0.0106 | aux_giou=0.0000 | aux_bbox=0.0000 | aux_ce=0.0000 | mask=1247 | aux_mask=1791 | pos=45 | targets=45 | preds=110 | centerness=[-6.038, 0.624] | train_seen=800
2026-05-28 17:12:22 | INFO | Epoch 50 | batch 450/1829 | loss=0.8223 | giou=0.3631 | bbox=0.0674 | ce=0.0143 | aux_giou=0.0000 | aux_bbox=0.0000 | aux_ce=0.0000 | mask=1053 | aux_mask=1382 | pos=56 | targets=56 | preds=83 | centerness=[-9.260, 1.408] | train_seen=900
2026-05-28 17:14:08 | INFO | Epoch 50 | batch 500/1829 | loss=0.8759 | giou=0.3767 | bbox=0.0451 | ce=0.0387 | aux_giou=0.0000 | aux_bbox=0.0000 | aux_ce=0.0000 | mask=1062 | aux_mask=1421 | pos=200 | targets=200 | preds=234 | centerness=[-7.759, 1.804] | train_seen=1000
2026-05-28 17:15:54 | INFO | Epoch 50 | batch 550/1829 | loss=0.6112 | giou=0.2756 | bbox=0.0283 | ce=0.0158 | aux_giou=0.0000 | aux_bbox=0.0000 | aux_ce=0.0000 | mask=1388 | aux_mask=1535 | pos=96 | targets=96 | preds=179 | centerness=[-5.856, 1.724] | train_seen=1100
2026-05-28 17:17:40 | INFO | Epoch 50 | batch 600/1829 | loss=0.9889 | giou=0.4237 | bbox=0.0298 | ce=0.0181 | aux_giou=0.0355 | aux_bbox=0.0023 | aux_ce=0.0012 | mask=1517 | aux_mask=1702 | pos=22 | targets=22 | preds=404 | centerness=[-5.207, 1.420] | train_seen=1200
2026-05-28 17:19:26 | INFO | Epoch 50 | batch 650/1829 | loss=0.7975 | giou=0.3540 | bbox=0.0253 | ce=0.0321 | aux_giou=0.0000 | aux_bbox=0.0000 | aux_ce=0.0000 | mask=1624 | aux_mask=1817 | pos=292 | targets=292 | preds=506 | centerness=[-5.590, 1.580] | train_seen=1300
2026-05-28 17:21:13 | INFO | Epoch 50 | batch 700/1829 | loss=0.8988 | giou=0.3956 | bbox=0.0315 | ce=0.0381 | aux_giou=0.0000 | aux_bbox=0.0000 | aux_ce=0.0000 | mask=1293 | aux_mask=1604 | pos=306 | targets=306 | preds=387 | centerness=[-5.708, 1.530] | train_seen=1400
2026-05-28 17:22:59 | INFO | Epoch 50 | batch 750/1829 | loss=1.4065 | giou=0.5739 | bbox=0.0725 | ce=0.0931 | aux_giou=0.0000 | aux_bbox=0.0000 | aux_ce=0.0000 | mask=1769 | aux_mask=1839 | pos=424 | targets=424 | preds=420 | centerness=[-5.532, 1.023] | train_seen=1500
2026-05-28 17:24:45 | INFO | Epoch 50 | batch 800/1829 | loss=0.5937 | giou=0.2763 | bbox=0.0309 | ce=0.0051 | aux_giou=0.0000 | aux_bbox=0.0000 | aux_ce=0.0000 | mask=1049 | aux_mask=1108 | pos=25 | targets=25 | preds=60 | centerness=[-7.682, 1.357] | train_seen=1600
2026-05-28 17:26:31 | INFO | Epoch 50 | batch 850/1829 | loss=1.0050 | giou=0.3895 | bbox=0.0368 | ce=0.0440 | aux_giou=0.0442 | aux_bbox=0.0025 | aux_ce=0.0051 | mask=1578 | aux_mask=1998 | pos=308 | targets=308 | preds=548 | centerness=[-5.997, 1.077] | train_seen=1700
2026-05-28 17:28:17 | INFO | Epoch 50 | batch 900/1829 | loss=1.1482 | giou=0.4814 | bbox=0.0480 | ce=0.0228 | aux_giou=0.0436 | aux_bbox=0.0020 | aux_ce=0.0014 | mask=1520 | aux_mask=2625 | pos=109 | targets=109 | preds=330 | centerness=[-8.016, 1.088] | train_seen=1800
2026-05-28 17:30:04 | INFO | Epoch 50 | batch 950/1829 | loss=0.9933 | giou=0.3907 | bbox=0.0832 | ce=0.0213 | aux_giou=0.0371 | aux_bbox=0.0092 | aux_ce=0.0014 | mask=1059 | aux_mask=1702 | pos=133 | targets=133 | preds=186 | centerness=[-7.069, 1.350] | train_seen=1900
2026-05-28 17:31:50 | INFO | Epoch 50 | batch 1000/1829 | loss=0.8378 | giou=0.3599 | bbox=0.0310 | ce=0.0078 | aux_giou=0.0346 | aux_bbox=0.0012 | aux_ce=0.0005 | mask=1058 | aux_mask=1772 | pos=63 | targets=63 | preds=72 | centerness=[-6.225, 2.161] | train_seen=2000
2026-05-28 17:33:36 | INFO | Epoch 50 | batch 1050/1829 | loss=0.6567 | giou=0.2823 | bbox=0.0629 | ce=0.0145 | aux_giou=0.0000 | aux_bbox=0.0000 | aux_ce=0.0000 | mask=921 | aux_mask=1324 | pos=53 | targets=53 | preds=58 | centerness=[-7.661, 2.252] | train_seen=2100
2026-05-28 17:35:22 | INFO | Epoch 50 | batch 1100/1829 | loss=0.6448 | giou=0.3022 | bbox=0.0181 | ce=0.0111 | aux_giou=0.0000 | aux_bbox=0.0000 | aux_ce=0.0000 | mask=1629 | aux_mask=1799 | pos=124 | targets=124 | preds=180 | centerness=[-5.794, 1.924] | train_seen=2200
2026-05-28 17:37:09 | INFO | Epoch 50 | batch 1150/1829 | loss=0.5066 | giou=0.2400 | bbox=0.0135 | ce=0.0065 | aux_giou=0.0000 | aux_bbox=0.0000 | aux_ce=0.0000 | mask=1124 | aux_mask=1661 | pos=128 | targets=128 | preds=146 | centerness=[-5.670, 2.302] | train_seen=2300
2026-05-28 17:38:55 | INFO | Epoch 50 | batch 1200/1829 | loss=1.0342 | giou=0.4049 | bbox=0.0463 | ce=0.0317 | aux_giou=0.0499 | aux_bbox=0.0036 | aux_ce=0.0057 | mask=2290 | aux_mask=2412 | pos=422 | targets=422 | preds=710 | centerness=[-6.839, 1.329] | train_seen=2400
2026-05-28 17:40:41 | INFO | Epoch 50 | batch 1250/1829 | loss=0.5168 | giou=0.2383 | bbox=0.0157 | ce=0.0122 | aux_giou=0.0000 | aux_bbox=0.0000 | aux_ce=0.0000 | mask=1766 | aux_mask=2126 | pos=169 | targets=169 | preds=314 | centerness=[-5.176, 1.798] | train_seen=2500
2026-05-28 17:42:27 | INFO | Epoch 50 | batch 1300/1829 | loss=0.6700 | giou=0.2824 | bbox=0.0836 | ce=0.0108 | aux_giou=0.0000 | aux_bbox=0.0000 | aux_ce=0.0000 | mask=975 | aux_mask=2147 | pos=37 | targets=37 | preds=59 | centerness=[-6.530, 1.009] | train_seen=2600
2026-05-28 17:44:14 | INFO | Epoch 50 | batch 1350/1829 | loss=0.5788 | giou=0.2481 | bbox=0.0364 | ce=0.0231 | aux_giou=0.0000 | aux_bbox=0.0000 | aux_ce=0.0000 | mask=1121 | aux_mask=1180 | pos=107 | targets=107 | preds=216 | centerness=[-7.869, 1.300] | train_seen=2700
2026-05-28 17:46:00 | INFO | Epoch 50 | batch 1400/1829 | loss=0.9892 | giou=0.4348 | bbox=0.0285 | ce=0.0455 | aux_giou=0.0000 | aux_bbox=0.0000 | aux_ce=0.0000 | mask=2290 | aux_mask=2230 | pos=252 | targets=252 | preds=1072 | centerness=[-4.016, 1.821] | train_seen=2800
2026-05-28 17:47:46 | INFO | Epoch 50 | batch 1450/1829 | loss=0.6705 | giou=0.2744 | bbox=0.0471 | ce=0.0373 | aux_giou=0.0000 | aux_bbox=0.0000 | aux_ce=0.0000 | mask=1018 | aux_mask=2190 | pos=124 | targets=124 | preds=134 | centerness=[-5.269, 1.666] | train_seen=2900
2026-05-28 17:49:33 | INFO | Epoch 50 | batch 1500/1829 | loss=0.7207 | giou=0.3244 | bbox=0.0450 | ce=0.0135 | aux_giou=0.0000 | aux_bbox=0.0000 | aux_ce=0.0000 | mask=1566 | aux_mask=1653 | pos=246 | targets=246 | preds=250 | centerness=[-8.137, 2.632] | train_seen=3000
2026-05-28 17:51:19 | INFO | Epoch 50 | batch 1550/1829 | loss=0.6778 | giou=0.3007 | bbox=0.0196 | ce=0.0284 | aux_giou=0.0000 | aux_bbox=0.0000 | aux_ce=0.0000 | mask=1901 | aux_mask=1894 | pos=308 | targets=308 | preds=641 | centerness=[-4.405, 2.725] | train_seen=3100
2026-05-28 17:53:05 | INFO | Epoch 50 | batch 1600/1829 | loss=0.7312 | giou=0.3300 | bbox=0.0260 | ce=0.0226 | aux_giou=0.0000 | aux_bbox=0.0000 | aux_ce=0.0000 | mask=1603 | aux_mask=2099 | pos=312 | targets=312 | preds=542 | centerness=[-5.711, 1.990] | train_seen=3200
2026-05-28 17:54:51 | INFO | Epoch 50 | batch 1650/1829 | loss=0.8056 | giou=0.3528 | bbox=0.0314 | ce=0.0343 | aux_giou=0.0000 | aux_bbox=0.0000 | aux_ce=0.0000 | mask=1334 | aux_mask=1153 | pos=200 | targets=200 | preds=383 | centerness=[-6.057, 2.064] | train_seen=3300
2026-05-28 17:56:37 | INFO | Epoch 50 | batch 1700/1829 | loss=0.5645 | giou=0.2503 | bbox=0.0293 | ce=0.0173 | aux_giou=0.0000 | aux_bbox=0.0000 | aux_ce=0.0000 | mask=1574 | aux_mask=2050 | pos=84 | targets=84 | preds=371 | centerness=[-7.951, 0.881] | train_seen=3400
2026-05-28 17:58:24 | INFO | Epoch 50 | batch 1750/1829 | loss=0.4812 | giou=0.2149 | bbox=0.0292 | ce=0.0111 | aux_giou=0.0000 | aux_bbox=0.0000 | aux_ce=0.0000 | mask=988 | aux_mask=1475 | pos=60 | targets=60 | preds=96 | centerness=[-8.065, 1.017] | train_seen=3500
2026-05-28 18:00:10 | INFO | Epoch 50 | batch 1800/1829 | loss=0.7167 | giou=0.3219 | bbox=0.0353 | ce=0.0188 | aux_giou=0.0000 | aux_bbox=0.0000 | aux_ce=0.0000 | mask=1568 | aux_mask=1555 | pos=197 | targets=197 | preds=210 | centerness=[-7.155, 2.197] | train_seen=3600
2026-05-28 18:20:43 | INFO | Epoch 50 | train_loss=0.773 | val_loss=0.943 | train_mae=89.359 | val_mae=41.858 | val_rmse=80.83 | test_mae=49.421 | test_rmse=127.76 | time=5056.981s
2026-05-28 18:22:30 | INFO | Epoch 51 | batch 50/1829 | loss=0.6955 | giou=0.2993 | bbox=0.0361 | ce=0.0304 | aux_giou=0.0000 | aux_bbox=0.0000 | aux_ce=0.0000 | mask=1767 | aux_mask=1752 | pos=138 | targets=138 | preds=474 | centerness=[-6.712, 1.403] | train_seen=100
2026-05-28 18:24:16 | INFO | Epoch 51 | batch 100/1829 | loss=0.6911 | giou=0.3043 | bbox=0.0157 | ce=0.0078 | aux_giou=0.0247 | aux_bbox=0.0010 | aux_ce=0.0005 | mask=1810 | aux_mask=1937 | pos=142 | targets=142 | preds=214 | centerness=[-4.731, 2.174] | train_seen=200
2026-05-28 18:26:02 | INFO | Epoch 51 | batch 150/1829 | loss=0.7001 | giou=0.2983 | bbox=0.0401 | ce=0.0317 | aux_giou=0.0000 | aux_bbox=0.0000 | aux_ce=0.0000 | mask=1136 | aux_mask=1407 | pos=156 | targets=156 | preds=238 | centerness=[-7.979, 1.267] | train_seen=300
2026-05-28 18:27:48 | INFO | Epoch 51 | batch 200/1829 | loss=0.6406 | giou=0.2907 | bbox=0.0262 | ce=0.0165 | aux_giou=0.0000 | aux_bbox=0.0000 | aux_ce=0.0000 | mask=1250 | aux_mask=1602 | pos=147 | targets=147 | preds=193 | centerness=[-5.972, 1.980] | train_seen=400
2026-05-28 18:29:35 | INFO | Epoch 51 | batch 250/1829 | loss=0.9785 | giou=0.4212 | bbox=0.0628 | ce=0.0366 | aux_giou=0.0000 | aux_bbox=0.0000 | aux_ce=0.0000 | mask=1358 | aux_mask=1751 | pos=139 | targets=139 | preds=282 | centerness=[-8.206, 1.412] | train_seen=500
2026-05-28 18:31:21 | INFO | Epoch 51 | batch 300/1829 | loss=0.7863 | giou=0.3157 | bbox=0.0201 | ce=0.0284 | aux_giou=0.0353 | aux_bbox=0.0025 | aux_ce=0.0024 | mask=1258 | aux_mask=1476 | pos=284 | targets=284 | preds=345 | centerness=[-8.858, 2.275] | train_seen=600
2026-05-28 18:33:07 | INFO | Epoch 51 | batch 350/1829 | loss=0.5182 | giou=0.2413 | bbox=0.0279 | ce=0.0039 | aux_giou=0.0000 | aux_bbox=0.0000 | aux_ce=0.0000 | mask=819 | aux_mask=1221 | pos=21 | targets=21 | preds=27 | centerness=[-7.574, 1.738] | train_seen=700
2026-05-28 18:34:53 | INFO | Epoch 51 | batch 400/1829 | loss=0.5215 | giou=0.2448 | bbox=0.0144 | ce=0.0087 | aux_giou=0.0000 | aux_bbox=0.0000 | aux_ce=0.0000 | mask=1190 | aux_mask=1782 | pos=124 | targets=124 | preds=136 | centerness=[-5.764, 1.954] | train_seen=800
2026-05-28 18:36:40 | INFO | Epoch 51 | batch 450/1829 | loss=0.6335 | giou=0.2818 | bbox=0.0454 | ce=0.0122 | aux_giou=0.0000 | aux_bbox=0.0000 | aux_ce=0.0000 | mask=1218 | aux_mask=1772 | pos=66 | targets=66 | preds=102 | centerness=[-7.086, 1.121] | train_seen=900
2026-05-28 18:38:26 | INFO | Epoch 51 | batch 500/1829 | loss=0.8785 | giou=0.3520 | bbox=0.0296 | ce=0.0291 | aux_giou=0.0369 | aux_bbox=0.0018 | aux_ce=0.0055 | mask=1783 | aux_mask=2102 | pos=501 | targets=501 | preds=782 | centerness=[-6.008, 1.861] | train_seen=1000
2026-05-28 18:40:12 | INFO | Epoch 51 | batch 550/1829 | loss=1.1364 | giou=0.4867 | bbox=0.0221 | ce=0.0252 | aux_giou=0.0427 | aux_bbox=0.0016 | aux_ce=0.0018 | mask=2435 | aux_mask=2758 | pos=340 | targets=340 | preds=648 | centerness=[-4.152, 1.491] | train_seen=1100
2026-05-28 18:41:59 | INFO | Epoch 51 | batch 600/1829 | loss=0.6934 | giou=0.3062 | bbox=0.0386 | ce=0.0212 | aux_giou=0.0000 | aux_bbox=0.0000 | aux_ce=0.0000 | mask=1771 | aux_mask=2335 | pos=158 | targets=158 | preds=662 | centerness=[-7.252, 1.036] | train_seen=1200
2026-05-28 18:43:45 | INFO | Epoch 51 | batch 650/1829 | loss=0.7357 | giou=0.3084 | bbox=0.0329 | ce=0.0135 | aux_giou=0.0269 | aux_bbox=0.0011 | aux_ce=0.0021 | mask=1670 | aux_mask=2024 | pos=105 | targets=105 | preds=217 | centerness=[-10.988, 0.754] | train_seen=1300
2026-05-28 18:45:31 | INFO | Epoch 51 | batch 700/1829 | loss=0.6318 | giou=0.2872 | bbox=0.0203 | ce=0.0185 | aux_giou=0.0000 | aux_bbox=0.0000 | aux_ce=0.0000 | mask=1315 | aux_mask=1369 | pos=174 | targets=174 | preds=188 | centerness=[-5.073, 1.511] | train_seen=1400
2026-05-28 18:47:17 | INFO | Epoch 51 | batch 750/1829 | loss=0.7976 | giou=0.3548 | bbox=0.0334 | ce=0.0273 | aux_giou=0.0000 | aux_bbox=0.0000 | aux_ce=0.0000 | mask=1708 | aux_mask=2022 | pos=236 | targets=236 | preds=349 | centerness=[-6.517, 1.645] | train_seen=1500
2026-05-28 18:49:04 | INFO | Epoch 51 | batch 800/1829 | loss=0.6448 | giou=0.2836 | bbox=0.0333 | ce=0.0221 | aux_giou=0.0000 | aux_bbox=0.0000 | aux_ce=0.0000 | mask=1265 | aux_mask=1200 | pos=94 | targets=94 | preds=131 | centerness=[-7.615, 1.023] | train_seen=1600
2026-05-28 18:50:50 | INFO | Epoch 51 | batch 850/1829 | loss=1.0911 | giou=0.4346 | bbox=0.0248 | ce=0.0431 | aux_giou=0.0475 | aux_bbox=0.0028 | aux_ce=0.0066 | mask=2492 | aux_mask=2586 | pos=612 | targets=612 | preds=944 | centerness=[-4.292, 2.136] | train_seen=1700
2026-05-28 18:52:36 | INFO | Epoch 51 | batch 900/1829 | loss=0.8742 | giou=0.3981 | bbox=0.0300 | ce=0.0240 | aux_giou=0.0000 | aux_bbox=0.0000 | aux_ce=0.0000 | mask=2663 | aux_mask=2999 | pos=160 | targets=160 | preds=652 | centerness=[-6.119, 1.613] | train_seen=1800
2026-05-28 18:54:22 | INFO | Epoch 51 | batch 950/1829 | loss=0.6047 | giou=0.2661 | bbox=0.0429 | ce=0.0148 | aux_giou=0.0000 | aux_bbox=0.0000 | aux_ce=0.0000 | mask=1413 | aux_mask=2445 | pos=70 | targets=70 | preds=144 | centerness=[-7.106, 0.710] | train_seen=1900
2026-05-28 18:56:08 | INFO | Epoch 51 | batch 1000/1829 | loss=0.8209 | giou=0.3420 | bbox=0.0226 | ce=0.0193 | aux_giou=0.0366 | aux_bbox=0.0014 | aux_ce=0.0006 | mask=1428 | aux_mask=2004 | pos=145 | targets=145 | preds=369 | centerness=[-5.613, 2.396] | train_seen=2000
2026-05-28 18:57:55 | INFO | Epoch 51 | batch 1050/1829 | loss=0.9115 | giou=0.3695 | bbox=0.0661 | ce=0.0194 | aux_giou=0.0311 | aux_bbox=0.0023 | aux_ce=0.0014 | mask=834 | aux_mask=1128 | pos=41 | targets=41 | preds=156 | centerness=[-8.001, 0.822] | train_seen=2100
2026-05-28 18:59:41 | INFO | Epoch 51 | batch 1100/1829 | loss=0.9367 | giou=0.4095 | bbox=0.0248 | ce=0.0465 | aux_giou=0.0000 | aux_bbox=0.0000 | aux_ce=0.0000 | mask=2579 | aux_mask=3416 | pos=968 | targets=968 | preds=1392 | centerness=[-4.879, 1.602] | train_seen=2200
2026-05-28 19:01:27 | INFO | Epoch 51 | batch 1150/1829 | loss=0.8314 | giou=0.3615 | bbox=0.0451 | ce=0.0317 | aux_giou=0.0000 | aux_bbox=0.0000 | aux_ce=0.0000 | mask=1523 | aux_mask=1963 | pos=238 | targets=238 | preds=550 | centerness=[-7.555, 1.258] | train_seen=2300
2026-05-28 19:03:13 | INFO | Epoch 51 | batch 1200/1829 | loss=0.6863 | giou=0.3091 | bbox=0.0252 | ce=0.0215 | aux_giou=0.0000 | aux_bbox=0.0000 | aux_ce=0.0000 | mask=1149 | aux_mask=1351 | pos=120 | targets=120 | preds=157 | centerness=[-6.532, 2.304] | train_seen=2400
2026-05-28 19:04:59 | INFO | Epoch 51 | batch 1250/1829 | loss=0.6248 | giou=0.2813 | bbox=0.0288 | ce=0.0167 | aux_giou=0.0000 | aux_bbox=0.0000 | aux_ce=0.0000 | mask=1633 | aux_mask=1908 | pos=76 | targets=76 | preds=296 | centerness=[-5.575, 0.777] | train_seen=2500
2026-05-28 19:06:46 | INFO | Epoch 51 | batch 1300/1829 | loss=0.3882 | giou=0.1746 | bbox=0.0300 | ce=0.0045 | aux_giou=0.0000 | aux_bbox=0.0000 | aux_ce=0.0000 | mask=1157 | aux_mask=1354 | pos=57 | targets=57 | preds=69 | centerness=[-8.794, 2.410] | train_seen=2600
2026-05-28 19:08:32 | INFO | Epoch 51 | batch 1350/1829 | loss=1.1226 | giou=0.4582 | bbox=0.0284 | ce=0.0386 | aux_giou=0.0435 | aux_bbox=0.0022 | aux_ce=0.0058 | mask=2931 | aux_mask=3370 | pos=895 | targets=895 | preds=1879 | centerness=[-4.671, 1.267] | train_seen=2700
2026-05-28 19:10:18 | INFO | Epoch 51 | batch 1400/1829 | loss=0.7150 | giou=0.3079 | bbox=0.0505 | ce=0.0243 | aux_giou=0.0000 | aux_bbox=0.0000 | aux_ce=0.0000 | mask=1007 | aux_mask=1218 | pos=92 | targets=92 | preds=139 | centerness=[-6.494, 0.710] | train_seen=2800
2026-05-28 19:12:05 | INFO | Epoch 51 | batch 1450/1829 | loss=0.6670 | giou=0.2900 | bbox=0.0185 | ce=0.0343 | aux_giou=0.0000 | aux_bbox=0.0000 | aux_ce=0.0000 | mask=1753 | aux_mask=2162 | pos=280 | targets=280 | preds=509 | centerness=[-5.158, 1.830] | train_seen=2900
2026-05-28 19:13:51 | INFO | Epoch 51 | batch 1500/1829 | loss=0.7068 | giou=0.3237 | bbox=0.0274 | ce=0.0160 | aux_giou=0.0000 | aux_bbox=0.0000 | aux_ce=0.0000 | mask=1205 | aux_mask=1315 | pos=110 | targets=110 | preds=158 | centerness=[-5.157, 1.762] | train_seen=3000
2026-05-28 19:15:37 | INFO | Epoch 51 | batch 1550/1829 | loss=0.8347 | giou=0.3365 | bbox=0.0265 | ce=0.0280 | aux_giou=0.0348 | aux_bbox=0.0025 | aux_ce=0.0035 | mask=1830 | aux_mask=2019 | pos=244 | targets=244 | preds=930 | centerness=[-5.103, 2.224] | train_seen=3100
2026-05-28 19:17:24 | INFO | Epoch 51 | batch 1600/1829 | loss=1.0492 | giou=0.4087 | bbox=0.0706 | ce=0.0160 | aux_giou=0.0558 | aux_bbox=0.0130 | aux_ce=0.0023 | mask=871 | aux_mask=1200 | pos=61 | targets=61 | preds=198 | centerness=[-7.826, 1.583] | train_seen=3200
2026-05-28 19:19:10 | INFO | Epoch 51 | batch 1650/1829 | loss=0.7685 | giou=0.3137 | bbox=0.0360 | ce=0.0115 | aux_giou=0.0372 | aux_bbox=0.0031 | aux_ce=0.0022 | mask=1169 | aux_mask=1682 | pos=84 | targets=84 | preds=116 | centerness=[-7.735, 0.745] | train_seen=3300
2026-05-28 19:20:56 | INFO | Epoch 51 | batch 1700/1829 | loss=0.6198 | giou=0.2754 | bbox=0.0414 | ce=0.0138 | aux_giou=0.0000 | aux_bbox=0.0000 | aux_ce=0.0000 | mask=1105 | aux_mask=1634 | pos=133 | targets=133 | preds=165 | centerness=[-7.903, 1.601] | train_seen=3400
2026-05-28 19:22:42 | INFO | Epoch 51 | batch 1750/1829 | loss=0.4734 | giou=0.2112 | bbox=0.0146 | ce=0.0181 | aux_giou=0.0000 | aux_bbox=0.0000 | aux_ce=0.0000 | mask=1309 | aux_mask=1890 | pos=152 | targets=152 | preds=285 | centerness=[-5.777, 1.120] | train_seen=3500
2026-05-28 19:24:29 | INFO | Epoch 51 | batch 1800/1829 | loss=0.6763 | giou=0.2900 | bbox=0.0369 | ce=0.0297 | aux_giou=0.0000 | aux_bbox=0.0000 | aux_ce=0.0000 | mask=1424 | aux_mask=1854 | pos=88 | targets=88 | preds=262 | centerness=[-5.029, 2.779] | train_seen=3600
2026-05-28 19:45:03 | INFO | Epoch 51 | train_loss=0.777 | val_loss=0.944 | train_mae=90.653 | val_mae=41.889 | val_rmse=81.01 | test_mae=49.531 | test_rmse=127.85 | time=5058.408s
2026-05-28 19:46:49 | INFO | Epoch 52 | batch 50/1829 | loss=0.7057 | giou=0.3077 | bbox=0.0413 | ce=0.0245 | aux_giou=0.0000 | aux_bbox=0.0000 | aux_ce=0.0000 | mask=1201 | aux_mask=1362 | pos=87 | targets=87 | preds=206 | centerness=[-5.979, 1.758] | train_seen=100
2026-05-28 19:48:36 | INFO | Epoch 52 | batch 100/1829 | loss=0.5127 | giou=0.2305 | bbox=0.0274 | ce=0.0121 | aux_giou=0.0000 | aux_bbox=0.0000 | aux_ce=0.0000 | mask=1240 | aux_mask=1595 | pos=60 | targets=60 | preds=196 | centerness=[-6.486, 1.167] | train_seen=200
2026-05-28 19:50:22 | INFO | Epoch 52 | batch 150/1829 | loss=0.7922 | giou=0.3486 | bbox=0.0112 | ce=0.0032 | aux_giou=0.0377 | aux_bbox=0.0015 | aux_ce=0.0004 | mask=1182 | aux_mask=2144 | pos=88 | targets=88 | preds=90 | centerness=[-5.763, 3.541] | train_seen=300
2026-05-28 19:52:08 | INFO | Epoch 52 | batch 200/1829 | loss=0.7737 | giou=0.3331 | bbox=0.0702 | ce=0.0186 | aux_giou=0.0000 | aux_bbox=0.0000 | aux_ce=0.0000 | mask=1503 | aux_mask=1946 | pos=100 | targets=100 | preds=170 | centerness=[-8.892, 1.372] | train_seen=400
2026-05-28 19:53:54 | INFO | Epoch 52 | batch 250/1829 | loss=0.8976 | giou=0.3679 | bbox=0.0392 | ce=0.0250 | aux_giou=0.0329 | aux_bbox=0.0030 | aux_ce=0.0019 | mask=1299 | aux_mask=1913 | pos=74 | targets=74 | preds=284 | centerness=[-7.765, 0.849] | train_seen=500
2026-05-28 19:55:41 | INFO | Epoch 52 | batch 300/1829 | loss=0.8092 | giou=0.3664 | bbox=0.0334 | ce=0.0216 | aux_giou=0.0000 | aux_bbox=0.0000 | aux_ce=0.0000 | mask=1325 | aux_mask=1650 | pos=127 | targets=127 | preds=175 | centerness=[-5.777, 1.258] | train_seen=600
2026-05-28 19:57:27 | INFO | Epoch 52 | batch 350/1829 | loss=0.7855 | giou=0.3047 | bbox=0.0413 | ce=0.0352 | aux_giou=0.0270 | aux_bbox=0.0027 | aux_ce=0.0038 | mask=1598 | aux_mask=2121 | pos=253 | targets=253 | preds=557 | centerness=[-7.348, 0.924] | train_seen=700
2026-05-28 19:59:13 | INFO | Epoch 52 | batch 400/1829 | loss=0.8460 | giou=0.3720 | bbox=0.0361 | ce=0.0329 | aux_giou=0.0000 | aux_bbox=0.0000 | aux_ce=0.0000 | mask=2347 | aux_mask=2518 | pos=378 | targets=378 | preds=661 | centerness=[-5.198, 2.067] | train_seen=800
2026-05-28 20:00:59 | INFO | Epoch 52 | batch 450/1829 | loss=0.7364 | giou=0.3401 | bbox=0.0321 | ce=0.0120 | aux_giou=0.0000 | aux_bbox=0.0000 | aux_ce=0.0000 | mask=1452 | aux_mask=1834 | pos=34 | targets=34 | preds=158 | centerness=[-5.278, 1.242] | train_seen=900
2026-05-28 20:02:46 | INFO | Epoch 52 | batch 500/1829 | loss=0.8295 | giou=0.3490 | bbox=0.0190 | ce=0.0160 | aux_giou=0.0371 | aux_bbox=0.0025 | aux_ce=0.0020 | mask=2164 | aux_mask=1867 | pos=140 | targets=140 | preds=356 | centerness=[-5.291, 2.296] | train_seen=1000
2026-05-28 20:04:32 | INFO | Epoch 52 | batch 550/1829 | loss=0.5965 | giou=0.2727 | bbox=0.0347 | ce=0.0082 | aux_giou=0.0000 | aux_bbox=0.0000 | aux_ce=0.0000 | mask=1347 | aux_mask=1476 | pos=132 | targets=132 | preds=138 | centerness=[-5.656, 2.858] | train_seen=1100
2026-05-28 20:06:19 | INFO | Epoch 52 | batch 600/1829 | loss=0.6097 | giou=0.2712 | bbox=0.0250 | ce=0.0212 | aux_giou=0.0000 | aux_bbox=0.0000 | aux_ce=0.0000 | mask=1200 | aux_mask=1406 | pos=124 | targets=124 | preds=199 | centerness=[-4.798, 1.312] | train_seen=1200
2026-05-28 20:08:05 | INFO | Epoch 52 | batch 650/1829 | loss=0.6577 | giou=0.2909 | bbox=0.0207 | ce=0.0276 | aux_giou=0.0000 | aux_bbox=0.0000 | aux_ce=0.0000 | mask=1133 | aux_mask=1349 | pos=217 | targets=217 | preds=378 | centerness=[-4.828, 1.262] | train_seen=1300
2026-05-28 20:09:51 | INFO | Epoch 52 | batch 700/1829 | loss=0.5928 | giou=0.2698 | bbox=0.0359 | ce=0.0087 | aux_giou=0.0000 | aux_bbox=0.0000 | aux_ce=0.0000 | mask=998 | aux_mask=1261 | pos=51 | targets=51 | preds=62 | centerness=[-7.818, 1.746] | train_seen=1400
2026-05-28 20:11:38 | INFO | Epoch 52 | batch 750/1829 | loss=0.5343 | giou=0.2438 | bbox=0.0302 | ce=0.0082 | aux_giou=0.0000 | aux_bbox=0.0000 | aux_ce=0.0000 | mask=1041 | aux_mask=1692 | pos=40 | targets=40 | preds=67 | centerness=[-6.039, 1.264] | train_seen=1500
2026-05-28 20:13:24 | INFO | Epoch 52 | batch 800/1829 | loss=0.7038 | giou=0.2976 | bbox=0.0570 | ce=0.0258 | aux_giou=0.0000 | aux_bbox=0.0000 | aux_ce=0.0000 | mask=713 | aux_mask=945 | pos=47 | targets=47 | preds=82 | centerness=[-8.739, 0.379] | train_seen=1600
2026-05-28 20:15:10 | INFO | Epoch 52 | batch 850/1829 | loss=0.8476 | giou=0.3784 | bbox=0.0480 | ce=0.0214 | aux_giou=0.0000 | aux_bbox=0.0000 | aux_ce=0.0000 | mask=1327 | aux_mask=1780 | pos=98 | targets=98 | preds=270 | centerness=[-8.911, 1.039] | train_seen=1700
2026-05-28 20:16:56 | INFO | Epoch 52 | batch 900/1829 | loss=0.7631 | giou=0.3392 | bbox=0.0309 | ce=0.0269 | aux_giou=0.0000 | aux_bbox=0.0000 | aux_ce=0.0000 | mask=1249 | aux_mask=1306 | pos=289 | targets=289 | preds=257 | centerness=[-5.782, 2.132] | train_seen=1800
2026-05-28 20:18:42 | INFO | Epoch 52 | batch 950/1829 | loss=1.0915 | giou=0.4517 | bbox=0.0213 | ce=0.0045 | aux_giou=0.0757 | aux_bbox=0.0045 | aux_ce=0.0010 | mask=1100 | aux_mask=1777 | pos=30 | targets=30 | preds=91 | centerness=[-5.524, 1.853] | train_seen=1900
2026-05-28 20:20:29 | INFO | Epoch 52 | batch 1000/1829 | loss=0.6814 | giou=0.2946 | bbox=0.0272 | ce=0.0325 | aux_giou=0.0000 | aux_bbox=0.0000 | aux_ce=0.0000 | mask=1155 | aux_mask=1291 | pos=170 | targets=170 | preds=301 | centerness=[-5.537, 1.357] | train_seen=2000
2026-05-28 20:22:15 | INFO | Epoch 52 | batch 1050/1829 | loss=1.1789 | giou=0.4629 | bbox=0.0457 | ce=0.0421 | aux_giou=0.0519 | aux_bbox=0.0049 | aux_ce=0.0073 | mask=1728 | aux_mask=2151 | pos=469 | targets=469 | preds=847 | centerness=[-8.623, 0.898] | train_seen=2100
2026-05-28 20:24:01 | INFO | Epoch 52 | batch 1100/1829 | loss=0.7045 | giou=0.3011 | bbox=0.0178 | ce=0.0117 | aux_giou=0.0295 | aux_bbox=0.0010 | aux_ce=0.0005 | mask=1581 | aux_mask=2465 | pos=107 | targets=107 | preds=131 | centerness=[-5.271, 1.481] | train_seen=2200
2026-05-28 20:25:47 | INFO | Epoch 52 | batch 1150/1829 | loss=0.6548 | giou=0.2902 | bbox=0.0332 | ce=0.0206 | aux_giou=0.0000 | aux_bbox=0.0000 | aux_ce=0.0000 | mask=1504 | aux_mask=1747 | pos=146 | targets=146 | preds=248 | centerness=[-6.543, 1.408] | train_seen=2300
2026-05-28 20:27:34 | INFO | Epoch 52 | batch 1200/1829 | loss=0.7488 | giou=0.3407 | bbox=0.0287 | ce=0.0194 | aux_giou=0.0000 | aux_bbox=0.0000 | aux_ce=0.0000 | mask=1798 | aux_mask=1899 | pos=252 | targets=252 | preds=310 | centerness=[-5.247, 1.990] | train_seen=2400
2026-05-28 20:29:20 | INFO | Epoch 52 | batch 1250/1829 | loss=0.8301 | giou=0.3716 | bbox=0.0272 | ce=0.0298 | aux_giou=0.0000 | aux_bbox=0.0000 | aux_ce=0.0000 | mask=1035 | aux_mask=1794 | pos=132 | targets=132 | preds=217 | centerness=[-5.838, 2.137] | train_seen=2500
2026-05-28 20:31:06 | INFO | Epoch 52 | batch 1300/1829 | loss=0.7897 | giou=0.3401 | bbox=0.0338 | ce=0.0378 | aux_giou=0.0000 | aux_bbox=0.0000 | aux_ce=0.0000 | mask=1275 | aux_mask=1840 | pos=229 | targets=229 | preds=377 | centerness=[-5.692, 1.409] | train_seen=2600
2026-05-28 20:32:52 | INFO | Epoch 52 | batch 1350/1829 | loss=0.8730 | giou=0.3552 | bbox=0.0199 | ce=0.0239 | aux_giou=0.0428 | aux_bbox=0.0016 | aux_ce=0.0039 | mask=1934 | aux_mask=2454 | pos=456 | targets=456 | preds=705 | centerness=[-5.073, 1.145] | train_seen=2700
2026-05-28 20:34:39 | INFO | Epoch 52 | batch 1400/1829 | loss=0.6913 | giou=0.3032 | bbox=0.0262 | ce=0.0294 | aux_giou=0.0000 | aux_bbox=0.0000 | aux_ce=0.0000 | mask=1811 | aux_mask=2083 | pos=151 | targets=151 | preds=224 | centerness=[-8.099, 1.437] | train_seen=2800
2026-05-28 20:36:25 | INFO | Epoch 52 | batch 1450/1829 | loss=0.8442 | giou=0.3714 | bbox=0.0666 | ce=0.0175 | aux_giou=0.0000 | aux_bbox=0.0000 | aux_ce=0.0000 | mask=1179 | aux_mask=1930 | pos=30 | targets=30 | preds=198 | centerness=[-6.984, 1.237] | train_seen=2900
2026-05-28 20:38:11 | INFO | Epoch 52 | batch 1500/1829 | loss=0.6727 | giou=0.2968 | bbox=0.0383 | ce=0.0204 | aux_giou=0.0000 | aux_bbox=0.0000 | aux_ce=0.0000 | mask=1182 | aux_mask=1386 | pos=127 | targets=127 | preds=300 | centerness=[-6.945, 2.067] | train_seen=3000
2026-05-28 20:39:57 | INFO | Epoch 52 | batch 1550/1829 | loss=0.8016 | giou=0.3423 | bbox=0.0412 | ce=0.0380 | aux_giou=0.0000 | aux_bbox=0.0000 | aux_ce=0.0000 | mask=1635 | aux_mask=2116 | pos=270 | targets=270 | preds=654 | centerness=[-5.644, 1.447] | train_seen=3100
2026-05-28 20:41:43 | INFO | Epoch 52 | batch 1600/1829 | loss=0.5792 | giou=0.2574 | bbox=0.0318 | ce=0.0164 | aux_giou=0.0000 | aux_bbox=0.0000 | aux_ce=0.0000 | mask=1190 | aux_mask=1335 | pos=136 | targets=136 | preds=242 | centerness=[-7.453, 3.026] | train_seen=3200
2026-05-28 20:43:30 | INFO | Epoch 52 | batch 1650/1829 | loss=0.8289 | giou=0.3515 | bbox=0.0212 | ce=0.0524 | aux_giou=0.0000 | aux_bbox=0.0000 | aux_ce=0.0000 | mask=1304 | aux_mask=1468 | pos=252 | targets=252 | preds=379 | centerness=[-4.402, 1.217] | train_seen=3300
2026-05-28 20:45:16 | INFO | Epoch 52 | batch 1700/1829 | loss=0.7692 | giou=0.3486 | bbox=0.0467 | ce=0.0127 | aux_giou=0.0000 | aux_bbox=0.0000 | aux_ce=0.0000 | mask=1228 | aux_mask=1707 | pos=68 | targets=68 | preds=94 | centerness=[-6.369, 2.064] | train_seen=3400
2026-05-28 20:47:02 | INFO | Epoch 52 | batch 1750/1829 | loss=0.5031 | giou=0.2309 | bbox=0.0232 | ce=0.0091 | aux_giou=0.0000 | aux_bbox=0.0000 | aux_ce=0.0000 | mask=809 | aux_mask=1091 | pos=41 | targets=41 | preds=43 | centerness=[-6.566, 1.159] | train_seen=3500
2026-05-28 20:48:48 | INFO | Epoch 52 | batch 1800/1829 | loss=0.5890 | giou=0.2666 | bbox=0.0209 | ce=0.0175 | aux_giou=0.0000 | aux_bbox=0.0000 | aux_ce=0.0000 | mask=1755 | aux_mask=1567 | pos=269 | targets=269 | preds=426 | centerness=[-4.540, 1.988] | train_seen=3600
2026-05-28 21:09:22 | INFO | Epoch 52 | train_loss=0.774 | val_loss=0.944 | train_mae=87.976 | val_mae=41.774 | val_rmse=80.79 | test_mae=49.335 | test_rmse=127.52 | time=5058.737s
2026-05-28 21:11:09 | INFO | Epoch 53 | batch 50/1829 | loss=0.8091 | giou=0.3608 | bbox=0.0618 | ce=0.0129 | aux_giou=0.0000 | aux_bbox=0.0000 | aux_ce=0.0000 | mask=1257 | aux_mask=1622 | pos=55 | targets=55 | preds=119 | centerness=[-8.044, 1.155] | train_seen=100
2026-05-28 21:12:56 | INFO | Epoch 53 | batch 100/1829 | loss=0.9824 | giou=0.4121 | bbox=0.0184 | ce=0.0179 | aux_giou=0.0457 | aux_bbox=0.0021 | aux_ce=0.0052 | mask=3175 | aux_mask=3248 | pos=1188 | targets=1188 | preds=1299 | centerness=[-4.481, 2.150] | train_seen=200
2026-05-28 21:14:42 | INFO | Epoch 53 | batch 150/1829 | loss=1.1675 | giou=0.5102 | bbox=0.0523 | ce=0.0474 | aux_giou=0.0000 | aux_bbox=0.0000 | aux_ce=0.0000 | mask=1772 | aux_mask=1908 | pos=481 | targets=481 | preds=661 | centerness=[-4.888, 1.270] | train_seen=300
2026-05-28 21:16:28 | INFO | Epoch 53 | batch 200/1829 | loss=0.4819 | giou=0.2103 | bbox=0.0340 | ce=0.0137 | aux_giou=0.0000 | aux_bbox=0.0000 | aux_ce=0.0000 | mask=808 | aux_mask=1170 | pos=45 | targets=45 | preds=96 | centerness=[-8.461, 1.767] | train_seen=400
2026-05-28 21:18:15 | INFO | Epoch 53 | batch 250/1829 | loss=0.7023 | giou=0.3087 | bbox=0.0243 | ce=0.0304 | aux_giou=0.0000 | aux_bbox=0.0000 | aux_ce=0.0000 | mask=1351 | aux_mask=1406 | pos=200 | targets=200 | preds=204 | centerness=[-4.571, 1.510] | train_seen=500
2026-05-28 21:20:01 | INFO | Epoch 53 | batch 300/1829 | loss=0.5122 | giou=0.2251 | bbox=0.0231 | ce=0.0195 | aux_giou=0.0000 | aux_bbox=0.0000 | aux_ce=0.0000 | mask=1370 | aux_mask=1732 | pos=67 | targets=67 | preds=177 | centerness=[-5.912, 1.617] | train_seen=600
2026-05-28 21:21:47 | INFO | Epoch 53 | batch 350/1829 | loss=0.8011 | giou=0.3570 | bbox=0.0501 | ce=0.0185 | aux_giou=0.0000 | aux_bbox=0.0000 | aux_ce=0.0000 | mask=1296 | aux_mask=1763 | pos=73 | targets=73 | preds=171 | centerness=[-7.480, 1.067] | train_seen=700
2026-05-28 21:23:33 | INFO | Epoch 53 | batch 400/1829 | loss=1.1125 | giou=0.4144 | bbox=0.0283 | ce=0.0432 | aux_giou=0.0770 | aux_bbox=0.0065 | aux_ce=0.0042 | mask=1563 | aux_mask=2454 | pos=372 | targets=372 | preds=389 | centerness=[-5.259, 1.586] | train_seen=800
2026-05-28 21:25:20 | INFO | Epoch 53 | batch 450/1829 | loss=0.7489 | giou=0.3209 | bbox=0.0256 | ce=0.0407 | aux_giou=0.0000 | aux_bbox=0.0000 | aux_ce=0.0000 | mask=1568 | aux_mask=1898 | pos=498 | targets=498 | preds=902 | centerness=[-7.551, 2.187] | train_seen=900
2026-05-28 21:27:06 | INFO | Epoch 53 | batch 500/1829 | loss=0.3446 | giou=0.1579 | bbox=0.0177 | ce=0.0056 | aux_giou=0.0000 | aux_bbox=0.0000 | aux_ce=0.0000 | mask=1235 | aux_mask=1558 | pos=44 | targets=44 | preds=63 | centerness=[-6.427, 1.829] | train_seen=1000
2026-05-28 21:28:52 | INFO | Epoch 53 | batch 550/1829 | loss=0.8051 | giou=0.3702 | bbox=0.0335 | ce=0.0156 | aux_giou=0.0000 | aux_bbox=0.0000 | aux_ce=0.0000 | mask=1003 | aux_mask=1288 | pos=32 | targets=32 | preds=177 | centerness=[-6.479, 0.864] | train_seen=1100
2026-05-28 21:30:38 | INFO | Epoch 53 | batch 600/1829 | loss=1.0337 | giou=0.4402 | bbox=0.0391 | ce=0.0240 | aux_giou=0.0306 | aux_bbox=0.0015 | aux_ce=0.0018 | mask=1227 | aux_mask=1435 | pos=44 | targets=44 | preds=445 | centerness=[-5.882, 0.515] | train_seen=1200
2026-05-28 21:32:24 | INFO | Epoch 53 | batch 650/1829 | loss=0.4071 | giou=0.1817 | bbox=0.0302 | ce=0.0068 | aux_giou=0.0000 | aux_bbox=0.0000 | aux_ce=0.0000 | mask=908 | aux_mask=1129 | pos=79 | targets=79 | preds=94 | centerness=[-7.512, 2.197] | train_seen=1300
2026-05-28 21:34:10 | INFO | Epoch 53 | batch 700/1829 | loss=0.6001 | giou=0.2605 | bbox=0.0416 | ce=0.0188 | aux_giou=0.0000 | aux_bbox=0.0000 | aux_ce=0.0000 | mask=1042 | aux_mask=1238 | pos=66 | targets=66 | preds=70 | centerness=[-7.635, 1.279] | train_seen=1400
2026-05-28 21:35:56 | INFO | Epoch 53 | batch 750/1829 | loss=0.6703 | giou=0.3103 | bbox=0.0349 | ce=0.0074 | aux_giou=0.0000 | aux_bbox=0.0000 | aux_ce=0.0000 | mask=1466 | aux_mask=1904 | pos=64 | targets=64 | preds=66 | centerness=[-5.811, 1.829] | train_seen=1500
2026-05-28 21:37:42 | INFO | Epoch 53 | batch 800/1829 | loss=0.8313 | giou=0.3675 | bbox=0.0298 | ce=0.0332 | aux_giou=0.0000 | aux_bbox=0.0000 | aux_ce=0.0000 | mask=1552 | aux_mask=1736 | pos=159 | targets=159 | preds=496 | centerness=[-5.012, 0.959] | train_seen=1600
2026-05-28 21:39:29 | INFO | Epoch 53 | batch 850/1829 | loss=0.6861 | giou=0.2957 | bbox=0.0288 | ce=0.0046 | aux_giou=0.0274 | aux_bbox=0.0009 | aux_ce=0.0005 | mask=984 | aux_mask=1734 | pos=31 | targets=31 | preds=52 | centerness=[-7.456, 1.738] | train_seen=1700
2026-05-28 21:41:15 | INFO | Epoch 53 | batch 900/1829 | loss=0.7785 | giou=0.3037 | bbox=0.0741 | ce=0.0485 | aux_giou=0.0000 | aux_bbox=0.0000 | aux_ce=0.0000 | mask=950 | aux_mask=1533 | pos=99 | targets=99 | preds=123 | centerness=[-9.560, 0.989] | train_seen=1800
2026-05-28 21:43:01 | INFO | Epoch 53 | batch 950/1829 | loss=0.8149 | giou=0.3702 | bbox=0.0514 | ce=0.0115 | aux_giou=0.0000 | aux_bbox=0.0000 | aux_ce=0.0000 | mask=994 | aux_mask=1367 | pos=34 | targets=34 | preds=76 | centerness=[-5.725, 0.597] | train_seen=1900
2026-05-28 21:44:47 | INFO | Epoch 53 | batch 1000/1829 | loss=0.8179 | giou=0.3418 | bbox=0.0300 | ce=0.0199 | aux_giou=0.0305 | aux_bbox=0.0011 | aux_ce=0.0011 | mask=1944 | aux_mask=2802 | pos=76 | targets=76 | preds=175 | centerness=[-6.859, 2.424] | train_seen=2000
2026-05-28 21:46:33 | INFO | Epoch 53 | batch 1050/1829 | loss=0.6910 | giou=0.2979 | bbox=0.0411 | ce=0.0271 | aux_giou=0.0000 | aux_bbox=0.0000 | aux_ce=0.0000 | mask=1517 | aux_mask=1784 | pos=124 | targets=124 | preds=378 | centerness=[-6.027, 0.573] | train_seen=2100
2026-05-28 21:48:19 | INFO | Epoch 53 | batch 1100/1829 | loss=0.9947 | giou=0.4487 | bbox=0.0474 | ce=0.0250 | aux_giou=0.0000 | aux_bbox=0.0000 | aux_ce=0.0000 | mask=1776 | aux_mask=2013 | pos=180 | targets=180 | preds=370 | centerness=[-5.337, 2.197] | train_seen=2200
2026-05-28 21:50:06 | INFO | Epoch 53 | batch 1150/1829 | loss=0.6928 | giou=0.2863 | bbox=0.0241 | ce=0.0149 | aux_giou=0.0298 | aux_bbox=0.0033 | aux_ce=0.0017 | mask=1743 | aux_mask=2126 | pos=51 | targets=51 | preds=456 | centerness=[-7.127, 1.741] | train_seen=2300
2026-05-28 21:51:52 | INFO | Epoch 53 | batch 1200/1829 | loss=0.8505 | giou=0.3952 | bbox=0.0330 | ce=0.0136 | aux_giou=0.0000 | aux_bbox=0.0000 | aux_ce=0.0000 | mask=1479 | aux_mask=1985 | pos=56 | targets=56 | preds=314 | centerness=[-5.744, 1.912] | train_seen=2400
2026-05-28 21:53:38 | INFO | Epoch 53 | batch 1250/1829 | loss=1.1906 | giou=0.4948 | bbox=0.0225 | ce=0.0410 | aux_giou=0.0445 | aux_bbox=0.0022 | aux_ce=0.0027 | mask=2286 | aux_mask=2391 | pos=528 | targets=528 | preds=1329 | centerness=[-4.537, 1.964] | train_seen=2500
2026-05-28 21:55:24 | INFO | Epoch 53 | batch 1300/1829 | loss=0.8417 | giou=0.3499 | bbox=0.1133 | ce=0.0143 | aux_giou=0.0000 | aux_bbox=0.0000 | aux_ce=0.0000 | mask=837 | aux_mask=1477 | pos=18 | targets=18 | preds=80 | centerness=[-8.984, 0.704] | train_seen=2600
2026-05-28 21:57:10 | INFO | Epoch 53 | batch 1350/1829 | loss=0.7810 | giou=0.3427 | bbox=0.0333 | ce=0.0312 | aux_giou=0.0000 | aux_bbox=0.0000 | aux_ce=0.0000 | mask=1293 | aux_mask=1814 | pos=119 | targets=119 | preds=184 | centerness=[-5.979, 2.179] | train_seen=2700
2026-05-28 21:58:56 | INFO | Epoch 53 | batch 1400/1829 | loss=0.8824 | giou=0.3951 | bbox=0.0490 | ce=0.0216 | aux_giou=0.0000 | aux_bbox=0.0000 | aux_ce=0.0000 | mask=1431 | aux_mask=1840 | pos=58 | targets=58 | preds=305 | centerness=[-6.628, 0.709] | train_seen=2800
2026-05-28 22:00:42 | INFO | Epoch 53 | batch 1450/1829 | loss=0.6711 | giou=0.2925 | bbox=0.0617 | ce=0.0122 | aux_giou=0.0000 | aux_bbox=0.0000 | aux_ce=0.0000 | mask=872 | aux_mask=1231 | pos=36 | targets=36 | preds=69 | centerness=[-9.255, 0.453] | train_seen=2900
2026-05-28 22:02:28 | INFO | Epoch 53 | batch 1500/1829 | loss=0.8280 | giou=0.3625 | bbox=0.0378 | ce=0.0326 | aux_giou=0.0000 | aux_bbox=0.0000 | aux_ce=0.0000 | mask=1685 | aux_mask=1601 | pos=283 | targets=283 | preds=413 | centerness=[-7.114, 1.592] | train_seen=3000
2026-05-28 22:04:15 | INFO | Epoch 53 | batch 1550/1829 | loss=0.5585 | giou=0.2651 | bbox=0.0195 | ce=0.0044 | aux_giou=0.0000 | aux_bbox=0.0000 | aux_ce=0.0000 | mask=1814 | aux_mask=2093 | pos=152 | targets=152 | preds=153 | centerness=[-4.815, 1.887] | train_seen=3100
2026-05-28 22:06:01 | INFO | Epoch 53 | batch 1600/1829 | loss=0.7180 | giou=0.3176 | bbox=0.0481 | ce=0.0174 | aux_giou=0.0000 | aux_bbox=0.0000 | aux_ce=0.0000 | mask=1015 | aux_mask=1339 | pos=65 | targets=65 | preds=141 | centerness=[-6.699, 1.401] | train_seen=3200
2026-05-28 22:07:47 | INFO | Epoch 53 | batch 1650/1829 | loss=0.7377 | giou=0.3251 | bbox=0.0274 | ce=0.0301 | aux_giou=0.0000 | aux_bbox=0.0000 | aux_ce=0.0000 | mask=1694 | aux_mask=2106 | pos=220 | targets=220 | preds=408 | centerness=[-5.297, 1.202] | train_seen=3300
2026-05-28 22:09:33 | INFO | Epoch 53 | batch 1700/1829 | loss=0.8096 | giou=0.3283 | bbox=0.0244 | ce=0.0252 | aux_giou=0.0332 | aux_bbox=0.0015 | aux_ce=0.0051 | mask=1680 | aux_mask=1548 | pos=420 | targets=420 | preds=590 | centerness=[-5.946, 2.478] | train_seen=3400
2026-05-28 22:11:19 | INFO | Epoch 53 | batch 1750/1829 | loss=0.7202 | giou=0.3202 | bbox=0.0172 | ce=0.0313 | aux_giou=0.0000 | aux_bbox=0.0000 | aux_ce=0.0000 | mask=1883 | aux_mask=2314 | pos=248 | targets=248 | preds=540 | centerness=[-5.381, 1.308] | train_seen=3500
2026-05-28 22:13:05 | INFO | Epoch 53 | batch 1800/1829 | loss=0.8237 | giou=0.3725 | bbox=0.0362 | ce=0.0212 | aux_giou=0.0000 | aux_bbox=0.0000 | aux_ce=0.0000 | mask=1980 | aux_mask=1724 | pos=228 | targets=228 | preds=336 | centerness=[-6.092, 1.856] | train_seen=3600
2026-05-28 22:33:40 | INFO | Epoch 53 | train_loss=0.772 | val_loss=0.944 | train_mae=86.981 | val_mae=41.718 | val_rmse=80.79 | test_mae=49.151 | test_rmse=127.48 | time=5056.841s
2026-05-28 22:35:26 | INFO | Epoch 54 | batch 50/1829 | loss=0.8285 | giou=0.3334 | bbox=0.0312 | ce=0.0305 | aux_giou=0.0299 | aux_bbox=0.0034 | aux_ce=0.0031 | mask=1834 | aux_mask=1797 | pos=208 | targets=208 | preds=584 | centerness=[-5.208, 1.279] | train_seen=100
2026-05-28 22:37:12 | INFO | Epoch 54 | batch 100/1829 | loss=0.6685 | giou=0.2877 | bbox=0.0507 | ce=0.0211 | aux_giou=0.0000 | aux_bbox=0.0000 | aux_ce=0.0000 | mask=1439 | aux_mask=2213 | pos=104 | targets=104 | preds=267 | centerness=[-8.508, 0.850] | train_seen=200
2026-05-28 22:38:58 | INFO | Epoch 54 | batch 150/1829 | loss=0.9566 | giou=0.4454 | bbox=0.0180 | ce=0.0239 | aux_giou=0.0000 | aux_bbox=0.0000 | aux_ce=0.0000 | mask=2127 | aux_mask=2774 | pos=465 | targets=465 | preds=777 | centerness=[-5.521, 1.585] | train_seen=300
2026-05-28 22:40:44 | INFO | Epoch 54 | batch 200/1829 | loss=0.4648 | giou=0.2196 | bbox=0.0135 | ce=0.0060 | aux_giou=0.0000 | aux_bbox=0.0000 | aux_ce=0.0000 | mask=1041 | aux_mask=1569 | pos=69 | targets=69 | preds=95 | centerness=[-5.824, 1.845] | train_seen=400
2026-05-28 22:42:31 | INFO | Epoch 54 | batch 250/1829 | loss=0.7212 | giou=0.3236 | bbox=0.0371 | ce=0.0184 | aux_giou=0.0000 | aux_bbox=0.0000 | aux_ce=0.0000 | mask=1185 | aux_mask=1792 | pos=87 | targets=87 | preds=107 | centerness=[-6.414, 1.417] | train_seen=500
2026-05-28 22:44:17 | INFO | Epoch 54 | batch 300/1829 | loss=0.7765 | giou=0.3485 | bbox=0.0465 | ce=0.0166 | aux_giou=0.0000 | aux_bbox=0.0000 | aux_ce=0.0000 | mask=1751 | aux_mask=2162 | pos=159 | targets=159 | preds=235 | centerness=[-9.597, 1.870] | train_seen=600
2026-05-28 22:46:03 | INFO | Epoch 54 | batch 350/1829 | loss=0.6569 | giou=0.2838 | bbox=0.0249 | ce=0.0083 | aux_giou=0.0230 | aux_bbox=0.0008 | aux_ce=0.0005 | mask=901 | aux_mask=1422 | pos=57 | targets=57 | preds=68 | centerness=[-6.614, 1.963] | train_seen=700
2026-05-28 22:47:49 | INFO | Epoch 54 | batch 400/1829 | loss=0.9255 | giou=0.3917 | bbox=0.0259 | ce=0.0076 | aux_giou=0.0481 | aux_bbox=0.0041 | aux_ce=0.0004 | mask=1093 | aux_mask=1789 | pos=87 | targets=87 | preds=86 | centerness=[-6.367, 1.891] | train_seen=800
2026-05-28 22:49:35 | INFO | Epoch 54 | batch 450/1829 | loss=0.6665 | giou=0.2995 | bbox=0.0281 | ce=0.0197 | aux_giou=0.0000 | aux_bbox=0.0000 | aux_ce=0.0000 | mask=1325 | aux_mask=1822 | pos=118 | targets=118 | preds=174 | centerness=[-5.620, 1.571] | train_seen=900
2026-05-28 22:51:21 | INFO | Epoch 54 | batch 500/1829 | loss=0.5564 | giou=0.2555 | bbox=0.0194 | ce=0.0131 | aux_giou=0.0000 | aux_bbox=0.0000 | aux_ce=0.0000 | mask=1484 | aux_mask=1657 | pos=120 | targets=120 | preds=211 | centerness=[-4.743, 1.942] | train_seen=1000
2026-05-28 22:53:08 | INFO | Epoch 54 | batch 550/1829 | loss=0.8850 | giou=0.3594 | bbox=0.0166 | ce=0.0198 | aux_giou=0.0483 | aux_bbox=0.0024 | aux_ce=0.0055 | mask=2565 | aux_mask=3432 | pos=1156 | targets=1156 | preds=1164 | centerness=[-4.708, 2.503] | train_seen=1100
2026-05-28 22:54:54 | INFO | Epoch 54 | batch 600/1829 | loss=0.7187 | giou=0.3251 | bbox=0.0321 | ce=0.0182 | aux_giou=0.0000 | aux_bbox=0.0000 | aux_ce=0.0000 | mask=1732 | aux_mask=1927 | pos=228 | targets=228 | preds=435 | centerness=[-5.646, 1.656] | train_seen=1200
2026-05-28 22:56:40 | INFO | Epoch 54 | batch 650/1829 | loss=0.7119 | giou=0.3062 | bbox=0.0411 | ce=0.0292 | aux_giou=0.0000 | aux_bbox=0.0000 | aux_ce=0.0000 | mask=1617 | aux_mask=2302 | pos=84 | targets=84 | preds=267 | centerness=[-6.467, 1.550] | train_seen=1300
2026-05-28 22:58:26 | INFO | Epoch 54 | batch 700/1829 | loss=0.9504 | giou=0.3911 | bbox=0.1315 | ce=0.0184 | aux_giou=0.0000 | aux_bbox=0.0000 | aux_ce=0.0000 | mask=903 | aux_mask=1542 | pos=73 | targets=73 | preds=78 | centerness=[-5.676, 1.937] | train_seen=1400
2026-05-28 23:00:12 | INFO | Epoch 54 | batch 750/1829 | loss=0.5756 | giou=0.2543 | bbox=0.0190 | ce=0.0240 | aux_giou=0.0000 | aux_bbox=0.0000 | aux_ce=0.0000 | mask=999 | aux_mask=1674 | pos=203 | targets=203 | preds=230 | centerness=[-5.829, 1.469] | train_seen=1500
2026-05-28 23:01:59 | INFO | Epoch 54 | batch 800/1829 | loss=0.8191 | giou=0.3576 | bbox=0.0387 | ce=0.0326 | aux_giou=0.0000 | aux_bbox=0.0000 | aux_ce=0.0000 | mask=1954 | aux_mask=1698 | pos=689 | targets=689 | preds=660 | centerness=[-8.453, 1.875] | train_seen=1600
2026-05-28 23:03:45 | INFO | Epoch 54 | batch 850/1829 | loss=0.8474 | giou=0.3875 | bbox=0.0280 | ce=0.0222 | aux_giou=0.0000 | aux_bbox=0.0000 | aux_ce=0.0000 | mask=2080 | aux_mask=2599 | pos=40 | targets=40 | preds=1217 | centerness=[-5.646, 0.875] | train_seen=1700
2026-05-28 23:05:31 | INFO | Epoch 54 | batch 900/1829 | loss=0.4784 | giou=0.2197 | bbox=0.0134 | ce=0.0128 | aux_giou=0.0000 | aux_bbox=0.0000 | aux_ce=0.0000 | mask=1918 | aux_mask=1677 | pos=156 | targets=156 | preds=290 | centerness=[-4.492, 1.901] | train_seen=1800
2026-05-28 23:07:17 | INFO | Epoch 54 | batch 950/1829 | loss=1.0391 | giou=0.4180 | bbox=0.0220 | ce=0.0390 | aux_giou=0.0458 | aux_bbox=0.0025 | aux_ce=0.0044 | mask=2824 | aux_mask=3080 | pos=2060 | targets=2060 | preds=1821 | centerness=[-4.370, 1.938] | train_seen=1900
2026-05-28 23:09:04 | INFO | Epoch 54 | batch 1000/1829 | loss=0.8182 | giou=0.3795 | bbox=0.0207 | ce=0.0193 | aux_giou=0.0000 | aux_bbox=0.0000 | aux_ce=0.0000 | mask=1894 | aux_mask=1880 | pos=100 | targets=100 | preds=466 | centerness=[-4.860, 1.179] | train_seen=2000
2026-05-28 23:10:50 | INFO | Epoch 54 | batch 1050/1829 | loss=0.9533 | giou=0.3876 | bbox=0.0503 | ce=0.0213 | aux_giou=0.0387 | aux_bbox=0.0020 | aux_ce=0.0030 | mask=1355 | aux_mask=1445 | pos=90 | targets=90 | preds=531 | centerness=[-8.833, 0.907] | train_seen=2100
2026-05-28 23:12:36 | INFO | Epoch 54 | batch 1100/1829 | loss=1.0653 | giou=0.4542 | bbox=0.0176 | ce=0.0263 | aux_giou=0.0409 | aux_bbox=0.0018 | aux_ce=0.0016 | mask=2419 | aux_mask=3306 | pos=300 | targets=300 | preds=350 | centerness=[-5.022, 1.350] | train_seen=2200
2026-05-28 23:14:22 | INFO | Epoch 54 | batch 1150/1829 | loss=1.0082 | giou=0.4355 | bbox=0.0462 | ce=0.0455 | aux_giou=0.0000 | aux_bbox=0.0000 | aux_ce=0.0000 | mask=1908 | aux_mask=2623 | pos=570 | targets=570 | preds=1026 | centerness=[-7.038, 1.513] | train_seen=2300
2026-05-28 23:16:08 | INFO | Epoch 54 | batch 1200/1829 | loss=0.7704 | giou=0.3230 | bbox=0.0635 | ce=0.0304 | aux_giou=0.0000 | aux_bbox=0.0000 | aux_ce=0.0000 | mask=972 | aux_mask=1467 | pos=68 | targets=68 | preds=130 | centerness=[-8.096, 0.418] | train_seen=2400
2026-05-28 23:17:54 | INFO | Epoch 54 | batch 1250/1829 | loss=0.4869 | giou=0.2092 | bbox=0.0312 | ce=0.0187 | aux_giou=0.0000 | aux_bbox=0.0000 | aux_ce=0.0000 | mask=1003 | aux_mask=990 | pos=98 | targets=98 | preds=161 | centerness=[-7.804, 2.081] | train_seen=2500
2026-05-28 23:19:40 | INFO | Epoch 54 | batch 1300/1829 | loss=0.6532 | giou=0.2955 | bbox=0.0313 | ce=0.0155 | aux_giou=0.0000 | aux_bbox=0.0000 | aux_ce=0.0000 | mask=825 | aux_mask=932 | pos=91 | targets=91 | preds=132 | centerness=[-6.060, 1.486] | train_seen=2600
2026-05-28 23:21:26 | INFO | Epoch 54 | batch 1350/1829 | loss=0.7634 | giou=0.3446 | bbox=0.0472 | ce=0.0135 | aux_giou=0.0000 | aux_bbox=0.0000 | aux_ce=0.0000 | mask=1071 | aux_mask=1588 | pos=46 | targets=46 | preds=95 | centerness=[-6.621, 1.318] | train_seen=2700
2026-05-28 23:23:12 | INFO | Epoch 54 | batch 1400/1829 | loss=0.7637 | giou=0.3393 | bbox=0.0541 | ce=0.0154 | aux_giou=0.0000 | aux_bbox=0.0000 | aux_ce=0.0000 | mask=928 | aux_mask=1505 | pos=63 | targets=63 | preds=101 | centerness=[-7.622, 1.923] | train_seen=2800
2026-05-28 23:24:58 | INFO | Epoch 54 | batch 1450/1829 | loss=1.0032 | giou=0.4341 | bbox=0.0281 | ce=0.0127 | aux_giou=0.0384 | aux_bbox=0.0025 | aux_ce=0.0011 | mask=1325 | aux_mask=1472 | pos=80 | targets=80 | preds=270 | centerness=[-6.031, 1.077] | train_seen=2900
2026-05-28 23:26:45 | INFO | Epoch 54 | batch 1500/1829 | loss=0.7787 | giou=0.3510 | bbox=0.0268 | ce=0.0250 | aux_giou=0.0000 | aux_bbox=0.0000 | aux_ce=0.0000 | mask=2644 | aux_mask=2674 | pos=248 | targets=248 | preds=650 | centerness=[-4.053, 1.203] | train_seen=3000
2026-05-28 23:28:31 | INFO | Epoch 54 | batch 1550/1829 | loss=0.9071 | giou=0.3717 | bbox=0.0329 | ce=0.0263 | aux_giou=0.0369 | aux_bbox=0.0015 | aux_ce=0.0014 | mask=2105 | aux_mask=2163 | pos=83 | targets=83 | preds=604 | centerness=[-7.730, 1.324] | train_seen=3100
2026-05-28 23:30:17 | INFO | Epoch 54 | batch 1600/1829 | loss=0.8012 | giou=0.3783 | bbox=0.0181 | ce=0.0132 | aux_giou=0.0000 | aux_bbox=0.0000 | aux_ce=0.0000 | mask=2095 | aux_mask=2252 | pos=173 | targets=173 | preds=396 | centerness=[-4.960, 1.753] | train_seen=3200
2026-05-28 23:32:03 | INFO | Epoch 54 | batch 1650/1829 | loss=0.5106 | giou=0.2345 | bbox=0.0164 | ce=0.0127 | aux_giou=0.0000 | aux_bbox=0.0000 | aux_ce=0.0000 | mask=1891 | aux_mask=2106 | pos=144 | targets=144 | preds=306 | centerness=[-5.039, 1.670] | train_seen=3300
2026-05-28 23:33:49 | INFO | Epoch 54 | batch 1700/1829 | loss=0.6398 | giou=0.2990 | bbox=0.0258 | ce=0.0081 | aux_giou=0.0000 | aux_bbox=0.0000 | aux_ce=0.0000 | mask=1392 | aux_mask=1555 | pos=63 | targets=63 | preds=117 | centerness=[-6.124, 2.057] | train_seen=3400
2026-05-28 23:35:35 | INFO | Epoch 54 | batch 1750/1829 | loss=0.6621 | giou=0.2847 | bbox=0.0399 | ce=0.0264 | aux_giou=0.0000 | aux_bbox=0.0000 | aux_ce=0.0000 | mask=1124 | aux_mask=1487 | pos=136 | targets=136 | preds=222 | centerness=[-8.462, 1.022] | train_seen=3500
2026-05-28 23:37:21 | INFO | Epoch 54 | batch 1800/1829 | loss=0.6947 | giou=0.3140 | bbox=0.0353 | ce=0.0156 | aux_giou=0.0000 | aux_bbox=0.0000 | aux_ce=0.0000 | mask=1467 | aux_mask=1711 | pos=164 | targets=164 | preds=273 | centerness=[-6.705, 2.016] | train_seen=3600
2026-05-28 23:57:54 | INFO | Epoch 54 | train_loss=0.777 | val_loss=0.942 | train_mae=92.294 | val_mae=42.359 | val_rmse=81.79 | test_mae=49.937 | test_rmse=128.48 | time=5053.833s
2026-05-28 23:59:41 | INFO | Epoch 55 | batch 50/1829 | loss=0.5708 | giou=0.2554 | bbox=0.0270 | ce=0.0165 | aux_giou=0.0000 | aux_bbox=0.0000 | aux_ce=0.0000 | mask=1136 | aux_mask=1563 | pos=58 | targets=58 | preds=233 | centerness=[-6.487, 1.382] | train_seen=100
2026-05-29 00:01:27 | INFO | Epoch 55 | batch 100/1829 | loss=0.6412 | giou=0.3013 | bbox=0.0230 | ce=0.0078 | aux_giou=0.0000 | aux_bbox=0.0000 | aux_ce=0.0000 | mask=1347 | aux_mask=1861 | pos=128 | targets=128 | preds=211 | centerness=[-5.311, 2.013] | train_seen=200
2026-05-29 00:03:13 | INFO | Epoch 55 | batch 150/1829 | loss=0.6649 | giou=0.2948 | bbox=0.0403 | ce=0.0175 | aux_giou=0.0000 | aux_bbox=0.0000 | aux_ce=0.0000 | mask=1127 | aux_mask=1834 | pos=161 | targets=161 | preds=157 | centerness=[-6.487, 1.589] | train_seen=300
2026-05-29 00:05:00 | INFO | Epoch 55 | batch 200/1829 | loss=0.8404 | giou=0.3410 | bbox=0.0326 | ce=0.0263 | aux_giou=0.0341 | aux_bbox=0.0014 | aux_ce=0.0018 | mask=1663 | aux_mask=2425 | pos=200 | targets=200 | preds=349 | centerness=[-6.149, 1.660] | train_seen=400
2026-05-29 00:06:46 | INFO | Epoch 55 | batch 250/1829 | loss=1.1406 | giou=0.4518 | bbox=0.0405 | ce=0.0493 | aux_giou=0.0426 | aux_bbox=0.0031 | aux_ce=0.0049 | mask=2241 | aux_mask=2306 | pos=664 | targets=664 | preds=952 | centerness=[-5.345, 2.224] | train_seen=500
2026-05-29 00:08:32 | INFO | Epoch 55 | batch 300/1829 | loss=0.7112 | giou=0.3042 | bbox=0.0368 | ce=0.0330 | aux_giou=0.0000 | aux_bbox=0.0000 | aux_ce=0.0000 | mask=855 | aux_mask=1315 | pos=142 | targets=142 | preds=183 | centerness=[-6.699, 1.857] | train_seen=600
2026-05-29 00:10:18 | INFO | Epoch 55 | batch 350/1829 | loss=0.6230 | giou=0.2854 | bbox=0.0210 | ce=0.0156 | aux_giou=0.0000 | aux_bbox=0.0000 | aux_ce=0.0000 | mask=1409 | aux_mask=1721 | pos=200 | targets=200 | preds=292 | centerness=[-5.698, 1.913] | train_seen=700
2026-05-29 00:12:04 | INFO | Epoch 55 | batch 400/1829 | loss=0.6639 | giou=0.3087 | bbox=0.0205 | ce=0.0130 | aux_giou=0.0000 | aux_bbox=0.0000 | aux_ce=0.0000 | mask=1411 | aux_mask=1484 | pos=257 | targets=257 | preds=243 | centerness=[-5.167, 2.027] | train_seen=800
2026-05-29 00:13:50 | INFO | Epoch 55 | batch 450/1829 | loss=0.7092 | giou=0.3171 | bbox=0.0243 | ce=0.0254 | aux_giou=0.0000 | aux_bbox=0.0000 | aux_ce=0.0000 | mask=1315 | aux_mask=1706 | pos=146 | targets=146 | preds=210 | centerness=[-5.722, 1.615] | train_seen=900
2026-05-29 00:15:36 | INFO | Epoch 55 | batch 500/1829 | loss=0.6659 | giou=0.2908 | bbox=0.0115 | ce=0.0018 | aux_giou=0.0336 | aux_bbox=0.0013 | aux_ce=0.0004 | mask=804 | aux_mask=1454 | pos=35 | targets=35 | preds=35 | centerness=[-5.736, 2.179] | train_seen=1000
2026-05-29 00:17:23 | INFO | Epoch 55 | batch 550/1829 | loss=0.7528 | giou=0.3156 | bbox=0.0504 | ce=0.0125 | aux_giou=0.0225 | aux_bbox=0.0009 | aux_ce=0.0001 | mask=847 | aux_mask=1669 | pos=45 | targets=45 | preds=52 | centerness=[-6.525, 2.299] | train_seen=1100
2026-05-29 00:19:09 | INFO | Epoch 55 | batch 600/1829 | loss=0.7512 | giou=0.3251 | bbox=0.0656 | ce=0.0177 | aux_giou=0.0000 | aux_bbox=0.0000 | aux_ce=0.0000 | mask=713 | aux_mask=1128 | pos=43 | targets=43 | preds=63 | centerness=[-8.509, 0.977] | train_seen=1200
2026-05-29 00:20:56 | INFO | Epoch 55 | batch 650/1829 | loss=0.8971 | giou=0.3608 | bbox=0.0361 | ce=0.0282 | aux_giou=0.0361 | aux_bbox=0.0022 | aux_ce=0.0043 | mask=1140 | aux_mask=1304 | pos=248 | targets=248 | preds=344 | centerness=[-5.925, 1.970] | train_seen=1300
2026-05-29 00:22:42 | INFO | Epoch 55 | batch 700/1829 | loss=0.6492 | giou=0.2793 | bbox=0.0473 | ce=0.0217 | aux_giou=0.0000 | aux_bbox=0.0000 | aux_ce=0.0000 | mask=1139 | aux_mask=1952 | pos=103 | targets=103 | preds=127 | centerness=[-6.844, 1.773] | train_seen=1400
2026-05-29 00:24:28 | INFO | Epoch 55 | batch 750/1829 | loss=1.0267 | giou=0.4223 | bbox=0.0247 | ce=0.0349 | aux_giou=0.0403 | aux_bbox=0.0015 | aux_ce=0.0028 | mask=2508 | aux_mask=2557 | pos=244 | targets=244 | preds=1230 | centerness=[-5.487, 0.823] | train_seen=1500
2026-05-29 00:26:14 | INFO | Epoch 55 | batch 800/1829 | loss=0.9591 | giou=0.3906 | bbox=0.0259 | ce=0.0332 | aux_giou=0.0363 | aux_bbox=0.0017 | aux_ce=0.0057 | mask=1769 | aux_mask=2211 | pos=496 | targets=496 | preds=1032 | centerness=[-5.670, 1.468] | train_seen=1600
2026-05-29 00:28:00 | INFO | Epoch 55 | batch 850/1829 | loss=0.6008 | giou=0.2781 | bbox=0.0263 | ce=0.0091 | aux_giou=0.0000 | aux_bbox=0.0000 | aux_ce=0.0000 | mask=1307 | aux_mask=1523 | pos=103 | targets=103 | preds=164 | centerness=[-6.969, 1.939] | train_seen=1700
2026-05-29 00:29:47 | INFO | Epoch 55 | batch 900/1829 | loss=0.7278 | giou=0.3292 | bbox=0.0243 | ce=0.0226 | aux_giou=0.0000 | aux_bbox=0.0000 | aux_ce=0.0000 | mask=2340 | aux_mask=2425 | pos=152 | targets=152 | preds=513 | centerness=[-4.490, 1.467] | train_seen=1800
2026-05-29 00:31:33 | INFO | Epoch 55 | batch 950/1829 | loss=0.5599 | giou=0.2557 | bbox=0.0333 | ce=0.0076 | aux_giou=0.0000 | aux_bbox=0.0000 | aux_ce=0.0000 | mask=904 | aux_mask=1492 | pos=31 | targets=31 | preds=67 | centerness=[-5.981, 0.902] | train_seen=1900
2026-05-29 00:33:19 | INFO | Epoch 55 | batch 1000/1829 | loss=1.2149 | giou=0.4864 | bbox=0.0197 | ce=0.0244 | aux_giou=0.0811 | aux_bbox=0.0032 | aux_ce=0.0040 | mask=2172 | aux_mask=2598 | pos=269 | targets=269 | preds=771 | centerness=[-5.286, 1.946] | train_seen=2000
2026-05-29 00:35:05 | INFO | Epoch 55 | batch 1050/1829 | loss=1.1642 | giou=0.4887 | bbox=0.0254 | ce=0.0259 | aux_giou=0.0483 | aux_bbox=0.0024 | aux_ce=0.0053 | mask=3209 | aux_mask=3486 | pos=1136 | targets=1136 | preds=1560 | centerness=[-3.931, 2.644] | train_seen=2100
2026-05-29 00:36:51 | INFO | Epoch 55 | batch 1100/1829 | loss=0.6701 | giou=0.2904 | bbox=0.0509 | ce=0.0192 | aux_giou=0.0000 | aux_bbox=0.0000 | aux_ce=0.0000 | mask=1100 | aux_mask=1947 | pos=103 | targets=103 | preds=129 | centerness=[-8.633, 1.146] | train_seen=2200
2026-05-29 00:38:38 | INFO | Epoch 55 | batch 1150/1829 | loss=0.9286 | giou=0.3874 | bbox=0.0730 | ce=0.0404 | aux_giou=0.0000 | aux_bbox=0.0000 | aux_ce=0.0000 | mask=1636 | aux_mask=2326 | pos=180 | targets=180 | preds=217 | centerness=[-7.621, 0.876] | train_seen=2300
2026-05-29 00:40:24 | INFO | Epoch 55 | batch 1200/1829 | loss=0.7357 | giou=0.3338 | bbox=0.0332 | ce=0.0174 | aux_giou=0.0000 | aux_bbox=0.0000 | aux_ce=0.0000 | mask=1574 | aux_mask=1453 | pos=209 | targets=209 | preds=229 | centerness=[-7.113, 2.053] | train_seen=2400
2026-05-29 00:42:10 | INFO | Epoch 55 | batch 1250/1829 | loss=0.7580 | giou=0.3425 | bbox=0.0331 | ce=0.0200 | aux_giou=0.0000 | aux_bbox=0.0000 | aux_ce=0.0000 | mask=1608 | aux_mask=1854 | pos=106 | targets=106 | preds=505 | centerness=[-7.449, 1.571] | train_seen=2500
2026-05-29 00:43:56 | INFO | Epoch 55 | batch 1300/1829 | loss=0.7470 | giou=0.3404 | bbox=0.0322 | ce=0.0170 | aux_giou=0.0000 | aux_bbox=0.0000 | aux_ce=0.0000 | mask=1422 | aux_mask=1854 | pos=71 | targets=71 | preds=307 | centerness=[-7.302, 0.639] | train_seen=2600
2026-05-29 00:45:42 | INFO | Epoch 55 | batch 1350/1829 | loss=0.6584 | giou=0.2850 | bbox=0.0479 | ce=0.0203 | aux_giou=0.0000 | aux_bbox=0.0000 | aux_ce=0.0000 | mask=1102 | aux_mask=1710 | pos=99 | targets=99 | preds=189 | centerness=[-7.158, 0.743] | train_seen=2700
2026-05-29 00:47:28 | INFO | Epoch 55 | batch 1400/1829 | loss=0.7048 | giou=0.3127 | bbox=0.0453 | ce=0.0171 | aux_giou=0.0000 | aux_bbox=0.0000 | aux_ce=0.0000 | mask=1276 | aux_mask=1985 | pos=59 | targets=59 | preds=177 | centerness=[-7.581, 1.104] | train_seen=2800
2026-05-29 00:49:14 | INFO | Epoch 55 | batch 1450/1829 | loss=0.4704 | giou=0.1953 | bbox=0.0371 | ce=0.0213 | aux_giou=0.0000 | aux_bbox=0.0000 | aux_ce=0.0000 | mask=763 | aux_mask=1037 | pos=65 | targets=65 | preds=59 | centerness=[-7.987, 2.148] | train_seen=2900
2026-05-29 00:51:00 | INFO | Epoch 55 | batch 1500/1829 | loss=0.4823 | giou=0.2238 | bbox=0.0226 | ce=0.0061 | aux_giou=0.0000 | aux_bbox=0.0000 | aux_ce=0.0000 | mask=1241 | aux_mask=1660 | pos=73 | targets=73 | preds=115 | centerness=[-6.572, 1.623] | train_seen=3000
2026-05-29 00:52:46 | INFO | Epoch 55 | batch 1550/1829 | loss=0.8993 | giou=0.3727 | bbox=0.0349 | ce=0.0230 | aux_giou=0.0340 | aux_bbox=0.0023 | aux_ce=0.0013 | mask=1417 | aux_mask=1742 | pos=64 | targets=64 | preds=218 | centerness=[-7.648, 1.649] | train_seen=3100
2026-05-29 00:54:32 | INFO | Epoch 55 | batch 1600/1829 | loss=0.7254 | giou=0.3264 | bbox=0.0215 | ce=0.0255 | aux_giou=0.0000 | aux_bbox=0.0000 | aux_ce=0.0000 | mask=1457 | aux_mask=1884 | pos=210 | targets=210 | preds=259 | centerness=[-5.619, 1.671] | train_seen=3200
2026-05-29 00:56:18 | INFO | Epoch 55 | batch 1650/1829 | loss=0.5836 | giou=0.2604 | bbox=0.0424 | ce=0.0102 | aux_giou=0.0000 | aux_bbox=0.0000 | aux_ce=0.0000 | mask=1040 | aux_mask=1453 | pos=39 | targets=39 | preds=69 | centerness=[-7.121, 0.896] | train_seen=3300
2026-05-29 00:58:05 | INFO | Epoch 55 | batch 1700/1829 | loss=1.1286 | giou=0.4236 | bbox=0.0285 | ce=0.0753 | aux_giou=0.0453 | aux_bbox=0.0025 | aux_ce=0.0046 | mask=4456 | aux_mask=3083 | pos=3821 | targets=2052 | preds=1845 | centerness=[-5.646, 2.178] | train_seen=3400
2026-05-29 00:59:51 | INFO | Epoch 55 | batch 1750/1829 | loss=0.8323 | giou=0.3489 | bbox=0.0262 | ce=0.0150 | aux_giou=0.0380 | aux_bbox=0.0016 | aux_ce=0.0003 | mask=1599 | aux_mask=2819 | pos=114 | targets=114 | preds=230 | centerness=[-5.717, 2.055] | train_seen=3500
2026-05-29 01:01:37 | INFO | Epoch 55 | batch 1800/1829 | loss=0.6995 | giou=0.3061 | bbox=0.0509 | ce=0.0181 | aux_giou=0.0000 | aux_bbox=0.0000 | aux_ce=0.0000 | mask=1124 | aux_mask=1572 | pos=67 | targets=67 | preds=173 | centerness=[-8.016, 0.422] | train_seen=3600
2026-05-29 01:22:10 | INFO | Epoch 55 | train_loss=0.776 | val_loss=0.943 | train_mae=91.660 | val_mae=42.414 | val_rmse=81.85 | test_mae=50.030 | test_rmse=128.23 | time=5055.362s
2026-05-29 01:23:57 | INFO | Epoch 56 | batch 50/1829 | loss=0.8923 | giou=0.4039 | bbox=0.0320 | ce=0.0262 | aux_giou=0.0000 | aux_bbox=0.0000 | aux_ce=0.0000 | mask=1493 | aux_mask=1692 | pos=116 | targets=116 | preds=465 | centerness=[-4.317, 0.897] | train_seen=100
2026-05-29 01:25:43 | INFO | Epoch 56 | batch 100/1829 | loss=0.7515 | giou=0.3379 | bbox=0.0342 | ce=0.0208 | aux_giou=0.0000 | aux_bbox=0.0000 | aux_ce=0.0000 | mask=1161 | aux_mask=1707 | pos=74 | targets=74 | preds=221 | centerness=[-7.088, 0.660] | train_seen=200
2026-05-29 01:27:29 | INFO | Epoch 56 | batch 150/1829 | loss=0.9184 | giou=0.3782 | bbox=0.0276 | ce=0.0195 | aux_giou=0.0442 | aux_bbox=0.0054 | aux_ce=0.0009 | mask=1045 | aux_mask=1384 | pos=127 | targets=127 | preds=168 | centerness=[-5.508, 1.619] | train_seen=300
2026-05-29 01:29:15 | INFO | Epoch 56 | batch 200/1829 | loss=0.5081 | giou=0.2284 | bbox=0.0212 | ce=0.0150 | aux_giou=0.0000 | aux_bbox=0.0000 | aux_ce=0.0000 | mask=1167 | aux_mask=1331 | pos=208 | targets=208 | preds=339 | centerness=[-7.179, 1.980] | train_seen=400
2026-05-29 01:31:01 | INFO | Epoch 56 | batch 250/1829 | loss=0.9535 | giou=0.3903 | bbox=0.0475 | ce=0.0138 | aux_giou=0.0460 | aux_bbox=0.0020 | aux_ce=0.0019 | mask=1640 | aux_mask=1817 | pos=174 | targets=174 | preds=247 | centerness=[-7.538, 1.979] | train_seen=500
2026-05-29 01:32:47 | INFO | Epoch 56 | batch 300/1829 | loss=0.7568 | giou=0.3319 | bbox=0.0338 | ce=0.0297 | aux_giou=0.0000 | aux_bbox=0.0000 | aux_ce=0.0000 | mask=1302 | aux_mask=1318 | pos=93 | targets=93 | preds=327 | centerness=[-7.194, 0.826] | train_seen=600
2026-05-29 01:34:33 | INFO | Epoch 56 | batch 350/1829 | loss=0.5754 | giou=0.2589 | bbox=0.0427 | ce=0.0075 | aux_giou=0.0000 | aux_bbox=0.0000 | aux_ce=0.0000 | mask=880 | aux_mask=1362 | pos=20 | targets=20 | preds=29 | centerness=[-9.221, 1.009] | train_seen=700
2026-05-29 01:36:20 | INFO | Epoch 56 | batch 400/1829 | loss=0.7855 | giou=0.3424 | bbox=0.0277 | ce=0.0365 | aux_giou=0.0000 | aux_bbox=0.0000 | aux_ce=0.0000 | mask=1375 | aux_mask=1798 | pos=248 | targets=248 | preds=588 | centerness=[-6.204, 1.926] | train_seen=800
2026-05-29 01:38:06 | INFO | Epoch 56 | batch 450/1829 | loss=0.7880 | giou=0.3346 | bbox=0.0193 | ce=0.0230 | aux_giou=0.0252 | aux_bbox=0.0019 | aux_ce=0.0006 | mask=1372 | aux_mask=1978 | pos=169 | targets=169 | preds=356 | centerness=[-4.791, 1.907] | train_seen=900
2026-05-29 01:39:52 | INFO | Epoch 56 | batch 500/1829 | loss=0.9480 | giou=0.4049 | bbox=0.0290 | ce=0.0202 | aux_giou=0.0330 | aux_bbox=0.0011 | aux_ce=0.0009 | mask=1599 | aux_mask=2327 | pos=66 | targets=66 | preds=489 | centerness=[-6.609, 0.680] | train_seen=1000
2026-05-29 01:41:39 | INFO | Epoch 56 | batch 550/1829 | loss=0.9484 | giou=0.4226 | bbox=0.0364 | ce=0.0334 | aux_giou=0.0000 | aux_bbox=0.0000 | aux_ce=0.0000 | mask=1770 | aux_mask=1849 | pos=112 | targets=112 | preds=792 | centerness=[-6.149, 0.683] | train_seen=1100
2026-05-29 01:43:25 | INFO | Epoch 56 | batch 600/1829 | loss=0.7609 | giou=0.3271 | bbox=0.0129 | ce=0.0118 | aux_giou=0.0318 | aux_bbox=0.0012 | aux_ce=0.0027 | mask=2555 | aux_mask=2979 | pos=163 | targets=163 | preds=442 | centerness=[-4.462, 1.519] | train_seen=1200
2026-05-29 01:45:11 | INFO | Epoch 56 | batch 650/1829 | loss=0.6570 | giou=0.2899 | bbox=0.0355 | ce=0.0208 | aux_giou=0.0000 | aux_bbox=0.0000 | aux_ce=0.0000 | mask=1619 | aux_mask=1869 | pos=164 | targets=164 | preds=258 | centerness=[-5.712, 1.254] | train_seen=1300
2026-05-29 01:46:57 | INFO | Epoch 56 | batch 700/1829 | loss=1.0670 | giou=0.4256 | bbox=0.0175 | ce=0.0188 | aux_giou=0.0748 | aux_bbox=0.0046 | aux_ce=0.0033 | mask=2252 | aux_mask=2691 | pos=231 | targets=231 | preds=251 | centerness=[-5.802, 2.308] | train_seen=1400
2026-05-29 01:48:44 | INFO | Epoch 56 | batch 750/1829 | loss=0.7023 | giou=0.2975 | bbox=0.0670 | ce=0.0201 | aux_giou=0.0000 | aux_bbox=0.0000 | aux_ce=0.0000 | mask=933 | aux_mask=1393 | pos=55 | targets=55 | preds=111 | centerness=[-8.960, 0.473] | train_seen=1500
2026-05-29 01:50:30 | INFO | Epoch 56 | batch 800/1829 | loss=0.8284 | giou=0.3504 | bbox=0.0899 | ce=0.0188 | aux_giou=0.0000 | aux_bbox=0.0000 | aux_ce=0.0000 | mask=986 | aux_mask=2298 | pos=58 | targets=58 | preds=68 | centerness=[-10.069, 0.723] | train_seen=1600
2026-05-29 01:52:17 | INFO | Epoch 56 | batch 850/1829 | loss=0.9736 | giou=0.4026 | bbox=0.0498 | ce=0.0177 | aux_giou=0.0392 | aux_bbox=0.0022 | aux_ce=0.0013 | mask=1318 | aux_mask=1636 | pos=137 | targets=137 | preds=189 | centerness=[-8.057, 1.787] | train_seen=1700
2026-05-29 01:54:03 | INFO | Epoch 56 | batch 900/1829 | loss=0.5906 | giou=0.2590 | bbox=0.0410 | ce=0.0158 | aux_giou=0.0000 | aux_bbox=0.0000 | aux_ce=0.0000 | mask=1201 | aux_mask=2070 | pos=151 | targets=151 | preds=206 | centerness=[-8.837, 1.337] | train_seen=1800
2026-05-29 01:55:49 | INFO | Epoch 56 | batch 950/1829 | loss=0.6904 | giou=0.2936 | bbox=0.0661 | ce=0.0185 | aux_giou=0.0000 | aux_bbox=0.0000 | aux_ce=0.0000 | mask=873 | aux_mask=1828 | pos=44 | targets=44 | preds=104 | centerness=[-7.270, 0.827] | train_seen=1900
2026-05-29 01:57:35 | INFO | Epoch 56 | batch 1000/1829 | loss=0.5445 | giou=0.2365 | bbox=0.0508 | ce=0.0104 | aux_giou=0.0000 | aux_bbox=0.0000 | aux_ce=0.0000 | mask=1064 | aux_mask=1433 | pos=42 | targets=42 | preds=77 | centerness=[-8.778, 1.885] | train_seen=2000
2026-05-29 01:59:21 | INFO | Epoch 56 | batch 1050/1829 | loss=0.6768 | giou=0.3096 | bbox=0.0271 | ce=0.0153 | aux_giou=0.0000 | aux_bbox=0.0000 | aux_ce=0.0000 | mask=1827 | aux_mask=1606 | pos=154 | targets=154 | preds=198 | centerness=[-6.280, 2.306] | train_seen=2100
2026-05-29 02:01:07 | INFO | Epoch 56 | batch 1100/1829 | loss=0.8814 | giou=0.3590 | bbox=0.0687 | ce=0.0155 | aux_giou=0.0297 | aux_bbox=0.0012 | aux_ce=0.0016 | mask=1474 | aux_mask=2077 | pos=102 | targets=102 | preds=240 | centerness=[-8.065, 1.641] | train_seen=2200
2026-05-29 02:02:53 | INFO | Epoch 56 | batch 1150/1829 | loss=0.7329 | giou=0.3142 | bbox=0.0580 | ce=0.0233 | aux_giou=0.0000 | aux_bbox=0.0000 | aux_ce=0.0000 | mask=1138 | aux_mask=1616 | pos=49 | targets=49 | preds=152 | centerness=[-8.547, 0.569] | train_seen=2300
2026-05-29 02:04:39 | INFO | Epoch 56 | batch 1200/1829 | loss=0.7288 | giou=0.3312 | bbox=0.0463 | ce=0.0101 | aux_giou=0.0000 | aux_bbox=0.0000 | aux_ce=0.0000 | mask=958 | aux_mask=1477 | pos=25 | targets=25 | preds=98 | centerness=[-6.525, 0.569] | train_seen=2400
2026-05-29 02:06:25 | INFO | Epoch 56 | batch 1250/1829 | loss=0.8362 | giou=0.3267 | bbox=0.0347 | ce=0.0285 | aux_giou=0.0384 | aux_bbox=0.0018 | aux_ce=0.0062 | mask=1876 | aux_mask=2199 | pos=448 | targets=448 | preds=694 | centerness=[-6.582, 1.276] | train_seen=2500
2026-05-29 02:08:12 | INFO | Epoch 56 | batch 1300/1829 | loss=0.7569 | giou=0.3463 | bbox=0.0361 | ce=0.0141 | aux_giou=0.0000 | aux_bbox=0.0000 | aux_ce=0.0000 | mask=1280 | aux_mask=1472 | pos=98 | targets=98 | preds=194 | centerness=[-7.004, 1.853] | train_seen=2600
2026-05-29 02:09:58 | INFO | Epoch 56 | batch 1350/1829 | loss=0.8787 | giou=0.4157 | bbox=0.0282 | ce=0.0096 | aux_giou=0.0000 | aux_bbox=0.0000 | aux_ce=0.0000 | mask=1769 | aux_mask=2060 | pos=43 | targets=43 | preds=283 | centerness=[-6.173, 1.805] | train_seen=2700
2026-05-29 02:11:44 | INFO | Epoch 56 | batch 1400/1829 | loss=0.7142 | giou=0.3327 | bbox=0.0282 | ce=0.0103 | aux_giou=0.0000 | aux_bbox=0.0000 | aux_ce=0.0000 | mask=1001 | aux_mask=1411 | pos=28 | targets=28 | preds=52 | centerness=[-5.656, 2.053] | train_seen=2800
2026-05-29 02:13:30 | INFO | Epoch 56 | batch 1450/1829 | loss=0.7618 | giou=0.3452 | bbox=0.0478 | ce=0.0118 | aux_giou=0.0000 | aux_bbox=0.0000 | aux_ce=0.0000 | mask=1371 | aux_mask=1974 | pos=29 | targets=29 | preds=159 | centerness=[-7.730, 0.648] | train_seen=2900
2026-05-29 02:15:16 | INFO | Epoch 56 | batch 1500/1829 | loss=0.9447 | giou=0.4084 | bbox=0.0650 | ce=0.0315 | aux_giou=0.0000 | aux_bbox=0.0000 | aux_ce=0.0000 | mask=1659 | aux_mask=1913 | pos=152 | targets=152 | preds=406 | centerness=[-7.449, 0.793] | train_seen=3000
2026-05-29 02:17:02 | INFO | Epoch 56 | batch 1550/1829 | loss=0.8423 | giou=0.3897 | bbox=0.0316 | ce=0.0156 | aux_giou=0.0000 | aux_bbox=0.0000 | aux_ce=0.0000 | mask=1377 | aux_mask=1877 | pos=87 | targets=87 | preds=307 | centerness=[-5.337, 1.423] | train_seen=3100
2026-05-29 02:18:48 | INFO | Epoch 56 | batch 1600/1829 | loss=0.8056 | giou=0.3552 | bbox=0.0310 | ce=0.0321 | aux_giou=0.0000 | aux_bbox=0.0000 | aux_ce=0.0000 | mask=1322 | aux_mask=1611 | pos=297 | targets=297 | preds=320 | centerness=[-5.552, 1.620] | train_seen=3200
2026-05-29 02:20:35 | INFO | Epoch 56 | batch 1650/1829 | loss=0.5938 | giou=0.2815 | bbox=0.0152 | ce=0.0078 | aux_giou=0.0000 | aux_bbox=0.0000 | aux_ce=0.0000 | mask=1630 | aux_mask=1924 | pos=121 | targets=121 | preds=301 | centerness=[-4.720, 1.753] | train_seen=3300
2026-05-29 02:22:21 | INFO | Epoch 56 | batch 1700/1829 | loss=0.8335 | giou=0.3331 | bbox=0.0287 | ce=0.0258 | aux_giou=0.0393 | aux_bbox=0.0041 | aux_ce=0.0023 | mask=1387 | aux_mask=1760 | pos=116 | targets=116 | preds=364 | centerness=[-7.291, 0.646] | train_seen=3400
2026-05-29 02:24:07 | INFO | Epoch 56 | batch 1750/1829 | loss=0.6233 | giou=0.2841 | bbox=0.0348 | ce=0.0102 | aux_giou=0.0000 | aux_bbox=0.0000 | aux_ce=0.0000 | mask=626 | aux_mask=768 | pos=56 | targets=56 | preds=66 | centerness=[-8.564, 2.073] | train_seen=3500
2026-05-29 02:25:54 | INFO | Epoch 56 | batch 1800/1829 | loss=0.6015 | giou=0.2691 | bbox=0.0259 | ce=0.0187 | aux_giou=0.0000 | aux_bbox=0.0000 | aux_ce=0.0000 | mask=1379 | aux_mask=1403 | pos=179 | targets=179 | preds=283 | centerness=[-5.333, 1.855] | train_seen=3600
2026-05-29 02:46:27 | INFO | Epoch 56 | train_loss=0.774 | val_loss=0.944 | train_mae=89.659 | val_mae=42.515 | val_rmse=81.89 | test_mae=50.155 | test_rmse=128.62 | time=5056.282s
2026-05-29 02:48:14 | INFO | Epoch 57 | batch 50/1829 | loss=0.5488 | giou=0.2414 | bbox=0.0411 | ce=0.0124 | aux_giou=0.0000 | aux_bbox=0.0000 | aux_ce=0.0000 | mask=763 | aux_mask=1446 | pos=29 | targets=29 | preds=57 | centerness=[-7.011, 0.744] | train_seen=100
2026-05-29 02:50:00 | INFO | Epoch 57 | batch 100/1829 | loss=0.7668 | giou=0.3429 | bbox=0.0286 | ce=0.0261 | aux_giou=0.0000 | aux_bbox=0.0000 | aux_ce=0.0000 | mask=1176 | aux_mask=1330 | pos=100 | targets=100 | preds=205 | centerness=[-5.814, 0.580] | train_seen=200
2026-05-29 02:51:46 | INFO | Epoch 57 | batch 150/1829 | loss=1.1771 | giou=0.5110 | bbox=0.0598 | ce=0.0476 | aux_giou=0.0000 | aux_bbox=0.0000 | aux_ce=0.0000 | mask=1550 | aux_mask=1519 | pos=236 | targets=236 | preds=448 | centerness=[-6.866, 2.005] | train_seen=300
2026-05-29 02:53:32 | INFO | Epoch 57 | batch 200/1829 | loss=0.6651 | giou=0.3074 | bbox=0.0188 | ce=0.0158 | aux_giou=0.0000 | aux_bbox=0.0000 | aux_ce=0.0000 | mask=1322 | aux_mask=1450 | pos=168 | targets=168 | preds=251 | centerness=[-6.080, 1.747] | train_seen=400
2026-05-29 02:55:18 | INFO | Epoch 57 | batch 250/1829 | loss=0.4502 | giou=0.1992 | bbox=0.0199 | ce=0.0160 | aux_giou=0.0000 | aux_bbox=0.0000 | aux_ce=0.0000 | mask=1187 | aux_mask=1483 | pos=176 | targets=176 | preds=203 | centerness=[-5.148, 2.055] | train_seen=500
2026-05-29 02:57:04 | INFO | Epoch 57 | batch 300/1829 | loss=1.0236 | giou=0.4452 | bbox=0.0369 | ce=0.0481 | aux_giou=0.0000 | aux_bbox=0.0000 | aux_ce=0.0000 | mask=2533 | aux_mask=2493 | pos=672 | targets=672 | preds=1372 | centerness=[-5.114, 1.024] | train_seen=600
2026-05-29 02:58:51 | INFO | Epoch 57 | batch 350/1829 | loss=0.9039 | giou=0.3812 | bbox=0.0175 | ce=0.0301 | aux_giou=0.0304 | aux_bbox=0.0011 | aux_ce=0.0011 | mask=1514 | aux_mask=1741 | pos=528 | targets=528 | preds=625 | centerness=[-4.474, 2.319] | train_seen=700
2026-05-29 03:00:38 | INFO | Epoch 57 | batch 400/1829 | loss=0.5597 | giou=0.2530 | bbox=0.0434 | ce=0.0052 | aux_giou=0.0000 | aux_bbox=0.0000 | aux_ce=0.0000 | mask=1003 | aux_mask=1351 | pos=39 | targets=39 | preds=58 | centerness=[-6.714, 1.357] | train_seen=800
2026-05-29 03:02:24 | INFO | Epoch 57 | batch 450/1829 | loss=0.4802 | giou=0.2023 | bbox=0.0525 | ce=0.0116 | aux_giou=0.0000 | aux_bbox=0.0000 | aux_ce=0.0000 | mask=808 | aux_mask=1281 | pos=22 | targets=22 | preds=61 | centerness=[-9.249, 0.661] | train_seen=900
2026-05-29 03:04:10 | INFO | Epoch 57 | batch 500/1829 | loss=0.8755 | giou=0.3398 | bbox=0.0245 | ce=0.0327 | aux_giou=0.0454 | aux_bbox=0.0052 | aux_ce=0.0050 | mask=2864 | aux_mask=2460 | pos=1731 | targets=1731 | preds=1870 | centerness=[-6.229, 1.366] | train_seen=1000
2026-05-29 03:05:56 | INFO | Epoch 57 | batch 550/1829 | loss=0.4818 | giou=0.2244 | bbox=0.0238 | ce=0.0045 | aux_giou=0.0000 | aux_bbox=0.0000 | aux_ce=0.0000 | mask=1204 | aux_mask=1567 | pos=35 | targets=35 | preds=75 | centerness=[-5.947, 1.961] | train_seen=1100
2026-05-29 03:07:42 | INFO | Epoch 57 | batch 600/1829 | loss=0.8947 | giou=0.3919 | bbox=0.0290 | ce=0.0409 | aux_giou=0.0000 | aux_bbox=0.0000 | aux_ce=0.0000 | mask=1842 | aux_mask=1751 | pos=499 | targets=499 | preds=616 | centerness=[-6.927, 2.636] | train_seen=1200
2026-05-29 03:09:29 | INFO | Epoch 57 | batch 650/1829 | loss=1.0591 | giou=0.4398 | bbox=0.0352 | ce=0.0721 | aux_giou=0.0000 | aux_bbox=0.0000 | aux_ce=0.0000 | mask=1520 | aux_mask=1791 | pos=496 | targets=496 | preds=533 | centerness=[-4.372, 1.769] | train_seen=1300
2026-05-29 03:11:15 | INFO | Epoch 57 | batch 700/1829 | loss=0.6904 | giou=0.3024 | bbox=0.0429 | ce=0.0213 | aux_giou=0.0000 | aux_bbox=0.0000 | aux_ce=0.0000 | mask=1509 | aux_mask=2241 | pos=105 | targets=105 | preds=129 | centerness=[-8.326, 1.055] | train_seen=1400
2026-05-29 03:13:01 | INFO | Epoch 57 | batch 750/1829 | loss=0.5862 | giou=0.2602 | bbox=0.0180 | ce=0.0238 | aux_giou=0.0000 | aux_bbox=0.0000 | aux_ce=0.0000 | mask=1551 | aux_mask=1689 | pos=128 | targets=128 | preds=565 | centerness=[-4.670, 1.454] | train_seen=1500
2026-05-29 03:14:47 | INFO | Epoch 57 | batch 800/1829 | loss=0.7865 | giou=0.3423 | bbox=0.0625 | ce=0.0197 | aux_giou=0.0000 | aux_bbox=0.0000 | aux_ce=0.0000 | mask=1192 | aux_mask=2127 | pos=76 | targets=76 | preds=173 | centerness=[-8.361, 0.789] | train_seen=1600
2026-05-29 03:16:33 | INFO | Epoch 57 | batch 850/1829 | loss=0.5919 | giou=0.2609 | bbox=0.0349 | ce=0.0176 | aux_giou=0.0000 | aux_bbox=0.0000 | aux_ce=0.0000 | mask=1307 | aux_mask=1919 | pos=54 | targets=54 | preds=366 | centerness=[-7.925, 0.183] | train_seen=1700
2026-05-29 03:18:19 | INFO | Epoch 57 | batch 900/1829 | loss=0.9102 | giou=0.3931 | bbox=0.0447 | ce=0.0118 | aux_giou=0.0268 | aux_bbox=0.0013 | aux_ce=0.0003 | mask=1176 | aux_mask=1498 | pos=44 | targets=44 | preds=64 | centerness=[-6.161, 1.409] | train_seen=1800
2026-05-29 03:20:06 | INFO | Epoch 57 | batch 950/1829 | loss=0.7888 | giou=0.3302 | bbox=0.0208 | ce=0.0151 | aux_giou=0.0358 | aux_bbox=0.0018 | aux_ce=0.0020 | mask=1497 | aux_mask=1846 | pos=92 | targets=92 | preds=249 | centerness=[-5.159, 1.303] | train_seen=1900
2026-05-29 03:21:52 | INFO | Epoch 57 | batch 1000/1829 | loss=0.7122 | giou=0.3316 | bbox=0.0244 | ce=0.0123 | aux_giou=0.0000 | aux_bbox=0.0000 | aux_ce=0.0000 | mask=1249 | aux_mask=1460 | pos=56 | targets=56 | preds=224 | centerness=[-5.872, 0.896] | train_seen=2000
2026-05-29 03:23:38 | INFO | Epoch 57 | batch 1050/1829 | loss=0.6106 | giou=0.2876 | bbox=0.0251 | ce=0.0051 | aux_giou=0.0000 | aux_bbox=0.0000 | aux_ce=0.0000 | mask=1468 | aux_mask=1786 | pos=49 | targets=49 | preds=64 | centerness=[-6.002, 1.979] | train_seen=2100
2026-05-29 03:25:24 | INFO | Epoch 57 | batch 1100/1829 | loss=0.7706 | giou=0.3256 | bbox=0.0320 | ce=0.0437 | aux_giou=0.0000 | aux_bbox=0.0000 | aux_ce=0.0000 | mask=1399 | aux_mask=1756 | pos=216 | targets=216 | preds=312 | centerness=[-5.744, 0.945] | train_seen=2200
2026-05-29 03:27:10 | INFO | Epoch 57 | batch 1150/1829 | loss=0.9010 | giou=0.3956 | bbox=0.0310 | ce=0.0394 | aux_giou=0.0000 | aux_bbox=0.0000 | aux_ce=0.0000 | mask=2251 | aux_mask=2053 | pos=143 | targets=143 | preds=886 | centerness=[-5.357, 1.475] | train_seen=2300
2026-05-29 03:28:56 | INFO | Epoch 57 | batch 1200/1829 | loss=0.7439 | giou=0.2925 | bbox=0.0474 | ce=0.0161 | aux_giou=0.0358 | aux_bbox=0.0039 | aux_ce=0.0020 | mask=1313 | aux_mask=1966 | pos=52 | targets=52 | preds=275 | centerness=[-9.782, 0.329] | train_seen=2400
2026-05-29 03:30:43 | INFO | Epoch 57 | batch 1250/1829 | loss=0.4856 | giou=0.2153 | bbox=0.0304 | ce=0.0123 | aux_giou=0.0000 | aux_bbox=0.0000 | aux_ce=0.0000 | mask=864 | aux_mask=963 | pos=62 | targets=62 | preds=127 | centerness=[-6.052, 1.793] | train_seen=2500
2026-05-29 03:32:29 | INFO | Epoch 57 | batch 1300/1829 | loss=0.4686 | giou=0.2064 | bbox=0.0313 | ce=0.0123 | aux_giou=0.0000 | aux_bbox=0.0000 | aux_ce=0.0000 | mask=1085 | aux_mask=1684 | pos=38 | targets=38 | preds=126 | centerness=[-8.306, 1.243] | train_seen=2600
2026-05-29 03:34:15 | INFO | Epoch 57 | batch 1350/1829 | loss=0.4039 | giou=0.1824 | bbox=0.0195 | ce=0.0098 | aux_giou=0.0000 | aux_bbox=0.0000 | aux_ce=0.0000 | mask=1167 | aux_mask=1311 | pos=144 | targets=144 | preds=175 | centerness=[-5.824, 1.947] | train_seen=2700
2026-05-29 03:36:02 | INFO | Epoch 57 | batch 1400/1829 | loss=0.9228 | giou=0.4066 | bbox=0.0240 | ce=0.0428 | aux_giou=0.0000 | aux_bbox=0.0000 | aux_ce=0.0000 | mask=2291 | aux_mask=2980 | pos=740 | targets=740 | preds=787 | centerness=[-4.410, 1.634] | train_seen=2800
2026-05-29 03:37:48 | INFO | Epoch 57 | batch 1450/1829 | loss=1.0590 | giou=0.4062 | bbox=0.0209 | ce=0.0628 | aux_giou=0.0435 | aux_bbox=0.0021 | aux_ce=0.0055 | mask=2127 | aux_mask=2609 | pos=1048 | targets=1048 | preds=1349 | centerness=[-3.907, 1.468] | train_seen=2900
2026-05-29 03:39:34 | INFO | Epoch 57 | batch 1500/1829 | loss=0.8066 | giou=0.3512 | bbox=0.0147 | ce=0.0127 | aux_giou=0.0312 | aux_bbox=0.0012 | aux_ce=0.0003 | mask=1634 | aux_mask=2303 | pos=83 | targets=83 | preds=324 | centerness=[-5.628, 1.917] | train_seen=3000
2026-05-29 03:41:20 | INFO | Epoch 57 | batch 1550/1829 | loss=0.8448 | giou=0.3719 | bbox=0.0390 | ce=0.0310 | aux_giou=0.0000 | aux_bbox=0.0000 | aux_ce=0.0000 | mask=1436 | aux_mask=2024 | pos=152 | targets=152 | preds=255 | centerness=[-5.153, 1.093] | train_seen=3100
2026-05-29 03:43:06 | INFO | Epoch 57 | batch 1600/1829 | loss=0.7799 | giou=0.3635 | bbox=0.0330 | ce=0.0100 | aux_giou=0.0000 | aux_bbox=0.0000 | aux_ce=0.0000 | mask=1543 | aux_mask=1832 | pos=74 | targets=74 | preds=116 | centerness=[-5.360, 1.766] | train_seen=3200
2026-05-29 03:44:52 | INFO | Epoch 57 | batch 1650/1829 | loss=0.9557 | giou=0.3819 | bbox=0.0294 | ce=0.0293 | aux_giou=0.0454 | aux_bbox=0.0023 | aux_ce=0.0054 | mask=2010 | aux_mask=2603 | pos=1107 | targets=1107 | preds=1159 | centerness=[-6.628, 2.186] | train_seen=3300
2026-05-29 03:46:38 | INFO | Epoch 57 | batch 1700/1829 | loss=0.7349 | giou=0.3441 | bbox=0.0270 | ce=0.0099 | aux_giou=0.0000 | aux_bbox=0.0000 | aux_ce=0.0000 | mask=2127 | aux_mask=1807 | pos=304 | targets=304 | preds=366 | centerness=[-5.145, 2.584] | train_seen=3400
2026-05-29 03:48:24 | INFO | Epoch 57 | batch 1750/1829 | loss=0.6208 | giou=0.2752 | bbox=0.0261 | ce=0.0222 | aux_giou=0.0000 | aux_bbox=0.0000 | aux_ce=0.0000 | mask=1806 | aux_mask=1936 | pos=100 | targets=100 | preds=705 | centerness=[-5.462, 1.669] | train_seen=3500
2026-05-29 03:50:10 | INFO | Epoch 57 | batch 1800/1829 | loss=0.8861 | giou=0.3690 | bbox=0.0362 | ce=0.0222 | aux_giou=0.0329 | aux_bbox=0.0011 | aux_ce=0.0003 | mask=1256 | aux_mask=1757 | pos=105 | targets=105 | preds=158 | centerness=[-6.278, 2.019] | train_seen=3600
2026-05-29 04:10:44 | INFO | Epoch 57 | train_loss=0.773 | val_loss=0.943 | train_mae=90.174 | val_mae=42.997 | val_rmse=82.55 | test_mae=50.744 | test_rmse=129.35 | time=5055.478s
2026-05-29 04:12:30 | INFO | Epoch 58 | batch 50/1829 | loss=0.4971 | giou=0.2098 | bbox=0.0423 | ce=0.0176 | aux_giou=0.0000 | aux_bbox=0.0000 | aux_ce=0.0000 | mask=871 | aux_mask=1300 | pos=38 | targets=38 | preds=91 | centerness=[-9.287, 0.886] | train_seen=100
2026-05-29 04:14:16 | INFO | Epoch 58 | batch 100/1829 | loss=0.7904 | giou=0.3514 | bbox=0.0385 | ce=0.0245 | aux_giou=0.0000 | aux_bbox=0.0000 | aux_ce=0.0000 | mask=1557 | aux_mask=1795 | pos=109 | targets=109 | preds=326 | centerness=[-8.321, 1.870] | train_seen=200
2026-05-29 04:16:03 | INFO | Epoch 58 | batch 150/1829 | loss=0.4618 | giou=0.2067 | bbox=0.0297 | ce=0.0093 | aux_giou=0.0000 | aux_bbox=0.0000 | aux_ce=0.0000 | mask=1018 | aux_mask=1275 | pos=23 | targets=23 | preds=39 | centerness=[-7.489, 1.818] | train_seen=300
2026-05-29 04:17:49 | INFO | Epoch 58 | batch 200/1829 | loss=0.9829 | giou=0.4327 | bbox=0.0193 | ce=0.0137 | aux_giou=0.0344 | aux_bbox=0.0012 | aux_ce=0.0004 | mask=1614 | aux_mask=1879 | pos=537 | targets=537 | preds=517 | centerness=[-5.343, 2.441] | train_seen=400
2026-05-29 04:19:35 | INFO | Epoch 58 | batch 250/1829 | loss=0.7729 | giou=0.3294 | bbox=0.0280 | ce=0.0065 | aux_giou=0.0352 | aux_bbox=0.0011 | aux_ce=0.0008 | mask=1203 | aux_mask=1339 | pos=51 | targets=51 | preds=73 | centerness=[-7.735, 1.814] | train_seen=500
2026-05-29 04:21:21 | INFO | Epoch 58 | batch 300/1829 | loss=0.7975 | giou=0.3591 | bbox=0.0311 | ce=0.0241 | aux_giou=0.0000 | aux_bbox=0.0000 | aux_ce=0.0000 | mask=1608 | aux_mask=1496 | pos=222 | targets=222 | preds=402 | centerness=[-5.531, 1.740] | train_seen=600
2026-05-29 04:23:07 | INFO | Epoch 58 | batch 350/1829 | loss=0.6824 | giou=0.2864 | bbox=0.0348 | ce=0.0375 | aux_giou=0.0000 | aux_bbox=0.0000 | aux_ce=0.0000 | mask=1716 | aux_mask=1715 | pos=156 | targets=156 | preds=381 | centerness=[-5.589, 1.610] | train_seen=700
2026-05-29 04:24:53 | INFO | Epoch 58 | batch 400/1829 | loss=1.1622 | giou=0.4891 | bbox=0.0626 | ce=0.0606 | aux_giou=0.0000 | aux_bbox=0.0000 | aux_ce=0.0000 | mask=1748 | aux_mask=2035 | pos=602 | targets=602 | preds=1025 | centerness=[-8.906, 1.276] | train_seen=800
2026-05-29 04:26:39 | INFO | Epoch 58 | batch 450/1829 | loss=0.7909 | giou=0.3609 | bbox=0.0319 | ce=0.0186 | aux_giou=0.0000 | aux_bbox=0.0000 | aux_ce=0.0000 | mask=1452 | aux_mask=1652 | pos=74 | targets=74 | preds=403 | centerness=[-7.866, 1.349] | train_seen=900
2026-05-29 04:28:26 | INFO | Epoch 58 | batch 500/1829 | loss=0.5743 | giou=0.2690 | bbox=0.0216 | ce=0.0073 | aux_giou=0.0000 | aux_bbox=0.0000 | aux_ce=0.0000 | mask=1227 | aux_mask=1432 | pos=80 | targets=80 | preds=142 | centerness=[-5.920, 1.877] | train_seen=1000
2026-05-29 04:30:12 | INFO | Epoch 58 | batch 550/1829 | loss=0.7203 | giou=0.3378 | bbox=0.0264 | ce=0.0091 | aux_giou=0.0000 | aux_bbox=0.0000 | aux_ce=0.0000 | mask=1468 | aux_mask=1915 | pos=54 | targets=54 | preds=135 | centerness=[-5.288, 1.775] | train_seen=1100
2026-05-29 04:31:58 | INFO | Epoch 58 | batch 600/1829 | loss=0.6322 | giou=0.2772 | bbox=0.0468 | ce=0.0155 | aux_giou=0.0000 | aux_bbox=0.0000 | aux_ce=0.0000 | mask=778 | aux_mask=886 | pos=37 | targets=37 | preds=49 | centerness=[-6.762, 0.775] | train_seen=1200
2026-05-29 04:33:44 | INFO | Epoch 58 | batch 650/1829 | loss=0.7865 | giou=0.3509 | bbox=0.0238 | ce=0.0304 | aux_giou=0.0000 | aux_bbox=0.0000 | aux_ce=0.0000 | mask=1841 | aux_mask=1836 | pos=439 | targets=439 | preds=540 | centerness=[-6.686, 1.463] | train_seen=1300
2026-05-29 04:35:30 | INFO | Epoch 58 | batch 700/1829 | loss=0.5828 | giou=0.2491 | bbox=0.0532 | ce=0.0157 | aux_giou=0.0000 | aux_bbox=0.0000 | aux_ce=0.0000 | mask=1251 | aux_mask=1994 | pos=105 | targets=105 | preds=202 | centerness=[-6.563, 2.289] | train_seen=1400
2026-05-29 04:37:16 | INFO | Epoch 58 | batch 750/1829 | loss=0.7714 | giou=0.3353 | bbox=0.0383 | ce=0.0313 | aux_giou=0.0000 | aux_bbox=0.0000 | aux_ce=0.0000 | mask=1517 | aux_mask=1842 | pos=190 | targets=190 | preds=298 | centerness=[-6.358, 0.932] | train_seen=1500
2026-05-29 04:39:02 | INFO | Epoch 58 | batch 800/1829 | loss=1.2785 | giou=0.5379 | bbox=0.0502 | ce=0.0762 | aux_giou=0.0000 | aux_bbox=0.0000 | aux_ce=0.0000 | mask=2250 | aux_mask=2760 | pos=1012 | targets=1012 | preds=1164 | centerness=[-5.939, 1.165] | train_seen=1600
2026-05-29 04:40:49 | INFO | Epoch 58 | batch 850/1829 | loss=0.7514 | giou=0.3290 | bbox=0.0327 | ce=0.0304 | aux_giou=0.0000 | aux_bbox=0.0000 | aux_ce=0.0000 | mask=1680 | aux_mask=1762 | pos=360 | targets=360 | preds=508 | centerness=[-5.443, 2.275] | train_seen=1700
2026-05-29 04:42:35 | INFO | Epoch 58 | batch 900/1829 | loss=1.2697 | giou=0.5137 | bbox=0.0252 | ce=0.0581 | aux_giou=0.0447 | aux_bbox=0.0022 | aux_ce=0.0046 | mask=3183 | aux_mask=2749 | pos=708 | targets=708 | preds=1481 | centerness=[-4.110, 1.663] | train_seen=1800
2026-05-29 04:44:21 | INFO | Epoch 58 | batch 950/1829 | loss=1.0286 | giou=0.4566 | bbox=0.0435 | ce=0.0359 | aux_giou=0.0000 | aux_bbox=0.0000 | aux_ce=0.0000 | mask=1598 | aux_mask=1746 | pos=405 | targets=405 | preds=655 | centerness=[-7.310, 2.029] | train_seen=1900
2026-05-29 04:46:07 | INFO | Epoch 58 | batch 1000/1829 | loss=0.5035 | giou=0.2315 | bbox=0.0265 | ce=0.0069 | aux_giou=0.0000 | aux_bbox=0.0000 | aux_ce=0.0000 | mask=1200 | aux_mask=1038 | pos=87 | targets=87 | preds=111 | centerness=[-7.553, 2.234] | train_seen=2000
2026-05-29 04:47:54 | INFO | Epoch 58 | batch 1050/1829 | loss=0.9322 | giou=0.4070 | bbox=0.0278 | ce=0.0452 | aux_giou=0.0000 | aux_bbox=0.0000 | aux_ce=0.0000 | mask=1958 | aux_mask=1777 | pos=521 | targets=521 | preds=735 | centerness=[-6.020, 2.029] | train_seen=2100
2026-05-29 04:49:40 | INFO | Epoch 58 | batch 1100/1829 | loss=1.0872 | giou=0.4679 | bbox=0.0560 | ce=0.0477 | aux_giou=0.0000 | aux_bbox=0.0000 | aux_ce=0.0000 | mask=1416 | aux_mask=1490 | pos=252 | targets=252 | preds=353 | centerness=[-6.816, 1.359] | train_seen=2200
2026-05-29 04:51:26 | INFO | Epoch 58 | batch 1150/1829 | loss=0.9110 | giou=0.4160 | bbox=0.0311 | ce=0.0239 | aux_giou=0.0000 | aux_bbox=0.0000 | aux_ce=0.0000 | mask=1340 | aux_mask=1505 | pos=156 | targets=156 | preds=234 | centerness=[-5.511, 1.526] | train_seen=2300
2026-05-29 04:53:12 | INFO | Epoch 58 | batch 1200/1829 | loss=1.1494 | giou=0.4960 | bbox=0.0347 | ce=0.0222 | aux_giou=0.0366 | aux_bbox=0.0018 | aux_ce=0.0017 | mask=1440 | aux_mask=1529 | pos=79 | targets=79 | preds=210 | centerness=[-5.238, 1.308] | train_seen=2400
2026-05-29 04:54:58 | INFO | Epoch 58 | batch 1250/1829 | loss=0.9941 | giou=0.4382 | bbox=0.0454 | ce=0.0362 | aux_giou=0.0000 | aux_bbox=0.0000 | aux_ce=0.0000 | mask=1753 | aux_mask=2018 | pos=196 | targets=196 | preds=438 | centerness=[-5.252, 1.007] | train_seen=2500
2026-05-29 04:56:44 | INFO | Epoch 58 | batch 1300/1829 | loss=0.5932 | giou=0.2813 | bbox=0.0155 | ce=0.0075 | aux_giou=0.0000 | aux_bbox=0.0000 | aux_ce=0.0000 | mask=1778 | aux_mask=1679 | pos=148 | targets=148 | preds=246 | centerness=[-4.107, 1.804] | train_seen=2600
2026-05-29 04:58:31 | INFO | Epoch 58 | batch 1350/1829 | loss=0.7085 | giou=0.3159 | bbox=0.0270 | ce=0.0249 | aux_giou=0.0000 | aux_bbox=0.0000 | aux_ce=0.0000 | mask=1342 | aux_mask=1430 | pos=250 | targets=250 | preds=237 | centerness=[-6.063, 2.197] | train_seen=2700
2026-05-29 05:00:17 | INFO | Epoch 58 | batch 1400/1829 | loss=1.5020 | giou=0.5866 | bbox=0.0379 | ce=0.0496 | aux_giou=0.0835 | aux_bbox=0.0054 | aux_ce=0.0097 | mask=1850 | aux_mask=1819 | pos=441 | targets=441 | preds=685 | centerness=[-5.413, 2.036] | train_seen=2800
2026-05-29 05:02:03 | INFO | Epoch 58 | batch 1450/1829 | loss=0.8707 | giou=0.4063 | bbox=0.0229 | ce=0.0176 | aux_giou=0.0000 | aux_bbox=0.0000 | aux_ce=0.0000 | mask=2255 | aux_mask=2304 | pos=140 | targets=140 | preds=553 | centerness=[-4.056, 0.936] | train_seen=2900
2026-05-29 05:03:49 | INFO | Epoch 58 | batch 1500/1829 | loss=0.5005 | giou=0.2055 | bbox=0.0431 | ce=0.0232 | aux_giou=0.0000 | aux_bbox=0.0000 | aux_ce=0.0000 | mask=1307 | aux_mask=1729 | pos=76 | targets=76 | preds=283 | centerness=[-7.927, 0.891] | train_seen=3000
2026-05-29 05:05:35 | INFO | Epoch 58 | batch 1550/1829 | loss=0.8026 | giou=0.3491 | bbox=0.0545 | ce=0.0250 | aux_giou=0.0000 | aux_bbox=0.0000 | aux_ce=0.0000 | mask=1492 | aux_mask=1592 | pos=104 | targets=104 | preds=291 | centerness=[-8.636, 0.462] | train_seen=3100
2026-05-29 05:07:21 | INFO | Epoch 58 | batch 1600/1829 | loss=0.7557 | giou=0.3470 | bbox=0.0299 | ce=0.0159 | aux_giou=0.0000 | aux_bbox=0.0000 | aux_ce=0.0000 | mask=1403 | aux_mask=1588 | pos=156 | targets=156 | preds=251 | centerness=[-8.393, 2.141] | train_seen=3200
2026-05-29 05:09:07 | INFO | Epoch 58 | batch 1650/1829 | loss=1.1847 | giou=0.5045 | bbox=0.0262 | ce=0.0289 | aux_giou=0.0441 | aux_bbox=0.0020 | aux_ce=0.0008 | mask=2043 | aux_mask=3014 | pos=460 | targets=460 | preds=784 | centerness=[-6.016, 1.419] | train_seen=3300
2026-05-29 05:10:53 | INFO | Epoch 58 | batch 1700/1829 | loss=1.1196 | giou=0.4922 | bbox=0.0250 | ce=0.0169 | aux_giou=0.0373 | aux_bbox=0.0012 | aux_ce=0.0003 | mask=1252 | aux_mask=1923 | pos=94 | targets=94 | preds=263 | centerness=[-6.239, 2.249] | train_seen=3400
2026-05-29 05:12:39 | INFO | Epoch 58 | batch 1750/1829 | loss=0.6978 | giou=0.3209 | bbox=0.0221 | ce=0.0169 | aux_giou=0.0000 | aux_bbox=0.0000 | aux_ce=0.0000 | mask=1675 | aux_mask=2097 | pos=303 | targets=303 | preds=319 | centerness=[-5.381, 2.224] | train_seen=3500
2026-05-29 05:14:25 | INFO | Epoch 58 | batch 1800/1829 | loss=1.0410 | giou=0.4200 | bbox=0.0339 | ce=0.0276 | aux_giou=0.0474 | aux_bbox=0.0047 | aux_ce=0.0062 | mask=1943 | aux_mask=2068 | pos=516 | targets=516 | preds=769 | centerness=[-4.925, 2.943] | train_seen=3600
2026-05-29 05:34:59 | INFO | Epoch 58 | train_loss=0.772 | val_loss=0.944 | train_mae=92.572 | val_mae=41.944 | val_rmse=80.94 | test_mae=49.266 | test_rmse=127.27 | time=5054.140s
2026-05-29 05:36:45 | INFO | Epoch 59 | batch 50/1829 | loss=0.9768 | giou=0.4186 | bbox=0.0260 | ce=0.0271 | aux_giou=0.0276 | aux_bbox=0.0009 | aux_ce=0.0017 | mask=1679 | aux_mask=1992 | pos=57 | targets=57 | preds=471 | centerness=[-4.577, 1.805] | train_seen=100
2026-05-29 05:38:31 | INFO | Epoch 59 | batch 100/1829 | loss=1.1105 | giou=0.4339 | bbox=0.0251 | ce=0.0573 | aux_giou=0.0441 | aux_bbox=0.0019 | aux_ce=0.0064 | mask=2736 | aux_mask=2696 | pos=1016 | targets=1016 | preds=1530 | centerness=[-4.667, 1.846] | train_seen=200
2026-05-29 05:40:17 | INFO | Epoch 59 | batch 150/1829 | loss=1.1140 | giou=0.4504 | bbox=0.0265 | ce=0.0439 | aux_giou=0.0438 | aux_bbox=0.0027 | aux_ce=0.0043 | mask=2426 | aux_mask=2507 | pos=348 | targets=348 | preds=858 | centerness=[-4.960, 1.475] | train_seen=300
2026-05-29 05:42:03 | INFO | Epoch 59 | batch 200/1829 | loss=0.5486 | giou=0.2536 | bbox=0.0154 | ce=0.0130 | aux_giou=0.0000 | aux_bbox=0.0000 | aux_ce=0.0000 | mask=1400 | aux_mask=1540 | pos=310 | targets=310 | preds=408 | centerness=[-5.586, 1.922] | train_seen=400
2026-05-29 05:43:49 | INFO | Epoch 59 | batch 250/1829 | loss=0.6699 | giou=0.3139 | bbox=0.0172 | ce=0.0124 | aux_giou=0.0000 | aux_bbox=0.0000 | aux_ce=0.0000 | mask=1249 | aux_mask=1991 | pos=142 | targets=142 | preds=161 | centerness=[-5.293, 2.461] | train_seen=500
2026-05-29 05:45:35 | INFO | Epoch 59 | batch 300/1829 | loss=0.5471 | giou=0.2441 | bbox=0.0315 | ce=0.0137 | aux_giou=0.0000 | aux_bbox=0.0000 | aux_ce=0.0000 | mask=1169 | aux_mask=1689 | pos=71 | targets=71 | preds=99 | centerness=[-5.812, 1.597] | train_seen=600
2026-05-29 05:47:21 | INFO | Epoch 59 | batch 350/1829 | loss=0.6602 | giou=0.2961 | bbox=0.0426 | ce=0.0127 | aux_giou=0.0000 | aux_bbox=0.0000 | aux_ce=0.0000 | mask=1391 | aux_mask=1336 | pos=45 | targets=45 | preds=155 | centerness=[-8.213, 1.625] | train_seen=700
2026-05-29 05:49:07 | INFO | Epoch 59 | batch 400/1829 | loss=0.4292 | giou=0.1862 | bbox=0.0377 | ce=0.0096 | aux_giou=0.0000 | aux_bbox=0.0000 | aux_ce=0.0000 | mask=883 | aux_mask=1358 | pos=47 | targets=47 | preds=80 | centerness=[-7.837, 2.069] | train_seen=800
2026-05-29 05:50:54 | INFO | Epoch 59 | batch 450/1829 | loss=1.1838 | giou=0.4680 | bbox=0.0327 | ce=0.0485 | aux_giou=0.0529 | aux_bbox=0.0021 | aux_ce=0.0051 | mask=3127 | aux_mask=3007 | pos=1724 | targets=1724 | preds=2540 | centerness=[-4.371, 2.335] | train_seen=900
2026-05-29 05:52:40 | INFO | Epoch 59 | batch 500/1829 | loss=0.7966 | giou=0.3293 | bbox=0.0314 | ce=0.0216 | aux_giou=0.0303 | aux_bbox=0.0011 | aux_ce=0.0009 | mask=1178 | aux_mask=1622 | pos=97 | targets=97 | preds=150 | centerness=[-5.419, 1.689] | train_seen=1000
2026-05-29 05:54:26 | INFO | Epoch 59 | batch 550/1829 | loss=0.7220 | giou=0.3258 | bbox=0.0424 | ce=0.0140 | aux_giou=0.0000 | aux_bbox=0.0000 | aux_ce=0.0000 | mask=1217 | aux_mask=1414 | pos=108 | targets=108 | preds=220 | centerness=[-6.642, 0.898] | train_seen=1100
2026-05-29 05:56:12 | INFO | Epoch 59 | batch 600/1829 | loss=0.8848 | giou=0.3720 | bbox=0.0549 | ce=0.0430 | aux_giou=0.0000 | aux_bbox=0.0000 | aux_ce=0.0000 | mask=1350 | aux_mask=1689 | pos=361 | targets=361 | preds=367 | centerness=[-5.448, 1.978] | train_seen=1200
2026-05-29 05:57:58 | INFO | Epoch 59 | batch 650/1829 | loss=0.7756 | giou=0.3315 | bbox=0.0399 | ce=0.0364 | aux_giou=0.0000 | aux_bbox=0.0000 | aux_ce=0.0000 | mask=1324 | aux_mask=1541 | pos=176 | targets=176 | preds=248 | centerness=[-7.718, 1.146] | train_seen=1300
2026-05-29 05:59:44 | INFO | Epoch 59 | batch 700/1829 | loss=0.7677 | giou=0.3448 | bbox=0.0435 | ce=0.0173 | aux_giou=0.0000 | aux_bbox=0.0000 | aux_ce=0.0000 | mask=1484 | aux_mask=1675 | pos=84 | targets=84 | preds=188 | centerness=[-7.592, 1.279] | train_seen=1400
2026-05-29 06:01:30 | INFO | Epoch 59 | batch 750/1829 | loss=0.8025 | giou=0.3558 | bbox=0.0534 | ce=0.0187 | aux_giou=0.0000 | aux_bbox=0.0000 | aux_ce=0.0000 | mask=1187 | aux_mask=1718 | pos=53 | targets=53 | preds=183 | centerness=[-6.769, 0.806] | train_seen=1500
2026-05-29 06:03:17 | INFO | Epoch 59 | batch 800/1829 | loss=0.6032 | giou=0.2790 | bbox=0.0285 | ce=0.0084 | aux_giou=0.0000 | aux_bbox=0.0000 | aux_ce=0.0000 | mask=1041 | aux_mask=1313 | pos=39 | targets=39 | preds=65 | centerness=[-6.980, 1.190] | train_seen=1600
2026-05-29 06:05:03 | INFO | Epoch 59 | batch 850/1829 | loss=0.7220 | giou=0.3233 | bbox=0.0300 | ce=0.0227 | aux_giou=0.0000 | aux_bbox=0.0000 | aux_ce=0.0000 | mask=1397 | aux_mask=1940 | pos=152 | targets=152 | preds=368 | centerness=[-6.599, 1.879] | train_seen=1700
2026-05-29 06:06:49 | INFO | Epoch 59 | batch 900/1829 | loss=0.8890 | giou=0.3871 | bbox=0.0141 | ce=0.0126 | aux_giou=0.0359 | aux_bbox=0.0014 | aux_ce=0.0011 | mask=1435 | aux_mask=2389 | pos=152 | targets=152 | preds=223 | centerness=[-5.308, 1.642] | train_seen=1800
2026-05-29 06:08:35 | INFO | Epoch 59 | batch 950/1829 | loss=0.8234 | giou=0.3698 | bbox=0.0332 | ce=0.0253 | aux_giou=0.0000 | aux_bbox=0.0000 | aux_ce=0.0000 | mask=1871 | aux_mask=2204 | pos=224 | targets=224 | preds=340 | centerness=[-5.575, 1.032] | train_seen=1900
2026-05-29 06:10:21 | INFO | Epoch 59 | batch 1000/1829 | loss=1.0740 | giou=0.4444 | bbox=0.0218 | ce=0.0425 | aux_giou=0.0372 | aux_bbox=0.0025 | aux_ce=0.0008 | mask=2030 | aux_mask=2460 | pos=536 | targets=536 | preds=1045 | centerness=[-5.237, 2.254] | train_seen=2000
2026-05-29 06:12:07 | INFO | Epoch 59 | batch 1050/1829 | loss=0.8346 | giou=0.3475 | bbox=0.0777 | ce=0.0309 | aux_giou=0.0000 | aux_bbox=0.0000 | aux_ce=0.0000 | mask=915 | aux_mask=1462 | pos=88 | targets=88 | preds=185 | centerness=[-6.601, 0.986] | train_seen=2100
2026-05-29 06:13:53 | INFO | Epoch 59 | batch 1100/1829 | loss=0.8734 | giou=0.3945 | bbox=0.0372 | ce=0.0236 | aux_giou=0.0000 | aux_bbox=0.0000 | aux_ce=0.0000 | mask=1478 | aux_mask=1420 | pos=96 | targets=96 | preds=267 | centerness=[-5.494, 0.815] | train_seen=2200
2026-05-29 06:15:40 | INFO | Epoch 59 | batch 1150/1829 | loss=0.7448 | giou=0.3120 | bbox=0.0731 | ce=0.0239 | aux_giou=0.0000 | aux_bbox=0.0000 | aux_ce=0.0000 | mask=1274 | aux_mask=1775 | pos=56 | targets=56 | preds=102 | centerness=[-8.504, 0.603] | train_seen=2300
2026-05-29 06:17:26 | INFO | Epoch 59 | batch 1200/1829 | loss=0.6055 | giou=0.2671 | bbox=0.0323 | ce=0.0195 | aux_giou=0.0000 | aux_bbox=0.0000 | aux_ce=0.0000 | mask=942 | aux_mask=1432 | pos=116 | targets=116 | preds=134 | centerness=[-7.440, 1.565] | train_seen=2400
2026-05-29 06:19:12 | INFO | Epoch 59 | batch 1250/1829 | loss=0.7516 | giou=0.3029 | bbox=0.0361 | ce=0.0210 | aux_giou=0.0296 | aux_bbox=0.0033 | aux_ce=0.0026 | mask=1787 | aux_mask=2797 | pos=168 | targets=168 | preds=382 | centerness=[-7.494, 0.756] | train_seen=2500
2026-05-29 06:20:58 | INFO | Epoch 59 | batch 1300/1829 | loss=0.7990 | giou=0.3348 | bbox=0.0354 | ce=0.0470 | aux_giou=0.0000 | aux_bbox=0.0000 | aux_ce=0.0000 | mask=1401 | aux_mask=2156 | pos=291 | targets=291 | preds=592 | centerness=[-7.090, 1.276] | train_seen=2600
2026-05-29 06:22:44 | INFO | Epoch 59 | batch 1350/1829 | loss=0.7195 | giou=0.3098 | bbox=0.0323 | ce=0.0338 | aux_giou=0.0000 | aux_bbox=0.0000 | aux_ce=0.0000 | mask=1123 | aux_mask=1410 | pos=195 | targets=195 | preds=254 | centerness=[-5.859, 1.516] | train_seen=2700
2026-05-29 06:24:30 | INFO | Epoch 59 | batch 1400/1829 | loss=0.9176 | giou=0.3788 | bbox=0.0269 | ce=0.0237 | aux_giou=0.0386 | aux_bbox=0.0045 | aux_ce=0.0019 | mask=1751 | aux_mask=2271 | pos=340 | targets=340 | preds=302 | centerness=[-5.644, 2.631] | train_seen=2800
2026-05-29 06:26:16 | INFO | Epoch 59 | batch 1450/1829 | loss=0.7192 | giou=0.3281 | bbox=0.0269 | ce=0.0180 | aux_giou=0.0000 | aux_bbox=0.0000 | aux_ce=0.0000 | mask=1226 | aux_mask=1383 | pos=290 | targets=290 | preds=355 | centerness=[-7.851, 2.103] | train_seen=2900
2026-05-29 06:28:03 | INFO | Epoch 59 | batch 1500/1829 | loss=0.6580 | giou=0.2926 | bbox=0.0395 | ce=0.0167 | aux_giou=0.0000 | aux_bbox=0.0000 | aux_ce=0.0000 | mask=1317 | aux_mask=1627 | pos=51 | targets=51 | preds=200 | centerness=[-6.473, 1.705] | train_seen=3000
2026-05-29 06:29:49 | INFO | Epoch 59 | batch 1550/1829 | loss=0.4423 | giou=0.2024 | bbox=0.0198 | ce=0.0088 | aux_giou=0.0000 | aux_bbox=0.0000 | aux_ce=0.0000 | mask=1403 | aux_mask=1852 | pos=34 | targets=34 | preds=133 | centerness=[-6.367, 1.979] | train_seen=3100
2026-05-29 06:31:35 | INFO | Epoch 59 | batch 1600/1829 | loss=0.6079 | giou=0.2845 | bbox=0.0225 | ce=0.0082 | aux_giou=0.0000 | aux_bbox=0.0000 | aux_ce=0.0000 | mask=2029 | aux_mask=2821 | pos=1128 | targets=1128 | preds=1159 | centerness=[-4.600, 2.140] | train_seen=3200
2026-05-29 06:33:21 | INFO | Epoch 59 | batch 1650/1829 | loss=0.6241 | giou=0.2822 | bbox=0.0400 | ce=0.0098 | aux_giou=0.0000 | aux_bbox=0.0000 | aux_ce=0.0000 | mask=1383 | aux_mask=1847 | pos=25 | targets=25 | preds=210 | centerness=[-6.985, 0.793] | train_seen=3300
2026-05-29 06:35:07 | INFO | Epoch 59 | batch 1700/1829 | loss=0.8149 | giou=0.3606 | bbox=0.0241 | ce=0.0348 | aux_giou=0.0000 | aux_bbox=0.0000 | aux_ce=0.0000 | mask=1366 | aux_mask=1469 | pos=285 | targets=285 | preds=441 | centerness=[-5.836, 2.037] | train_seen=3400
2026-05-29 06:36:53 | INFO | Epoch 59 | batch 1750/1829 | loss=0.5394 | giou=0.2452 | bbox=0.0150 | ce=0.0170 | aux_giou=0.0000 | aux_bbox=0.0000 | aux_ce=0.0000 | mask=1337 | aux_mask=1850 | pos=140 | targets=140 | preds=298 | centerness=[-5.869, 1.957] | train_seen=3500
2026-05-29 06:38:39 | INFO | Epoch 59 | batch 1800/1829 | loss=0.7883 | giou=0.3541 | bbox=0.0322 | ce=0.0239 | aux_giou=0.0000 | aux_bbox=0.0000 | aux_ce=0.0000 | mask=1550 | aux_mask=2027 | pos=177 | targets=177 | preds=348 | centerness=[-7.344, 1.926] | train_seen=3600
2026-05-29 06:59:12 | INFO | Epoch 59 | train_loss=0.773 | val_loss=0.944 | train_mae=88.690 | val_mae=41.946 | val_rmse=80.89 | test_mae=49.276 | test_rmse=127.48 | time=5052.508s
2026-05-29 07:00:58 | INFO | Epoch 60 | batch 50/1829 | loss=0.7464 | giou=0.3472 | bbox=0.0248 | ce=0.0136 | aux_giou=0.0000 | aux_bbox=0.0000 | aux_ce=0.0000 | mask=1691 | aux_mask=1924 | pos=61 | targets=61 | preds=210 | centerness=[-5.483, 1.054] | train_seen=100
2026-05-29 07:02:44 | INFO | Epoch 60 | batch 100/1829 | loss=0.9010 | giou=0.3870 | bbox=0.0376 | ce=0.0447 | aux_giou=0.0000 | aux_bbox=0.0000 | aux_ce=0.0000 | mask=1525 | aux_mask=2000 | pos=252 | targets=252 | preds=409 | centerness=[-4.699, 0.852] | train_seen=200
2026-05-29 07:04:30 | INFO | Epoch 60 | batch 150/1829 | loss=0.7313 | giou=0.3194 | bbox=0.0423 | ce=0.0250 | aux_giou=0.0000 | aux_bbox=0.0000 | aux_ce=0.0000 | mask=1408 | aux_mask=2856 | pos=162 | targets=162 | preds=316 | centerness=[-5.857, 1.739] | train_seen=300
2026-05-29 07:06:17 | INFO | Epoch 60 | batch 200/1829 | loss=1.1893 | giou=0.4704 | bbox=0.0370 | ce=0.0545 | aux_giou=0.0436 | aux_bbox=0.0026 | aux_ce=0.0063 | mask=2462 | aux_mask=2667 | pos=636 | targets=636 | preds=1162 | centerness=[-5.217, 0.736] | train_seen=400
2026-05-29 07:08:03 | INFO | Epoch 60 | batch 250/1829 | loss=0.7443 | giou=0.3428 | bbox=0.0199 | ce=0.0194 | aux_giou=0.0000 | aux_bbox=0.0000 | aux_ce=0.0000 | mask=2458 | aux_mask=2311 | pos=177 | targets=177 | preds=849 | centerness=[-5.594, 1.321] | train_seen=500
2026-05-29 07:09:49 | INFO | Epoch 60 | batch 300/1829 | loss=0.7130 | giou=0.3096 | bbox=0.0453 | ce=0.0243 | aux_giou=0.0000 | aux_bbox=0.0000 | aux_ce=0.0000 | mask=1012 | aux_mask=1359 | pos=92 | targets=92 | preds=152 | centerness=[-6.282, 1.269] | train_seen=600
2026-05-29 07:11:35 | INFO | Epoch 60 | batch 350/1829 | loss=0.7155 | giou=0.3234 | bbox=0.0384 | ce=0.0151 | aux_giou=0.0000 | aux_bbox=0.0000 | aux_ce=0.0000 | mask=1035 | aux_mask=1270 | pos=146 | targets=146 | preds=209 | centerness=[-6.583, 1.909] | train_seen=700
2026-05-29 07:13:21 | INFO | Epoch 60 | batch 400/1829 | loss=0.8617 | giou=0.3888 | bbox=0.0409 | ce=0.0216 | aux_giou=0.0000 | aux_bbox=0.0000 | aux_ce=0.0000 | mask=1121 | aux_mask=1610 | pos=84 | targets=84 | preds=325 | centerness=[-7.029, 1.802] | train_seen=800
2026-05-29 07:15:07 | INFO | Epoch 60 | batch 450/1829 | loss=1.1350 | giou=0.4924 | bbox=0.0265 | ce=0.0618 | aux_giou=0.0000 | aux_bbox=0.0000 | aux_ce=0.0000 | mask=1908 | aux_mask=2171 | pos=619 | targets=619 | preds=962 | centerness=[-5.880, 0.970] | train_seen=900
2026-05-29 07:16:53 | INFO | Epoch 60 | batch 500/1829 | loss=0.5913 | giou=0.2519 | bbox=0.0332 | ce=0.0271 | aux_giou=0.0000 | aux_bbox=0.0000 | aux_ce=0.0000 | mask=899 | aux_mask=1480 | pos=84 | targets=84 | preds=108 | centerness=[-7.795, 1.246] | train_seen=1000
2026-05-29 07:18:40 | INFO | Epoch 60 | batch 550/1829 | loss=0.8055 | giou=0.3455 | bbox=0.0205 | ce=0.0128 | aux_giou=0.0324 | aux_bbox=0.0010 | aux_ce=0.0013 | mask=1706 | aux_mask=2107 | pos=58 | targets=58 | preds=187 | centerness=[-4.978, 1.927] | train_seen=1100
2026-05-29 07:20:26 | INFO | Epoch 60 | batch 600/1829 | loss=1.1387 | giou=0.5279 | bbox=0.0356 | ce=0.0236 | aux_giou=0.0000 | aux_bbox=0.0000 | aux_ce=0.0000 | mask=1488 | aux_mask=1490 | pos=62 | targets=62 | preds=577 | centerness=[-5.354, 0.571] | train_seen=1200
2026-05-29 07:22:12 | INFO | Epoch 60 | batch 650/1829 | loss=1.0531 | giou=0.4271 | bbox=0.0292 | ce=0.0422 | aux_giou=0.0364 | aux_bbox=0.0026 | aux_ce=0.0050 | mask=1535 | aux_mask=1647 | pos=474 | targets=474 | preds=550 | centerness=[-4.370, 1.268] | train_seen=1300
2026-05-29 07:23:58 | INFO | Epoch 60 | batch 700/1829 | loss=0.7155 | giou=0.3208 | bbox=0.0337 | ce=0.0201 | aux_giou=0.0000 | aux_bbox=0.0000 | aux_ce=0.0000 | mask=1531 | aux_mask=1895 | pos=72 | targets=72 | preds=299 | centerness=[-5.724, 0.892] | train_seen=1400
2026-05-29 07:25:44 | INFO | Epoch 60 | batch 750/1829 | loss=0.8009 | giou=0.3349 | bbox=0.0413 | ce=0.0092 | aux_giou=0.0332 | aux_bbox=0.0013 | aux_ce=0.0019 | mask=1131 | aux_mask=1315 | pos=45 | targets=45 | preds=83 | centerness=[-9.287, 1.457] | train_seen=1500
2026-05-29 07:27:30 | INFO | Epoch 60 | batch 800/1829 | loss=0.8580 | giou=0.3784 | bbox=0.0275 | ce=0.0368 | aux_giou=0.0000 | aux_bbox=0.0000 | aux_ce=0.0000 | mask=2118 | aux_mask=2295 | pos=384 | targets=384 | preds=427 | centerness=[-7.919, 1.315] | train_seen=1600
2026-05-29 07:29:16 | INFO | Epoch 60 | batch 850/1829 | loss=0.6953 | giou=0.3201 | bbox=0.0325 | ce=0.0113 | aux_giou=0.0000 | aux_bbox=0.0000 | aux_ce=0.0000 | mask=1717 | aux_mask=2161 | pos=50 | targets=50 | preds=168 | centerness=[-5.822, 1.730] | train_seen=1700
2026-05-29 07:31:02 | INFO | Epoch 60 | batch 900/1829 | loss=0.8290 | giou=0.3626 | bbox=0.0482 | ce=0.0277 | aux_giou=0.0000 | aux_bbox=0.0000 | aux_ce=0.0000 | mask=1306 | aux_mask=1569 | pos=96 | targets=96 | preds=224 | centerness=[-6.870, 0.756] | train_seen=1800
2026-05-29 07:32:48 | INFO | Epoch 60 | batch 950/1829 | loss=0.3116 | giou=0.1451 | bbox=0.0138 | ce=0.0038 | aux_giou=0.0000 | aux_bbox=0.0000 | aux_ce=0.0000 | mask=1465 | aux_mask=2320 | pos=77 | targets=77 | preds=88 | centerness=[-5.882, 2.103] | train_seen=1900
2026-05-29 07:34:34 | INFO | Epoch 60 | batch 1000/1829 | loss=1.1403 | giou=0.4660 | bbox=0.0161 | ce=0.0122 | aux_giou=0.0797 | aux_bbox=0.0042 | aux_ce=0.0021 | mask=1817 | aux_mask=2529 | pos=222 | targets=222 | preds=192 | centerness=[-5.535, 2.385] | train_seen=2000
2026-05-29 07:36:20 | INFO | Epoch 60 | batch 1050/1829 | loss=0.7081 | giou=0.3219 | bbox=0.0255 | ce=0.0194 | aux_giou=0.0000 | aux_bbox=0.0000 | aux_ce=0.0000 | mask=1613 | aux_mask=1617 | pos=337 | targets=337 | preds=385 | centerness=[-5.810, 2.104] | train_seen=2100
2026-05-29 07:38:07 | INFO | Epoch 60 | batch 1100/1829 | loss=0.7627 | giou=0.3374 | bbox=0.0336 | ce=0.0271 | aux_giou=0.0000 | aux_bbox=0.0000 | aux_ce=0.0000 | mask=1967 | aux_mask=2784 | pos=724 | targets=724 | preds=728 | centerness=[-7.613, 1.856] | train_seen=2200
2026-05-29 07:39:53 | INFO | Epoch 60 | batch 1150/1829 | loss=0.6596 | giou=0.3063 | bbox=0.0265 | ce=0.0102 | aux_giou=0.0000 | aux_bbox=0.0000 | aux_ce=0.0000 | mask=1076 | aux_mask=1615 | pos=34 | targets=34 | preds=52 | centerness=[-6.723, 1.932] | train_seen=2300
2026-05-29 07:41:39 | INFO | Epoch 60 | batch 1200/1829 | loss=0.8516 | giou=0.3887 | bbox=0.0462 | ce=0.0141 | aux_giou=0.0000 | aux_bbox=0.0000 | aux_ce=0.0000 | mask=1434 | aux_mask=1977 | pos=83 | targets=83 | preds=162 | centerness=[-5.670, 0.936] | train_seen=2400
2026-05-29 07:43:25 | INFO | Epoch 60 | batch 1250/1829 | loss=0.6092 | giou=0.2711 | bbox=0.0377 | ce=0.0147 | aux_giou=0.0000 | aux_bbox=0.0000 | aux_ce=0.0000 | mask=1036 | aux_mask=1405 | pos=91 | targets=91 | preds=101 | centerness=[-7.757, 1.959] | train_seen=2500
2026-05-29 07:45:11 | INFO | Epoch 60 | batch 1300/1829 | loss=0.9068 | giou=0.3577 | bbox=0.0209 | ce=0.0360 | aux_giou=0.0443 | aux_bbox=0.0018 | aux_ce=0.0041 | mask=1773 | aux_mask=1847 | pos=410 | targets=410 | preds=680 | centerness=[-6.056, 1.483] | train_seen=2600
2026-05-29 07:46:57 | INFO | Epoch 60 | batch 1350/1829 | loss=0.9405 | giou=0.3843 | bbox=0.0341 | ce=0.0254 | aux_giou=0.0399 | aux_bbox=0.0014 | aux_ce=0.0030 | mask=1125 | aux_mask=1511 | pos=76 | targets=76 | preds=303 | centerness=[-6.797, 0.912] | train_seen=2700
2026-05-29 07:48:43 | INFO | Epoch 60 | batch 1400/1829 | loss=0.8346 | giou=0.3752 | bbox=0.0413 | ce=0.0215 | aux_giou=0.0000 | aux_bbox=0.0000 | aux_ce=0.0000 | mask=1523 | aux_mask=1671 | pos=148 | targets=148 | preds=210 | centerness=[-4.777, 1.037] | train_seen=2800
2026-05-29 07:50:30 | INFO | Epoch 60 | batch 1450/1829 | loss=1.0030 | giou=0.4023 | bbox=0.0362 | ce=0.0338 | aux_giou=0.0410 | aux_bbox=0.0031 | aux_ce=0.0047 | mask=1982 | aux_mask=2159 | pos=527 | targets=527 | preds=935 | centerness=[-6.275, 1.484] | train_seen=2900
2026-05-29 07:52:16 | INFO | Epoch 60 | batch 1500/1829 | loss=0.6267 | giou=0.2942 | bbox=0.0267 | ce=0.0058 | aux_giou=0.0000 | aux_bbox=0.0000 | aux_ce=0.0000 | mask=916 | aux_mask=1323 | pos=44 | targets=44 | preds=63 | centerness=[-5.612, 2.217] | train_seen=3000
2026-05-29 07:54:02 | INFO | Epoch 60 | batch 1550/1829 | loss=0.6422 | giou=0.2812 | bbox=0.0378 | ce=0.0210 | aux_giou=0.0000 | aux_bbox=0.0000 | aux_ce=0.0000 | mask=911 | aux_mask=1169 | pos=65 | targets=65 | preds=109 | centerness=[-7.067, 1.266] | train_seen=3100
2026-05-29 07:55:48 | INFO | Epoch 60 | batch 1600/1829 | loss=1.0021 | giou=0.4160 | bbox=0.0406 | ce=0.0212 | aux_giou=0.0387 | aux_bbox=0.0017 | aux_ce=0.0040 | mask=1507 | aux_mask=1682 | pos=461 | targets=461 | preds=559 | centerness=[-9.205, 1.617] | train_seen=3200
2026-05-29 07:57:35 | INFO | Epoch 60 | batch 1650/1829 | loss=0.8881 | giou=0.3962 | bbox=0.0408 | ce=0.0275 | aux_giou=0.0000 | aux_bbox=0.0000 | aux_ce=0.0000 | mask=1817 | aux_mask=2313 | pos=442 | targets=442 | preds=609 | centerness=[-5.193, 2.390] | train_seen=3300
2026-05-29 07:59:21 | INFO | Epoch 60 | batch 1700/1829 | loss=0.6772 | giou=0.3127 | bbox=0.0170 | ce=0.0173 | aux_giou=0.0000 | aux_bbox=0.0000 | aux_ce=0.0000 | mask=2119 | aux_mask=1989 | pos=324 | targets=324 | preds=465 | centerness=[-4.996, 1.948] | train_seen=3400
2026-05-29 08:01:07 | INFO | Epoch 60 | batch 1750/1829 | loss=0.7327 | giou=0.3307 | bbox=0.0407 | ce=0.0152 | aux_giou=0.0000 | aux_bbox=0.0000 | aux_ce=0.0000 | mask=1025 | aux_mask=1547 | pos=103 | targets=103 | preds=158 | centerness=[-7.649, 1.159] | train_seen=3500
2026-05-29 08:02:53 | INFO | Epoch 60 | batch 1800/1829 | loss=0.9517 | giou=0.4201 | bbox=0.0491 | ce=0.0313 | aux_giou=0.0000 | aux_bbox=0.0000 | aux_ce=0.0000 | mask=1253 | aux_mask=1161 | pos=282 | targets=282 | preds=254 | centerness=[-8.425, 2.021] | train_seen=3600
2026-05-29 08:23:27 | INFO | Epoch 60 | train_loss=0.778 | val_loss=0.944 | train_mae=90.727 | val_mae=42.565 | val_rmse=81.91 | test_mae=50.184 | test_rmse=128.67 | time=5054.078s
2026-05-29 08:25:13 | INFO | Epoch 61 | batch 50/1829 | loss=0.6005 | giou=0.2606 | bbox=0.0291 | ce=0.0251 | aux_giou=0.0000 | aux_bbox=0.0000 | aux_ce=0.0000 | mask=1232 | aux_mask=1685 | pos=134 | targets=134 | preds=175 | centerness=[-7.812, 1.296] | train_seen=100
2026-05-29 08:26:59 | INFO | Epoch 61 | batch 100/1829 | loss=0.6401 | giou=0.2802 | bbox=0.0362 | ce=0.0218 | aux_giou=0.0000 | aux_bbox=0.0000 | aux_ce=0.0000 | mask=1005 | aux_mask=1341 | pos=107 | targets=107 | preds=128 | centerness=[-5.744, 1.157] | train_seen=200
2026-05-29 08:28:45 | INFO | Epoch 61 | batch 150/1829 | loss=1.0100 | giou=0.4157 | bbox=0.0221 | ce=0.0401 | aux_giou=0.0341 | aux_bbox=0.0030 | aux_ce=0.0024 | mask=2782 | aux_mask=2996 | pos=504 | targets=504 | preds=1301 | centerness=[-5.371, 1.190] | train_seen=300
2026-05-29 08:30:32 | INFO | Epoch 61 | batch 200/1829 | loss=0.5290 | giou=0.2275 | bbox=0.0460 | ce=0.0139 | aux_giou=0.0000 | aux_bbox=0.0000 | aux_ce=0.0000 | mask=989 | aux_mask=1732 | pos=54 | targets=54 | preds=78 | centerness=[-7.554, 1.622] | train_seen=400
2026-05-29 08:32:18 | INFO | Epoch 61 | batch 250/1829 | loss=0.8502 | giou=0.3880 | bbox=0.0242 | ce=0.0250 | aux_giou=0.0000 | aux_bbox=0.0000 | aux_ce=0.0000 | mask=1438 | aux_mask=1470 | pos=99 | targets=99 | preds=406 | centerness=[-5.773, 0.890] | train_seen=500
2026-05-29 08:34:04 | INFO | Epoch 61 | batch 300/1829 | loss=0.7503 | giou=0.3271 | bbox=0.0478 | ce=0.0242 | aux_giou=0.0000 | aux_bbox=0.0000 | aux_ce=0.0000 | mask=1815 | aux_mask=2076 | pos=452 | targets=452 | preds=673 | centerness=[-4.931, 2.283] | train_seen=600
2026-05-29 08:35:50 | INFO | Epoch 61 | batch 350/1829 | loss=1.0760 | giou=0.4442 | bbox=0.0361 | ce=0.0280 | aux_giou=0.0438 | aux_bbox=0.0016 | aux_ce=0.0032 | mask=1458 | aux_mask=1734 | pos=199 | targets=199 | preds=762 | centerness=[-6.611, 0.781] | train_seen=700
2026-05-29 08:37:35 | INFO | Epoch 61 | batch 400/1829 | loss=0.9635 | giou=0.3904 | bbox=0.0245 | ce=0.0210 | aux_giou=0.0520 | aux_bbox=0.0043 | aux_ce=0.0039 | mask=1782 | aux_mask=1819 | pos=167 | targets=167 | preds=525 | centerness=[-5.561, 1.343] | train_seen=800
2026-05-29 08:39:22 | INFO | Epoch 61 | batch 450/1829 | loss=0.9000 | giou=0.3559 | bbox=0.0436 | ce=0.0329 | aux_giou=0.0346 | aux_bbox=0.0047 | aux_ce=0.0024 | mask=1208 | aux_mask=2157 | pos=157 | targets=157 | preds=315 | centerness=[-7.554, 1.022] | train_seen=900
2026-05-29 08:41:08 | INFO | Epoch 61 | batch 500/1829 | loss=0.8602 | giou=0.3558 | bbox=0.0225 | ce=0.0212 | aux_giou=0.0388 | aux_bbox=0.0016 | aux_ce=0.0023 | mask=2700 | aux_mask=2444 | pos=112 | targets=112 | preds=914 | centerness=[-5.455, 1.939] | train_seen=1000
2026-05-29 08:42:54 | INFO | Epoch 61 | batch 550/1829 | loss=0.8288 | giou=0.3586 | bbox=0.0164 | ce=0.0135 | aux_giou=0.0331 | aux_bbox=0.0011 | aux_ce=0.0005 | mask=1662 | aux_mask=2080 | pos=214 | targets=214 | preds=208 | centerness=[-5.924, 2.038] | train_seen=1100
2026-05-29 08:44:40 | INFO | Epoch 61 | batch 600/1829 | loss=0.9178 | giou=0.3851 | bbox=0.0186 | ce=0.0199 | aux_giou=0.0405 | aux_bbox=0.0016 | aux_ce=0.0033 | mask=1626 | aux_mask=1733 | pos=519 | targets=519 | preds=598 | centerness=[-5.744, 1.598] | train_seen=1200
2026-05-29 08:46:26 | INFO | Epoch 61 | batch 650/1829 | loss=0.6914 | giou=0.3233 | bbox=0.0282 | ce=0.0082 | aux_giou=0.0000 | aux_bbox=0.0000 | aux_ce=0.0000 | mask=790 | aux_mask=1425 | pos=33 | targets=33 | preds=64 | centerness=[-6.544, 1.306] | train_seen=1300
2026-05-29 08:48:12 | INFO | Epoch 61 | batch 700/1829 | loss=0.6132 | giou=0.2759 | bbox=0.0426 | ce=0.0094 | aux_giou=0.0000 | aux_bbox=0.0000 | aux_ce=0.0000 | mask=933 | aux_mask=1703 | pos=49 | targets=49 | preds=99 | centerness=[-7.628, 1.504] | train_seen=1400
2026-05-29 08:49:58 | INFO | Epoch 61 | batch 750/1829 | loss=0.5659 | giou=0.2544 | bbox=0.0292 | ce=0.0140 | aux_giou=0.0000 | aux_bbox=0.0000 | aux_ce=0.0000 | mask=1281 | aux_mask=1364 | pos=116 | targets=116 | preds=134 | centerness=[-6.104, 1.776] | train_seen=1500
2026-05-29 08:51:44 | INFO | Epoch 61 | batch 800/1829 | loss=0.6166 | giou=0.2606 | bbox=0.0529 | ce=0.0212 | aux_giou=0.0000 | aux_bbox=0.0000 | aux_ce=0.0000 | mask=1039 | aux_mask=1703 | pos=55 | targets=55 | preds=86 | centerness=[-7.982, 1.069] | train_seen=1600
2026-05-29 08:53:30 | INFO | Epoch 61 | batch 850/1829 | loss=1.1390 | giou=0.4797 | bbox=0.0334 | ce=0.0203 | aux_giou=0.0493 | aux_bbox=0.0019 | aux_ce=0.0026 | mask=1449 | aux_mask=1811 | pos=98 | targets=98 | preds=371 | centerness=[-7.831, 0.479] | train_seen=1700
2026-05-29 08:55:16 | INFO | Epoch 61 | batch 900/1829 | loss=0.7448 | giou=0.3540 | bbox=0.0250 | ce=0.0059 | aux_giou=0.0000 | aux_bbox=0.0000 | aux_ce=0.0000 | mask=1384 | aux_mask=1927 | pos=30 | targets=30 | preds=49 | centerness=[-6.202, 1.745] | train_seen=1800
2026-05-29 08:57:02 | INFO | Epoch 61 | batch 950/1829 | loss=0.7355 | giou=0.3337 | bbox=0.0202 | ce=0.0239 | aux_giou=0.0000 | aux_bbox=0.0000 | aux_ce=0.0000 | mask=1793 | aux_mask=2155 | pos=622 | targets=622 | preds=827 | centerness=[-4.502, 2.307] | train_seen=1900
2026-05-29 08:58:48 | INFO | Epoch 61 | batch 1000/1829 | loss=0.8686 | giou=0.3853 | bbox=0.0369 | ce=0.0305 | aux_giou=0.0000 | aux_bbox=0.0000 | aux_ce=0.0000 | mask=1442 | aux_mask=1610 | pos=121 | targets=121 | preds=249 | centerness=[-6.486, 0.858] | train_seen=2000
2026-05-29 09:00:34 | INFO | Epoch 61 | batch 1050/1829 | loss=0.9342 | giou=0.3872 | bbox=0.0204 | ce=0.0244 | aux_giou=0.0414 | aux_bbox=0.0026 | aux_ce=0.0025 | mask=2132 | aux_mask=1881 | pos=217 | targets=217 | preds=739 | centerness=[-4.292, 1.482] | train_seen=2100
2026-05-29 09:02:20 | INFO | Epoch 61 | batch 1100/1829 | loss=0.5058 | giou=0.2159 | bbox=0.0515 | ce=0.0113 | aux_giou=0.0000 | aux_bbox=0.0000 | aux_ce=0.0000 | mask=899 | aux_mask=1493 | pos=34 | targets=34 | preds=60 | centerness=[-7.425, 1.637] | train_seen=2200
2026-05-29 09:04:06 | INFO | Epoch 61 | batch 1150/1829 | loss=0.9283 | giou=0.3773 | bbox=0.0406 | ce=0.0238 | aux_giou=0.0398 | aux_bbox=0.0019 | aux_ce=0.0020 | mask=1768 | aux_mask=2204 | pos=72 | targets=72 | preds=934 | centerness=[-6.856, 0.579] | train_seen=2300
2026-05-29 09:05:53 | INFO | Epoch 61 | batch 1200/1829 | loss=0.6500 | giou=0.3041 | bbox=0.0235 | ce=0.0091 | aux_giou=0.0000 | aux_bbox=0.0000 | aux_ce=0.0000 | mask=1086 | aux_mask=1572 | pos=48 | targets=48 | preds=48 | centerness=[-5.546, 1.593] | train_seen=2400
2026-05-29 09:07:39 | INFO | Epoch 61 | batch 1250/1829 | loss=0.7870 | giou=0.3374 | bbox=0.0623 | ce=0.0249 | aux_giou=0.0000 | aux_bbox=0.0000 | aux_ce=0.0000 | mask=877 | aux_mask=926 | pos=76 | targets=76 | preds=78 | centerness=[-8.230, 1.330] | train_seen=2500
2026-05-29 09:09:25 | INFO | Epoch 61 | batch 1300/1829 | loss=0.6273 | giou=0.2787 | bbox=0.0301 | ce=0.0199 | aux_giou=0.0000 | aux_bbox=0.0000 | aux_ce=0.0000 | mask=1607 | aux_mask=1764 | pos=144 | targets=144 | preds=322 | centerness=[-7.544, 1.882] | train_seen=2600
2026-05-29 09:11:11 | INFO | Epoch 61 | batch 1350/1829 | loss=0.5811 | giou=0.2551 | bbox=0.0410 | ce=0.0150 | aux_giou=0.0000 | aux_bbox=0.0000 | aux_ce=0.0000 | mask=1272 | aux_mask=1766 | pos=61 | targets=61 | preds=151 | centerness=[-8.875, 1.614] | train_seen=2700
2026-05-29 09:12:58 | INFO | Epoch 61 | batch 1400/1829 | loss=0.8592 | giou=0.3742 | bbox=0.0166 | ce=0.0134 | aux_giou=0.0313 | aux_bbox=0.0012 | aux_ce=0.0017 | mask=1731 | aux_mask=1725 | pos=190 | targets=190 | preds=317 | centerness=[-5.893, 2.641] | train_seen=2800
2026-05-29 09:14:44 | INFO | Epoch 61 | batch 1450/1829 | loss=0.6132 | giou=0.2710 | bbox=0.0296 | ce=0.0208 | aux_giou=0.0000 | aux_bbox=0.0000 | aux_ce=0.0000 | mask=1723 | aux_mask=1653 | pos=446 | targets=446 | preds=667 | centerness=[-6.355, 1.738] | train_seen=2900
2026-05-29 09:16:30 | INFO | Epoch 61 | batch 1500/1829 | loss=0.7771 | giou=0.3389 | bbox=0.0256 | ce=0.0369 | aux_giou=0.0000 | aux_bbox=0.0000 | aux_ce=0.0000 | mask=1602 | aux_mask=2285 | pos=476 | targets=476 | preds=635 | centerness=[-4.668, 1.989] | train_seen=3000
2026-05-29 09:18:16 | INFO | Epoch 61 | batch 1550/1829 | loss=0.9482 | giou=0.3898 | bbox=0.0323 | ce=0.0235 | aux_giou=0.0412 | aux_bbox=0.0024 | aux_ce=0.0023 | mask=1066 | aux_mask=1506 | pos=196 | targets=196 | preds=212 | centerness=[-7.107, 1.664] | train_seen=3100
2026-05-29 09:20:02 | INFO | Epoch 61 | batch 1600/1829 | loss=0.7751 | giou=0.3504 | bbox=0.0178 | ce=0.0282 | aux_giou=0.0000 | aux_bbox=0.0000 | aux_ce=0.0000 | mask=2965 | aux_mask=2735 | pos=712 | targets=712 | preds=1305 | centerness=[-4.172, 1.701] | train_seen=3200
2026-05-29 09:21:48 | INFO | Epoch 61 | batch 1650/1829 | loss=0.9780 | giou=0.4005 | bbox=0.0193 | ce=0.0349 | aux_giou=0.0399 | aux_bbox=0.0016 | aux_ce=0.0033 | mask=2696 | aux_mask=2723 | pos=553 | targets=553 | preds=1328 | centerness=[-5.155, 1.429] | train_seen=3300
2026-05-29 09:23:34 | INFO | Epoch 61 | batch 1700/1829 | loss=0.9960 | giou=0.4271 | bbox=0.0148 | ce=0.0221 | aux_giou=0.0393 | aux_bbox=0.0015 | aux_ce=0.0014 | mask=2021 | aux_mask=1876 | pos=260 | targets=260 | preds=471 | centerness=[-4.309, 1.906] | train_seen=3400
2026-05-29 09:25:20 | INFO | Epoch 61 | batch 1750/1829 | loss=1.3731 | giou=0.5546 | bbox=0.0682 | ce=0.0328 | aux_giou=0.0575 | aux_bbox=0.0034 | aux_ce=0.0058 | mask=2424 | aux_mask=2763 | pos=520 | targets=520 | preds=1201 | centerness=[-6.599, 2.198] | train_seen=3500
2026-05-29 09:27:07 | INFO | Epoch 61 | batch 1800/1829 | loss=0.5493 | giou=0.2608 | bbox=0.0173 | ce=0.0052 | aux_giou=0.0000 | aux_bbox=0.0000 | aux_ce=0.0000 | mask=943 | aux_mask=1252 | pos=29 | targets=29 | preds=66 | centerness=[-5.681, 1.713] | train_seen=3600
2026-05-29 09:47:40 | INFO | Epoch 61 | train_loss=0.768 | val_loss=0.944 | train_mae=87.225 | val_mae=42.358 | val_rmse=81.55 | test_mae=49.875 | test_rmse=128.41 | time=5052.706s
2026-05-29 09:49:27 | INFO | Epoch 62 | batch 50/1829 | loss=0.8694 | giou=0.3925 | bbox=0.0286 | ce=0.0278 | aux_giou=0.0000 | aux_bbox=0.0000 | aux_ce=0.0000 | mask=1263 | aux_mask=1531 | pos=188 | targets=188 | preds=381 | centerness=[-5.678, 1.070] | train_seen=100
2026-05-29 09:51:13 | INFO | Epoch 62 | batch 100/1829 | loss=0.7597 | giou=0.3147 | bbox=0.0425 | ce=0.0117 | aux_giou=0.0307 | aux_bbox=0.0011 | aux_ce=0.0009 | mask=1059 | aux_mask=1417 | pos=25 | targets=25 | preds=85 | centerness=[-8.547, 1.674] | train_seen=200
2026-05-29 09:52:59 | INFO | Epoch 62 | batch 150/1829 | loss=1.0449 | giou=0.4237 | bbox=0.0428 | ce=0.0404 | aux_giou=0.0320 | aux_bbox=0.0027 | aux_ce=0.0037 | mask=1780 | aux_mask=2304 | pos=309 | targets=309 | preds=564 | centerness=[-6.652, 1.404] | train_seen=300
2026-05-29 09:54:45 | INFO | Epoch 62 | batch 200/1829 | loss=0.9157 | giou=0.4129 | bbox=0.0223 | ce=0.0338 | aux_giou=0.0000 | aux_bbox=0.0000 | aux_ce=0.0000 | mask=2091 | aux_mask=2245 | pos=436 | targets=436 | preds=758 | centerness=[-5.089, 1.949] | train_seen=400
2026-05-29 09:56:31 | INFO | Epoch 62 | batch 250/1829 | loss=0.6819 | giou=0.2959 | bbox=0.0243 | ce=0.0329 | aux_giou=0.0000 | aux_bbox=0.0000 | aux_ce=0.0000 | mask=1308 | aux_mask=1475 | pos=284 | targets=284 | preds=562 | centerness=[-5.218, 1.883] | train_seen=500
2026-05-29 09:58:18 | INFO | Epoch 62 | batch 300/1829 | loss=0.6714 | giou=0.2821 | bbox=0.0644 | ce=0.0214 | aux_giou=0.0000 | aux_bbox=0.0000 | aux_ce=0.0000 | mask=987 | aux_mask=1838 | pos=46 | targets=46 | preds=103 | centerness=[-8.665, 0.890] | train_seen=600
2026-05-29 10:00:04 | INFO | Epoch 62 | batch 350/1829 | loss=1.0611 | giou=0.4576 | bbox=0.0312 | ce=0.0114 | aux_giou=0.0431 | aux_bbox=0.0026 | aux_ce=0.0016 | mask=1576 | aux_mask=1911 | pos=48 | targets=48 | preds=123 | centerness=[-6.181, 2.411] | train_seen=700
2026-05-29 10:01:50 | INFO | Epoch 62 | batch 400/1829 | loss=0.5168 | giou=0.2289 | bbox=0.0301 | ce=0.0144 | aux_giou=0.0000 | aux_bbox=0.0000 | aux_ce=0.0000 | mask=1056 | aux_mask=1424 | pos=62 | targets=62 | preds=127 | centerness=[-6.905, 1.318] | train_seen=800
2026-05-29 10:03:36 | INFO | Epoch 62 | batch 450/1829 | loss=0.4702 | giou=0.2126 | bbox=0.0336 | ce=0.0057 | aux_giou=0.0000 | aux_bbox=0.0000 | aux_ce=0.0000 | mask=1064 | aux_mask=1420 | pos=24 | targets=24 | preds=44 | centerness=[-6.956, 1.327] | train_seen=900
2026-05-29 10:05:22 | INFO | Epoch 62 | batch 500/1829 | loss=0.5190 | giou=0.2326 | bbox=0.0279 | ce=0.0129 | aux_giou=0.0000 | aux_bbox=0.0000 | aux_ce=0.0000 | mask=843 | aux_mask=895 | pos=64 | targets=64 | preds=107 | centerness=[-6.882, 0.895] | train_seen=1000
2026-05-29 10:07:08 | INFO | Epoch 62 | batch 550/1829 | loss=0.8541 | giou=0.3611 | bbox=0.0264 | ce=0.0240 | aux_giou=0.0273 | aux_bbox=0.0009 | aux_ce=0.0011 | mask=1525 | aux_mask=2066 | pos=142 | targets=142 | preds=321 | centerness=[-6.122, 1.404] | train_seen=1100
2026-05-29 10:08:54 | INFO | Epoch 62 | batch 600/1829 | loss=0.9620 | giou=0.4087 | bbox=0.0256 | ce=0.0272 | aux_giou=0.0315 | aux_bbox=0.0011 | aux_ce=0.0002 | mask=1699 | aux_mask=2117 | pos=219 | targets=219 | preds=412 | centerness=[-6.313, 1.994] | train_seen=1200
2026-05-29 10:10:41 | INFO | Epoch 62 | batch 650/1829 | loss=0.7621 | giou=0.3416 | bbox=0.0287 | ce=0.0251 | aux_giou=0.0000 | aux_bbox=0.0000 | aux_ce=0.0000 | mask=1314 | aux_mask=1368 | pos=215 | targets=215 | preds=337 | centerness=[-5.341, 2.217] | train_seen=1300
2026-05-29 10:12:27 | INFO | Epoch 62 | batch 700/1829 | loss=0.6217 | giou=0.2795 | bbox=0.0224 | ce=0.0201 | aux_giou=0.0000 | aux_bbox=0.0000 | aux_ce=0.0000 | mask=1173 | aux_mask=1443 | pos=96 | targets=96 | preds=239 | centerness=[-5.245, 1.842] | train_seen=1400
2026-05-29 10:14:13 | INFO | Epoch 62 | batch 750/1829 | loss=0.8781 | giou=0.3618 | bbox=0.0349 | ce=0.0597 | aux_giou=0.0000 | aux_bbox=0.0000 | aux_ce=0.0000 | mask=1709 | aux_mask=2519 | pos=784 | targets=784 | preds=767 | centerness=[-5.861, 1.449] | train_seen=1500
2026-05-29 10:15:59 | INFO | Epoch 62 | batch 800/1829 | loss=0.7444 | giou=0.3196 | bbox=0.0371 | ce=0.0341 | aux_giou=0.0000 | aux_bbox=0.0000 | aux_ce=0.0000 | mask=1779 | aux_mask=2276 | pos=232 | targets=232 | preds=539 | centerness=[-5.535, 0.803] | train_seen=1600
2026-05-29 10:17:45 | INFO | Epoch 62 | batch 850/1829 | loss=1.0788 | giou=0.4214 | bbox=0.0434 | ce=0.0475 | aux_giou=0.0418 | aux_bbox=0.0026 | aux_ce=0.0057 | mask=2024 | aux_mask=2797 | pos=586 | targets=586 | preds=1121 | centerness=[-7.398, 1.515] | train_seen=1700
2026-05-29 10:19:32 | INFO | Epoch 62 | batch 900/1829 | loss=0.9487 | giou=0.3840 | bbox=0.0303 | ce=0.0285 | aux_giou=0.0417 | aux_bbox=0.0031 | aux_ce=0.0034 | mask=1360 | aux_mask=1677 | pos=175 | targets=175 | preds=294 | centerness=[-6.100, 1.210] | train_seen=1800
2026-05-29 10:21:18 | INFO | Epoch 62 | batch 950/1829 | loss=0.3845 | giou=0.1735 | bbox=0.0231 | ce=0.0072 | aux_giou=0.0000 | aux_bbox=0.0000 | aux_ce=0.0000 | mask=1097 | aux_mask=1765 | pos=92 | targets=92 | preds=117 | centerness=[-6.592, 2.041] | train_seen=1900
2026-05-29 10:23:04 | INFO | Epoch 62 | batch 1000/1829 | loss=0.8162 | giou=0.3846 | bbox=0.0369 | ce=0.0050 | aux_giou=0.0000 | aux_bbox=0.0000 | aux_ce=0.0000 | mask=854 | aux_mask=1147 | pos=22 | targets=22 | preds=54 | centerness=[-7.921, 1.015] | train_seen=2000
2026-05-29 10:24:50 | INFO | Epoch 62 | batch 1050/1829 | loss=0.6964 | giou=0.3122 | bbox=0.0221 | ce=0.0250 | aux_giou=0.0000 | aux_bbox=0.0000 | aux_ce=0.0000 | mask=1850 | aux_mask=2279 | pos=564 | targets=564 | preds=619 | centerness=[-4.830, 2.647] | train_seen=2100
2026-05-29 10:26:37 | INFO | Epoch 62 | batch 1100/1829 | loss=0.4594 | giou=0.2119 | bbox=0.0209 | ce=0.0073 | aux_giou=0.0000 | aux_bbox=0.0000 | aux_ce=0.0000 | mask=1804 | aux_mask=1813 | pos=80 | targets=80 | preds=143 | centerness=[-5.038, 1.907] | train_seen=2200
2026-05-29 10:28:23 | INFO | Epoch 62 | batch 1150/1829 | loss=1.0131 | giou=0.4491 | bbox=0.0265 | ce=0.0442 | aux_giou=0.0000 | aux_bbox=0.0000 | aux_ce=0.0000 | mask=1614 | aux_mask=1754 | pos=441 | targets=441 | preds=609 | centerness=[-5.367, 1.877] | train_seen=2300
2026-05-29 10:30:09 | INFO | Epoch 62 | batch 1200/1829 | loss=0.7266 | giou=0.3303 | bbox=0.0307 | ce=0.0176 | aux_giou=0.0000 | aux_bbox=0.0000 | aux_ce=0.0000 | mask=1466 | aux_mask=2203 | pos=197 | targets=197 | preds=221 | centerness=[-7.786, 1.576] | train_seen=2400
2026-05-29 10:31:55 | INFO | Epoch 62 | batch 1250/1829 | loss=1.0576 | giou=0.4267 | bbox=0.0585 | ce=0.0303 | aux_giou=0.0394 | aux_bbox=0.0036 | aux_ce=0.0012 | mask=1385 | aux_mask=1907 | pos=208 | targets=208 | preds=219 | centerness=[-8.768, 2.401] | train_seen=2500
2026-05-29 10:33:41 | INFO | Epoch 62 | batch 1300/1829 | loss=0.8237 | giou=0.3507 | bbox=0.0268 | ce=0.0181 | aux_giou=0.0266 | aux_bbox=0.0017 | aux_ce=0.0021 | mask=1110 | aux_mask=1484 | pos=96 | targets=96 | preds=219 | centerness=[-6.113, 1.270] | train_seen=2600
2026-05-29 10:35:27 | INFO | Epoch 62 | batch 1350/1829 | loss=0.8282 | giou=0.3698 | bbox=0.0196 | ce=0.0345 | aux_giou=0.0000 | aux_bbox=0.0000 | aux_ce=0.0000 | mask=1851 | aux_mask=1811 | pos=372 | targets=372 | preds=515 | centerness=[-5.172, 1.643] | train_seen=2700
2026-05-29 10:37:13 | INFO | Epoch 62 | batch 1400/1829 | loss=0.7468 | giou=0.3248 | bbox=0.0190 | ce=0.0049 | aux_giou=0.0327 | aux_bbox=0.0010 | aux_ce=0.0010 | mask=1569 | aux_mask=1738 | pos=84 | targets=84 | preds=137 | centerness=[-4.855, 2.314] | train_seen=2800
2026-05-29 10:39:00 | INFO | Epoch 62 | batch 1450/1829 | loss=1.0989 | giou=0.4949 | bbox=0.0318 | ce=0.0387 | aux_giou=0.0000 | aux_bbox=0.0000 | aux_ce=0.0000 | mask=1988 | aux_mask=2191 | pos=917 | targets=917 | preds=1152 | centerness=[-4.751, 1.934] | train_seen=2900
2026-05-29 10:40:46 | INFO | Epoch 62 | batch 1500/1829 | loss=0.7718 | giou=0.3500 | bbox=0.0592 | ce=0.0063 | aux_giou=0.0000 | aux_bbox=0.0000 | aux_ce=0.0000 | mask=1504 | aux_mask=1886 | pos=21 | targets=21 | preds=87 | centerness=[-7.054, 1.771] | train_seen=3000
2026-05-29 10:42:32 | INFO | Epoch 62 | batch 1550/1829 | loss=1.1343 | giou=0.4480 | bbox=0.0541 | ce=0.0280 | aux_giou=0.0554 | aux_bbox=0.0128 | aux_ce=0.0022 | mask=2415 | aux_mask=2175 | pos=464 | targets=464 | preds=1175 | centerness=[-7.893, 1.616] | train_seen=3100
2026-05-29 10:44:18 | INFO | Epoch 62 | batch 1600/1829 | loss=1.0661 | giou=0.4876 | bbox=0.0293 | ce=0.0308 | aux_giou=0.0000 | aux_bbox=0.0000 | aux_ce=0.0000 | mask=1991 | aux_mask=1744 | pos=564 | targets=564 | preds=1076 | centerness=[-4.421, 1.613] | train_seen=3200
2026-05-29 10:46:05 | INFO | Epoch 62 | batch 1650/1829 | loss=1.1309 | giou=0.4737 | bbox=0.0485 | ce=0.0675 | aux_giou=0.0000 | aux_bbox=0.0000 | aux_ce=0.0000 | mask=1413 | aux_mask=1830 | pos=379 | targets=379 | preds=468 | centerness=[-6.878, 0.760] | train_seen=3300
2026-05-29 10:47:51 | INFO | Epoch 62 | batch 1700/1829 | loss=0.9054 | giou=0.4006 | bbox=0.0370 | ce=0.0336 | aux_giou=0.0000 | aux_bbox=0.0000 | aux_ce=0.0000 | mask=1291 | aux_mask=1702 | pos=106 | targets=106 | preds=228 | centerness=[-6.277, 0.771] | train_seen=3400
2026-05-29 10:49:37 | INFO | Epoch 62 | batch 1750/1829 | loss=0.5726 | giou=0.2469 | bbox=0.0176 | ce=0.0307 | aux_giou=0.0000 | aux_bbox=0.0000 | aux_ce=0.0000 | mask=1706 | aux_mask=1985 | pos=352 | targets=352 | preds=692 | centerness=[-4.567, 1.179] | train_seen=3500
2026-05-29 10:51:23 | INFO | Epoch 62 | batch 1800/1829 | loss=0.9171 | giou=0.4038 | bbox=0.0204 | ce=0.0056 | aux_giou=0.0383 | aux_bbox=0.0010 | aux_ce=0.0003 | mask=1280 | aux_mask=1861 | pos=48 | targets=48 | preds=52 | centerness=[-5.464, 2.578] | train_seen=3600
2026-05-29 11:11:57 | INFO | Epoch 62 | train_loss=0.774 | val_loss=0.943 | train_mae=90.671 | val_mae=42.176 | val_rmse=81.25 | test_mae=49.666 | test_rmse=128.19 | time=5056.492s
2026-05-29 11:13:44 | INFO | Epoch 63 | batch 50/1829 | loss=0.7080 | giou=0.3238 | bbox=0.0324 | ce=0.0140 | aux_giou=0.0000 | aux_bbox=0.0000 | aux_ce=0.0000 | mask=780 | aux_mask=992 | pos=76 | targets=76 | preds=92 | centerness=[-5.991, 1.518] | train_seen=100
2026-05-29 11:15:30 | INFO | Epoch 63 | batch 100/1829 | loss=0.5556 | giou=0.2460 | bbox=0.0368 | ce=0.0134 | aux_giou=0.0000 | aux_bbox=0.0000 | aux_ce=0.0000 | mask=1214 | aux_mask=1597 | pos=127 | targets=127 | preds=177 | centerness=[-6.477, 1.561] | train_seen=200
2026-05-29 11:17:17 | INFO | Epoch 63 | batch 150/1829 | loss=0.6018 | giou=0.2602 | bbox=0.0468 | ce=0.0172 | aux_giou=0.0000 | aux_bbox=0.0000 | aux_ce=0.0000 | mask=1290 | aux_mask=1589 | pos=77 | targets=77 | preds=238 | centerness=[-9.381, 1.168] | train_seen=300
2026-05-29 11:19:03 | INFO | Epoch 63 | batch 200/1829 | loss=0.8619 | giou=0.3523 | bbox=0.0160 | ce=0.0314 | aux_giou=0.0335 | aux_bbox=0.0015 | aux_ce=0.0050 | mask=1652 | aux_mask=1622 | pos=532 | targets=532 | preds=623 | centerness=[-4.117, 1.816] | train_seen=400
2026-05-29 11:20:49 | INFO | Epoch 63 | batch 250/1829 | loss=0.8530 | giou=0.3681 | bbox=0.0259 | ce=0.0454 | aux_giou=0.0000 | aux_bbox=0.0000 | aux_ce=0.0000 | mask=1955 | aux_mask=2293 | pos=536 | targets=536 | preds=982 | centerness=[-5.006, 1.317] | train_seen=500
2026-05-29 11:22:35 | INFO | Epoch 63 | batch 300/1829 | loss=0.8573 | giou=0.3830 | bbox=0.0202 | ce=0.0355 | aux_giou=0.0000 | aux_bbox=0.0000 | aux_ce=0.0000 | mask=2135 | aux_mask=2517 | pos=556 | targets=556 | preds=1094 | centerness=[-4.313, 1.634] | train_seen=600
2026-05-29 11:24:22 | INFO | Epoch 63 | batch 350/1829 | loss=0.7085 | giou=0.3010 | bbox=0.0386 | ce=0.0339 | aux_giou=0.0000 | aux_bbox=0.0000 | aux_ce=0.0000 | mask=1477 | aux_mask=1744 | pos=228 | targets=228 | preds=278 | centerness=[-8.136, 1.356] | train_seen=700
2026-05-29 11:26:08 | INFO | Epoch 63 | batch 400/1829 | loss=0.7912 | giou=0.3051 | bbox=0.0334 | ce=0.0247 | aux_giou=0.0466 | aux_bbox=0.0030 | aux_ce=0.0009 | mask=1375 | aux_mask=2133 | pos=119 | targets=119 | preds=273 | centerness=[-5.838, 0.558] | train_seen=800
2026-05-29 11:27:54 | INFO | Epoch 63 | batch 450/1829 | loss=0.6835 | giou=0.2839 | bbox=0.0134 | ce=0.0148 | aux_giou=0.0339 | aux_bbox=0.0017 | aux_ce=0.0016 | mask=1532 | aux_mask=1723 | pos=99 | targets=99 | preds=118 | centerness=[-5.480, 2.078] | train_seen=900
2026-05-29 11:29:41 | INFO | Epoch 63 | batch 500/1829 | loss=0.8437 | giou=0.3626 | bbox=0.0428 | ce=0.0379 | aux_giou=0.0000 | aux_bbox=0.0000 | aux_ce=0.0000 | mask=1427 | aux_mask=1771 | pos=422 | targets=422 | preds=538 | centerness=[-7.728, 2.014] | train_seen=1000
2026-05-29 11:31:27 | INFO | Epoch 63 | batch 550/1829 | loss=0.9116 | giou=0.4031 | bbox=0.0418 | ce=0.0318 | aux_giou=0.0000 | aux_bbox=0.0000 | aux_ce=0.0000 | mask=1687 | aux_mask=1803 | pos=252 | targets=252 | preds=564 | centerness=[-6.001, 1.664] | train_seen=1100
2026-05-29 11:33:13 | INFO | Epoch 63 | batch 600/1829 | loss=0.8705 | giou=0.3875 | bbox=0.0420 | ce=0.0268 | aux_giou=0.0000 | aux_bbox=0.0000 | aux_ce=0.0000 | mask=1717 | aux_mask=2103 | pos=165 | targets=165 | preds=226 | centerness=[-6.473, 1.029] | train_seen=1200
2026-05-29 11:34:59 | INFO | Epoch 63 | batch 650/1829 | loss=0.8186 | giou=0.3563 | bbox=0.0409 | ce=0.0325 | aux_giou=0.0000 | aux_bbox=0.0000 | aux_ce=0.0000 | mask=1289 | aux_mask=1316 | pos=194 | targets=194 | preds=261 | centerness=[-6.141, 1.995] | train_seen=1300
2026-05-29 11:36:46 | INFO | Epoch 63 | batch 700/1829 | loss=0.6259 | giou=0.2765 | bbox=0.0348 | ce=0.0190 | aux_giou=0.0000 | aux_bbox=0.0000 | aux_ce=0.0000 | mask=1548 | aux_mask=1698 | pos=164 | targets=164 | preds=159 | centerness=[-6.384, 1.704] | train_seen=1400
2026-05-29 11:38:32 | INFO | Epoch 63 | batch 750/1829 | loss=0.6786 | giou=0.3068 | bbox=0.0313 | ce=0.0169 | aux_giou=0.0000 | aux_bbox=0.0000 | aux_ce=0.0000 | mask=1416 | aux_mask=1602 | pos=93 | targets=93 | preds=234 | centerness=[-5.869, 1.139] | train_seen=1500
2026-05-29 11:40:18 | INFO | Epoch 63 | batch 800/1829 | loss=0.8991 | giou=0.3980 | bbox=0.0204 | ce=0.0413 | aux_giou=0.0000 | aux_bbox=0.0000 | aux_ce=0.0000 | mask=2015 | aux_mask=2974 | pos=520 | targets=520 | preds=931 | centerness=[-5.633, 2.190] | train_seen=1600
2026-05-29 11:42:05 | INFO | Epoch 63 | batch 850/1829 | loss=0.6953 | giou=0.2981 | bbox=0.0701 | ce=0.0145 | aux_giou=0.0000 | aux_bbox=0.0000 | aux_ce=0.0000 | mask=992 | aux_mask=1673 | pos=33 | targets=33 | preds=77 | centerness=[-9.881, 0.980] | train_seen=1700
2026-05-29 11:43:51 | INFO | Epoch 63 | batch 900/1829 | loss=0.7257 | giou=0.3159 | bbox=0.0180 | ce=0.0115 | aux_giou=0.0257 | aux_bbox=0.0008 | aux_ce=0.0004 | mask=1638 | aux_mask=1894 | pos=168 | targets=168 | preds=247 | centerness=[-4.667, 2.161] | train_seen=1800
2026-05-29 11:45:38 | INFO | Epoch 63 | batch 950/1829 | loss=0.7805 | giou=0.3446 | bbox=0.0284 | ce=0.0315 | aux_giou=0.0000 | aux_bbox=0.0000 | aux_ce=0.0000 | mask=1310 | aux_mask=1567 | pos=197 | targets=197 | preds=345 | centerness=[-5.171, 0.999] | train_seen=1900
2026-05-29 11:47:24 | INFO | Epoch 63 | batch 1000/1829 | loss=0.7468 | giou=0.3209 | bbox=0.0528 | ce=0.0261 | aux_giou=0.0000 | aux_bbox=0.0000 | aux_ce=0.0000 | mask=1264 | aux_mask=1661 | pos=156 | targets=156 | preds=145 | centerness=[-8.063, 1.937] | train_seen=2000
2026-05-29 11:49:10 | INFO | Epoch 63 | batch 1050/1829 | loss=0.5930 | giou=0.2576 | bbox=0.0406 | ce=0.0186 | aux_giou=0.0000 | aux_bbox=0.0000 | aux_ce=0.0000 | mask=788 | aux_mask=961 | pos=55 | targets=55 | preds=67 | centerness=[-7.605, 1.407] | train_seen=2100
2026-05-29 11:50:57 | INFO | Epoch 63 | batch 1100/1829 | loss=0.6819 | giou=0.3143 | bbox=0.0238 | ce=0.0147 | aux_giou=0.0000 | aux_bbox=0.0000 | aux_ce=0.0000 | mask=1075 | aux_mask=1309 | pos=87 | targets=87 | preds=179 | centerness=[-6.649, 1.635] | train_seen=2200
2026-05-29 11:52:43 | INFO | Epoch 63 | batch 1150/1829 | loss=0.8242 | giou=0.3602 | bbox=0.0461 | ce=0.0289 | aux_giou=0.0000 | aux_bbox=0.0000 | aux_ce=0.0000 | mask=1191 | aux_mask=1622 | pos=84 | targets=84 | preds=385 | centerness=[-8.382, 0.431] | train_seen=2300
2026-05-29 11:54:29 | INFO | Epoch 63 | batch 1200/1829 | loss=0.4504 | giou=0.2094 | bbox=0.0225 | ce=0.0046 | aux_giou=0.0000 | aux_bbox=0.0000 | aux_ce=0.0000 | mask=977 | aux_mask=1364 | pos=39 | targets=39 | preds=45 | centerness=[-6.069, 1.353] | train_seen=2400
2026-05-29 11:56:15 | INFO | Epoch 63 | batch 1250/1829 | loss=0.6849 | giou=0.3204 | bbox=0.0173 | ce=0.0134 | aux_giou=0.0000 | aux_bbox=0.0000 | aux_ce=0.0000 | mask=2395 | aux_mask=2322 | pos=100 | targets=100 | preds=380 | centerness=[-4.809, 1.788] | train_seen=2500
2026-05-29 11:58:01 | INFO | Epoch 63 | batch 1300/1829 | loss=0.8750 | giou=0.3748 | bbox=0.0626 | ce=0.0314 | aux_giou=0.0000 | aux_bbox=0.0000 | aux_ce=0.0000 | mask=1196 | aux_mask=1507 | pos=114 | targets=114 | preds=246 | centerness=[-8.024, 0.947] | train_seen=2600
2026-05-29 11:59:48 | INFO | Epoch 63 | batch 1350/1829 | loss=0.7779 | giou=0.3540 | bbox=0.0165 | ce=0.0267 | aux_giou=0.0000 | aux_bbox=0.0000 | aux_ce=0.0000 | mask=1461 | aux_mask=1876 | pos=296 | targets=296 | preds=555 | centerness=[-6.078, 1.628] | train_seen=2700
2026-05-29 12:01:34 | INFO | Epoch 63 | batch 1400/1829 | loss=0.7282 | giou=0.3295 | bbox=0.0357 | ce=0.0167 | aux_giou=0.0000 | aux_bbox=0.0000 | aux_ce=0.0000 | mask=1167 | aux_mask=1702 | pos=63 | targets=63 | preds=113 | centerness=[-7.372, 2.215] | train_seen=2800
2026-05-29 12:03:20 | INFO | Epoch 63 | batch 1450/1829 | loss=0.6250 | giou=0.2945 | bbox=0.0138 | ce=0.0110 | aux_giou=0.0000 | aux_bbox=0.0000 | aux_ce=0.0000 | mask=1847 | aux_mask=1536 | pos=300 | targets=300 | preds=372 | centerness=[-4.857, 2.127] | train_seen=2900
2026-05-29 12:05:07 | INFO | Epoch 63 | batch 1500/1829 | loss=0.8527 | giou=0.3660 | bbox=0.0486 | ce=0.0360 | aux_giou=0.0000 | aux_bbox=0.0000 | aux_ce=0.0000 | mask=1381 | aux_mask=1856 | pos=197 | targets=197 | preds=270 | centerness=[-7.459, 2.254] | train_seen=3000
2026-05-29 12:06:53 | INFO | Epoch 63 | batch 1550/1829 | loss=0.5453 | giou=0.2485 | bbox=0.0209 | ce=0.0137 | aux_giou=0.0000 | aux_bbox=0.0000 | aux_ce=0.0000 | mask=1127 | aux_mask=1822 | pos=66 | targets=66 | preds=108 | centerness=[-5.713, 1.111] | train_seen=3100
2026-05-29 12:08:39 | INFO | Epoch 63 | batch 1600/1829 | loss=0.5292 | giou=0.2384 | bbox=0.0201 | ce=0.0161 | aux_giou=0.0000 | aux_bbox=0.0000 | aux_ce=0.0000 | mask=1602 | aux_mask=1801 | pos=496 | targets=496 | preds=522 | centerness=[-7.021, 2.549] | train_seen=3200
2026-05-29 12:10:26 | INFO | Epoch 63 | batch 1650/1829 | loss=0.7862 | giou=0.3307 | bbox=0.0510 | ce=0.0369 | aux_giou=0.0000 | aux_bbox=0.0000 | aux_ce=0.0000 | mask=1298 | aux_mask=1721 | pos=138 | targets=138 | preds=439 | centerness=[-5.917, 0.698] | train_seen=3300
2026-05-29 12:12:12 | INFO | Epoch 63 | batch 1700/1829 | loss=0.7755 | giou=0.3329 | bbox=0.0385 | ce=0.0356 | aux_giou=0.0000 | aux_bbox=0.0000 | aux_ce=0.0000 | mask=1341 | aux_mask=1570 | pos=212 | targets=212 | preds=286 | centerness=[-10.497, 1.447] | train_seen=3400
2026-05-29 12:13:58 | INFO | Epoch 63 | batch 1750/1829 | loss=0.5889 | giou=0.2761 | bbox=0.0156 | ce=0.0105 | aux_giou=0.0000 | aux_bbox=0.0000 | aux_ce=0.0000 | mask=1966 | aux_mask=2270 | pos=160 | targets=160 | preds=268 | centerness=[-4.249, 1.621] | train_seen=3500
2026-05-29 12:15:44 | INFO | Epoch 63 | batch 1800/1829 | loss=1.1383 | giou=0.4810 | bbox=0.0273 | ce=0.0291 | aux_giou=0.0417 | aux_bbox=0.0018 | aux_ce=0.0029 | mask=1576 | aux_mask=2029 | pos=442 | targets=442 | preds=729 | centerness=[-5.860, 1.275] | train_seen=3600
2026-05-29 12:36:18 | INFO | Epoch 63 | train_loss=0.774 | val_loss=0.943 | train_mae=89.550 | val_mae=42.138 | val_rmse=81.24 | test_mae=49.597 | test_rmse=128.04 | time=5060.208s
2026-05-29 12:38:05 | INFO | Epoch 64 | batch 50/1829 | loss=0.7575 | giou=0.3428 | bbox=0.0389 | ce=0.0165 | aux_giou=0.0000 | aux_bbox=0.0000 | aux_ce=0.0000 | mask=1751 | aux_mask=2361 | pos=164 | targets=164 | preds=315 | centerness=[-6.057, 2.023] | train_seen=100
2026-05-29 12:39:51 | INFO | Epoch 64 | batch 100/1829 | loss=0.6779 | giou=0.3113 | bbox=0.0237 | ce=0.0158 | aux_giou=0.0000 | aux_bbox=0.0000 | aux_ce=0.0000 | mask=1250 | aux_mask=1523 | pos=138 | targets=138 | preds=239 | centerness=[-5.602, 1.847] | train_seen=200
2026-05-29 12:41:38 | INFO | Epoch 64 | batch 150/1829 | loss=0.6497 | giou=0.2859 | bbox=0.0343 | ce=0.0218 | aux_giou=0.0000 | aux_bbox=0.0000 | aux_ce=0.0000 | mask=1308 | aux_mask=1669 | pos=188 | targets=188 | preds=351 | centerness=[-8.261, 1.587] | train_seen=300
2026-05-29 12:43:24 | INFO | Epoch 64 | batch 200/1829 | loss=0.9703 | giou=0.3940 | bbox=0.0202 | ce=0.0400 | aux_giou=0.0376 | aux_bbox=0.0016 | aux_ce=0.0027 | mask=2150 | aux_mask=2198 | pos=376 | targets=376 | preds=715 | centerness=[-4.173, 1.412] | train_seen=400
2026-05-29 12:45:10 | INFO | Epoch 64 | batch 250/1829 | loss=0.5594 | giou=0.2441 | bbox=0.0463 | ce=0.0125 | aux_giou=0.0000 | aux_bbox=0.0000 | aux_ce=0.0000 | mask=1052 | aux_mask=1861 | pos=45 | targets=45 | preds=86 | centerness=[-7.533, 1.502] | train_seen=500
2026-05-29 12:46:58 | INFO | Epoch 64 | batch 300/1829 | loss=0.7098 | giou=0.3207 | bbox=0.0374 | ce=0.0155 | aux_giou=0.0000 | aux_bbox=0.0000 | aux_ce=0.0000 | mask=1369 | aux_mask=2291 | pos=82 | targets=82 | preds=317 | centerness=[-6.078, 0.896] | train_seen=600
2026-05-29 12:48:47 | INFO | Epoch 64 | batch 350/1829 | loss=0.7563 | giou=0.3083 | bbox=0.0526 | ce=0.0435 | aux_giou=0.0000 | aux_bbox=0.0000 | aux_ce=0.0000 | mask=830 | aux_mask=1360 | pos=62 | targets=62 | preds=145 | centerness=[-7.298, 0.655] | train_seen=700
2026-05-29 12:50:38 | INFO | Epoch 64 | batch 400/1829 | loss=0.6979 | giou=0.3178 | bbox=0.0239 | ce=0.0193 | aux_giou=0.0000 | aux_bbox=0.0000 | aux_ce=0.0000 | mask=1402 | aux_mask=1733 | pos=132 | targets=132 | preds=249 | centerness=[-5.418, 1.767] | train_seen=800
